,F1,F2,F3
0,4.84658408194818,-0.3585592644863675,1.2397151963378938
1,-2.5163137866354695,-0.2695348087380042,0.03159798186978309
2,1.7171207317653803,-0.46616105633201144,-1.0864976987937687
3,-2.4397519532176446,-0.7627210153643559,-0.9786182611875073
4,-0.5515054109270765,0.6797963136733951,-1.0488474185602894
5,0.28494445225247095,0.6884010177860721,-0.5676278918515422
6,0.7174170805234608,-0.06228827760600901,1.0711392941530045
7,-1.9719347189318537,-0.3954856207394029,-0.22818681206830463
8,-2.145806185486408,-0.7191532992792609,0.17772668129272037
9,-3.4075441930983086,0.430481927746625,-1.0360915765014898
10,-1.9907574287990852,-1.8297109006455012,0.195007314136286
11,3.4387150286852557,-1.9387062281408056,-1.3549984425578898
12,-1.4846351800038102,0.5816529219734562,0.6247623422805644
13,-1.9007074230663101,-1.8534928197312395,0.06618755957719676
14,3.7936117888185334,-0.5469855105411178,2.6892565931206645
15,-2.6148593591996447,1.2255141987831104,-0.29850900060166974
16,-0.024101010913956743,-0.35395011068414617,-0.10415564980428962
17,3.3391695832863535,2.4081102907696423,-0.13378427398670603
18,-1.456031946010933,-1.5702706601643894,1.1417162860717402
19,-0.2423094402891764,-1.1578887444135644,-0.11106681052194524
20,1.3236479530879246,3.8415971329798437,2.0051150223747003
21,0.14193228549701034,1.6365789310715795,0.9958721409520463
22,-0.353213155415449,0.8463916857829004,-0.5294129672895914
23,-0.8093016375990352,2.22618425775045,0.5618505546380336
24,-1.3393677510673627,-2.4277112739485314,1.1876781090928248
25,-1.9874003379529914,1.735234875691862,-0.11781782285740014
26,-1.8795331744867492,-0.4762934916595671,-0.570281540972453
27,4.075312902805819,-0.07470338210076803,-1.1928645879999957
28,-1.939543334855572,-3.5112548826675907,0.5797993265677376
29,-0.3574015158949629,-1.0163120936545194,-0.4565340574078861
30,-1.8090863793053118,0.13326419539438253,0.5447409200906851
31,-1.0375034182568075,1.4724638519715407,2.5123950214834156
32,2.575700366062969,-0.09313453434994944,-0.7268345063289294
33,-2.333071050388088,-0.2852278746429709,0.33993988959836846
34,0.4068788366969863,1.6311950341596901,0.04003806616377612
35,-2.3661056537681335,-0.2636173536331373,-0.40718339512324897
36,-1.9496682439060191,-1.6095639589441846,0.08317234146147191
37,2.6196650887793913,-0.9989453991963854,1.812583144624086
38,3.4934865305387355,1.0053712008230136,-1.6747052545067773
39,-2.5913587896766788,-0.5383297976657777,-0.3183169605747377
40,-2.538200828057633,-0.2830307663020974,-0.08889679454418795
41,-2.86217016024092,-0.4653323894433749,-0.2278675711097498
42,3.930537016963937,-2.1030770340284217,-1.8534906354205638
43,-1.3903759822929695,-1.6133366521599284,1.224299646949913
44,-2.122739218306055,-0.3179261909411905,-0.9349747440640237
45,1.064970433260064,4.484669343385237,0.8826514441302687
46,0.3875418252508815,-1.0439050196692317,-0.4517988110612299
47,4.3930218547539175,0.3990939278879349,-0.3712036426485641
48,-1.7748099435445306,-1.4534575024399874,1.0203036655555762
49,5.506182859288203,-1.4198346064061793,0.023475350643625676
50,-0.6307906745059317,3.0990057406737193,0.12151760942364584
51,6.102353138428142,1.0729375148342304,0.3026846638865631
52,3.548983261132769,-1.630584552991302,0.5572625186730455
53,-2.2528754327603853,-2.4260713308872393,0.08039583824793341
54,-0.8210812163738015,0.664475022161322,-0.5471152548715938
55,3.7088790355370596,-1.690741991623045,2.5143489271843027
56,-0.6721839895440311,2.474509747918958,0.3251917603174721
57,1.29749863698874,0.9401370055323299,1.7956914773271335
58,0.01970430948021489,-0.4824138038180156,1.2523635248078029
59,2.6203113470173243,-0.3766952972214808,-1.9433299500469983
60,-2.1361188399054107,-0.5186296160332895,-0.16885435204821805
61,-3.193360475609335,0.24112923861553348,-1.4178330739627762
62,3.50009960327396,-0.6000767751107456,0.8573266195316916
63,0.9309794549635775,0.6946971227855392,-1.2350043648462794
64,0.846736213820376,4.78829923102896,-0.44342842667836024
65,2.8641149810893514,0.3885331682376092,-0.2448093786312253
66,1.9720121935053345,1.832032615277826,-0.7499108958319167
67,-0.7869735115252875,2.632803880762523,0.5720627971886411
68,-1.5535076654367341,-1.5018974487398882,-1.3026773095745907
69,-2.0187614399306457,-1.7149872525307255,0.9091946863334766
70,4.345781313531438,-0.06271563894807172,0.055984074333170146
71,6.235944722034832,-1.1562841931897065,1.039972208276871
72,-2.2745443749110814,-1.98399659517826,0.07741774888430242
73,0.8509107175902342,-0.04408045775936705,1.548118291202974
74,-1.6551844692699744,-0.8011697353619001,1.6590995103549306
75,-2.574230458778906,-0.6481794367947085,-0.5097492283498357
76,-2.450003820546795,-0.1583364823448503,-0.271762177852776
77,-0.3574015158949629,-1.0163120936545194,-0.4565340574078861
78,2.356769167485114,-2.090768901058371,-0.03674398805114391
79,-2.875103889034472,1.0597975463998328,-1.137548138197384
80,-2.5988072481810085,1.702539289758427,0.3365183891090054
81,-0.3720809045283673,-0.5022198978378569,1.9003098969564718
82,4.10002249334813,-0.46879583015158266,-2.051765461478547
83,-1.574810969287201,-0.22630078373138734,-1.3520077865016493
84,-2.0682441024745444,-2.067033109015066,0.04296067941289684
85,-2.616643855069853,-0.34637439040275225,-1.0677465224617724
86,-2.414088044548628,-1.0826826722906713,-1.4211984611207056
87,0.006939054444578085,0.6904512797879389,2.5409565013039104
88,-2.316397267718463,-0.22150417808328746,0.7582204485694097
89,2.654144436964065,0.12812489788568424,-0.6465966183964615
90,0.31981316930443293,-1.2082897927047576,-0.8548017651814537
91,-1.8442815553251208,-1.4442258292570855,1.195281955341242
92,-2.1002695880571687,-1.6141034549661306,0.38391061430910717
93,4.113684260665369,1.2131831505119262,-2.4918680525593953
94,2.3599068225137776,0.02847632928552213,-0.9998126931630656
95,2.84416400195621,-0.5618230867462959,-1.3685117595021719
96,-2.6540606670966396,-1.0199264677566873,-1.0480704286139053
97,-2.3667293396511164,1.691707175222641,-0.4290319793212178
98,1.2924675950333995,2.6164369725609613,-1.2332988487902792
99,-1.5553711913766608,-1.3098172157884773,1.3872588592205426
100,2.3362828928907686,-0.3304461446702341,-0.9587202531790582
101,1.9016157192564762,0.6224696655234186,-1.6337980744159348
102,3.6707589888578065,-1.312019564327235,2.875875031109622
103,-0.3944061028773373,0.7403962628682195,-0.15778507026508204
104,2.584171599101599,-1.7270944245235291,2.311827492561838
105,-0.792100415914812,1.2515498629550421,0.9922128527464239
106,-2.1293011118116025,-0.07902114009419858,0.5281658305592407
107,4.659512251423159,-0.7690163875297913,-1.9481054374746614
108,0.8719351867592525,1.0087959220520457,-0.8703260351127018
109,-2.873497631917942,0.8474653358672596,-0.7231793278369981
110,-2.498229194049114,-0.46067833425846766,-0.8482954932136735
111,0.5337142538556163,1.4403801105767442,-0.672399113401832
112,-1.7639608946931515,-1.5103084089057899,1.3549224029685871
113,-3.3218373180183893,0.342853604197471,-0.8197480475063572
114,-2.060025486736443,-1.8021061362062296,0.6076341457387997
115,4.426539446938304,-1.1412469421529563,2.261855922551864
116,1.1047990980855689,-0.15769575379664735,-0.25979401077717845
117,5.663232814093138,-1.390860054618348,0.4693477284873802
118,-2.6355211182735356,1.0005325269723206,-1.439916021150232
119,-0.5555325769360963,2.4048206746407104,-1.0997466851660516
120,0.4176872722507438,1.4106189722536278,-1.0066470202314486
121,-0.6081956964191402,1.6787646905488822,1.8172113865185975
122,1.933709697341568,-0.6525562716744179,-1.5119386361768894
123,-2.2726148135398208,2.0525873862522084,-0.07770885510512367
124,2.644949119501122,-0.17140635298627677,0.28609989265016267
125,-2.4191097740247547,-1.7029562041768673,1.891106581463708
126,-3.398401640866369,2.4715976892718956,-0.7135257146737395
127,-2.3013084307067015,-0.8333633965485606,0.9645117833824334
128,-2.619613444628344,-0.34253083906237236,0.5287510886765502
129,4.759480389956897,-1.297610182510841,0.9716611045287932
130,0.7135025685422344,0.5897409212593833,0.3222775245496545
131,3.301297229671337,0.2974953415630185,-0.8257172113753869
132,1.0383884407889359,-0.1659550440001965,0.9433522346349413
133,-0.7046379999797135,0.20615563829160385,-0.40427610874447417
134,-0.258022059140067,2.212509722986279,-0.06879057413374993
135,-1.9207720031040396,-0.41935251743621715,0.3378766404086797
136,-2.5991294491073313,-0.650542219496001,-0.5950004679460448
137,-3.0685491331032453,3.624184015746196,0.6248848183271779
138,-1.150733915239056,-1.735762784171724,-1.4981939903426844
139,-1.0978443160045477,1.3185925832357257,-1.6886933992448594
140,-0.4221307509085828,0.8890955893843876,-0.6585814385940646
141,-0.7612393291569597,0.9311350325955243,0.5741490692783919
142,-1.8298296102575393,-1.5802007611748246,0.47837774039211045
143,0.7519042171651249,1.8908800544520143,0.7758939955213255
144,2.9666665200098326,0.4078729099701639,1.6860869029196839
145,-0.9328601135269029,-0.614162677726242,1.163325199943133
146,-2.979311049706973,0.368134870668271,-0.09886243653129426
147,-1.425882692426662,-0.49726642261366466,-1.0482773962333787
148,3.3085289416072814,-1.3108841428417721,-0.21264623889148773
149,-3.398901284315843,0.475797131548792,0.5650617188738188
150,2.9250803732435013,1.1907999953232,0.9160793896437054
151,-2.3921630166909154,-0.09580370122826937,-0.7916048133421367
152,2.0435542483468168,-1.5377934438678573,1.6078143573060928
153,2.9477275222361046,4.350101536710002,0.24584735949899297
154,-3.209397997530706,2.410104953052121,-1.3027826805938518
155,1.2114605327247967,-2.007420449567762,0.29884839812936304
156,-0.27540572504740274,-2.255821099522959,1.103285832292435
157,3.791316585395406,-2.2594361130988863,-1.159243707155114
158,-2.7672242568574026,1.2260880856388492,-1.3743938020746613
159,-3.025468220061527,0.6804261780165877,-1.5037903255074772
160,-2.3161012946331416,-0.4467212222140274,-0.776510219394552
161,-2.3616252395661186,0.5831582874747835,-1.4275042335189672
162,-2.626727338746583,0.9653644206667624,-0.993590652826924
163,-1.3566338639984086,-1.6102984361432375,0.2270762235743933
164,3.5814809484666243,1.5972856692780213,-0.3997669128755262
165,4.122753588175713,0.7635493938142736,0.4430444798117935
166,-3.0379869266572097,0.5806596767584161,-1.5486878544589746
167,-3.664294030375414,1.6403459068358872,-2.190668306164291
168,2.654144436964065,0.12812489788568424,-0.6465966183964615
169,-1.756911123275808,-0.5895712730558985,-1.4361342509551238
170,-2.6934396061847465,-0.8371082680108981,-0.9773460272585394
171,2.0591816641626064,0.27196134029889657,-0.30154396006197587
172,-2.486793366095182,-1.0583092900733562,-0.8597355659300581
173,-1.850544651245363,-1.9333133195892453,-1.2545410113744584
174,-2.4040072137527546,-0.633903180088796,-0.28888334272783145
175,-2.214563313370717,-1.8020527005370013,0.35650822825077605
176,-0.014888447083156604,0.8894087219627353,-0.37644613170054025
177,3.596914542923612,-0.1367565178617403,-0.8777092464707915
178,-2.729063314653191,1.0651425213486685,-0.2523268796941652
179,-2.1193214847695834,-0.5706723977004421,0.39051479417429474
180,3.5472286491410436,-0.35119295281919743,-1.4241455493559556
181,-1.84178009963206,-0.3995670121146646,0.7548838877723276
182,-2.0214098344723825,-0.37164836102011944,-0.7952832843329835
183,-1.8422134706955553,1.9450717529378436,-0.07343131161699908
184,-3.113695700152177,0.5004992298205013,-1.0625053580863213
185,0.991218918486053,-0.8728891984651738,-1.1452106269629263
186,3.9225281637724074,0.009402245198405025,-1.3233130234793216
187,3.9178810101035912,0.27930419798181233,-1.2430685476744239
188,-1.4426143017846096,0.7305003615072324,1.6473004750754425
189,0.05014564930880512,-0.2582204503039666,0.7728148588868157
190,4.182111143899414,-1.799848597721117,-1.216520502670299
191,2.269828221097384,0.011685566665228539,0.24583837389083685
192,4.612190997226333,-0.046080749353085294,0.5870453388403551
193,-2.6349135096107217,-0.34024461128542627,0.5597300497012078
194,-1.275994773957016,-3.229705241796045,2.595019159432012
195,-2.2628009485876532,-0.9708112967427293,-1.0206091775927992
196,-1.4080734822795646,1.098975856275867,1.200104357949092
197,-2.2296905425715416,-0.5648158001069595,-1.7151784593339066
198,3.912465305018179,2.002278503827467,3.3361741870211636
199,-1.1983802643932469,1.0851340646271008,-0.04932494734776018
200,2.2131711428858325,-0.32054856877756727,-1.4681066179742053
201,-2.339796840166712,3.0195845201560276,1.019386080637545
202,-1.5119053634668556,3.6428461999782598,1.4090203062363111
203,3.184399367680635,-0.8194650860030406,-1.9340898697666815
204,-0.7671212579611786,1.1213837319294704,-0.6232192987579944
205,-3.291704215226498,-0.14450570128089063,-0.11050840239830212
206,3.492041490978798,0.44711850291366995,0.10462905302506308
207,-1.0587791660422852,-0.8513216010068059,1.0742925843435642
208,1.6035370874502421,1.403389972492373,-0.018744622870203686
209,-2.0105004913956597,-1.0608528074427637,-1.4865380282062093
210,1.6783959847123338,-0.745543954952711,-1.3335707604561913
211,-0.49775387002852106,1.6414651477600537,-0.9522887081582907
212,-2.1128079237738646,0.33647777045213634,0.44328596991439895
213,1.9391100772164003,1.4794529926077684,2.4481322886109753
214,-1.822930074909326,0.5155356141832766,0.10308585902371052
215,-0.07213118699384474,1.0340972430795368,0.11476138138229562
216,0.9142609956081481,0.5427564281410323,1.9728893926676163
217,3.648742206707892,0.01251906930163988,-0.5432714844006046
218,-2.6344908693456963,-1.1523515156556239,-1.225562690479104
219,-1.1607251214513223,2.07630434056223,2.7993984423776648
220,3.8586584605760588,-0.293719166993067,0.6361476000512655
221,-2.3507456568102985,-0.49107368670568985,-0.7738229147489196
222,-1.761764928141942,-2.9578744361633627,0.3137668756707402
223,1.273091206078853,1.577198535298137,-0.17019992433298758
224,-2.4441633373744045,-0.670832283441339,-0.6882221735755575
225,-2.723664583763338,-1.0617243126402656,-0.888659615034062
226,0.46746203909159206,-0.6746369124337904,0.5149901338147098
227,-2.2894557065334107,-1.2881568871693754,0.8036247504951552
228,-1.6760680825896728,-0.7084232442170587,0.17148629529494908
229,5.790084465776424,-1.2393682843501561,-0.7318745355817867
230,2.0808170996052873,1.1336623670639336,-1.7331587294613433
231,-2.254457050014031,-1.869926907229329,0.4863793934533645
232,5.055090744270578,-0.47521469056126825,-1.2953784677753095
233,1.2261239577893912,3.2895790202227113,1.5831689749510167
234,-3.2285565778473484,0.5056096300407096,-1.2985519370119396
235,2.953896802423132,1.4549825534386038,1.339368362395938
236,2.4326966513421415,1.8799169382137646,-0.6565999888195804
237,5.248298883725951,0.20423400306203565,-0.8816493771731415
238,2.9137914117483934,2.0407283474425366,-0.3168273437933885
239,-2.060368607430695,-1.7296351590666355,0.7077382869785757
240,-2.20960284939835,-1.9330585684116772,0.528737455968445
241,5.909897234191407,-1.2000871545071383,1.321075943258211
242,-0.8591056771907385,-0.8418922968217571,0.009833383862440544
243,0.9688716462999909,3.390541106419703,0.046947869039948874
244,-2.16225746265368,-1.4961831581606557,1.5835570540246329
245,0.7479820496204875,1.593068866449867,1.0155429643904308
246,-0.5645027742358666,-0.16981918540871366,1.1650326756297764
247,-2.736188457675564,0.26499468729991404,0.7996690263711275
248,-3.29103264858008,0.4428542347105111,0.062463257910492904
249,-1.8528291087365494,-1.5711580572716244,2.2863438270238436
250,0.31123810493913595,1.1076243835904553,1.0310963694107957
251,-1.5818592332908465,0.27293620523133333,-1.0870336377068297
252,-2.401749314752339,-0.5972198633896637,-0.09442706003678555
253,-1.8774854169447854,2.6121619568756795,1.2365986242576
254,-2.7032055336292036,1.584311262575254,0.01051503013106121
255,4.746534827521576,-0.03525026762111242,-2.2584706543782485
256,-1.971297597890438,1.8481248172887004,1.1762458299709164
257,3.157923148577051,-0.6791824713915702,-2.0395151952096775
258,-2.346361672473445,-0.3867493084100917,-0.5894385246396315
259,4.110488646930558,-0.5467642722417261,1.7938166245352773
260,-2.2265362932811774,-1.674309354831484,0.9527922004048514
261,-1.4908976982324877,-0.21426697351796573,-0.7139529103393804
262,-3.0039020425730003,1.3134357547809552,-1.1031372450419328
263,-2.357721688340773,0.18533038052855721,1.0880752036397352
264,0.17487239204458,0.9698263388059488,-0.5955253339175787
265,4.069646986359724,-0.9206558890707032,0.5242887043062445
266,2.166875433502288,-1.6232258863764129,-2.6827227243700906
267,2.556551872930927,-2.2399294391515165,1.1733192587236554
268,1.1725814139562336,-0.18675139946941663,1.1855450357299269
269,-2.048114912415078,-0.2333710717100485,-0.07735333880559424
270,-0.07213118699384474,1.0340972430795368,0.11476138138229562
271,-0.024101010913956743,-0.35395011068414617,-0.10415564980428962
272,-0.4438982648322172,-0.020226570133807638,-1.336736441020188
273,-2.978642346154279,0.4543749763810696,-1.1752333394508239
274,-2.1760283758929444,-0.4878479693474311,-0.8954113449214525
275,3.1426482568697995,0.05842620150445184,-1.3374856406918956
276,0.5518326289321964,5.198578766968434,0.846068687404206
277,5.161205251080944,-1.8673804507245586,-1.9673778333386922
278,-0.298144550850461,-1.4528093337799408,1.516518197806861
279,-1.7140332591469098,-2.1369115829754826,0.13849975176583532
280,-1.9614109291213941,0.0372495346169544,-0.9853367878762146
281,5.556293419536769,0.3277506257037556,-0.5666546490642215
282,-3.0770321269623406,0.90016954409545,-1.1557803152834552
283,-3.0296593872733233,0.682051836500854,-0.5204627271201838
284,1.2568009141823269,2.1970518302742876,1.721806865067943
285,-2.1217724791231256,-2.2182756092951967,1.210136537714207
286,-2.069029233919096,-0.5949210583316427,-0.23907380220575558
287,1.4970103005909792,-2.091793525113418,0.7716392107257266
288,0.5899675895990684,0.38733554539102555,1.9134997094455517
289,-2.5644584023976056,0.18816904468726395,0.31679746999549685
290,0.002659313450016855,0.5834817415393254,-0.5000558122717342
291,-2.1463671227683903,-0.7784024308894094,-1.3852130277282253
292,-1.0873613738004344,-1.470387423997539,0.2597897934451818
293,-2.415878257453077,-0.34256251740334837,-0.8021342386971196
294,4.529734135767342,-0.07175746545968027,-2.1330390190359623
295,-0.6019131317667799,-2.516938463524623,1.742133801010312
296,2.3526387401954345,-1.3586868790596411,0.5548159006224795
297,-0.4110679303843043,0.4721109025507226,-0.2712330376403443
298,-1.0218204490677991,-1.759745119019282,-0.09757755700739508
299,-2.245234630406075,-1.296661952077996,0.58364102479452
300,-3.7564561023148224,1.8443457852214487,-1.093890772852769
301,3.31290847814583,-1.465516621147406,0.9009599565839764
302,-2.2324803802756006,2.192239576921218,-0.24114424160599918
303,-3.148212274435777,0.8338746290789844,-1.3243160650981838
304,-2.6119866046462805,0.9854750981974831,-0.8920950669376423
305,0.30399269191907535,-0.8611014431195065,0.9835165207543723
306,-2.999385300879998,1.1500170848093445,-0.7300907737753202
307,0.34052915056489885,1.2275632368808769,0.05521467226453409
308,-2.3872310026284658,-0.5797014644117923,-0.9353624863331815
309,-2.6529087546590886,-0.8712742915724967,0.18899681385292155
310,2.054660402189636,0.8454260477399801,1.5444071972532736
311,-0.030681982196989237,0.8918754630018991,1.8718374177432768
312,2.1888112457510016,0.17488908219473945,-0.37431242160323464
313,-2.2980571619660637,-1.5384863834605096,1.226132707009115
314,-2.5760434929912797,-1.0133724988805384,-0.7902120966946633
315,-3.260912948925141,2.171676285704791,-0.9415544924487915
316,-1.761736391942585,-1.1686656688696375,1.6764904179607707
317,-2.2869039683582253,-2.011835957578106,0.6839644194236663
318,-1.462975177858504,-3.362595177758496,0.8121151343887085
319,0.9135648399288346,1.3981191117066891,0.6495141424574749
320,-1.8652191143788701,-0.49831642851368846,0.8417434198865195
321,-2.5733887881438187,-0.556860339749377,-0.5269579491672546
322,1.8518691155094393,1.1368207987644743,0.3667504688814512
323,4.93142702644483,-1.2527546637056202,1.8967208578877297
324,-2.217988562225254,-0.37508044027298754,-0.10359412708067996
325,4.177476869051644,0.41712360788877234,0.8330348592414848
326,5.328510893020067,1.409966287577912,-1.043442866939394
327,3.8049957508691032,-1.529954461347107,0.4671242543405718
328,-0.8512253594248798,-3.202863863272189,0.4545140579346675
329,0.6166265584742128,1.5667136657366407,1.4615721156168002
330,-0.4516345976303734,0.9044758969749137,-0.4964179787637532
331,-2.253763109088811,-0.9636491211767868,0.4639074960569149
332,3.694845097245908,-1.3501565319631932,-0.9345629115062354
333,-2.8436131424982163,1.0441358411389587,-0.8640108048068108
334,4.84417718711304,-1.8435642873590004,-0.8913377571727943
335,-2.6152449943435476,-0.01182921904615413,1.2358102367713564
336,-2.47676101403709,-0.8911978122491446,-0.9002302043338688
337,0.6885199450666774,1.5966539192013152,-0.9461421664971732
338,3.282477982345735,1.1987168440160976,-0.38730174129708256
339,1.828096710731153,-1.5497148402058631,1.4830337475570368
340,2.5275995033013388,-0.3697754196862657,-0.5999527193042195
341,0.8947727883514236,0.68360420628841,2.4355700644435525
342,-2.746581963206672,-0.4770814835067786,0.5765601192832753
343,-1.6917781002271004,0.04564390743734293,-0.2803203208777802
344,3.7518943551493917,-0.33560594345838396,-0.9354358148142795
345,0.7598993338423865,-0.12221951613264181,-0.33190071724199915
346,-1.3704100346430261,1.7735053413946869,-0.8917005602288106
347,6.6936782561362715,0.5885707152597723,-1.9274529469687274
348,-0.11424449166352911,-0.5017345177448103,0.9055985893696071
349,-2.9413310934467343,0.7942210898728779,-1.1838919217922306
350,-2.401749314752339,-0.5972198633896637,-0.09442706003678555
351,-1.2460364704366895,3.1678181472662095,0.4986541595549156
352,0.7041811406311265,0.03428909890712911,1.5863247314503035
353,3.2217798083944165,0.03393852102119706,-1.1807088252404627
354,-1.9281961720758554,-1.4762499790808696,0.8153573149260342
355,4.984596514147472,0.6608459834797126,-0.7729362692850084
356,0.38009381674262405,-0.35660830773363394,1.7308236831439656
357,-2.5651799760129257,-1.2114910134698798,-1.2648788537519717
358,-2.083859275787782,2.4837871043120847,0.4126361295736678
359,-2.0329667596790073,-1.9414395539325722,0.9275754489501554
360,1.9542254486845927,0.9513164402475659,2.5391005663101245
361,-2.236700430080514,-0.2514591603491857,1.684518911386072
362,-2.174887810654192,0.5409741046395701,1.623248233817484
363,-0.8916452820456721,-2.8473065443612984,2.0791502239553123
364,-2.080549472133568,-2.052957017143038,1.1446461893495137
365,1.7029200262460171,1.538245205684792,-0.08038103810572982
366,-1.9220122315912673,-1.6893972346239476,0.38414796610340046
367,-3.0849525327649605,0.6254715137615459,-0.400328701175896
368,-2.7077277529796424,-1.023256309295752,-1.134658200377814
369,0.09082803490377914,-1.610819521587969,1.3772141166340095
370,-3.0685491331032453,3.624184015746196,0.6248848183271779
371,-2.2759118237347824,-2.3622048934899937,0.22382608268997167
372,-2.3076277357149735,-1.387076093506673,1.2002137587690138
373,-0.29735320288242906,0.6363701459211045,0.9307797551381269
374,1.7080033178661038,2.321850240084307,0.11633925344806406
375,-1.839717074546158,0.3506084043702103,-0.08655487412840454
376,1.0093967434585038,1.445451511243698,1.117442914628885
377,4.859121023915157,-0.7102725303207776,-1.8205256974598525
378,-1.452220159925935,-0.27590915763076806,-0.6701262917148146
379,3.4412666320669425,-2.4433313241210843,-1.3869785044157747
380,-0.8020215427692413,-0.7671700457053717,-0.4587278546399287
381,0.42006444606374566,1.1064650204335584,-0.7784946857961283
382,2.843663681978452,-0.49147604934202466,-0.6779736136525276
383,-2.263109747593617,1.8777440185053604,0.3375627324836664
384,-2.284437436104431,-0.3580985699066952,0.7573064051212292
385,-2.1723031239256514,-1.9699894612624123,0.9293512199202713
386,-1.9915186136739764,0.13287423546883761,0.9708203823599694
387,-2.6278220611820857,0.37120912678405676,1.26569022506375
388,2.8610666733349857,-0.03793147591265446,-0.6839821726655289
389,-2.1461931893920645,0.5365690779071886,0.8159647514747166
390,-0.1487899649897254,-0.876669910949713,-0.4098445360083238
391,-1.6344021131097044,3.2461563684806056,2.8809198454696436
392,-2.8324318139440225,0.47613934774129774,-1.801285445079245
393,-1.6766452170642716,-1.163905879158473,2.4553043734399846
394,-1.5258286066582551,-0.08334945676488133,0.25023033999421235
395,-2.4228732691559554,-0.7036349419979399,-0.4255661546393107
396,-1.292865252260091,2.1946348281777963,0.16441747005310678
397,-1.6227826218365602,-1.6441376213799532,1.961976346165066
398,1.243942375738532,1.1517102704905464,-0.7704453821231327
399,2.062503632313274,2.225217228785715,0.7538163688551988
400,0.20657795868539716,-0.8324474512225801,0.5076520461010114
401,1.3582023378505892,1.5697653052725433,-0.3044465908499733
402,2.2880248496766002,-0.24650958254242647,-1.5960455975027823
403,-2.279721601940283,-0.4501165250007566,-0.09511365168298636
404,2.8413120905533864,-0.7584438842667929,0.3554831563121696
405,5.7952010631936375,-1.0936106174252096,0.9414401400830119
406,-1.009234186721481,3.644232636630868,1.3738113488704622
407,-2.431739917577161,-0.7001986883962621,-0.9934025418008773
408,-2.414088044548628,-1.0826826722906713,-1.4211984611207056
409,-2.8902675944525673,-1.2664019399076671,-1.4349370780083923
410,3.5409755931245543,-0.19159998479654516,0.9214816867810417
411,4.361231382824857,0.7629036206585533,0.07866128481647809
412,-3.4214699272349027,1.891271385642031,-1.3993072315217114
413,5.841170915177706,-0.5494887306865,-1.97876856057364
414,1.1784868909928976,0.5527631732120276,-0.3441568126928111
415,-2.864823251501554,-1.2006071548028976,-0.9573247370263863
416,2.4189451481912987,1.293331282168885,-1.0193363406970068
417,3.740312056641788,-1.1677571837106928,3.3427529279352015
418,0.02039396061030148,1.4868848229321718,0.7979421153283162
419,1.398822184616946,5.629439916244888,1.0289744671614836
420,1.9631460755465664,1.0167706637619487,-1.2588880488132863
421,-2.1110232719012973,-1.7380364308570933,0.44058818996415877
422,-2.1235155047958005,-0.214753057938765,-0.6508760480704819
423,0.7969177369106676,-0.3661925997270643,0.47867464560693274
424,-0.5588133722470859,-0.5363563821083029,1.1721305414468213
425,-2.2764262874802257,0.017609510869033774,-0.4802915766611182
426,-2.765895216679633,-0.6991753639949401,-0.18336935608678293
427,-2.482690530660184,-0.9181490875516679,-0.8097501246702725
428,-1.5133626115520953,0.23471976874079312,-1.1516165766168087
429,-2.0331750373919624,-1.4258487737190975,-0.4149189235169033
430,-2.080549472133568,-2.052957017143038,1.1446461893495137
431,-2.085573343169969,-2.150131804732263,-1.0782089243289028
432,-1.6006073515249948,-2.77866538983459,0.6926400513189369
433,-1.3685588493160998,-1.4057981774038284,0.4086684255665569
434,4.72217838064124,-1.7346135461572794,-1.3130433530053054
435,-2.437941085739081,-0.46011507978284927,-0.3524604700279692
436,-0.3912568428420437,0.5568358204676356,-1.3534410960317353
437,1.0138942094915142,0.7553783535907378,1.2514107435195474
438,1.2811463866418789,1.4519079418784424,-0.19641819549530817
439,-1.9344449599368105,-1.9538015157932191,0.6203289873867478
440,-0.6247107417734604,1.0892681745041632,-1.781031312124113
441,1.1314817218355426,1.3844844477097245,0.19846632642805165
442,-2.3778361153188943,4.029832318068483,0.34645106422590605
443,6.683590016699548,-0.977275585851472,1.1244360943078542
444,-1.051323756224052,0.40272620081695865,0.8673629378990031
445,-1.183115405025079,0.19707048832374113,-1.5190107138998568
446,3.6078022670124916,-0.6615025663013832,-1.4981464815481853
447,0.45068222196525154,1.1155317102384648,0.3698221085482313
448,3.7669665254584737,-1.2979750314804295,-0.9389253509152822
449,-1.5980842664318786,-1.3207953078359485,0.5966735646896657
450,4.746534827521576,-0.03525026762111242,-2.2584706543782485
451,-1.9392844273409677,-0.41343557326624825,-1.1769616167666177
452,2.148282433529204,-1.8029312286203651,0.2595632671596798
453,3.34878931461242,0.2280694997538494,1.6512693517245964
454,-2.105595622429604,-1.6606305058817687,1.3102672810051483
455,-0.9208437609939695,2.0662185425228268,-1.4703307851408802
456,0.3457649177592563,1.5267706685989941,0.6161980604449957
457,3.5853342915032487,1.9112874035223812,-1.2557343941689718
458,-2.1925998544491314,-0.885328951855512,-0.26399578118806766
459,0.6299826881691304,2.312040638486864,2.3643805019886672
460,-2.8921043608671795,0.9517836806748324,-0.6068807344806454
461,-2.3916774205737137,-2.4818114263407427,-0.07136387197197801
462,1.6766662243357515,2.042327400212319,-0.27835891357805453
463,-2.7179687978063964,-0.7515924775059835,-0.09490419602356566
464,-0.8460049063769675,-0.1841387722415625,-0.9163762506727738
465,-0.3289144633734228,1.4201145966918478,0.4046138920865547
466,-0.7236887369494589,1.9349215091018572,1.1054475054061972
467,-2.2188271277224643,-0.699971423267217,-1.0838245214501752
468,-1.9408724304339031,-1.8820327889040243,0.5711250227745245
469,-0.4533572599907049,-0.9105782484213713,2.4856881603160885
470,-1.697440899062791,0.4223506656958218,-0.2856785813380429
471,1.9277738804060935,-0.14278055165651796,-0.8612891767505169
472,3.4285492286437087,-1.2231058515763216,1.3227078177821399
473,0.4364354848726864,0.6052592785407043,-0.28101531138237656
474,0.23636518429127973,0.9707221227336718,-0.5074900871029784
475,-2.7750233434165295,-0.8722635098193451,-1.0023389990028655
476,-0.6661355957352999,-2.2715944013437737,1.2379490969099731
477,3.903887102828378,2.197736360832887,0.1417195115547691
478,-0.9111008648505007,-0.8828035382848456,1.0607349198724276
479,4.10355678250999,0.48723951925997994,-1.0130641001979126
480,0.3654546600441636,0.4368909885946447,1.993896275458837
481,0.9495130020528918,-1.5389888999096817,1.130199945615324
482,0.42312845550655487,-0.16301761030925108,0.9303303121124283
483,-1.7916294756609554,-2.047410320399795,0.05298891462915252
484,2.179600028745946,1.330730587757355,-0.25525491829998087
485,0.9327626142630115,1.2886446762274746,-1.1639178331342186
486,1.3199646718954348,-0.06659692824246735,-0.43903586096238556
487,-2.8148288321554067,1.5972408557451916,-0.21478486055258073
488,-2.27476970130757,-0.5451931841782871,-0.7527635425469125
489,-0.5131839805527553,-1.7350377333391023,-0.05661519471482175
490,1.9564705022028128,1.5495352602315444,0.49270918508874595
491,-2.1235155047958005,-0.214753057938765,-0.6508760480704819
492,2.434579086053654,-0.390663133812789,2.0841217357840915
493,2.224734718798995,0.3350481280281833,-2.568145520472272
494,3.397116550678567,-1.7675964452238253,-0.2107533015307231
495,-1.390008561976014,-1.850839536372945,-0.6448159657794115
496,1.481028943329355,0.9114855372252534,1.1051343417124786
497,-1.6853896735927212,0.12754708986969185,0.001010234341046565
498,2.207297823415158,-0.6636501680380035,0.22819553909803983
499,-1.5335035770807337,1.7138612477726358,-0.673838389029269
500,4.712975861023847,0.16512951118209518,-1.4555291025462287
501,-1.1182993657125062,1.3388741726606384,0.18418588032720437
502,4.338303929521549,-1.012683390623629,1.0334770656712307
503,-2.5798012914759654,1.7913606397461488,0.09961468604757816
504,-2.157566360914509,-2.151009725584912,0.49810290133144325
505,1.351882371456576,-0.4697938913869748,-0.8494529088451703
506,4.161905471324432,0.13915077360872496,-0.8027776256533635
507,-2.6778130486897807,-0.4463601158360009,0.08515538302795479
508,3.4665709753574805,-1.6947570439749835,0.47231679749269406
509,-0.40837634007890705,-1.4979837977988073,-0.6798816391058198
510,3.106011705312945,0.7734632605992188,1.332219482054316
511,-1.4273386443605487,0.17801987206322936,0.9523091093369236
512,-2.313361561309207,-0.6140234646978214,-0.4817686670018996
513,2.0420254370155186,-0.19194543727860944,-0.578821424947553
514,0.09103268673708387,-1.5266467886881734,-1.644247701978537
515,5.066832227658746,-0.858793725115178,0.539246400997805
516,-1.3868252389010294,2.569014153155689,-0.43070602995100216
517,0.5558172842855407,-0.4345063177928634,0.7485899677904174
518,2.2803682806982066,-0.54356183041334,-0.35633587149257456
519,-1.5250462998441863,2.4084235642385954,0.07429690998918735
520,-1.6262651952759033,1.6539411932052874,-0.7919481875299327
521,-2.1071549273572683,-1.7312629947143825,0.7978102549209489
522,-1.2682662134080018,1.0940041096797553,-0.0037757555364260845
523,-2.0904183891867985,-0.5315717800747696,-0.9415702716978545
524,3.484489997732109,-2.0444663561026255,0.36481387492581296
525,-1.053770900689734,0.2637167748821061,-0.8299652269654147
526,-2.142257498405247,-1.6578637979666229,0.6807290043699852
527,-2.4632163822651,-0.4197216412746124,-0.44105426309524964
528,-1.0906460221309462,-0.9135206295108923,1.4348216328227201
529,-0.6701281280981685,-0.9392352181737539,1.690829394915823
530,3.5309657831844596,-0.10930104085408968,1.7136867020674953
531,0.6400425134001299,0.5514935784892288,-1.1509057152692381
532,-2.6158640937384043,-0.9938213343861235,-1.0986347881711784
533,4.15706970888708,-1.697318388287786,-0.13247426573028012
534,-1.7417833595879066,-0.5986232622706322,-1.3713795506568005
535,-2.6763259341954813,1.198220724416161,0.10885076291911358
536,-3.3011274859181747,0.37597016803825345,-1.1369405038273093
537,-2.5886832808396716,-0.5484802360672978,0.03438778084276224
538,-1.58522334682056,-2.1792313419798313,1.2876767908192042
539,-0.36603733686473117,-0.8461203980908854,0.5909674148220351
540,-1.231222746161349,-1.2661655893371242,-0.5350706132975228
541,3.358019549149284,-0.24522770404753408,-1.0690225561743332
542,-1.9984996578842225,2.7969235726336112,0.41836619076031534
543,1.699775315992016,-0.4964527548056212,0.4100804305196488
544,5.168583131008134,-0.20607862636317517,-1.2819513824006905
545,-1.9237830141188366,-1.666609781718807,-0.0747320121342043
546,3.9519028399273353,1.7699911610767431,1.1929359606542087
547,-2.146130070878073,-0.7126441385040492,-0.7602519101191451
548,4.872120485459018,-2.032560362460193,-1.2487118325565965
549,1.0713581718344511,0.8685400467912459,-0.6264042993340756
550,2.441098671927601,1.1136967433467306,-1.8912848671496303
551,-0.7941275631044743,-0.881802109223314,0.882152690712495
552,-1.4485254183786154,0.23449680712460594,-1.0844624300356602
553,1.2734269744607676,0.5978972068577985,1.3722795078062617
554,-3.1584854395441284,0.7411275288804847,-1.0114801975269325
555,-1.9706251140024977,-1.9041494980959373,0.5837135237730416
556,-2.957558345153453,0.7299048351623071,-0.3930100585594959
557,-0.7933770681714253,1.2815180266208295,0.617311119574842
558,-3.0715388752745914,0.645204799856593,-1.1564412509787692
559,-1.44933781881783,-1.4443807217726485,0.9016796539448317
560,-1.1546288606642499,-0.06895293936146074,-0.6054102061856493
561,-2.3622694912977544,-0.6011435281154326,-0.7335827107022272
562,1.2053234943419118,1.3088726656534049,2.026552273150403
563,-2.3094109501817695,1.2114827391083278,-1.0282232643256408
564,-3.20717732140789,1.2240575651528218,-0.5013371332605265
565,-2.7187132836453825,0.9370600044983641,-0.7832276175334127
566,-2.1076747350470875,2.4748695236240343,-0.25157557690053506
567,-2.2309928677152935,2.041956159255312,0.8234464874088279
568,-0.8093016375990352,2.22618425775045,0.5618505546380336
569,-2.8099285959596876,0.48232504799331233,-1.06877106084383
570,-1.2762666827553801,-1.1227297000366347,-0.2881294194776554
571,-2.4041036960998516,-0.6711580579443996,-1.2320311193844085
572,-3.145110515055957,0.8943976740832251,-0.6075564508926372
573,4.928537470401042,-0.032446494263108715,3.397140415945009
574,0.37524844228067683,0.6234205987385174,-1.2906169249054789
575,-0.6795580101668247,0.7225056735026438,-0.2782437035851809
576,-1.7018091657237104,-1.4101586817211516,-0.8347670623964046
577,-1.7079512852773016,-1.4145779996954553,2.406343862717203
578,6.5653527570902455,-0.22772166606585717,-0.8184615734925853
579,4.868810665710489,-1.4641024602392707,-1.1535639426380817
580,-2.3420721195997345,-0.884194894225599,-1.0864241543882827
581,0.02346279683500137,-1.2569333255353052,-0.9546100634680911
582,-2.1989026977001687,-0.32906842311921586,0.3642169398504954
583,-1.9085299048676647,-1.4968348345078946,1.0095765003365316
584,-2.999983620179529,0.683514072734295,-0.7940315190015681
585,-2.384933307762951,-0.3135699124866943,-0.10931620470127387
586,-2.168341861709089,0.15826061052670773,0.24618716540505017
587,-2.0595372544054333,-1.5294364221871006,1.0554892258335131
588,0.7507680849757182,1.8439724138739981,0.23786852122725402
589,2.780271360794246,-1.474384140348877,-0.16590841721513422
590,-0.7798183742513366,2.657314324554517,0.035548204229762986
591,-2.4825058704529357,1.7821171885339842,-0.1255494030975888
592,-1.3621483102909528,-1.0433178223672142,2.553454498835005
593,-1.9496682439060191,-1.6095639589441846,0.08317234146147191
594,-3.2600542666227454,0.7843137544196822,0.39112558244951184
595,-2.4010600407577627,-0.3672204210299966,0.27924367871474237
596,2.389327997849564,-0.6123844869500021,-1.8996903246801253
597,-0.622668460997505,-2.41404013870443,0.8593283327095929
598,-0.3515342523606936,-2.0392495409147084,0.6666143292157487
599,-2.543279388800514,-0.663947480306399,-0.020232045292100837
600,-3.7564561023148224,1.8443457852214487,-1.093890772852769
601,2.4530477484994893,-1.1659192601004933,1.6526329435210247
602,-1.67210127616833,2.122247514013328,-0.5568904431280445
603,-3.2834436756774688,0.8486658810453648,0.4330396657707704
604,-1.1229032853054852,0.9297856254321752,-1.440715119252616
605,-2.235652631216326,-0.5969871249117917,0.560970741505981
606,-1.3979725444348472,1.224629723189166,0.9924918167303654
607,-1.077979399766675,0.7346762625737041,0.004615048406543324
608,-1.10339891983253,-2.7744767790393725,0.524941960441335
609,2.0596269218990293,-1.6493428651536435,0.9794812965695019
610,-2.16319903462936,-2.2622703375078603,0.4201199138061062
611,2.261196624884598,-0.13522127841183004,-0.5718680609578752
612,-2.62573820946143,-0.2775888957805103,-0.32786800624089696
613,3.6847802516503267,-0.29242144975107043,-0.5834361653982395
614,3.7257809677719607,3.2419226259360383,1.0556889105481484
615,-2.271544707569309,0.033244081987324155,1.1648733743790423
616,-1.563677955068716,-1.0346139600877315,1.2575760737030748
617,2.4350413447857293,1.2971710571507762,-0.8869436835789986
618,1.1989476239215873,-0.7257165164479042,-1.2942367786663231
619,2.441098671927601,1.1136967433467306,-1.8912848671496303
620,-0.7540355825531108,-3.038839611424131,1.4788880627695964
621,4.7883330217051965,-1.355655897976532,0.6455405746322562
622,-3.2064571816059817,0.35823719672196574,-0.1960432127418742
623,4.168530925062183,-0.459172788287612,0.5483918150295151
624,0.06649826085151085,0.3552299487591559,-0.8849722992169196
625,2.85083142806548,1.4159819676198027,2.470920842927222
626,1.6819567459767175,0.988733283855902,-0.8591761456782718
627,1.7080033178661038,2.321850240084307,0.11633925344806406
628,2.398005885189112,-0.20356139720842162,-1.359682434504541
629,1.7325288534685293,0.7494590278368899,1.7769342506996855
630,-0.10316960778163507,-0.4458524968205659,1.6845175494272469
631,5.148418397023904,0.7960207993553313,1.0840752409995287
632,-2.344273317404795,2.346934567934134,0.06427611278832303
633,6.525501609388579,0.7663154402712072,-0.2013337601699488
634,-1.0957588484543181,-1.6146541814763034,0.5252226692968042
635,1.6580938268191918,1.0681932389080129,-1.2211249267130209
636,0.3464213411752509,1.037138276224611,-0.6755024507255887
637,5.160143454150251,-1.4132154718334153,-0.021132933854440317
638,-2.3962020238537645,-0.3148255063870285,0.1422628694811665
639,2.057656147142122,2.2611658094134706,0.10991962810500627
640,-2.0371437972708035,-0.27232194170858565,-1.3836048844739852
641,-0.5929092726995729,-0.41273151041092043,1.7274041500469708
642,0.030172802888425308,-2.773282235368063,-0.5526386281626162
643,-1.5308595101117652,0.33148296853378045,-1.2083051273419134
644,-0.8591056771907385,-0.8418922968217571,0.009833383862440544
645,2.3889604299727267,1.2218003088747684,-1.459071854693059
646,-2.3182366501037306,1.6124235441721877,0.823449301931485
647,-0.45726653602608175,1.5526788264035434,0.3106290613182535
648,-2.7077277529796424,-1.023256309295752,-1.134658200377814
649,2.6429204092516065,-0.458337802296972,-0.6482854712535929
650,-1.629431954364942,-1.7831753231437153,0.3106693193043026
651,-2.031943089093891,-1.389744838496663,-0.1260039193019837
652,-1.7320610681025537,-1.2951376146800615,-0.2665968010597715
653,-2.367755226307063,-0.6448178801663249,-0.45805715965683697
654,-2.205703625389459,-2.1645113800322915,0.8670693208099634
655,-2.5160470944261957,-0.5648187510325244,-0.43459866338747344
656,-2.173528186211363,1.2167955293506132,-0.8909238168626622
657,1.6489996194447878,1.2324215185546008,-1.1357182188414587
658,-0.5520659155487998,1.343723556288902,0.8449616681351938
659,2.7470317324573568,0.3888911233893787,0.5181976512848334
660,1.2374252137772088,0.45051506659329527,-1.8457014723825869
661,0.38009381674262405,-0.35660830773363394,1.7308236831439656
662,-3.2738884520179594,0.09522097861346672,-1.5592490523069469
663,1.5545106490840601,1.782133181886073,1.3895640317266857
664,1.5871266598151166,-2.202467633324707,-0.30369687787285515
665,-1.6279006417527562,-0.08209829427850206,1.0886755548141263
666,1.5451813233442846,-2.410492409870646,0.04849200392284234
667,1.4441481284709197,0.13188377070810825,0.7907313840485796
668,6.35330450779629,-0.290432703877913,0.095571996140282
669,0.6696809120347963,-1.5955888943710927,-1.214526782864345
670,-1.4610221475473546,0.3614777943315341,-0.9284407652849987
671,1.7905529758052068,-0.46518063082021766,-1.2431137922886124
672,0.896528660494501,-0.4129770977727,0.7005130938327615
673,5.946392778439144,-0.8882708496725614,0.7323920970127733
674,4.396427253272254,3.7566442292860067,1.9686150450544682
675,2.4682030777184227,-0.9027297062492746,-0.5551598796700931
676,2.0138652430239157,-0.8553001787746525,-1.1137746400629196
677,-0.1907905248884865,0.6661970134139336,3.274305148097603
678,1.9397123274605494,-1.839074663128866,0.2086333692481587
679,-1.2392742533797676,0.6278198192811784,-0.5529117881619684
680,-2.144610478193858,-1.754302098383062,-0.3925065035284728
681,-1.8880769062685823,0.36434495117782845,1.7837325488860358
682,-2.2606933741134494,1.053340807082664,-1.1721706551891449
683,-1.6698768623100428,-3.628801664471824,0.15005451152280863
684,-2.4070581135895783,0.17161773462745417,1.7661310142792783
685,1.2166117585110383,-1.7821474026566393,0.26657303308718144
686,2.4137365067978727,-0.27612271395150484,-1.3710169979231517
687,0.7967062765135592,-0.2682111254945801,0.33189949333269014
688,0.3087485237137405,1.3331073885687388,-2.216563375771525
689,2.3966090373368556,0.4041866756335946,1.4790049803887437
690,3.396596199739648,-2.0067138346834836,2.1682386265405946
691,-1.3916948507749607,-1.2536646731892578,0.664166170763923
692,3.282477982345735,1.1987168440160976,-0.38730174129708256
693,-2.038591791560812,-2.1336103004885705,0.034388689935853825
694,-0.0687191536416971,-0.07804159009486378,1.1194794258563994
695,0.5249917306120343,1.7088169914661357,0.08663068435943039
696,-1.8652191143788701,-0.49831642851368846,0.8417434198865195
697,-2.6164107998745045,-0.9611891383030919,-0.6650054666856223
698,1.0786573971202609,0.5643706811180754,1.9106714840430332
699,-1.5261175556510347,-1.3982448091976265,1.1250900956000527
700,0.5135164150786584,0.15007234057263907,-0.07184335958731541
701,-1.352914535732021,0.1078151131562015,-0.8491691013857744
702,3.7072957427322506,-0.12185318375036365,-1.0783824010338272
703,3.8461907658077856,-1.3975860485335962,1.9312622727979234
704,-2.385191682197743,-0.32595267015970464,-0.27127786398497966
705,2.8713631472518766,1.2803208832390962,0.9747690575946631
706,-2.5817043064810283,-0.7017729170725513,-0.07031940017871388
707,0.43925916262220155,0.9824286668828789,0.2680467992790229
708,1.5237457529498586,0.2593418157216098,-0.3221617699206033
709,-2.8762868211891104,-1.050250318546317,-1.0747190427247801
710,6.152530507201031,0.4575558265526319,-2.2997737390988324
711,-2.0537818122666076,0.5912276691491027,1.8101635287345967
712,-2.2296905425715416,-0.5648158001069595,-1.7151784593339066
713,3.345851585007802,0.014194523773026763,-1.5050664580799922
714,3.8796223493522115,-1.8435261914110674,-0.8617670068721787
715,-2.278254476336272,3.8744011080222056,-0.1801316708501806
716,2.6346159741364685,-0.20103201890248562,0.16155810931715625
717,-2.744059060998707,-0.5005846774014258,0.4527032903636318
718,-1.4315070077096685,3.7220670614871407,1.2507177783736663
719,-0.6307906745059317,3.0990057406737193,0.12151760942364584
720,-2.3357686082058655,2.1958762430466314,0.7384128386942446
721,1.7881807310984,1.2019423586502493,1.7285385915752223
722,3.7573977911376906,0.17623581519903264,0.47926738384017264
723,3.4732215866604474,1.251075320913343,-1.8940642745240255
724,-0.4537288501860753,0.014033730355963985,-1.7730279767543322
725,-2.8043186190333835,-1.1269647012639106,-0.18616846747318475
726,2.6090353212157087,1.353445617359688,-0.5928740564716422
727,1.282080872748812,0.8771706765517918,2.1022246514468312
728,-2.67461852307376,1.2404778163971566,-0.2770543421943715
729,-2.956516742138358,1.306774968587779,0.09832399111190362
730,-1.9534553477783574,-0.38224396150915324,-0.5806064867982993
731,2.233226404106002,-0.4870703438943509,-1.7899519561765416
732,3.813900813552162,0.7887595080910517,0.048170155711638796
733,-2.6897791346625386,-0.5152123507192898,-0.4275211827801555
734,2.863751259835433,-2.404215227816757,-0.6520918361156796
735,-1.958225620184293,-1.8973852562636386,0.8052075533108756
736,2.884559803014033,-0.12077012623124297,0.2826757153412567
737,3.337460343764958,-0.2718373063015717,-1.5327746195762701
738,-0.8977964821578305,0.5484545879565375,-0.7484601160367094
739,2.6429204092516065,-0.458337802296972,-0.6482854712535929
740,5.151768811775852,0.1467366619677889,0.5497111299092503
741,3.5295353278557364,-0.5107037855386691,-2.1399909685754785
742,2.651178997951436,-0.5246145623334721,-0.722605178597663
743,1.1016879604035965,1.945586195304512,1.5744146657314415
744,0.7561479370246776,2.0737325938542712,0.4674363615570976
745,-2.1036485672100946,-0.32461336267860014,0.009184520148548016
746,-2.1477230998364174,-0.4097340943194692,-1.318573774387039
747,-2.3032482679904023,-0.7170168031826392,-0.4175627902003744
748,-0.09301064711065767,0.30315909703652266,-0.3507256671840965
749,3.7044737654307545,-0.8072546952991585,-1.8064328062688437
750,-1.5114899929072447,-1.9277930366142884,1.998921240652807
751,2.413163983657493,-1.2781050572002937,-0.2425500851523609
752,-1.3910117719415616,0.8718898553260078,-0.3443624290855393
753,4.376879395547225,-0.09164598411361273,-0.7636139741533613
754,4.328098482783994,0.030694102306543854,-0.8731241857187838
755,-1.460434010414117,-0.2521846087757537,-0.9998404323532576
756,-0.6796024304608392,1.2993775770916505,0.08679887433667276
757,1.0914574718119296,0.6302230315881805,-0.9054539132984594
758,3.944594947783022,0.4118573315289966,-1.3842363471431915
759,-0.1887044595373552,2.2302341577617453,2.707761763401381
760,-2.8092095787198303,1.1938347998583496,-0.30595768433768245
761,-2.6424618482094915,-0.5637916915706497,-0.3093052619581956
762,-2.8807968997426854,1.0799701954943484,-0.895687776663294
763,-1.8685565187519588,-1.4056301220365903,0.7610089582025727
764,1.623494093548243,-0.4115502394419125,-1.1329243184031075
765,-2.46700649024417,-0.21045042546420006,0.14133064100354686
766,3.8772848674305633,-0.03833537433078113,-0.41814660973611895
767,3.1588938201437795,-2.1583803234241845,-1.0102050830298475
768,-3.032345432147912,0.46734875075592774,-1.4411870331458168
769,-2.318627842232632,-2.163138857123017,0.021556637233102204
770,-2.538390080983786,-0.9190504595594523,-1.1672348353405073
771,-2.3624472799793215,-0.5859491700234397,-0.7244268921229845
772,-2.429839027000812,-0.6222472439085984,0.3431014757641318
773,-3.267300733454079,1.5366970639946704,-0.7542696339802976
774,1.4756541238738867,0.8184910110248896,2.981672188901446
775,-0.2797087448721484,1.1943086688174989,0.17073995921144017
776,-0.6981269615089453,-0.3255926256104664,1.8703407842829616
777,3.918433266788015,0.03703210505927639,-1.4348288395834838
778,2.0195034537123324,-0.34623348267992354,1.2497049658558008
779,-1.3272917961180648,-2.610660467861206,1.1114255627567735
780,-2.1014225841425596,1.551294117234018,-0.6073906513679714
781,-1.0192260790655634,-0.9289582869399551,0.6672854885323669
782,-0.14271185514434892,-2.2160157537715226,1.8405039999809516
783,0.5831084126179974,1.103478891820891,-1.5115482917099257
784,1.9118037129980188,0.5236278658743987,2.0290775680822217
785,4.183479249144071,-0.12297363996880606,-1.604977044101963
786,-2.4743946301806723,-0.14889804896397735,-0.6693778938948612
787,-0.2981770313200391,0.9082638763845778,-0.7370034546102864
788,-2.350314126037574,-0.1746485340537719,0.47343337158459603
789,-2.08404819196455,1.8482359741719276,-0.5260203698051942
790,4.034488515773526,-1.0983952746763994,-0.40069683102345405
791,3.568475279542233,0.6889624302775499,0.7935684289393459
792,-1.8128367884395784,2.3328051612682232,-0.030614846266916552
793,-2.0554797443979065,-0.6456953366716632,-1.4741510982675075
794,-0.65725154290352,0.9940856749531116,-0.5632602222867832
795,0.39634610848075935,3.4815777748276644,0.5291097984402486
796,3.628600786379357,0.06360755528882686,-0.07201519889314532
797,-1.6655511536410683,-1.9948565276769352,-0.6228643106529017
798,-1.871390085422718,-1.6178146553326291,1.8146517064980041
799,2.2338702917707955,-2.537447227882934,-0.9523357097529881
800,0.9352064597607764,2.2437020777446874,0.1005303767717453
801,4.212087229869394,-0.9072655821366574,-2.4887205605319296
802,-0.647343266668621,0.15563579579499257,-0.9366466136753144
803,-3.170912873053557,0.24728536328073636,-1.6992594748053316
804,1.2401413356561992,-1.288609942266741,0.8283738599995314
805,0.17982888146662332,0.5232303128849548,-1.0232015786826607
806,-2.471601571991891,-0.6907415602444954,-0.44402133756270934
807,4.264433537127597,-1.6774421385749811,1.9819671057918746
808,-2.3887027778523495,-0.38844834371216413,-0.6715248208786784
809,0.7909331382321111,-2.1467378374244204,1.3705201639284468
810,-1.231222746161349,-1.2661655893371242,-0.5350706132975228
811,3.9519028399273353,1.7699911610767431,1.1929359606542087
812,3.9353222242068306,-0.048162793344838147,-0.18431824179866665
813,0.979622933019924,4.356371986627798,0.3833242491744464
814,-3.1371601469456545,1.0809272422975174,0.6081814048734656
815,2.8414974554119907,0.1576585336031685,0.436083262036004
816,-2.75167237678648,-1.179371049972705,-1.130170356972211
817,-2.259781416304669,-0.7911261916822743,-0.0011172741023916916
818,1.061337916099807,-1.8084184430000068,1.536801104860683
819,-1.188552916535566,1.9924913946417249,-0.17974482408374584
820,-2.4845555777741977,-0.7788920724104372,-0.39754695645950644
821,-2.935390361757843,1.0983240531724165,-0.695423718388615
822,2.7956800100042694,2.331458505559897,-1.0043810050151154
823,-0.6061366763977277,-0.8836657860863742,1.1979743716958287
824,4.396931379238172,-0.6805556557378507,1.0642295250286866
825,-2.003472412293865,-2.0575167491433475,0.8739401579139197
826,0.8074708532432003,-0.5248201605458499,0.9705802799761409
827,-2.6650144821606645,1.4873979983650156,-0.5878720007192585
828,-0.8173783738694442,0.4952282081168571,-0.48828266106108104
829,-1.8298296102575393,-1.5802007611748246,0.47837774039211045
830,-2.305000685715197,0.2613597947482176,0.09909295686537127
831,2.4511833962736755,-0.55733499523877,-1.0136420716912928
832,5.382216374839646,-0.04472688026783118,-0.07876077692439971
833,3.1272492746660356,-1.3313617396696402,1.754173434714238
834,0.43246839035238693,0.3083779349592236,1.8110289739198306
835,-1.2278752951814418,-1.099019644180663,0.3554380735729139
836,-3.1012359556303455,1.272064570049945,-0.46615065624333485
837,-0.6391001202905416,-0.8630927911922806,1.1983483232068206
838,-0.353213155415449,0.8463916857829004,-0.5294129672895914
839,5.442868625067046,0.3047144529271795,-0.868970587648893
840,-3.051846713875501,0.5120072538758881,-1.0067498656920715
841,-0.7327439845832315,0.22842365160667014,0.7835658766232306
842,3.8034119071067196,1.0477210426036045,0.2874588692755762
843,-2.47394826740999,-0.9291249455781556,-0.9466682138810633
844,0.16493148449656334,2.0045691891993167,-0.8881873933737574
845,-2.869074982935992,1.193846631933957,-0.2068020518763087
846,2.278296056334615,-0.6256839001514591,0.44101059464543524
847,-2.560469037091866,-0.4688498049970813,-1.1028882160856368
848,-2.2418335915581924,2.037325178282831,-0.28552077254356567
849,-2.2520763852648797,-1.9571773130843144,-0.2714537518869141
850,-0.7395437071021287,0.9180659371379096,0.2256222524454123
851,-0.3027600977999153,-1.3171388801191877,0.26732311636018136
852,-0.9271228777309786,0.5032292656952898,-0.13877793801810623
853,-0.7505782795276432,-0.6904267283234596,1.5401315846126322
854,-3.10712525744679,-1.2261345277540032,0.27254433017622853
855,0.16473727728620002,0.7036435192488969,-0.8037470145173959
856,-2.117338253818702,-0.15822597995624973,-0.24671905629932417
857,2.3270700025342625,-0.44426346192262367,0.6600545114853446
858,1.6169603067210043,-0.46356849681441115,0.17031292445660945
859,-2.5141437949602476,-0.4452134536003888,-1.1817402903368717
860,-2.0826025416348055,-0.3028984604269425,0.4404016287626009
861,1.3859293770343584,0.6811866791393161,-0.8135457825305824
862,4.702841475640951,0.11774933435842405,-1.3462051855323207
863,-0.8790108162805543,1.7287291069998891,1.7843867047477362
864,-1.7288140669567456,-0.18395239351745987,-0.28820290684891453
865,3.680146866726715,-1.4090939161912424,-0.2612021004045139
866,-2.158887147583166,0.09885898818386198,-0.04781944575120713
867,-1.4750974912644799,-1.4963289533036817,1.5003390627271662
868,-2.166351857054469,-0.07955515070881351,0.15029655740315037
869,-2.724971893022614,-0.7582368220344692,0.2147973210131311
870,-2.877346805398767,0.3264121962568749,-1.56160295503934
871,5.946392778439144,-0.8882708496725614,0.7323920970127733
872,4.942446293282605,0.19405091926954385,-1.446004738032621
873,-2.341819417596788,2.1512292763677485,1.2370067928655213
874,-2.835070373016252,0.9926394028634763,-1.064254286844561
875,-0.7086090188430946,3.3854894733247343,0.1462660127649442
876,2.5895243141914634,-1.6575246555975478,0.6484848902014898
877,-2.0750633131794123,-0.09868560782255607,-0.04470401805755005
878,-1.2383390271395454,1.5182639271413962,1.9883324114672327
879,2.6506338841638604,-0.36291422634899256,-1.5181474725397417
880,-2.4781369678816922,-2.723257332535193,0.17935925233943723
881,2.6196650887793913,-0.9989453991963854,1.812583144624086
882,1.71974333739052,0.5796275618518053,1.991620468678905
883,1.7324788605685335,0.9105203964075349,-0.582497910724645
884,4.77525476399141,0.24277621713685596,-1.6545704329636552
885,-1.0176150207703945,0.24900858458789799,-0.5608732394838504
886,-1.9579472817424741,-1.384386800786364,0.8864142938876227
887,2.4449667864860074,-0.17087413970663642,-1.2231043814120128
888,-1.2710745057782098,-1.1296325434482966,0.7837832086547798
889,1.7664148395989008,-0.6638013144118113,-1.4742402827627639
890,0.0841653001331858,-1.10303507406676,-0.8406887165306182
891,-2.4040009566134044,3.33100128294896,-0.1140329932004472
892,4.4030975406364234,-1.4145765119282472,-0.8907703638699914
893,3.4427196683217094,-1.7830890952939331,0.8912557878650378
894,-1.9447109266416411,-1.9111039971002242,0.24846400298519328
895,-2.1225300809272065,-0.5735757151788212,-1.4167736377925786
896,-1.1068081157041625,-1.9809477341341897,-0.944420968006983
897,3.2696611664243393,-1.4068815190686745,0.4051885621796327
898,2.2502797150518274,-0.896301375658745,-1.196072828514929
899,1.6905109185068237,1.5637315999634305,3.547975243845622
900,-1.5765884452618921,-0.23340213930785145,0.29034439632565806
901,5.488896830867899,-1.6064628254800495,1.357098775592278
902,2.1771970645146044,-0.35470778143821147,-1.396785421501715
903,1.1897746341010242,-0.45266154848120166,-0.9335807955477562
904,3.5309657831844596,-0.10930104085408968,1.7136867020674953
905,-0.5571429230460027,-1.0239368457982523,0.5740093022746642
906,3.888240673905348,-0.905411462670876,0.6396612013989567
907,-2.6465389690237937,0.5807636105348357,-0.8641246039675209
908,3.562808644948944,-1.7533086694704954,0.12035070241076627
909,-1.2749938345913558,-1.5322514342761984,1.4962496115482158
910,-2.885846796189581,1.2415678273555648,-1.2109877261515407
911,4.6785334134890295,0.6587420151661085,-3.2953578850353034
912,-0.09041116925289458,-0.4475991090402389,0.3278432307877743
913,3.0098973060556604,-0.610846620024655,-2.071155617872449
914,5.408378504816631,-1.541091748181186,0.1543734468106472
915,3.4412666320669425,-2.4433313241210843,-1.3869785044157747
916,2.000603262178698,0.6731658034457162,-0.8565881121417928
917,1.9168381940420265,-0.8460510371269727,-1.3679799480487986
918,-1.4990228859632024,-2.0669312153431436,-0.13723199701281436
919,1.2261307384252873,0.5688517558249406,2.6648793165126103
920,-2.5302637542885473,-0.9001891455156059,-0.27585841839773645
921,2.413163983657493,-1.2781050572002937,-0.2425500851523609
922,-2.480091535642238,-0.5881711007077345,-1.2660353058583322
923,2.237565655351873,-0.7512086190046363,-1.8221449886349077
924,2.703305348727533,1.974302474548858,0.23913805334234156
925,1.0037981794209263,0.027301400924849503,0.9635560470126877
926,0.8564116628360892,-0.6413851963568876,0.8698021218960554
927,1.6091699586494908,2.5666846956287657,1.0822294470036762
928,0.16569626029526452,1.0550494869541684,-0.17845975924990118
929,3.6635547355326543,-1.9925144660499916,0.814359589460111
930,6.188190710841361,0.8084558013591768,0.6969528362806449
931,-1.5957368966956682,-2.6930544679126336,1.661369376578794
932,1.4718277260439605,-0.2955192889939266,1.8316086669971343
933,0.5618085146363114,0.4921862337759616,-1.0715466522813222
934,-0.937497480869657,0.036901691615188435,-0.08581114372056126
935,-2.204079618270522,-0.6505873825079003,-1.3412551612950538
936,0.9905019296083613,-0.3765149186091648,1.6873930815666058
937,-2.547658021749513,-1.019381217473136,-1.414544861020667
938,-2.600766217447691,0.8227867606499217,-0.8430982767047424
939,-1.8061660060469011,0.3118705372928161,2.0892497017786087
940,-2.050640258891955,-0.49011028375315735,0.5288917885008181
941,-2.897561323999471,0.2708745332333,-1.7015576594511144
942,-3.2100893901931618,1.5060688917952592,0.24545137315668145
943,0.8780583931482884,1.23514607717753,-0.24593960134417273
944,0.8873487549712056,0.6767674611795935,1.380347544463932
945,-2.52078435176799,0.7411377294332914,-1.4347806758551855
946,-0.7693572570576104,-0.10083341358611586,1.588874753141565
947,2.8601934049470676,0.425627939043671,0.6207610125386179
948,-0.3714459689942983,-0.4850630063265263,0.6772124807056302
949,-1.7752816790885622,-0.1469716772117455,0.5789277180617679
950,-2.0473688677574793,0.4530932671974435,-0.37796052907022126
951,-2.242607656055891,1.9618114923744778,-0.8346410124755365
952,1.1484831207227917,1.2653900103466236,-1.3727743945333601
953,4.278694055443449,0.08412718840577561,0.4764719633050298
954,-2.0846754381305512,0.29050264573145,0.18624694283336027
955,-2.2180502157865774,-0.6546647800542583,0.16782172149077823
956,0.5104348470836492,1.5608340723965495,-0.0006824328891407913
957,3.3800869965318405,-0.9662445817291012,-2.399454748863248
958,-3.341229376061291,2.7176408801956082,-0.10487873862481485
959,-2.5876845466178504,-0.20852974728203505,0.8963869189804496
960,0.27113581009726867,-0.6573675840094956,0.43523828217946187
961,4.0205609551005725,0.15638689752125945,-1.0579280368404842
962,2.2635294575475595,-0.5336471034540033,-1.5425559283224886
963,4.195474926323967,0.5605774084033125,0.27857547282416706
964,-2.278254476336272,3.8744011080222056,-0.1801316708501806
965,-2.623093979665594,1.4268954970241867,-1.0858259766513263
966,1.285012377718094,2.531434384202236,0.593344954379144
967,-2.601603749625538,-0.5926759857892485,0.5621268732825401
968,-2.1996311361204888,-3.749124219097741,0.11394533793354684
969,-2.0513294713165386,-1.9779081354721846,0.5583241833297389
970,2.269828221097384,0.011685566665228539,0.24583837389083685
971,5.376331581046109,0.5928366000294979,-0.5182210970465093
972,-0.8415709801483129,0.2860618304078337,-0.47233105556827076
973,3.8655127987104683,-0.32851483787542635,-1.1113441689498886
974,6.252856278454931,0.8536887561831425,0.7246714337934199
975,3.9616614751417982,-1.473632562951867,0.280088159733212
976,-2.715947299394414,-0.5809622521751059,0.1548372002119712
977,4.367483181145038,-1.0578654705483315,2.3134585775507985
978,-2.6314145383102683,-0.6709945932193506,0.056626607668525904
979,-0.6242941765326986,1.2515425191033187,1.3357150328023029
980,1.62802401149497,-0.5044058239543294,-0.3561771904892924
981,-1.989733958481552,-0.0888758170954582,-0.2782634579156667
982,-1.6698768623100428,-3.628801664471824,0.15005451152280863
983,2.8803382783110196,-0.42542897776239,-0.941540091604518
984,-2.7672242568574026,1.2260880856388492,-1.3743938020746613
985,1.4527721478358007,0.9877903419309026,-0.5334412582292042
986,-0.8823187863427487,-0.2754160751137989,1.0757775155641822
987,1.2852595862357292,-0.3834599905334464,2.7612387589382403
988,4.0295461428817045,-1.7817325580572978,2.0313801496623913
989,0.14379469812991824,2.5517486159967793,1.4953317503359655
990,-2.342694641660495,-0.5238787411054845,-0.23082087715147062
991,-1.602111177784143,1.2172777965851305,0.37064959077816034
992,0.5603762446599597,0.4499695725895314,2.153121307429294
993,1.1182279875903578,1.4992814899887008,-0.3822704189688758
994,3.813900813552162,0.7887595080910517,0.048170155711638796
995,-2.953393017865029,1.2137390816974818,-0.49444207301291754
996,-2.714472797147683,-0.5799653956739638,0.6318694275284205
997,5.607999049263499,1.7689617508806839,0.029605494388263837
998,-2.0224608309326464,-0.6531491294572384,-1.1233760713645613
999,-1.3288400111343255,0.04150980035160292,1.9181014187399532
1000,-2.107011151044443,-0.23225109357559537,0.21986629567340862
1001,-3.0325460184075994,0.7747408729221976,-0.9754947626472628
1002,0.4171743653902033,-1.0585606619624426,-1.7598655578611304
1003,4.0604349481753585,-0.5843819239688649,-1.8514322080742067
1004,-0.7316619391586885,-1.1326940270035952,-0.6339082125166502
1005,-2.303409309485868,-0.4902435984390561,-0.1823920277473139
1006,-0.8858805317694639,-2.878464757641381,0.9528848197953957
1007,-2.322399921790528,-0.25461185756781207,-1.283464185811556
1008,-2.4618534044247427,-0.6383645093536964,-0.7537713651467285
1009,0.32870233892892314,5.263754590261024,1.1348598227414608
1010,-2.440508002124853,-0.7948111251192678,-1.3495968748925566
1011,-2.398755291680459,-0.22921194534865116,-0.20002258013505197
1012,1.1438234988688034,0.9308697590692512,-0.8367842447609121
1013,-1.3888708165626507,-1.8950244759093418,1.3706469617425732
1014,-2.1148047357884083,-1.8674903573369874,1.134417126251412
1015,-2.1571612312673345,-1.7536559911787502,0.9287676925291323
1016,2.0659400801704697,2.2507153592015556,0.2849244347058649
1017,4.469803902564204,-0.43880340103449506,-0.7528086169865994
1018,6.184032682748084,-1.261788925209207,-0.2064504098171521
1019,2.2900880240848442,-0.9528208013094411,-2.0218705000982014
1020,-2.334316058951793,-0.612672864717042,-0.4381930716539963
1021,4.10002249334813,-0.46879583015158266,-2.051765461478547
1022,-0.06989651072134616,-2.2069426908453935,1.2725250509394956
1023,-2.8770609379360295,1.4047580551152588,-0.7953473743647199
1024,-2.4330240923092794,-0.22505442169602352,0.9097387430961896
1025,-1.9025885781204008,-0.8793381058068135,-0.15066253433616936
1026,0.005763188284207621,1.7471639569754516,-0.14829026909063558
1027,0.7061722832596978,1.1211109272157058,-0.792429879455855
1028,-2.9348370472495744,1.898649557912184,0.03925241198556252
1029,-2.0150823712140604,0.2524694954282039,3.739064251544909
1030,2.2944997147954274,-0.35196862000905976,-1.6556578442054979
1031,-2.1633431548158586,-0.9220483661673281,0.010277397726565466
1032,-1.8260548404683619,-0.9652044061760513,1.9484172883672017
1033,-1.9869627097097737,-0.41622306222278405,-1.0642797537339177
1034,2.683837451253067,0.7785183292735618,-1.856550408400602
1035,0.015676464916128258,1.5152312449467602,1.0099438023046023
1036,-0.21139937389214525,1.84837108514571,0.545637635657139
1037,4.0604349481753585,-0.5843819239688649,-1.8514322080742067
1038,-3.1613361668247397,0.13933268346827477,-1.0986417781090074
1039,5.165633238544341,1.3097153554926197,-0.0706719255883773
1040,-2.3831945673411097,-0.5108846158232117,1.968262726352952
1041,-2.5406316872790367,-0.7881354405241876,-0.4569644252853047
1042,1.9576743102905867,-1.7566936899605352,1.12505589690205
1043,-1.4974629707272988,0.9378432403950901,0.31194003259469877
1044,-0.7612243087551962,-0.8670445489424554,-0.25985066544448787
1045,2.676855040756019,-0.8204184522301631,1.1232175832662021
1046,2.2030018800240967,-0.8143395363519178,-1.4648355940410431
1047,-0.15061438843311337,5.065660011880585,2.7787964703323293
1048,1.1899581729406796,2.972135274281431,0.07464585021655892
1049,1.870989944205191,-2.255591056074985,1.2951833446157104
1050,-2.57837551437625,-0.8178450392672396,0.36121894745040206
1051,-0.5575587015373586,0.08542701329993128,-1.0657809915674379
1052,-3.065383092461105,1.4334280752368036,0.22115188143729606
1053,5.274041468228226,-1.8811282225016128,0.26965761195109234
1054,3.642816156405959,2.4077136505304866,2.6981731727201974
1055,-1.5621953161985729,-2.393600205777673,1.395756122218399
1056,1.2440097250113364,-0.5832054021757863,-1.0576955998814437
1057,-2.480091535642238,-0.5881711007077345,-1.2660353058583322
1058,3.2358450061261825,2.7677133743016484,-0.04300634976129594
1059,0.4867195434563227,1.6852321952486677,-0.03778260869353285
1060,-2.273924162832082,-0.024300803627429746,-1.2744785396894234
1061,0.051691378979643855,-0.5899686965383729,-0.140150902519031
1062,5.917658931742064,0.5657572091154687,-1.756910321727295
1063,3.0974609957545276,-0.10178605475684283,0.5186264855095511
1064,-3.277850599607228,0.397098687976157,-0.45054233479485584
1065,-0.6143865124127793,-1.160298351512702,0.6381766606639656
1066,-2.4099567246154754,-0.6743500367132589,-0.5899737181909624
1067,2.7856612609452367,-1.9964427582196622,-0.9629663881331074
1068,-0.9552490794428564,1.315460482904385,1.3173769151153385
1069,3.5176636593247452,0.2827158977206364,0.26304172335841935
1070,-2.436850681004595,-0.7386785378271409,-1.0987471757300977
1071,5.182663354479474,-0.9568278506043644,1.733579443791801
1072,0.794606391311434,1.8017053904268736,0.5785731207707314
1073,-2.8877585292311165,-0.6435291389908742,0.5952942194402282
1074,2.6695598512116514,-0.3874836663187948,0.7560178681220547
1075,-2.4351945861662494,-0.9878659159181109,-1.5988580762680258
1076,3.9651709071892824,-2.061143066278851,-0.4668202498110041
1077,4.028135795295607,-0.2930103000592644,-1.041214288194657
1078,-1.6803912202061175,-1.7232746103502172,-0.018355549989536667
1079,1.351882371456576,-0.4697938913869748,-0.8494529088451703
1080,-2.5137675137500612,-0.23594080306786472,1.0812260754540408
1081,-2.5384696779203493,1.1371833793400299,-0.9452539571307665
1082,0.20372489365101665,-1.2970478670402776,-0.052643923544980625
1083,0.6474183065080508,-0.7576754135998288,-0.1274032169305613
1084,2.016663801648092,-2.2332957240051114,0.5684435497353207
1085,-2.664842296915325,-0.8802941236509967,-0.39614568430752095
1086,1.0392582855733052,1.0385794909333697,-0.38640012486345937
1087,6.379461177186979,-1.7862684780613611,-0.19652232235399356
1088,-0.4612001771579172,-0.08969345642947038,-0.6876495895064509
1089,-0.8613885823301254,1.0465461265400497,-0.3029792081721039
1090,-1.3891723803122364,0.14817217019312573,-0.8686163772842233
1091,-2.3278800773207924,-0.7837377254179281,-1.2321962513395937
1092,2.9781923419635614,-1.472521426508153,0.14165760205700342
1093,-2.164891836815011,-0.48608477104065584,-1.256563461709027
1094,-1.9237830141188366,-1.666609781718807,-0.0747320121342043
1095,-0.01394192288373931,0.15158888382653246,-0.443483924119973
1096,-1.6970834737195568,2.5149468196043636,-0.9479195472368827
1097,2.6558398170869624,-1.320116895270752,0.31749788379080135
1098,3.1118144723015995,-1.9634106280535595,1.4510479530070595
1099,-2.5740084260727456,-0.8809735962327745,-0.17189941287627825
1100,5.160143454150251,-1.4132154718334153,-0.021132933854440317
1101,-2.386635976666256,-1.7143237968416793,0.9178495523026386
1102,2.071584797128845,1.7752077384206084,0.8755028416060783
1103,-1.9777488310134839,-0.9793569018909325,0.23937696117965956
1104,0.6581638571511915,-1.4088606847181138,0.11326101227091653
1105,-1.5346850429538172,-1.537993098279427,0.025690557346890536
1106,-0.6235492455467437,1.1039541927038738,0.036494732070018555
1107,1.1251278823411728,-0.5515115688072135,0.3516835096660262
1108,-2.179281549262223,-0.24546398622896376,0.2526414657729645
1109,-1.4111617603660016,0.8996047518551056,1.2859455071735446
1110,-1.2138797903112137,-1.9271073383150301,-0.06306446833193101
1111,-0.8774065934548066,0.7190323414288146,-0.1969081180463931
1112,-1.0966903041740077,1.7181479034358473,2.4679414194061056
1113,2.670152847945289,2.2288866700296275,1.1442213522502203
1114,-3.3466847866346927,1.7930419647667415,-1.8743681450058851
1115,-1.8502177802276782,-3.338054096093534,1.4955397240253563
1116,2.9831277309525857,-1.504864087884953,1.1247853549335336
1117,0.4127487232611857,1.950223818159511,1.0028206302352658
1118,-2.8635335824845543,-0.7308570169528336,0.048437275811766885
1119,-2.2445384221663174,-0.9298865609110731,-1.4801477371713188
1120,4.329108218161441,1.695274397838483,-1.1064230618331388
1121,5.001898833462363,-1.5014168384687412,1.7180595000129293
1122,-1.3346812409479436,-0.21337104221701322,-1.2471466663042023
1123,-2.7451646615866876,1.4590953228958699,0.14142388409764903
1124,3.4067625512321635,-1.3305956937458219,0.923359051658577
1125,-1.939543334855572,-3.5112548826675907,0.5797993265677376
1126,-1.1966738568687767,0.6376477506937657,-0.286079720557587
1127,0.5337142538556163,1.4403801105767442,-0.672399113401832
1128,-2.098874115191722,-0.6509498012548728,-0.5160343805790476
1129,-2.3052745401468,-2.1284490086092145,0.2507424247180528
1130,-1.9354370498688562,-1.346034462087267,0.7776879103028709
1131,3.3310574903803323,-0.9166549101653527,-0.18314268878106846
1132,-2.613503304909599,-0.10160361170584017,-0.4982475279482063
1133,-1.4858911656285043,-0.41829565755342907,0.07280708429789877
1134,-0.9187770825424367,4.833044031518006,1.9711279663111474
1135,-0.997609530128349,0.6325078719733793,-0.7298294573422983
1136,-1.7885929097665343,-1.9438923839297686,2.17716546822361
1137,2.1708830866065423,-0.7741386558544252,1.0912859009831177
1138,3.143982234757018,1.9745976284305862,-0.9933161798287056
1139,-2.78462812020844,-0.6040991330180235,-0.03286253842254249
1140,5.172996582547614,0.492697849434051,0.7216502636552956
1141,-1.4654261390125856,-0.018555438959335313,-0.9524620476981287
1142,-2.941462195427306,-0.10472673866012906,0.20434614780747326
1143,-1.2514069856948047,3.389907094128633,1.376038092989292
1144,3.35528027043248,-0.8257348062437617,-2.3383456164329903
1145,2.5123874111498488,-0.7392411825850639,-1.9375367410247153
1146,2.111927059672008,1.5302201464266898,-1.095578167977205
1147,-1.3337224699168264,-0.10114846343828982,-1.3287607361882874
1148,-0.9187770825424367,4.833044031518006,1.9711279663111474
1149,-0.43296486159027703,0.7133232263722912,0.3525028722425873
1150,2.1843524843414532,-0.5692359714858606,-0.38795152052819726
1151,-1.8902813286329485,-0.17212559137781416,-0.5166052572409169
1152,-0.07646445429681585,1.1971720256602616,-0.27045425761042674
1153,-1.9942256108347558,-0.5779556016162178,-0.5243388190809909
1154,-3.1382653442530657,2.6298364767424425,-0.17018764572763628
1155,2.796554851703559,0.11312761283458536,-1.4692904190745761
1156,2.9734372768870143,-1.915862290737624,-0.7593670740254485
1157,-2.256013043840128,-2.6501211528359123,-0.5661750627536739
1158,-2.085573343169969,-2.150131804732263,-1.0782089243289028
1159,3.6802815489665535,-0.44417045286569756,-0.4529956150914558
1160,-1.1691370707256468,1.971743401252962,-0.39753756918197547
1161,-2.286556954167022,-0.45761186031211304,-0.1552796604287549
1162,-1.6622700844867038,0.40805784808387024,-0.7393745903926181
1163,-3.0070195804728215,0.988004044784058,-0.18955656756646536
1164,-0.36337700482831276,0.23423133246601113,-0.5650769877012483
1165,-2.534780562760119,-0.17096879540597412,0.8642048755013501
1166,6.6175618956679365,-1.5300093468426634,-0.20856204231087658
1167,-0.7825454478005687,1.4131469126877472,0.4845542770459161
1168,-1.4548812691172606,0.2756798481135191,-0.41624253939990596
1169,1.231325863672262,0.42671430989900927,3.177712230185373
1170,-2.5910444571762143,0.5342369028756042,1.3529292730020197
1171,-2.3458790646565344,-2.2182925701654375,0.10960065033877642
1172,-2.283139785517613,-2.109004600509599,0.38336113832422475
1173,-2.7217534653275592,1.0664412177726652,-1.1065087817870578
1174,0.957165419323682,-0.052156091368003296,1.4508591314453287
1175,-1.9978817217525997,0.1179711802354533,0.17897041725957613
1176,-2.9251928022028277,0.18433426607905856,-1.122892349936443
1177,5.03876963337711,-1.2386704887010953,0.9149842564714123
1178,2.405053442578685,0.9423363125857631,3.7392709346281543
1179,-1.2886207636837224,-1.5920915125348218,-0.31110635697301703
1180,-1.088648036430698,-1.2083737626072262,-0.24852860188058687
1181,-2.518380964744774,1.336316157747722,-0.34140336371946894
1182,1.1725814139562336,-0.18675139946941663,1.1855450357299269
1183,-1.460434010414117,-0.2521846087757537,-0.9998404323532576
1184,0.9508631435403742,1.0721563308167381,0.6058150827323292
1185,1.3835632415615677,-0.7404738555229491,-1.197965341297665
1186,3.88304784472856,0.1233806445090333,-0.14190035253759486
1187,-2.1730985221933934,1.4301969588697252,-0.5391277950861947
1188,1.502565893324538,1.5108878031374458,-0.9472260772052408
1189,-1.657762393681381,0.07523909110356991,-0.8068716172840648
1190,-1.8528291087365494,-1.5711580572716244,2.2863438270238436
1191,1.651880704740649,-0.586319721960012,-1.024356631827926
1192,-0.08622777618756645,1.3678446199426575,0.4181600672974406
1193,4.075312902805819,-0.07470338210076803,-1.1928645879999957
1194,-1.9230885008794216,-2.271159104787549,-0.6323267865527699
1195,-2.7914735357430804,0.6131568361132096,-1.0447206137689802
1196,-2.001869509722941,0.050342389597823715,-0.4599599370964023
1197,-1.0795247707982618,0.5287238497727788,-0.3982366203725275
1198,0.7412561372875952,1.0213425593915157,-1.1963007252556683
1199,2.0523112460926614,1.275445019817334,-0.493909012505475
1200,4.152016631383591,0.34266859437852265,-0.016874419794921793
1201,-1.6480274412891933,2.4397630633616214,0.1984909864456849
1202,-1.8522908066159098,0.17308895372740965,1.5350944371781874
1203,0.5287897532560359,-0.919531600446212,0.30319652762077015
1204,-2.70432652352922,2.143028992567654,0.6897246407213978
1205,2.843663681978452,-0.49147604934202466,-0.6779736136525276
1206,-1.7170979070484442,-1.0757548393872236,1.1928426008136506
1207,-1.8948441515795607,-1.4897650846281767,1.9105373463176112
1208,-2.540388336423585,-0.7341256866281571,-0.9402836573848931
1209,2.5940220641953604,-1.411561186925549,0.4780623565493069
1210,-2.6193225220474377,0.7333188414869812,-0.442560401832765
1211,-2.545211467117583,0.32380096721524754,0.7773357767419209
1212,1.0983139492555214,1.4004576423715684,-0.2296948366610592
1213,1.45743145683495,-1.4850154568582474,1.265564399914426
1214,-1.9421694316987486,-0.370105431470126,0.9787204828841404
1215,-1.069106367200714,1.050104602129444,0.0779863758664595
1216,-2.927857210003068,1.171508527080709,-1.1033689487274865
1217,-2.0374793932624997,0.7588667044916042,1.3764587750006214
1218,-2.423127440607241,-0.8326673709403608,-0.798398559590159
1219,-1.8219605789334277,-1.5109169142696506,0.5775060891824918
1220,-2.3976996995191717,-0.3983410144103128,-0.4280545865542792
1221,-2.4734880070268694,-0.9663914451793223,-1.2730784404727657
1222,1.1233751459843473,0.9479286149358956,-1.7627839342835867
1223,-1.8455078439000459,-0.2600493002802297,-1.4035540714950334
1224,3.9120416560883027,0.2155475137333012,0.07650355930318806
1225,-2.482690530660184,-0.9181490875516679,-0.8097501246702725
1226,-2.1171350083392464,0.550494012928824,0.5750175954623085
1227,-2.3529742833947314,-2.5173327723350716,0.5426503632070822
1228,-3.170077318800703,2.1114170353921424,-1.2729585951821387
1229,2.626279016407738,-0.5759872356330371,-0.9668532374742409
1230,0.9037678828568725,-0.8961905698847804,-1.6035998877868132
1231,-1.3505910526851965,0.7880777113307721,0.4975426862211259
1232,-2.751336170579387,-0.06596142067833179,2.5666936802097493
1233,-2.004021501253984,-1.3942941310122579,1.7278195700557397
1234,-2.929540500020478,0.7686779786642611,-0.9397477020616228
1235,-2.837863552481232,-1.0305605878163893,-1.20344336155834
1236,0.7147842425282716,1.0441745962168105,-0.3823957012128619
1237,2.8231169235011864,-0.3378294292682726,0.5453913773699148
1238,0.7599061605148734,3.0781256344352705,-0.1417978940348753
1239,3.6234378470949253,1.8587967372942682,0.0983117030437571
1240,1.7325832989145054,0.6804715044850795,-2.1185790742381303
1241,1.4441481284709197,0.13188377070810825,0.7907313840485796
1242,-1.22312930864386,2.3026149474337676,1.0248609880398
1243,0.4635158139074418,1.3516445162043609,1.2704647010787475
1244,1.587095441698203,0.2745106245740612,-2.7230555391283624
1245,-2.9262380307307234,0.20609324046621774,-1.117959336666648
1246,6.737214690723521,0.3140296721867854,-1.9997640908528562
1247,-2.57837551437625,-0.8178450392672396,0.36121894745040206
1248,3.9411238885765427,-1.400749738756324,1.9399778970710144
1249,3.9884738380002096,-0.09654093982979965,-0.8179753586967905
1250,-2.9800798426623376,1.3039459363151504,-0.5353054304596322
1251,-2.036825219591892,-0.1832893920271794,0.8541454146369565
1252,6.379461177186979,-1.7862684780613611,-0.19652232235399356
1253,-0.2024182970984435,4.4381321007642045,2.338333429654795
1254,-2.278597237998083,0.2203625559736001,-0.23842352419784651
1255,-1.7480160772647981,0.024547274619552778,-0.4911232557405998
1256,2.783371424930809,-1.6416567067073282,0.010622718925250222
1257,1.2807052114020847,-0.08665419456100926,-0.40814234081275835
1258,1.4149143833844353,-0.0337540491349966,0.9191993440947256
1259,-0.66931864181323,-0.4676938937926713,2.7761418365988653
1260,-1.0956881078179361,3.502539710853422,0.8965926754948602
1261,-1.921366016063706,-1.0586579797490538,1.2840536260201731
1262,1.2126723895161966,1.94804583908179,0.9207879550224161
1263,-2.3311370223386745,-0.9333678590230408,-0.5235652535864689
1264,-3.169915138752886,2.5649984527950185,-0.5886524907011446
1265,3.3181637990104025,-1.031917827578785,1.2047505137694319
1266,-1.3331003075467578,0.8298355347984819,-0.1845583810397828
1267,6.538817074059048,0.45002603178697714,0.16380513164450475
1268,3.9351256657395526,-0.9263880623053611,2.4051871949624806
1269,-2.8775818879093893,1.2772274735422322,-0.06815206796189872
1270,0.3609048394894609,-0.5841450892713216,-0.5757991174801286
1271,0.5320293872326087,-0.3820958129990466,-0.3861542904418176
1272,-1.9940015115916183,-1.6805391700967993,0.8795925902520378
1273,-0.33648332840079204,0.6763471604087181,1.1498274583885175
1274,-2.6521064862480563,0.9561230160593045,-0.6880171098949179
1275,6.873205476912128,0.6988271784083316,0.3277129475324972
1276,2.151168689823373,-0.07683875728791259,-0.8715030659688938
1277,-2.098646543673304,-1.65607047000934,-0.46129405877906104
1278,-2.254457050014031,-1.869926907229329,0.4863793934533645
1279,-2.243117842640111,-0.6605271235732048,-0.7800297583921156
1280,-2.716849092824848,-0.945192461154288,-0.04295381183268695
1281,-2.509450649680229,-0.5196670401819528,0.18802374812406245
1282,-1.3613389190204455,0.11749191304545145,-1.0729610077438725
1283,-2.4406421963628553,-0.7841114779247383,-1.08706879199832
1284,0.5681384368858675,1.8164438110173982,0.507341295972092
1285,5.493814370054968,-0.07596859716024362,-1.6747225040042237
1286,-2.8277483244416697,-0.012145703451076312,1.6017077831871451
1287,-0.6041767799684584,-0.10998788053525536,-1.2395994740853906
1288,6.188190710841361,0.8084558013591768,0.6969528362806449
1289,-2.0456771703638252,-2.307056984414444,-0.938846647586778
1290,-1.606807184406233,0.9973409794428255,1.4853805357801608
1291,3.6931835822467542,-0.1828707675911698,-0.9974179723317516
1292,0.21991016739030675,1.8775629191379781,0.24527066481063067
1293,-1.5999242860363352,2.5826902871045747,0.13937714330264064
1294,2.9265261541700016,-0.1773870077951057,-0.030709172335590035
1295,2.3446803438623696,-0.29095366105629134,1.6156846472559214
1296,1.7130277350533525,2.7181649980460016,0.44665763492951566
1297,0.23305000808480775,0.6143572418420672,-1.2029531627203667
1298,3.685108038377613,-1.069581522088745,0.6780455550826611
1299,-1.3880806130482424,0.4600265691358006,-0.4588156769486752
1300,2.288076773990637,1.4776352973938458,-1.6858124633207343
1301,-0.9164702951185624,-0.271758439634245,-1.3007468617897509
1302,-2.712446244175291,-0.012891499492506304,1.1575231696237447
1303,-0.34806039283072854,1.0076665351715215,-0.9107960393067462
1304,-2.963873586588774,0.14356630034619772,-1.591151765426113
1305,-2.6119866046462805,0.9854750981974831,-0.8920950669376423
1306,-2.2975166459772605,-0.889975752865773,-1.3374280523088677
1307,4.200491600909242,0.5253938735295532,-0.5366274792491088
1308,-0.815823989603949,0.8132289356244791,-0.1469163500978129
1309,2.9411249014266607,1.22619565922807,-1.2574260097363605
1310,-0.6102285957834728,1.213860791770293,3.161120893550589
1311,-2.6199969284183586,-0.8923893421503988,-0.7230339168516113
1312,2.351259463665765,3.183175414536396,1.4546462596794325
1313,-1.8369879942515228,-2.080169230770927,-1.3411111288098818
1314,-1.8102015145246653,-0.47591957914115457,-0.8246351430626186
1315,-0.5632038774105084,-3.152623900795809,1.018132822862643
1316,3.274510145870061,-0.23961393094985323,-0.4904634681362185
1317,-2.1057992838764563,-0.4930282057445048,-1.3284979309810105
1318,-0.9955092996459524,2.102661262692618,0.3200478992991735
1319,3.2687142470356347,1.6795179330913221,-0.6644401791290844
1320,5.240971538968198,-0.5997098038776059,-0.777527260087352
1321,2.317060904089712,0.6994835052635671,1.1224074220783886
1322,-0.6247734289921416,0.048748467483863585,-1.288636088411435
1323,3.139434288416887,-0.8160815559958974,-1.8472387211887917
1324,-1.584601987836756,-2.1223737318358054,-0.8623961442830911
1325,-1.9104608037620183,-1.5381390949566258,0.44929715540680787
1326,-0.6115111029387412,-0.7923731949236147,2.273504473830761
1327,-1.1403066964969004,-0.05519802870417578,-1.1056705785843737
1328,-0.8491070620814342,0.6986400607856638,0.6418244677814686
1329,0.12645269523643474,5.050141654599264,3.3820893062643607
1330,-1.7717222548906302,-1.9621519885544656,-0.08157529025112746
1331,-2.309643188571112,-2.1765420561241715,1.026433955499717
1332,-1.5261175556510347,-1.3982448091976265,1.1250900956000527
1333,-2.465994143899117,-0.44591136968755485,-0.10792623745629289
1334,0.31981316930443293,-1.2082897927047576,-0.8548017651814537
1335,0.42440872416912306,1.0354627791194482,0.281158284150672
1336,3.4067625512321635,-1.3305956937458219,0.923359051658577
1337,2.84494734160979,0.24435386088855623,-0.5920981631650307
1338,3.534914276103009,-2.1138960609485484,0.5953360036071186
1339,-2.6128223387864287,-0.7913770294314911,-0.07600883222814306
1340,-1.0060860403982534,-0.17680536770872385,-1.4177895018232858
1341,3.6867870631953465,-0.08888877247874208,0.9820326244880013
1342,2.7040280557205936,-0.23587862009173502,-0.44524812932999924
1343,-1.7259088458119975,-0.17403975011514564,-0.3528902606402786
1344,1.505094256405307,-1.9196163078884654,-0.4294431055817257
1345,5.139803351241343,-1.5039883907350267,-1.2970241642604612
1346,-2.4531870994179936,-0.21269485438604063,0.7861784195755819
1347,-0.6785287819751374,3.1743132742663334,0.5140079327183122
1348,-2.5102599008567,-1.0980851654858212,-0.14645340295949666
1349,-1.0474424232816202,1.7172822203523623,1.68521911125382
1350,2.1115573359054194,0.12284457048643928,0.030313960670964996
1351,-0.07547939087990678,-0.46309408070739705,2.2040434164836675
1352,3.059698208806156,-0.06155895519700387,0.7861247561995335
1353,-0.7012608214366787,-0.856216238070193,0.7467543799586439
1354,-2.342396357905732,-0.6236798383653697,-1.3266863338552266
1355,-1.3916948507749607,-1.2536646731892578,0.664166170763923
1356,-1.0901104827441477,-0.08627635227626096,-1.333384079416621
1357,-1.0738870439549677,-1.3599715409025528,-0.14536160325745578
1358,-2.643898676551149,0.9371156406903856,-1.1964955110810986
1359,-3.2834436756774688,0.8486658810453648,0.4330396657707704
1360,-0.4678576085580346,0.6817153706952546,2.671012312165572
1361,0.6065965220303681,2.047257438373712,0.6561742936326366
1362,-0.7033762653525925,-0.06991168019262718,1.9056086079251167
1363,-2.0856715541384316,2.12926419256147,0.9283738703206053
1364,-1.9709691602646089,-0.6716811169839869,0.42434249518300016
1365,-1.1119393039225558,0.47590874860303095,0.419982187223947
1366,-1.1693071119804568,-1.457163665808577,0.002265901437155278
1367,-2.1862602252642245,1.8365193234623836,-0.42757873266348273
1368,-2.4351967736421414,-0.4195449058879776,0.004757465270111022
1369,4.3235874630917355,0.35048613958810443,-0.10111583834122155
1370,-3.277850599607228,0.397098687976157,-0.45054233479485584
1371,-2.783495711761092,0.639638939909355,-0.5198375674252811
1372,3.5295353278557364,-0.5107037855386691,-2.1399909685754785
1373,-1.8239962851538103,2.211452698640461,0.04212954911867403
1374,-2.2071003835082967,-0.06118754267420339,-0.5954681471209003
1375,-2.4434290017598617,-0.8829997944769935,-1.0188498196493452
1376,-2.384270597380179,-0.38009081217610063,1.3353154825672051
1377,-2.641485694999219,-0.7435786848316419,-0.9801115898578966
1378,-0.3928726187648959,2.1544239169572132,-0.2789144006540009
1379,-2.7646042921143046,-0.9850873393079264,-0.4855558611991474
1380,-2.0745972086623623,-1.730288760996431,0.23609637945813142
1381,1.1725814139562336,-0.18675139946941663,1.1855450357299269
1382,-0.7388561210701836,1.6216004550700567,-0.4742007381600249
1383,-1.6873414737688606,2.4764044878680913,0.09329582249412918
1384,0.17982888146662332,0.5232303128849548,-1.0232015786826607
1385,-1.8002612630412387,0.0317685108779803,-0.9287662807332759
1386,-0.46179434543739944,-0.13191173502993964,2.4413136787420124
1387,-0.17429168176853077,1.8434070546840244,0.9613458880615068
1388,-2.5577269719621074,1.847929507402912,0.46156546658098074
1389,-1.2682662134080018,1.0940041096797553,-0.0037757555364260845
1390,1.141829368466185,0.8757037154764832,-1.4452053614847984
1391,-0.5318947047850046,1.3649344050784489,0.2809695239200285
1392,-1.9167246406624652,0.8214948475744989,2.4241876789895684
1393,0.8452839192509302,0.6047835945741259,-0.20231545605630671
1394,2.953896802423132,1.4549825534386038,1.339368362395938
1395,-3.017214361958955,0.38157327540734276,-1.5533617812971667
1396,4.308652194693371,-0.07808278091889273,-1.6474717672087666
1397,-1.2103767573715658,-1.2046424522599815,1.0659362126248275
1398,0.45389311089269563,-0.22848919831562764,0.6877995198017025
1399,-1.5346850429538172,-1.537993098279427,0.025690557346890536
1400,-0.4736707903477458,-1.0390970945724998,-1.3397650467863453
1401,-3.4561629808814653,1.755401583804456,-1.5290650093729294
1402,-3.127239218341617,0.7781442299231274,-0.8365036970325946
1403,-3.817822651085801,1.2186508847550848,-1.4561288516851598
1404,3.0004016603261454,-1.635586903273057,0.352772313249702
1405,1.9542254486845927,0.9513164402475659,2.5391005663101245
1406,-2.2026944114434306,-0.6248244784197651,-1.3377775771504152
1407,-1.7320610681025537,-1.2951376146800615,-0.2665968010597715
1408,-2.1419527793688538,0.028047539001369592,-0.28357609682646834
1409,-2.4951172994561253,-0.6391464227729373,-0.4354711144412528
1410,-2.420776422391492,-0.6898291974679625,-0.889184256474767
1411,-2.5183179142627186,-0.5149024013493718,0.08758176065009755
1412,1.2158490619460374,-2.334222955457797,-0.05850016786096866
1413,-2.5406316872790367,-0.7881354405241876,-0.4569644252853047
1414,-2.1933768555032613,-2.227835215893989,0.3168464130385125
1415,3.401300387752417,-0.4641263855085727,-1.3989861990868844
1416,-2.6552370420681584,-0.5622462546341511,0.05676854995419729
1417,-0.9246947281123831,0.8208560638112554,0.4608206509784856
1418,-2.9609826137818,0.5981759320164302,-0.22175917913202728
1419,-1.6873414737688606,2.4764044878680913,0.09329582249412918
1420,-2.1134772439354577,-2.1385920490495827,0.22793064029838161
1421,-1.0241009076028718,-1.5380847583894992,-1.6930025956349686
1422,-1.7288140669567456,-0.18395239351745987,-0.28820290684891453
1423,-2.7622432692951953,1.5117082203722838,-0.7272225762195029
1424,-3.0055018889773746,0.7527134125720746,-0.871186625262541
1425,-2.0754504470775452,0.1253051073393135,0.8008558130754778
1426,4.998812397459677,0.11831100060637684,2.2589806529423955
1427,6.965141505315672,0.8026282866108283,-2.168348821475055
1428,-0.12334514450591597,-1.010417448405357,-1.395038755377309
1429,3.1566877709931322,-0.38469008499921176,-1.2142894828013115
1430,0.4354410773454015,2.0560833588507075,0.7985879874518806
1431,2.580183075986407,-0.5996230489101863,-1.1413324584835776
1432,-0.0845805376993142,0.6500739828096402,-0.7575650351106621
1433,-1.4601653272573727,0.39039085133994894,-0.22616012227123472
1434,3.050972106350265,-0.901604172139161,-2.6988415776153514
1435,3.9072980947344043,-1.1551256059695636,0.6680140643857326
1436,-1.9672781405077058,-1.7622264324138908,0.4108450978987436
1437,0.2953372673583802,-0.4665061426761824,0.26810113629580595
1438,2.2900880240848442,-0.9528208013094411,-2.0218705000982014
1439,-1.0978954804818633,-0.6990572794173445,2.0174206586686165
1440,-2.8168478434267006,1.5223262307280905,-0.09746115248578052
1441,6.632683020732189,-1.1457172673793505,1.240318411318508
1442,1.18905067807024,-0.7439904405593318,-0.017343587243782835
1443,-0.0680159697921572,-0.012488634900104946,1.6079592147643873
1444,0.07901334999032557,2.1207041102856383,0.14662303735330726
1445,-2.6465389690237937,0.5807636105348357,-0.8641246039675209
1446,-2.58652995961978,-0.554329873775931,-1.1562969497462068
1447,-2.5685206866349866,-1.000081785513195,-0.4213776924242499
1448,1.1623464097771163,0.357413608601389,1.3493280574184805
1449,-0.41055483381773933,1.6318283724046638,0.33907891854356703
1450,3.813900813552162,0.7887595080910517,0.048170155711638796
1451,-3.0291113161302,0.6423149560124215,-1.2139332443312518
1452,2.5768435806649763,1.8905302980787582,-0.3809367370186172
1453,-3.0956738139726774,0.8048895522973508,-0.9062083347317937
1454,-1.9027610884796706,0.40248531981721253,-0.185046172856427
1455,-2.0155791445374347,-1.6031552525739583,0.7130470544575325
1456,2.588241832946143,2.2369077747700983,0.24963350137317433
1457,1.6452980213857802,1.6083215081634392,0.0874424844976016
1458,-1.78942322188268,0.3095287805938863,-0.20933606784189956
1459,3.685108038377613,-1.069581522088745,0.6780455550826611
1460,-1.9408413955936015,-0.498260982218036,-0.849157881277125
1461,-0.8008253103591492,-3.021274720871827,0.6604459586555502
1462,0.5790593229308327,1.2303109514916515,-0.049396650401877226
1463,3.8034119071067196,1.0477210426036045,0.2874588692755762
1464,0.7507680849757182,1.8439724138739981,0.23786852122725402
1465,-2.725570277875721,-1.1276570335884852,-0.630308090283597
1466,-2.5477848929513103,-0.5851960452795324,-0.6866356738684007
1467,3.239946226990995,0.7952964511934918,-1.727759685926847
1468,1.3634910589996228,-0.08734195865138102,0.7826542852170763
1469,3.034367359065047,-0.6206618492219886,-2.010273860053803
1470,-2.203958484752163,4.105223071833953,-0.47925974632812146
1471,3.9541822549135217,2.5863050102270737,0.21031417329097876
1472,-1.0044593007665028,0.8017273843467962,-0.4469491422095279
1473,0.09179667831836058,3.6341964428333147,0.9572979725052966
1474,-1.817778318686761,0.9281733610544931,1.7161205595925895
1475,7.408822972830464,0.2623767682147817,-0.6030460182915359
1476,-0.2245553684133438,1.6329800896243993,-0.07458005875744683
1477,-2.2675773553227088,-0.6386422530900705,-1.1055229438447227
1478,3.759653719269535,-0.1986798830144078,-2.8556555042195813
1479,-2.0682003527058823,-2.0346498420581236,0.36714774355903473
1480,0.5858296083340832,2.132941269780162,2.328244577533693
1481,2.573636760564816,2.142023624993553,-0.2184430036627054
1482,3.113787461769135,0.05666644184811291,-0.2593155293387524
1483,-1.3144072890684664,2.9161278436336793,0.5318674231014463
1484,-2.1933768555032613,-2.227835215893989,0.3168464130385125
1485,-0.6240564607475034,1.5536524082492933,1.4409189372741475
1486,-0.8388049281536051,4.947169624224718,2.0060236006801286
1487,2.526317559333153,-0.6098025362078042,3.3361070437672358
1488,0.7803702806784087,-0.9305477601216682,-0.2637045299408709
1489,-0.3348441563166515,3.5005939691533055,0.15385563171391073
1490,2.8224782733067824,1.8386148043106552,-0.7164830694346888
1491,3.5598244914268737,-0.6730739454974216,-2.410386930071806
1492,0.5619381708853487,2.073413026111921,0.41965328354389975
1493,3.3800869965318405,-0.9662445817291012,-2.399454748863248
1494,-2.174887810654192,0.5409741046395701,1.623248233817484
1495,3.840340082406097,2.1597356886872987,-1.0820781920022473
1496,4.7411708941956,-0.4401743307708033,-2.1972881681019496
1497,-1.429493089052957,-1.9242345956138565,0.5743389470309974
1498,-0.6426940357098699,-1.4391748601392327,-0.21798253072033533
1499,0.2907138643460728,2.249457245529971,0.7197057477263019
1500,-2.146130070878073,-0.7126441385040492,-0.7602519101191451
1501,-2.1211114538574827,-0.574204740533209,-0.7970597351417562
1502,-1.385680005789455,-1.321051283570013,2.0261409702959368
1503,4.926475922975869,-1.4342628483600965,0.6952306603351907
1504,5.076064924074924,-0.03315115477723276,-1.866377262742805
1505,-1.8029063438082757,-1.9363496392596011,-0.0731164813603912
1506,-2.431739917577161,-0.7001986883962621,-0.9934025418008773
1507,-2.717307084156763,-2.3381286000298878,0.6976345182891196
1508,-0.7892126187978897,4.4799839931239775,1.6721757032055133
1509,4.58227937978447,-1.9059079746828584,-1.998719168851483
1510,-2.669793454560894,1.6433170113060622,-0.28839361680540726
1511,4.393502806187292,-2.195339773153667,0.8531388310974345
1512,-2.323189502438479,-5.63610080582723e-05,-0.4401569101940247
1513,1.6940611204454548,1.8468589993200284,1.235237111775168
1514,-1.963643432410911,2.4579226127865716,0.6545680134573227
1515,0.668712461336747,1.0514706277870278,-0.8994597362168111
1516,-1.8978207269846439,0.5254557473582491,2.2265410697495156
1517,-2.0607215063931985,-0.3652517094049869,0.01695085656551746
1518,-1.4445099068035685,-0.50852399546301,1.983809382929796
1519,-2.5612122648643703,-2.4005474119261168,0.17280763663293025
1520,2.9960142497598894,-1.7801519561722141,0.8199477914778598
1521,0.5173450988813123,1.4992349877726756,1.1844682084534097
1522,2.0199573015295154,0.24986995906862317,1.4863990986952078
1523,-2.34624440828959,-0.8457818143082699,-0.9618736506785103
1524,0.8882574999345911,2.934575516850848,-0.4310418016561857
1525,3.878565910001163,-0.3387994183500727,-1.833820242908258
1526,-3.0642514617058096,0.8446255461286264,0.18965024588317247
1527,0.4082472301108135,0.37656375977572093,1.8169568722343028
1528,-2.069029233919096,-0.5949210583316427,-0.23907380220575558
1529,-1.6907547430438545,-2.2199984292185335,-0.336927407444733
1530,-0.5625111291855338,-2.333146832110894,1.9976848162831635
1531,1.146797063205706,-0.041290898648495646,0.5644460879435492
1532,-3.0804311886615454,0.3968028900672427,-0.5139621980735514
1533,-1.4920025741479042,-1.3421240309155769,0.32121137886904183
1534,1.2213550693378283,-0.9730658653466749,-1.336417604294588
1535,2.3660103349623594,1.0120776706716075,-1.4495766346221963
1536,2.2944997147954274,-0.35196862000905976,-1.6556578442054979
1537,2.057656147142122,2.2611658094134706,0.10991962810500627
1538,-3.043615328974095,0.817033054270977,-1.0134438744756573
1539,-1.8287859047576693,2.8273131188149643,1.563135271295949
1540,-2.145911099430625,-1.8895820710248912,0.5096382646286945
1541,-2.9305230189645584,1.656993191589621,1.06149929279193
1542,2.3465176232753553,0.0374201518793214,0.7104269470083603
1543,-1.7288140669567456,-0.18395239351745987,-0.28820290684891453
1544,-1.8128367884395784,2.3328051612682232,-0.030614846266916552
1545,-2.581362108630295,-0.798396010712303,-0.0738212869682634
1546,2.831799085623492,-0.8752173360010479,-1.8734918183323988
1547,-2.2234536954368282,-0.7517581720404064,-1.2743950652168525
1548,-0.5127733202408375,-0.44250880342522964,1.4023323931720582
1549,1.6799541346827356,0.6555116504682776,2.0522537188367305
1550,1.1897316865170027,0.9383579751501313,-1.5459798634367075
1551,-0.6801362151965971,3.1581137720914616,1.3589055464045463
1552,-0.792343900835091,5.746428601991756,1.183210081552203
1553,3.7936117888185334,-0.5469855105411178,2.6892565931206645
1554,-2.9348370472495744,1.898649557912184,0.03925241198556252
1555,6.894628979337484,-1.5455277041239845,0.39473079362115443
1556,-2.530125070819178,-1.0648810294205628,-0.8502807691993173
1557,-0.6240564607475034,1.5536524082492933,1.4409189372741475
1558,-1.7235283256348277,0.7965287941078346,0.4323022507270072
1559,-2.1425376882491842,0.29821420537526616,-0.8192254242660428
1560,3.19377521262148,0.19998565029166857,-0.12458068466870484
1561,-1.390008561976014,-1.850839536372945,-0.6448159657794115
1562,0.20818064271584394,-0.9933778643541926,0.6474086431609041
1563,-3.6644139393794157,1.7282127723033986,-1.545997378730293
1564,1.87961916855029,-0.36064488360818103,-1.2178250304876619
1565,2.205867888916719,-1.6665330450038096,-0.3281165663415608
1566,-2.128681340408191,-0.3704940044116121,-1.3447639772719207
1567,2.633836251154662,-2.106287258339692,0.5665488478808871
1568,-2.3013084307067015,-0.8333633965485606,0.9645117833824334
1569,-1.8722472894260445,2.091963018550455,0.7342250290086654
1570,0.21182860436582984,-1.3561812555002815,-1.9774585022302034
1571,-1.9454852886398082,1.0987882620777658,0.6927560470444749
1572,4.119415151139812,-0.4647750401482195,-1.658225391378836
1573,-1.9978817217525997,0.1179711802354533,0.17897041725957613
1574,2.6915024742299734,-0.35720389224291216,-1.9976789187258241
1575,-2.3952111173504296,-0.8558695501330289,0.5013625534163336
1576,-1.3880806130482424,0.4600265691358006,-0.4588156769486752
1577,-1.728177242899825,-1.8186371322804402,0.11761606753945017
1578,-0.4491011025139184,-0.027809891966591706,3.0151338623972017
1579,-3.267300733454079,1.5366970639946704,-0.7542696339802976
1580,-0.8712431013498503,-1.1222011804573921,1.0141054545634691
1581,3.1437405530170626,1.1038923351440018,-1.0825893279930392
1582,-2.4378170301334414,-0.9423838985704531,-1.2427210941844844
1583,-0.49627516025887364,1.2297706836495659,0.061034109811625575
1584,6.915928103403397,0.9375722036986619,-1.3525313577826064
1585,2.462224469353322,-0.9909146413560048,1.7750100284260562
1586,-2.857917899033297,1.0574324689579004,-0.9864826310120828
1587,-3.07863101101114,0.8153103400435077,-1.4205416664310742
1588,-2.7394908447854176,0.7778922341439128,-1.0532155972702848
1589,1.7124730723223063,1.6033225848598198,-0.397700723999413
1590,0.5352086781949803,-0.32526829545147035,1.948089256221223
1591,-1.176882370771236,0.8706106764356842,-0.38098499807075503
1592,-0.5575587015373586,0.08542701329993128,-1.0657809915674379
1593,3.8049957508691032,-1.529954461347107,0.4671242543405718
1594,-1.9716864748422052,-1.8899609838514824,0.2384274720731734
1595,4.477671029383207,-1.820227819485759,1.0070561113418433
1596,-1.2803266679638707,-0.7828813674632047,0.8322154698887045
1597,-2.836628616482629,0.4849808725391803,-0.4592125221542902
1598,2.0533481598318883,0.6379758121828792,-1.870860561832355
1599,-2.630370054041379,-0.9773559659942224,-0.9327087485214
1600,-0.8300862862630929,-1.642437772152408,0.1559639807291949
1601,-1.0060860403982534,-0.17680536770872385,-1.4177895018232858
1602,1.187720927141614,3.3495924484631194,1.4826262325377975
1603,-1.714088802556431,-0.2945085461967123,-0.35205543317183347
1604,-2.2381492260996896,0.06414097989911373,0.06322815334230139
1605,3.6078022670124916,-0.6615025663013832,-1.4981464815481853
1606,-0.7158710669023634,2.7421748623518214,2.337797349519695
1607,-1.8036072271530492,2.0162073847120747,-0.37829166751011545
1608,-1.588946538525957,0.1737141508185329,-0.7029944942508467
1609,1.9179958800169667,0.6076214377465745,1.3245856133078622
1610,1.7728696711293097,-2.0697887332077127,0.3771318299250354
1611,-2.2955917731798587,-0.5244630678678586,-0.045863761939031085
1612,-2.212896733166922,-0.8183311594999623,-0.844307413165059
1613,2.3889604299727267,1.2218003088747684,-1.459071854693059
1614,-1.6827449709853566,0.23295238945903587,-0.5020201486199141
1615,-2.582229874708044,0.9812701953029663,-1.211932067384196
1616,-2.6722956586535873,-0.7955901147623041,-0.6395082077432402
1617,-1.3704100346430261,1.7735053413946869,-0.8917005602288106
1618,-0.22436451693953757,2.1545050600071365,1.0203060735419143
1619,0.22706667174588546,-0.19430488029829038,1.1642475853717664
1620,2.4640999787481848,-0.07627604002144514,-1.4258373899728216
1621,-2.900233214926673,0.5981760342021503,-1.445479256715529
1622,-2.4724596575914606,-0.801785769201608,-0.435414447935073
1623,-3.0480707606358544,0.30961023875932725,-1.4599156157477875
1624,2.2312634719753213,2.449864877255279,3.5653270034038265
1625,-0.48547926599855745,3.3049889861246946,0.492775057766901
1626,-2.6540606670966396,-1.0199264677566873,-1.0480704286139053
1627,1.5098520974109348,-0.06748160587041593,-2.045592792091233
1628,-1.4664137927318683,-2.824859296137914,1.2500600789987366
1629,-1.0274265840631802,0.15010221223686063,-0.7245562009137954
1630,1.6119600148015873,-2.147712465434571,0.42580462595777857
1631,3.4214992077227566,-1.6008163610142165,0.9338317342810873
1632,-2.010248754713319,0.1550352711352385,0.09592629505048937
1633,-2.456923333182874,-0.40939127578392764,-1.1045324241916024
1634,4.231395795311104,-0.7345978050623919,1.4890682474150219
1635,-1.9732423078597525,0.31933032315992266,2.231759869790694
1636,4.691437460525148,-0.1150725481428974,-1.1742907584770845
1637,-2.2128908851895708,-1.2356986475646752,0.909868992379538
1638,-2.042896875530506,-2.1553209252685566,0.05269240128689985
1639,-1.3811593340945882,0.6470804173451699,0.15057383075855388
1640,0.9159095250225634,0.7147654473912893,-1.4490967482401051
1641,0.24661131164124514,1.5415824826699656,0.27555013364932546
1642,4.22930015379759,-1.8914413244098998,0.7437570262899167
1643,-0.9321735974894977,2.3128610099183957,1.9193258089087133
1644,-2.0708414381651856,1.7805236095139119,-0.6658222318778313
1645,1.154795576927032,-0.5505226429576648,-0.06337311039375643
1646,-2.3402978584089285,-0.09972053042379367,0.27922078817113505
1647,-1.462975177858504,-3.362595177758496,0.8121151343887085
1648,-1.8516225159235769,-2.0892451880353997,0.6411414931816282
1649,-0.2113206982486672,1.705870631704671,-1.0075347880198762
1650,-2.8880936107868505,1.1640958107766808,-1.0215530489232187
1651,2.4350413447857293,1.2971710571507762,-0.8869436835789986
1652,3.6234378470949253,1.8587967372942682,0.0983117030437571
1653,-0.311995782444208,-2.672687689762147,2.3109059794143363
1654,4.541873807746833,0.07295645810694337,-2.4015491816118257
1655,4.827552324270199,0.004347236625466079,0.8025298647246814
1656,2.261196624884598,-0.13522127841183004,-0.5718680609578752
1657,3.7912542310512833,2.5232787879690846,-0.47552433656592374
1658,-1.7315898345642267,-2.084829216124243,0.22394962226849172
1659,-1.5502242236538044,0.4299174343775251,-0.2011777336349888
1660,-2.3550395281046126,-2.2663835032956516,0.9901412225103537
1661,-1.1161155736115935,0.277284156356883,0.2893925360681857
1662,-2.3211748375959482,-0.8925135884767081,-1.1354615512474073
1663,4.104064558281453,-0.2461121409050539,-1.681354870332786
1664,-2.607745583916569,1.4127427250827698,-1.0518795782588704
1665,-3.0991455554148453,1.7370722583593168,0.3503035436615287
1666,-2.845470772756867,-1.2787035421733053,-1.3323862098681913
1667,-1.2130530639421977,0.5922563974449079,-0.8902626727870502
1668,-2.927676873729632,0.4996606314556561,-1.7858381515166502
1669,4.221310648325015,-1.398124240044361,1.8811412724954746
1670,0.622857494653484,1.4946082460487464,1.425204679866776
1671,2.08523479255462,0.4106607701775268,1.140554024946891
1672,3.397116550678567,-1.7675964452238253,-0.2107533015307231
1673,0.21887861601891717,0.22890352974957126,1.357631845654901
1674,2.998273790753979,-1.9028644518202298,0.29906482950465
1675,-2.7623008021048063,-0.9177548799372554,-0.21622149258806542
1676,-2.2188737083763654,-1.9205045598401134,1.3789087350188225
1677,-1.8137655862621083,-1.870883196302626,-0.229733130186569
1678,1.4970695813389234,-0.20310605517547828,-0.21634794067415916
1679,-2.939210718910138,0.7487224616792544,-0.3300597723877033
1680,1.063482104492085,-1.079415283328762,-0.08045718590301194
1681,-2.5052963037534632,-0.25372395943156617,1.3401156171906075
1682,4.190864713539521,1.3669398587764716,-1.640718375457774
1683,2.230632765605363,2.2747037395854663,-0.022620422227956207
1684,-2.927857210003068,1.171508527080709,-1.1033689487274865
1685,-2.157126229649187,-1.7859128010152148,0.6301929107566702
1686,-0.685586924179916,1.4417614212649932,-0.10438573199731697
1687,-2.0309649155062046,0.19662347283092338,1.3998242511537824
1688,-2.0761849011091793,-0.31707517626946646,-0.27932159413921576
1689,1.4942174199163665,2.289995921238488,1.537125243873198
1690,-1.0644547489647487,0.5864636831205641,-0.024854407424879293
1691,1.3300366483414636,0.22899574809397832,-2.265299709687921
1692,-1.379821219632648,-0.3288847086307387,-1.4115019413297443
1693,5.2219927807447855,-0.2511306219507132,0.2511947440687653
1694,3.1983237419209853,1.2627811632933221,0.6853243611986707
1695,-2.147289327067857,-0.4240896457222415,-0.8072318801263719
1696,4.546543974005835,0.13592897395439982,-0.9651300064248163
1697,-2.2495239885465583,-2.4430674540098614,0.32031114067964783
1698,-0.26139061875341973,1.5307496022280813,0.4066509663725712
1699,1.5158638139752254,-0.10351069070524212,0.3575888542635807
1700,-3.2076375090728435,0.3751280706422364,-1.4302209464397102
1701,-2.2502279712987368,1.8435106657015723,-0.5601654571330142
1702,1.4648803574133202,1.4613396843756155,1.253590334973502
1703,-2.847383270000521,-0.5040415250907627,-0.1704871277840246
1704,4.813709145933197,0.04889750517106972,1.0767230967003847
1705,6.193932722787758,-1.7160313358803645,0.8586493230194953
1706,4.421620581379096,-1.4664176453357456,0.35584123900365144
1707,-1.0139691364183148,-0.8960154331691442,1.778056488882652
1708,-1.9913837137739105,-1.9237882400551094,1.2203469916611798
1709,-1.9274452422251895,2.429437142310509,1.1747236782416497
1710,-2.117192443363221,-1.704647375758068,1.1985393674768188
1711,0.8882574999345911,2.934575516850848,-0.4310418016561857
1712,3.9212029846345864,2.1222547133378873,-1.481716367073921
1713,-2.834911352001508,0.7530324896035404,-1.1935535626664235
1714,-1.7320610681025537,-1.2951376146800615,-0.2665968010597715
1715,-2.2890873499322266,-0.1826880838117052,0.6930413163628937
1716,4.5971727967629405,-0.28493988640758916,-2.025042393801948
1717,1.3861208551749409,-0.7997125712548256,-0.08578903037050217
1718,2.4444730568715163,1.0490847704311768,1.3972277347591837
1719,-0.09301064711065767,0.30315909703652266,-0.3507256671840965
1720,2.379342299334264,-0.2159482510868011,-0.6553818810361256
1721,-0.9826229121776413,0.6872541457872594,-0.9919404290930732
1722,-2.3371767866108866,-0.767614049511579,-0.8887862884139928
1723,-1.4530850981588228,0.05365177072725219,-0.995240777652596
1724,-0.9644392238451569,0.9866687873663722,0.32206941689368035
1725,-0.5062621221435736,-2.6316016357795653,0.8832535029318866
1726,3.8038077511918686,0.6184588493348978,0.31481097055682616
1727,0.2972022064000527,-0.16443828336538754,1.5766643519302765
1728,4.195508292112154,0.44370996586899,-1.422601673600365
1729,-1.8289199856387064,-1.254812715311205,0.16918603450685415
1730,2.0591816641626064,0.27196134029889657,-0.30154396006197587
1731,2.159954491044862,0.2324474227169597,0.16857957842909801
1732,4.78053472955184,0.9054972188098293,0.6281997579530377
1733,1.0250491332900358,1.5775505091685458,1.618835800322462
1734,-0.7933770681714253,1.2815180266208295,0.617311119574842
1735,-2.136676355571344,-2.435088238974429,0.4597197860845434
1736,-0.08110983155349225,0.18043010800299145,2.8818331179415706
1737,-2.6152449943435476,-0.01182921904615413,1.2358102367713564
1738,-2.904280361845776,-0.23049141777089144,1.4337498849273527
1739,-2.680989788997115,1.2304849563126665,-1.057593634216463
1740,-1.299486196637859,-1.4855501004277025,1.6433102346869375
1741,-2.9685217110158573,0.8306390090285077,-1.3519874931733336
1742,1.6319641599869548,1.0179628707907782,-1.7642314550268776
1743,1.1843791337762917,0.7364240567508787,-1.654375764248426
1744,-2.3547984742623287,-1.849296579412147,1.3942807393281615
1745,-0.05188868550666185,0.2889989618214162,-1.3040840742484814
1746,1.6856651437892007,0.8596465355456308,-0.9857468287313127
1747,-2.4857706562182464,-0.7804343323038848,-0.6684062878491812
1748,1.785866813340139,1.6992694653287843,-0.8895939865430375
1749,-2.2486832483368784,-2.4048864219487855,0.09464905605191289
1750,3.139434288416887,-0.8160815559958974,-1.8472387211887917
1751,-1.850544651245363,-1.9333133195892453,-1.2545410113744584
1752,-1.4598116082829693,-0.1094955617700296,-0.18670477290595247
1753,-1.6479767461611545,-1.1965529748762256,2.4706831487549414
1754,-0.8020215427692413,-0.7671700457053717,-0.4587278546399287
1755,1.9576743102905867,-1.7566936899605352,1.12505589690205
1756,3.0280973103684676,-0.16594586363378244,-1.513061229553381
1757,-2.3692283760456894,-0.6656250950327789,-1.3147181043987908
1758,-1.9274452422251895,2.429437142310509,1.1747236782416497
1759,-1.6551844692699744,-0.8011697353619001,1.6590995103549306
1760,-1.172542727019558,-1.0084088287854773,0.4823656927749423
1761,-2.1654844504061552,-0.5834473030475816,-0.5014424167723401
1762,1.1775712552968682,-1.4192327580734483,-1.2026314730381469
1763,-2.1633261445683085,-1.717677006948605,1.3836251973217233
1764,-2.327151833378615,-0.27572725760790395,0.3191753733462117
1765,3.0368066916461585,0.26198446182184565,-0.7100877597164674
1766,0.8748234761874059,1.2307141556785,-1.0613197316892045
1767,-1.674017080105397,2.0914808986485554,0.8780431865985698
1768,-1.6901435958871343,0.784210022522393,1.62618714993083
1769,-0.6878739227835641,1.5092989873355083,0.9998299868280902
1770,-2.0768825275949347,-0.7360579780352332,-1.1060806617069843
1771,1.8347870269104878,4.90429425104146,0.6692598253650512
1772,1.9016157192564762,0.6224696655234186,-1.6337980744159348
1773,-2.6650144821606645,1.4873979983650156,-0.5878720007192585
1774,-2.509450649680229,-0.5196670401819528,0.18802374812406245
1775,3.526614510095023,0.16049867161207731,-0.42186151703224456
1776,-1.8029063438082757,-1.9363496392596011,-0.0731164813603912
1777,-2.070192593019476,2.365734631367773,0.07037747040345946
1778,-3.0076673621394017,0.7271824563886928,-0.7721082088804667
1779,0.10706495221133114,-0.9049779758814025,0.1907842236833203
1780,-2.003326840836731,-1.8694618218706476,0.14464182842713566
1781,-0.32769189361243356,1.7778014978161916,-1.6436245295346834
1782,1.5098520974109348,-0.06748160587041593,-2.045592792091233
1783,2.819252413475817,1.125284943012609,-2.29746961964609
1784,3.8071441732530533,1.7173887830181662,-0.014195914766335804
1785,-2.07031664687916,1.6896272302890958,-0.6501103658597233
1786,-1.1607251214513223,2.07630434056223,2.7993984423776648
1787,-2.695508893006526,1.1542355671785014,-1.0708610416730497
1788,0.5619381708853487,2.073413026111921,0.41965328354389975
1789,-0.49696305974616695,0.31853915697693563,0.4826290379860803
1790,-2.736188457675564,0.26499468729991404,0.7996690263711275
1791,4.192571506280753,-0.5585531789703388,-1.8059407046088967
1792,3.870865004822885,-1.3089334947415316,1.1882689955474615
1793,-2.869074982935992,1.193846631933957,-0.2068020518763087
1794,1.1612575821430542,1.1156639009318041,2.2165330180327585
1795,1.2026652237935445,-0.9291727549436538,-1.4517448886450275
1796,4.160083522436147,-0.849144777608766,-2.1287689657309996
1797,3.6535650136935485,0.5988230891505218,0.2085709160319165
1798,-2.7054786564255777,-0.9202000640283418,-0.7370311954481642
1799,1.0761659779422106,0.2490675399710954,-0.6290666766169118
1800,4.297238227168793,-0.8803541909506202,0.4958935057238777
1801,-1.1458376480761219,2.2035472262278604,-0.8184719991264466
1802,-3.234453247595274,0.24625476668988788,-1.4131832122198986
1803,0.84140821061353,0.9025049233634121,-1.5552377698114297
1804,-2.5317881137272376,-0.5159956289789538,0.5916282053459343
1805,-2.4531870994179936,-0.21269485438604063,0.7861784195755819
1806,1.6597249229841382,1.4100001845482681,-1.027316788527924
1807,3.5308312477157284,0.2767524888550546,-0.5128839835107254
1808,-2.514949934213216,-0.6135370664000622,-0.8701355823103841
1809,-0.631761427083932,-0.7754331417362004,0.7120060338653672
1810,3.935210840251255,-0.4569648549852333,-0.4560186550673341
1811,3.6384453391037845,0.368333552553574,-0.8485109657438878
1812,-1.5295587824416625,-0.06977178890585893,0.3091235126337191
1813,-1.8544175303818058,-1.8727774192117514,0.608724809464115
1814,-1.621410614722371,0.6374387215000618,0.11853983951094028
1815,0.45797369318586634,2.7716226707048777,0.963590231830794
1816,-1.5864193876389159,0.04517462672594111,-0.9624134307126576
1817,-1.8960314385238453,1.414678601588404,0.06416504084583641
1818,-2.6841632644658406,1.2228327048394227,-0.048825072666209605
1819,3.376072803174237,-0.5091164832067837,-1.7602196307455875
1820,-1.1633920398054263,0.8054342857179402,0.25708113205804284
1821,0.18644873023789377,1.367162873485682,0.6671718651467164
1822,3.177503082833561,3.1479699028984753,3.753608431655746
1823,-2.08191673345684,-0.016079964918183323,0.019962825129133267
1824,3.6829518412480033,-1.481837416230727,1.6007124344687516
1825,-2.2608031351629894,-1.8168887727523657,0.11486114694840989
1826,2.0679229836924065,-0.367467049097026,-1.3045945113613515
1827,-1.4940981175145904,2.1583109239603027,-0.49145827229325995
1828,1.8990398810089832,-0.4186882873126469,1.7448109952895288
1829,-4.268445014158409,3.426680184433159,0.9795810257798923
1830,-1.6727510284586944,-2.0391229205425505,-0.47969307727483207
1831,-0.8189325871443323,0.611061260796536,-0.3255614028224447
1832,-2.262568844417595,-2.0913214102407482,0.19905156437803795
1833,4.209138147426171,-1.4325757133064119,2.81422505236323
1834,-2.6419345561428287,-0.6522303314888881,-0.7853249201972266
1835,2.9355918980824023,-0.3348423019484281,-0.5305635529308755
1836,3.4143570469208964,-0.2946648164328125,-0.21016735587421267
1837,3.2130502081010173,-1.8744972431417186,1.084824845065803
1838,1.6330267188012038,0.7105945765624836,2.2319292060281186
1839,-2.54017384782375,1.273676134090059,0.5895785643218575
1840,-1.7958092678711632,-1.762688920420099,-0.5284675424859022
1841,3.2689516114722057,-0.08280215481802396,-0.7464971828737158
1842,0.34470940015074814,0.60773057689593,-0.2905478134691777
1843,0.6261068521457843,0.7088976037870915,-0.11940406332418661
1844,-2.0313252337380097,-3.5556956347885924,0.9424410786529814
1845,0.20372489365101665,-1.2970478670402776,-0.052643923544980625
1846,1.6313251161193414,0.38182129625882655,-2.0922375547375993
1847,3.6867870631953465,-0.08888877247874208,0.9820326244880013
1848,-0.060934451558203186,3.0588441375142303,4.048468139019519
1849,-2.9718316172544714,1.0957539007891548,-0.7407889558593028
1850,-2.199527820454059,-2.3378336948855973,-0.09535903621265653
1851,-1.4835348224099794,0.8439159350719861,0.8246506999485754
1852,6.6918295163990225,-0.0663913879172037,-0.3710614908646335
1853,-2.2214725242493922,-1.761448007807622,0.32522206047136165
1854,3.499735480523018,-0.024959806761906452,-1.1121006074360675
1855,-2.53971360656363,-0.5431857846913677,-0.21532156304472533
1856,0.19182431062057154,0.9767189941361534,2.3995670501430797
1857,-1.7700798193768836,-1.5862478774270803,-0.254821769673738
1858,-1.6989242780730753,-3.709414609899132,0.7767370062275496
1859,2.973868461163624,-0.9159488954842598,1.8898045654283722
1860,5.12735633247043,0.058540176477315,-2.678969575905859
1861,1.2891229619006357,1.5919234094784886,0.12455468568793307
1862,2.8749511805332557,0.4556785534086302,0.5842547211299616
1863,4.1802072221310045,-0.041767301836423784,-0.03771486144318455
1864,-2.1794062970358663,-0.6871080875856714,-0.04695131216360114
1865,-1.6209670151319142,-1.52246482226049,0.29209212192717904
1866,1.6985472153373777,-0.30320637213163854,1.1432826496189425
1867,-1.6600111307729,-3.580899669253879,0.24547694178115062
1868,0.0435054669005964,-0.9098535015427397,0.8048649510339729
1869,-2.8504727275355854,0.63135300205549,-1.1782406395286156
1870,4.626294556592325,-1.7383932542690783,0.3620220352197975
1871,1.0481574058485614,2.3444796110823014,-1.583775935429525
1872,-0.7684746843964797,0.18622159318755682,-0.30266041278191996
1873,5.248298883725951,0.20423400306203565,-0.8816493771731415
1874,5.787996561288988,-0.2726230151672062,-1.5104149724274036
1875,-2.2488884436216137,-0.3774435853648087,-0.3660515315467075
1876,0.19804159698025148,0.8599865182567343,2.0974899777855596
1877,2.0139061959233073,-2.4682343756626985,-1.2582222738207354
1878,-0.9101852978967477,-0.8653219380072842,0.45663905786556613
1879,-2.1193214847695834,-0.5706723977004421,0.39051479417429474
1880,3.827183543991199,-1.1446582383164612,0.4222761730515617
1881,2.626815954297747,-1.8747418609499353,-1.2327958842309328
1882,-0.4516345976303734,0.9044758969749137,-0.4964179787637532
1883,-2.729063314653191,1.0651425213486685,-0.2523268796941652
1884,-1.682004692965191,-3.5080556559589415,0.3850731967404673
1885,-0.16031140870695557,-1.4448485768080181,-1.2589782368896163
1886,-2.117391323826634,-1.3400682615359074,0.613952365136942
1887,-1.3248085005269539,0.05700020376972942,-0.30056297581053626
1888,2.1771970645146044,-0.35470778143821147,-1.396785421501715
1889,1.0808200810947501,1.5994358709088385,-0.3075149211011396
1890,-2.354180142550908,-0.9109732637825195,-1.2846326552936718
1891,-1.648199476890849,-1.342632854825753,-0.28033685609320275
1892,-2.3049582295526965,-0.8007625408866282,-0.6934121974279924
1893,3.914924013423505,-0.8084471490377051,-2.68857119015713
1894,3.2940704700998356,0.39007262775649465,1.3568216513575646
1895,4.0205609551005725,0.15638689752125945,-1.0579280368404842
1896,3.626061242775053,2.2040856671454963,0.9880099976076829
1897,1.4134438348372758,1.5792499572447516,2.944682407913591
1898,0.3721146643000621,1.0180275478473335,3.798072583837451
1899,-1.7717222548906302,-1.9621519885544656,-0.08157529025112746
1900,-2.021475795435173,-1.6629248905646117,0.8589927410431724
1901,-0.8858805317694639,-2.878464757641381,0.9528848197953957
1902,-3.0478583108767436,0.7695263678937857,-0.5211969637500184
1903,-2.0775608852878036,-2.399728107196581,0.2621219072499939
1904,3.1484584199960515,0.729195664172482,-2.649324798435741
1905,4.938238979117906,-0.63035027438573,2.6304895264717576
1906,4.371680255621368,-0.6096335321971861,0.9405816689853446
1907,2.41134354475158,1.8433597000019446,0.4303194788057229
1908,-2.6327825726422978,-0.951156722879892,-0.5382303387103027
1909,0.6166265584742128,1.5667136657366407,1.4615721156168002
1910,2.3599755336298363,-0.6412926145182573,-1.2244399290822587
1911,3.735996068906955,-0.984876276819109,1.3676809403644241
1912,0.10843519163480082,2.791028667618765,-0.3031407122340911
1913,-2.4536780003679457,0.6098318892204394,-1.4206187262771306
1914,-0.3323448906198644,0.8557981888222385,-1.0332809249963952
1915,-2.6348860640367486,-0.5454527719418206,-0.6082976361140889
1916,-2.9716749681023176,0.6141078236860068,-1.2285579708097627
1917,2.2547614294188976,1.4861858713429241,-1.419471121349806
1918,-2.980477145265342,0.8322717715703926,0.09963000566940051
1919,0.1472563905325385,0.0455554942785487,2.1335521783064606
1920,0.6064230726224559,0.40312964530296436,2.459766088397599
1921,-2.5684501635809136,-0.7269652901008163,-1.099936784525836
1922,-2.3635685556768826,-0.6731789358192872,-0.9458217100082417
1923,3.065789328568606,-0.29297547690822306,1.116592420107122
1924,-2.326298164020955,0.001369580897078338,-0.4428548757930858
1925,-2.1018163050129486,-1.6436453480477384,1.306662864899592
1926,3.936487174421598,-0.5005717516410337,-2.631396837384351
1927,-1.8564672700519023,0.09442195157053042,0.017887334301780893
1928,3.1541209796574474,-0.7855425087727932,0.6300954670727434
1929,4.232465191721146,-0.30963803932471246,-0.8441661133840802
1930,1.5837514578629055,0.05427518307493779,-2.350453911724532
1931,-2.4068967847398697,0.04739392055213718,0.8637208940789183
1932,-1.78942322188268,0.3095287805938863,-0.20933606784189956
1933,-0.8093701858775852,-2.029006602785936,0.8006619014811569
1934,0.194490540215629,0.3340275833958112,-1.0969150359061957
1935,3.41051755261076,-1.3244324890750172,-0.4988361591534515
1936,4.2550590788463385,0.25923893302143747,0.9457079720116296
1937,0.2062085368143275,-2.2544179766655263,0.8776331293195632
1938,2.3310682969121617,-1.6591590436929635,-0.05289083794484896
1939,-2.5588182263374515,-0.8507511180364071,-1.2172959248296056
1940,-0.22129817144991729,0.26232860898200355,1.8525951727882732
1941,4.548841341023369,-1.5455452234923517,1.4031898794338993
1942,-2.010248754713319,0.1550352711352385,0.09592629505048937
1943,2.45984828227432,1.4273195095869609,-1.3257594517653128
1944,3.652292864053314,-0.8299672549691389,3.73491350535157
1945,-2.8819817114959116,0.7030003005528391,-1.310084773084987
1946,-1.6645339323339932,0.4724956089447259,1.5202833551471162
1947,-1.4999671743333178,-1.5946822876531865,0.34883052199297826
1948,4.962554673818012,0.30789799617769825,-2.226219756982449
1949,1.279154854272133,0.8520830698400955,-1.3940103861318673
1950,2.308259178059531,1.1229277039390426,-1.7669507216095781
1951,4.428416146656046,-1.0059672308916519,0.6138195622601798
1952,2.635005398959492,-0.4928146939889809,0.1384469256117273
1953,0.9326922035886378,-0.30741963625838414,1.505000802422376
1954,-1.9354803654202606,-2.2438890525425954,0.43897273439788037
1955,-1.674017080105397,2.0914808986485554,0.8780431865985698
1956,-0.7712574432647158,0.3454214713394589,-0.24569301884089773
1957,-2.173528186211363,1.2167955293506132,-0.8909238168626622
1958,-0.21504189662718956,0.427025981602845,-0.23890177863200926
1959,1.4532308796451106,-0.6341959047626581,-0.6209181967978544
1960,-2.5200135950375673,0.06732646797187818,1.1298291314825557
1961,-2.044546120635409,-0.9285307403052344,-0.6079406890254413
1962,-1.758938172903919,-1.9962949064847035,2.0744034989346765
1963,-1.6876342163062985,0.08000286676962637,-0.5099814372394936
1964,-1.6479767461611545,-1.1965529748762256,2.4706831487549414
1965,6.599580644293935,0.3612717134832317,-2.0229360930860922
1966,-1.6177541986150494,-0.1629925152329855,-0.4491915479306631
1967,-1.300634290577019,1.8231590531021669,1.984342701186925
1968,-2.538200828057633,-0.2830307663020974,-0.08889679454418795
1969,-1.995067347548954,2.385289739970235,0.30231451167924683
1970,0.13444535106452996,-1.337930378014397,-0.6993919879064954
1971,-2.137351702178173,-0.325700419259725,-0.6177140167560529
1972,-0.6000179761042624,0.49132641131883054,-1.1681620737823255
1973,4.5013250769201845,-1.3173237731740648,1.0868335290105307
1974,-1.6891235494520946,0.02082039871900601,-0.5332278003029391
1975,5.591633785415339,-0.6086642815049828,1.6464592417518593
1976,3.7718610771372743,-0.16808608434313604,0.08652467824824872
1977,-3.2553760046115383,1.019213539428352,-0.7057132129660162
1978,2.7830907683044486,-1.2116683902707797,-0.09303150119901185
1979,2.356612734968641,-0.32217636903456776,0.002966771505854061
1980,-0.30466661581631144,0.7008627770728899,-0.14713942240057098
1981,-1.167185971396217,0.755061241696708,0.7920723324831602
1982,-0.15711916339193713,-1.6092412933310056,-0.11803469094227129
1983,-2.168079274338928,-1.7208843161666711,0.820412901925875
1984,-2.3250721302572157,-2.0776748742150772,0.42770727807552694
1985,-1.6323900977410635,0.27631549002474964,0.776341052508743
1986,-1.6532527541867825,-3.220914798111563,0.15881425216449668
1987,-2.4330240923092794,-0.22505442169602352,0.9097387430961896
1988,-2.4695414137637717,-0.4430330298049323,-1.030740077526925
1989,3.3874518285568267,1.5921542876602717,-1.3269160632972565
1990,-0.4958500791533129,0.025683569935581137,1.9854588572817173
1991,-0.6543327543698327,-1.079480935552101,0.36376131203067813
1992,0.09732969692414112,1.0099717097395762,-0.8193727323778237
1993,4.583043363957225,-1.115170596982924,-0.16762642917309323
1994,-1.5244224585737944,-1.2795347725853339,1.4370811655924602
1995,5.651343274625242,0.09901610829729177,-0.20760074107756935
1996,2.48731438908984,0.17998722887425359,-1.0926782162395396
1997,4.3325262539115625,-0.6440648675078369,1.8136529097669256
1998,-3.0804311886615454,0.3968028900672427,-0.5139621980735514
1999,-1.181094265929789,-1.78377259812137,0.31853213122901625
2000,-3.0356433743588287,1.2638663544438695,-0.6047939706678025
2001,-3.077416121664325,-0.2623127404651865,0.45494268227954376
2002,-3.604563360985645,1.9186967282921237,-0.6719053188154854
2003,-2.310784708352251,-0.3374035499935172,-0.9154867761381155
2004,-2.0427149740759987,-0.6276218757748507,-0.5687103392423961
2005,-1.8188698911272942,2.30392516173419,-0.8888693206659509
2006,1.1876617655932116,1.0873148712382907,-0.9076343694675367
2007,2.5115029446391683,1.9368130872454663,-0.05470044104963726
2008,-2.427954316378522,-0.7035589731500246,-0.9928733637419325
2009,-3.0296593872733233,0.682051836500854,-0.5204627271201838
2010,-1.5288726601150422,-2.749704749668295,0.7304584003493491
2011,1.0793807538579325,1.9134700747677023,1.6407113914993057
2012,-2.4173504340557495,0.0992798011951669,0.49705863561976305
2013,1.7045947856144401,0.3315550783065464,2.0023208743686074
2014,1.1506916040646449,1.4411326405024434,-0.6404304581611411
2015,-2.6284782855903934,-0.28380595263576075,-0.7217679587244648
2016,3.124124013824425,1.9427000729165138,-0.7908804347606951
2017,-0.4467373798135919,-0.09913341542531275,-0.8449887626938632
2018,-0.5406220334944887,0.629580107445925,-1.0154262700482255
2019,1.7806582024463757,3.0465364046602685,-0.8157778864122728
2020,0.8984365748126997,0.1741834530707525,0.6931566927924949
2021,-2.0980028189212634,-0.5495829500661458,-0.8362955045669093
2022,4.701829089268045,-0.13750302384538038,-1.1465940036289735
2023,1.6810342316314408,-2.0957908872940663,0.39675966144664243
2024,1.9270185948015857,4.545229934184633,1.222874594647653
2025,-2.4236226911958307,-0.6772195085408368,-0.8330329541480873
2026,-2.284483366333859,-0.7671412440568105,-1.1199184677080853
2027,-0.3799601073534695,2.238925552040854,0.6909165961689071
2028,-1.1394376226445717,-1.0131350551381126,0.384455635157967
2029,-1.7812640864112443,-0.28686605582236935,-1.4681616167780733
2030,2.9908761306033464,-0.18621365380688495,-0.5255482185265509
2031,4.187369679328228,-0.021857766737120064,0.4802577313923842
2032,2.7918269216129596,-0.27823858498617476,-1.241486382268257
2033,-2.872173994744369,1.0334844086574018,-0.6069034544754018
2034,-0.8285099080612554,1.4003587920357252,1.5107564204784454
2035,1.2908603486076473,-0.5782567160946523,-0.4962659816298239
2036,-2.600821405943368,-0.41839060200182493,0.032582664517324146
2037,-2.7306421840048363,0.7874305422200035,-1.9981473419804028
2038,-1.0399943083094338,-2.6001493442708066,1.0191989167787678
2039,3.2087478373546476,0.6742273484866113,1.0032367485303115
2040,2.3465176232753553,0.0374201518793214,0.7104269470083603
2041,1.435846568099372,2.0879322098561923,0.475912394648442
2042,-1.9614109291213941,0.0372495346169544,-0.9853367878762146
2043,2.580183075986407,-0.5996230489101863,-1.1413324584835776
2044,-2.824596475357515,0.9964252260655865,-0.6327281902966116
2045,2.057656147142122,2.2611658094134706,0.10991962810500627
2046,2.0012005769216117,0.27975897659558707,0.32147377997719534
2047,-1.2326647504717327,-1.16468527457253,-0.797042472032582
2048,2.0224989549905117,1.8932603638784438,0.17867620292968112
2049,-2.1086048903654704,-0.5802863228824438,-1.4518828528313108
2050,-2.3738611341126545,-0.7275304913277927,-1.1390251888085514
2051,-0.5656167917485321,1.2051011086836398,-0.398756437700834
2052,1.841155201148003,0.5502094772221752,-2.7722283668446344
2053,-2.514949934213216,-0.6135370664000622,-0.8701355823103841
2054,1.870989944205191,-2.255591056074985,1.2951833446157104
2055,3.8410244438445065,-0.31875602936403835,-1.8900490167228927
2056,1.0659483496541495,-0.8863788070804883,0.5347402518091405
2057,-2.573258472109445,-0.7896407537731632,-0.5508306266600598
2058,-1.3077850540020028,-3.0466475232467123,0.3074982223680459
2059,-1.54467432350825,0.11377090758342258,-0.08190801753364109
2060,-0.6775397529828623,1.4505954012265152,0.5359622823778665
2061,3.113787461769135,0.05666644184811291,-0.2593155293387524
2062,1.2811463866418789,1.4519079418784424,-0.19641819549530817
2063,1.8941798513749002,-0.9090358169275787,-0.4746564443457735
2064,3.228465260028169,1.0221774904270244,-1.5196476398794354
2065,-1.984375803711312,-1.7876246475531974,0.7202017224282422
2066,-2.540533684141585,-0.7997388282160399,-0.8695556720583885
2067,-1.1690206822621,1.172658386565576,2.2739917831424425
2068,-2.1036056447224936,-2.0258672348385334,-0.539687324909655
2069,-0.5692886431792562,-0.2477295171797351,-1.6327100460782884
2070,5.112367954792565,-1.3381133511005698,1.2489342923862392
2071,1.0793807538579325,1.9134700747677023,1.6407113914993057
2072,-2.7341769158363087,1.0734467193884851,-0.9819636388790574
2073,5.127175118883083,-0.5438858948707144,-3.275181212624224
2074,-1.5847740877238667,1.1517352491071022,1.3280756784478176
2075,3.9945334716482943,2.1692733418732337,2.002282979855847
2076,1.4385055785187357,1.0785396596623609,0.5925474195518478
2077,-2.8213335747455734,0.2804805818569448,-1.4350425229413444
2078,0.9327626142630115,1.2886446762274746,-1.1639178331342186
2079,-2.382413590549055,-0.630138029784227,1.1706991600616519
2080,1.6232718574093346,0.930350897852359,-0.05715495245185139
2081,-1.7725410741330019,-1.7747203789417245,0.010536636386086796
2082,-2.429839027000812,-0.6222472439085984,0.3431014757641318
2083,-1.6177541986150494,-0.1629925152329855,-0.4491915479306631
2084,0.971997657765284,-0.3087767750004016,2.301846587525741
2085,-1.4068286153877965,0.7866163853779259,0.0031189986450397365
2086,5.233619981672272,-0.749541888126268,1.7094494246822254
2087,-0.03039934262084824,1.804198483770582,0.993537557661938
2088,1.5184386071058276,-0.24288822710012142,0.900406311496593
2089,-3.0533498444547105,0.8913051795035881,-1.5768286847252395
2090,-1.8241337970850504,-0.5031881496669801,-0.8794139169071813
2091,-0.9416531871814131,1.377912857243638,-0.11790619282111313
2092,0.9660198525984051,1.1031253131693208,-0.7030609108310475
2093,-2.400542595894521,-0.7492966067173219,-0.3883081650732646
2094,1.2389250760711585,1.2937287359175589,-0.912637284221691
2095,3.806000181280691,-0.8041091553811225,0.7885859362609448
2096,-2.1332552544826964,-1.635686907649786,1.1886788433322841
2097,-1.9457214437457164,-0.10146345498977462,0.2135709264235817
2098,-3.3378633283226384,0.2150253102990457,-0.88616522652431
2099,-1.9161508906718634,0.28214292874026176,0.3980793109370059
2100,1.5534250500338596,1.9949022603451814,-0.023029043336454877
2101,-2.567593952434542,0.940139695512001,-1.267459258701563
2102,3.9120416560883027,0.2155475137333012,0.07650355930318806
2103,-0.014888447083156604,0.8894087219627353,-0.37644613170054025
2104,3.6313016065256467,-0.13650193902151322,0.8609116702390214
2105,2.1855594577799153,0.7121233931786632,1.5901519416243095
2106,-3.7294870991830353,1.502101459027354,-1.51639368591905
2107,-2.060025486736443,-1.8021061362062296,0.6076341457387997
2108,3.870526826494471,-1.375210191042525,1.8006721864418331
2109,-0.17373818567324842,-0.9445179408981571,-1.4657445969961802
2110,-2.2113264782385817,-0.04811271604354266,0.3659589309245939
2111,3.1440033578569864,-1.2154644881200853,-0.05874115357271005
2112,-0.9085865855601233,-0.011709469971220155,-1.1788974720148437
2113,-1.7397001325411516,0.6708541975182617,1.3541063119399765
2114,-2.318627842232632,-2.163138857123017,0.021556637233102204
2115,-1.0718166242600191,-1.3351584062863349,-0.062139518452934216
2116,-1.8740211545774963,0.586236039767275,2.663922509907839
2117,-2.343342299270707,-2.18919681565575,0.28997204162560936
2118,-2.966719280643961,0.6649986912666143,-1.1782476069032384
2119,-2.3343734067921527,0.739460858459493,1.3410377838887573
2120,-1.537124940201039,-1.632492472243185,-0.994936652917563
2121,0.7559045391302269,0.76181969866149,2.388561289824534
2122,3.585973441866207,-1.177552043593912,1.6034647793501642
2123,-2.58805431191994,-0.9338173057143108,-1.0508617551393271
2124,-3.431040600594737,2.4578375010749682,-1.0531224540789836
2125,-1.6715301006942898,1.721077157468454,-0.4302979152937989
2126,-2.1831928443529836,-0.20671321760549954,-0.5151593927129674
2127,-2.7748160998309723,0.9348041689823253,-0.9661037847581078
2128,4.298026579803991,0.188950098728996,-0.5380619160344969
2129,-2.4299216734168776,-0.03217275573525608,-0.8529815812833266
2130,-1.7397001325411516,0.6708541975182617,1.3541063119399765
2131,-2.4724596575914606,-0.801785769201608,-0.435414447935073
2132,-2.4838179281168173,-0.9776049865012884,-0.8898924794506742
2133,-2.2166563733632354,0.2893081658376649,0.5943040132025394
2134,-2.5059638726651285,-0.9601325743267349,-0.916785738975146
2135,0.07332669541276743,0.7926373583764939,-0.4228866962454359
2136,-0.5132804079770266,-1.3754863073165406,-0.39498156111643923
2137,3.1215153633463646,2.299616268574601,0.8557631359442555
2138,-1.0692493739639175,-0.28317279428188913,-1.4576608621657499
2139,-0.7725940812726675,1.47259520142886,-0.001913059114537692
2140,4.499463176678535,-1.0737826194297362,0.04438994026537578
2141,-2.5237649648322247,-2.391716546173764,0.9946783034651515
2142,-1.9842710339148162,-1.5293885405625725,0.7699669351151903
2143,3.6535650136935485,0.5988230891505218,0.2085709160319165
2144,3.1331695825834864,-2.388863706718709,2.0183433873715333
2145,5.452831593720081,-0.07613502578702315,-1.7669231091583641
2146,-2.514698795187312,-0.885254870500509,-0.01943010645941153
2147,0.182771017706,-0.9294907056687063,0.8156092665495982
2148,3.0777816857207703,-1.142593670397188,3.3154154770211237
2149,2.530076667910008,0.437842393269415,-2.8275366821516874
2150,1.971507544796986,1.9878000947924277,-0.31521906975063496
2151,0.19632183038831164,0.9673232425151341,-0.14593822748288002
2152,5.428113853919949,0.2212365371957115,0.5904402366981878
2153,5.133252486885266,-1.110235528808097,0.11183585643137475
2154,-0.7261681861834665,-0.01229153468527071,2.411841026465171
2155,0.3152987933297608,1.0419917686404943,0.38268198527511077
2156,-1.4610221475473546,0.3614777943315341,-0.9284407652849987
2157,-2.454552871018428,-0.1793386802885333,-0.6200261819866568
2158,-0.8084737140223972,1.0672475638655654,0.8452387430067634
2159,-1.0241009076028718,-1.5380847583894992,-1.6930025956349686
2160,-1.9844055754956695,-1.552949100738669,1.3464027938483945
2161,-2.2488450995200076,-0.6181071334470323,-0.9997609440993089
2162,2.164140593558546,1.8900335174789276,0.04365248434070761
2163,1.534383070656367,0.42350732893699894,-1.0498281279912973
2164,3.752252807159472,-0.1741243918311039,-1.3276662239810189
2165,2.8159908790892803,0.0379054821909068,-1.428574491637151
2166,-2.561191628230946,-0.7728036303224187,-0.8672777265740262
2167,4.899154692677788,-1.5012358719427623,0.7244904875471829
2168,-2.3911966497934376,-0.43005829997303735,0.620044611184935
2169,-1.803738355085559,-1.060584907057788,0.4119528967759681
2170,5.719935708736594,0.2891960956458585,-0.2656777517168617
2171,3.384642386059651,2.1851716904928367,0.8456667744795109
2172,-2.982199280732871,0.33301907679980586,1.3827701346725032
2173,-0.9742686767949369,-3.0485608335793146,0.24577130728937038
2174,-0.1729430585547626,0.6287095129855421,-0.2735113146510814
2175,-0.7644713016832687,3.338266290652101,1.495715663055365
2176,-3.0148609258988546,1.0365323515831761,-1.286489709849128
2177,-2.0030557974875123,-2.035561111765882,0.8435057720812127
2178,0.8464021388381904,0.18486542302638173,1.6286439875232368
2179,-0.4491011025139184,-0.027809891966591706,3.0151338623972017
2180,1.9825209250538962,0.9989137165122669,-1.4716287341226277
2181,-1.7717222548906302,-1.9621519885544656,-0.08157529025112746
2182,-2.1853073013291597,1.2192340200275211,1.8461947840739958
2183,2.391790083467376,1.1753934584890764,-0.9310114370778095
2184,-2.8367130490975576,1.4936767866245881,-0.681378434091046
2185,-2.5591202107325546,-0.4820981020336301,-0.03906155745236141
2186,-2.447971087581644,-0.20229926760210534,0.6368169089857184
2187,-0.3914955513673114,0.3890434587298563,2.097756304392858
2188,3.5630549176309585,-0.6110845716322176,-1.8100633569627247
2189,-2.6322003521587765,-0.38075597007509127,0.14230536007954028
2190,3.2644907069457476,-1.9308380041570485,1.0237766730249813
2191,-2.9161768063073485,-1.2388378885416909,-0.738003395983324
2192,-2.9011511131842793,1.1110771015680072,-0.7284848488432767
2193,-2.3976996995191717,-0.3983410144103128,-0.4280545865542792
2194,4.58227937978447,-1.9059079746828584,-1.998719168851483
2195,-2.6722956586535873,-0.7955901147623041,-0.6395082077432402
2196,-0.9077036974419548,0.743252934826233,0.31701815410370154
2197,-0.3873975661177955,0.4671376712603176,-1.1626957080862812
2198,3.7088790355370596,-1.690741991623045,2.5143489271843027
2199,-2.6883328585076933,-0.17757436836085708,0.4045856523720649
2200,-3.580539243970425,1.9654081357911701,-1.4567711215685006
2201,0.09351363336608044,-0.474755391966135,1.422833388761056
2202,-0.6785287819751374,3.1743132742663334,0.5140079327183122
2203,-0.7757929138999086,3.424233681842948,0.42228828757603454
2204,-0.2376030675968446,0.35614044414509566,1.7643340368048925
2205,-3.0513506357907754,0.45176783061308623,-1.3223574330613381
2206,-2.061486178177626,-1.4333492095853522,1.4642911939422854
2207,1.4997338509478368,-0.9971896046923661,2.21585700649316
2208,-1.582781565639005,-2.995353308636329,1.5168821755142705
2209,-2.3872310026284658,-0.5797014644117923,-0.9353624863331815
2210,2.6127084926213495,1.596591027934454,-0.829562734101929
2211,-2.203958484752163,4.105223071833953,-0.47925974632812146
2212,2.1285063155731216,-1.8957403061991331,0.7063182690802884
2213,1.0546019706220602,0.9129507365219636,-1.0584458468146574
2214,-1.9163088600436,1.8706565791116445,0.7088490380677028
