Education,Income,Recency,Wines,Fruits,Meat,Fish,Sweets,Gold,NumDealsPurchases,Complain,Total_Offsprings,Living_With,Family_Size,Days_since_enrollment,Age,Total_Amount,Frequency,Total_purchases
Graduate,58138.0,58,635,88,546,172,88,88,3,0,0,Alone,1,663,66,1617,6,22
Graduate,46344.0,38,11,1,6,2,1,6,2,0,2,Alone,3,113,69,27,0,4
Graduate,71613.0,26,426,49,127,111,21,42,1,0,0,Partner,2,312,58,776,0,20
Graduate,26646.0,26,11,4,20,10,3,5,2,0,1,Partner,3,139,39,53,0,6
Postgraduate,58293.0,94,173,43,118,46,27,15,5,0,1,Partner,3,161,42,422,0,14
Postgraduate,62513.0,16,520,42,98,0,42,14,2,0,1,Partner,3,293,56,716,0,20
Graduate,55635.0,34,235,65,164,50,49,27,4,0,1,Alone,2,593,52,590,0,17
Postgraduate,33454.0,32,76,10,56,3,1,23,2,0,1,Partner,3,417,38,169,0,8
Postgraduate,30351.0,19,14,0,24,3,3,2,1,0,1,Partner,3,388,49,46,6,5
Postgraduate,5648.0,68,28,0,6,1,1,13,1,0,2,Partner,4,108,73,49,3,1
Undergraduate,7500.0,59,6,16,11,11,1,16,1,0,0,Partner,2,593,47,61,0,5
Graduate,63033.0,82,194,61,480,225,112,30,1,0,0,Alone,1,226,64,1102,0,15
Postgraduate,59354.0,53,233,2,53,3,5,14,3,0,2,Alone,3,226,71,310,0,12
Graduate,17323.0,38,3,14,17,6,1,5,1,0,0,Partner,2,627,36,46,0,4
Postgraduate,82800.0,23,1006,22,115,59,68,45,1,0,0,Alone,1,582,77,1315,12,25
Graduate,41850.0,51,53,5,19,2,13,4,3,0,2,Partner,4,552,43,96,0,6
Graduate,37760.0,20,84,5,38,150,12,28,2,0,0,Partner,2,667,77,317,0,11
Postgraduate,76995.0,91,1012,80,498,0,16,176,2,0,1,Partner,3,458,74,1782,1,24
Undergraduate,33812.0,86,4,17,19,30,24,39,2,0,1,Alone,2,603,38,133,0,6
Graduate,37040.0,41,86,2,73,69,38,48,1,0,0,Partner,2,690,41,316,0,11
Graduate,2447.0,42,1,1,1725,1,1,1,15,0,1,Partner,3,539,44,1730,0,28
Postgraduate,58607.0,63,867,0,86,0,0,19,3,0,1,Partner,3,553,74,972,4,14
Postgraduate,65324.0,0,384,0,102,21,32,5,3,0,1,Partner,3,169,69,544,0,17
Graduate,40689.0,69,270,3,27,39,6,99,7,0,1,Partner,3,468,72,444,0,13
Graduate,18589.0,89,6,4,25,15,12,13,2,0,0,Alone,1,543,54,75,0,6
Graduate,53359.0,4,173,4,30,3,6,41,4,0,2,Partner,4,398,47,257,0,10
Graduate,38360.0,26,36,2,42,20,21,10,2,0,1,Partner,3,394,34,131,0,7
Postgraduate,84618.0,96,684,100,801,21,66,0,1,0,0,Partner,2,219,58,1672,5,25
Postgraduate,10979.0,34,8,4,10,2,2,4,2,0,0,Alone,1,38,34,30,0,6
Postgraduate,38620.0,56,112,17,44,34,22,89,1,0,0,Partner,2,414,60,318,0,10
Graduate,40548.0,31,110,0,5,2,0,3,2,0,1,Partner,3,627,53,120,4,7
Postgraduate,46610.0,8,96,12,96,33,22,43,6,0,2,Alone,3,608,71,302,6,11
Postgraduate,68657.0,4,482,34,471,119,68,22,1,0,0,Partner,2,494,77,1196,0,17
Postgraduate,49389.0,55,40,0,19,2,1,3,1,0,2,Alone,3,304,72,65,0,5
Postgraduate,67353.0,37,702,17,151,0,8,35,5,0,1,Partner,3,180,53,913,0,23
Undergraduate,23718.0,76,6,3,14,15,7,36,3,0,1,Partner,3,300,47,81,0,6
Graduate,42429.0,99,55,0,6,2,0,4,2,0,1,Alone,2,138,50,67,0,5
Postgraduate,48948.0,53,437,8,206,160,49,42,2,0,0,Alone,1,513,80,902,9,22
Graduate,80011.0,3,421,76,536,82,178,102,2,0,1,Partner,3,426,43,1395,0,19
Postgraduate,20559.0,88,13,1,29,3,0,7,2,0,1,Partner,3,474,38,53,0,5
Graduate,21994.0,4,9,0,6,3,1,3,1,0,1,Partner,3,552,66,22,0,3
Postgraduate,7500.0,19,3,1,10,3,2,12,3,0,1,Partner,3,270,48,31,0,5
Graduate,79941.0,72,123,164,266,227,30,174,1,0,0,Alone,1,1,47,984,0,15
Undergraduate,7500.0,24,3,18,14,15,22,50,3,0,0,Partner,2,597,27,122,6,7
Graduate,41728.0,92,13,6,15,3,5,13,1,0,1,Partner,3,401,55,55,0,4
Postgraduate,72550.0,39,826,50,317,50,38,38,9,0,2,Partner,4,598,69,1319,0,19
Graduate,65486.0,29,245,19,125,37,67,14,1,0,1,Alone,2,48,66,507,0,16
Postgraduate,79143.0,2,650,37,780,27,167,32,1,0,0,Partner,2,687,59,1693,0,28
Graduate,35790.0,54,12,6,20,30,1,3,2,0,1,Alone,2,543,46,72,0,5
Graduate,82582.0,54,510,120,550,156,40,241,1,0,0,Alone,1,22,46,1617,10,20
Graduate,66373.0,57,328,9,124,12,24,109,7,0,2,Partner,4,382,45,606,0,16
Postgraduate,82384.0,55,984,51,432,180,120,190,1,0,0,Partner,2,587,68,1957,11,26
Graduate,70287.0,30,295,35,482,121,120,40,1,0,0,Alone,1,453,57,1093,6,20
Graduate,27938.0,31,13,0,8,2,1,5,1,0,1,Alone,2,62,35,29,0,5
Postgraduate,55954.0,63,447,0,28,0,0,43,3,0,1,Partner,3,118,55,518,0,16
Postgraduate,75777.0,12,712,26,538,69,13,80,1,0,0,Alone,1,360,41,1438,15,20
Graduate,66653.0,18,452,18,102,16,18,6,4,0,2,Partner,4,660,48,612,0,18
Graduate,61823.0,26,523,7,134,37,14,169,4,0,1,Alone,2,496,71,884,0,20
Postgraduate,67680.0,8,546,0,48,0,6,6,1,0,1,Alone,2,383,72,606,0,18
Graduate,70666.0,29,398,40,367,119,122,30,1,0,0,Partner,2,205,75,1076,0,15
Graduate,25721.0,75,1,3,6,3,6,15,1,0,1,Partner,3,404,52,34,6,4
Graduate,32474.0,0,10,0,1,0,0,0,1,0,2,Partner,4,49,56,11,0,3
Undergraduate,88194.0,19,688,14,309,201,24,38,1,0,1,Alone,2,102,44,1274,10,31
Graduate,69096.0,4,247,49,159,7,82,109,1,0,1,Partner,3,275,65,653,0,17
Graduate,74854.0,90,856,59,487,58,29,73,7,0,3,Partner,5,447,53,1562,0,12
Postgraduate,66991.0,1,496,36,460,189,60,12,3,0,0,Partner,2,656,69,1253,0,18
Graduate,65031.0,29,258,107,291,84,37,86,4,0,1,Partner,3,469,64,863,0,26
Postgraduate,60631.0,88,565,6,65,0,6,19,5,0,2,Partner,4,450,48,661,4,19
Graduate,28332.0,58,14,10,13,4,15,9,1,0,0,Partner,2,60,71,65,0,7
Graduate,40246.0,68,2,1,6,2,1,1,1,0,1,Alone,2,557,46,13,0,3
Postgraduate,75251.0,34,721,111,925,97,18,18,1,0,0,Partner,2,671,51,1890,6,18
Graduate,75825.0,40,1032,105,779,137,105,51,0,0,0,Alone,1,625,47,2209,9,22
Undergraduate,26326.0,12,1,0,5,0,3,9,1,1,0,Partner,2,298,47,18,0,3
Graduate,56046.0,9,577,0,64,0,0,51,2,0,0,Partner,2,543,58,692,9,19
Graduate,29760.0,87,64,4,68,7,5,17,4,0,1,Alone,2,669,38,165,0,8
Graduate,26304.0,5,4,1,5,2,0,4,1,0,1,Partner,3,371,54,16,0,3
Undergraduate,23559.0,87,25,5,19,7,0,23,3,0,1,Partner,3,361,50,79,0,6
Postgraduate,38620.0,56,112,17,44,34,22,89,1,0,0,Partner,2,414,60,318,0,10
Graduate,81361.0,18,163,23,424,27,65,76,1,0,0,Alone,1,124,36,778,0,26
Graduate,29440.0,95,17,8,14,10,4,3,2,0,2,Partner,4,322,63,56,0,5
Postgraduate,36138.0,48,130,0,16,0,0,5,5,0,2,Partner,4,348,53,151,4,8
Graduate,50388.0,3,292,6,37,0,3,34,4,0,1,Alone,2,32,66,372,11,13
Graduate,79593.0,70,350,60,568,110,133,145,1,0,0,Partner,2,48,50,1366,5,18
Graduate,54178.0,79,135,9,39,4,0,7,1,0,1,Partner,3,159,56,194,0,9
Postgraduate,42394.0,69,15,2,10,0,1,4,1,0,1,Alone,2,98,51,32,0,4
Postgraduate,23626.0,84,27,2,14,0,0,0,3,0,1,Partner,3,36,53,43,0,7
Graduate,30096.0,30,5,3,11,12,5,9,1,0,1,Partner,3,38,40,45,0,5
Graduate,47916.0,72,505,0,26,0,0,75,5,0,1,Alone,2,584,63,606,4,17
Graduate,51813.0,37,51,2,7,0,1,2,2,0,2,Alone,3,444,51,63,0,5
Undergraduate,78497.0,44,207,26,447,75,0,223,1,0,0,Partner,2,210,72,978,1,24
Postgraduate,50150.0,32,135,46,92,65,61,11,2,0,0,Partner,2,374,40,410,0,14
Undergraduate,47823.0,0,53,1,5,2,1,10,2,0,1,Alone,2,341,63,72,0,5
Postgraduate,34554.0,43,41,1,6,2,0,5,2,0,1,Alone,2,91,64,55,0,5
Graduate,85693.0,59,386,172,183,185,132,111,2,0,1,Partner,3,435,44,1169,0,25
Postgraduate,65846.0,68,562,81,276,80,40,81,1,0,0,Partner,2,408,78,1120,0,15
Graduate,87195.0,35,217,76,690,50,26,38,1,0,0,Partner,2,52,64,1097,6,19
Undergraduate,24594.0,94,1,3,6,10,0,9,1,0,1,Partner,3,201,44,29,0,4
Graduate,49096.0,15,144,1,32,2,1,7,4,0,2,Partner,4,278,59,187,0,9
Graduate,52413.0,56,295,106,271,75,98,65,4,0,2,Partner,4,512,54,910,0,22
Graduate,38557.0,17,76,3,31,4,4,27,2,0,1,Alone,2,557,45,145,0,7
Postgraduate,89058.0,18,454,194,106,31,22,43,1,0,0,Partner,2,569,63,850,0,13
Graduate,77298.0,46,425,115,292,23,35,79,1,0,1,Partner,3,239,44,969,0,23
Postgraduate,68126.0,40,1332,17,311,23,51,86,1,0,0,Alone,1,596,32,1820,10,16
Postgraduate,57288.0,27,527,0,21,0,0,60,3,0,1,Partner,3,4,60,608,4,17
Graduate,86037.0,95,490,44,125,29,20,22,1,0,0,Alone,1,543,32,730,15,24
Postgraduate,43974.0,19,378,0,101,0,0,72,5,0,1,Partner,3,564,43,551,0,16
Graduate,50785.0,27,64,1,21,0,1,27,2,0,2,Alone,3,292,61,114,0,6
Graduate,90765.0,25,547,99,812,151,82,33,0,0,0,Partner,2,156,53,1724,6,15
Undergraduate,36550.0,74,47,90,94,123,103,120,5,0,1,Partner,3,495,45,577,0,15
Undergraduate,30753.0,85,12,5,25,0,9,30,2,0,2,Partner,4,353,56,81,0,5
Graduate,21918.0,37,1,6,7,11,5,3,2,0,1,Partner,3,227,54,33,0,5
Postgraduate,56129.0,65,320,48,133,39,72,48,4,0,1,Partner,3,374,70,660,0,18
Postgraduate,32557.0,13,34,3,29,0,4,10,3,0,1,Alone,2,125,56,80,6,6
Postgraduate,19510.0,63,9,0,7,3,4,7,2,0,2,Partner,4,298,38,30,0,4
Graduate,30992.0,83,17,0,14,7,3,2,1,0,1,Alone,2,433,47,43,0,4
Graduate,101970.0,69,722,27,102,44,72,168,0,0,0,Alone,1,474,40,1135,16,27
Undergraduate,71488.0,87,162,33,124,40,28,172,2,0,0,Partner,2,496,58,559,0,14
Graduate,79607.0,37,450,133,951,173,0,216,1,0,0,Alone,1,434,39,1923,6,15
Postgraduate,54348.0,51,70,0,16,0,0,4,2,0,2,Partner,4,21,70,90,0,6
Postgraduate,77376.0,72,492,19,110,16,12,12,4,0,2,Partner,4,50,67,661,0,19
Graduate,62998.0,10,120,58,73,65,89,58,5,0,1,Partner,3,272,71,463,0,14
Postgraduate,61331.0,42,534,5,47,0,5,41,5,0,2,Alone,3,476,65,632,0,18
Graduate,73448.0,10,236,106,189,23,41,130,1,0,0,Partner,2,139,54,725,0,18
Postgraduate,41551.0,51,220,0,33,3,0,23,5,0,2,Partner,4,319,59,279,0,11
Postgraduate,62981.0,21,796,14,590,38,44,0,1,0,0,Partner,2,469,56,1482,4,22
Undergraduate,9548.0,31,0,1,3,10,6,9,2,0,1,Alone,2,690,47,29,0,4
Postgraduate,33762.0,61,53,1,34,2,0,16,3,0,3,Partner,5,357,64,106,0,6
Postgraduate,35860.0,37,15,0,8,4,2,20,2,0,2,Alone,3,41,50,49,9,4
Postgraduate,36921.0,74,17,1,12,3,1,4,2,0,2,Alone,3,336,58,38,0,5
Postgraduate,92859.0,46,962,61,921,52,61,20,1,0,0,Alone,1,618,31,2077,0,21
Postgraduate,65104.0,4,738,0,232,13,20,50,2,0,1,Partner,3,227,47,1053,6,15
Graduate,86111.0,73,399,28,756,36,40,126,1,0,0,Partner,2,436,61,1385,0,22
Postgraduate,68352.0,47,614,16,132,43,33,33,3,0,1,Alone,2,305,49,871,0,22
Graduate,41883.0,13,32,34,41,73,16,116,3,0,1,Partner,3,467,35,312,0,9
Graduate,59809.0,36,598,16,141,32,41,49,3,0,2,Partner,4,619,47,877,0,12
Graduate,23957.0,47,2,1,18,20,11,16,1,0,1,Partner,3,609,48,68,6,5
Graduate,38547.0,49,6,1,10,0,1,4,1,1,1,Partner,3,305,42,22,0,3
Undergraduate,35688.0,94,73,3,90,12,1,32,7,0,3,Partner,5,676,50,211,0,9
Postgraduate,49605.0,65,42,16,29,12,20,8,1,0,0,Partner,2,8,57,127,0,7
Postgraduate,59354.0,59,295,21,78,39,13,13,1,0,2,Partner,4,66,70,459,0,15
Graduate,65747.0,96,346,17,48,23,13,13,4,0,1,Partner,3,114,54,460,4,15
Undergraduate,46344.0,28,233,20,57,8,20,91,4,0,1,Partner,3,562,51,429,0,13
Graduate,34176.0,12,5,7,24,19,14,20,4,0,1,Alone,2,48,35,89,0,7
Postgraduate,61010.0,57,888,0,57,0,0,76,2,0,1,Partner,3,628,71,1021,0,24
Graduate,69372.0,10,997,26,269,34,13,42,1,0,0,Partner,2,495,74,1381,15,20
Graduate,49967.0,4,212,6,69,4,12,3,3,0,1,Alone,2,356,65,306,0,12
Graduate,60199.0,49,8,1,7,2,0,0,1,0,3,Alone,4,290,45,18,0,3
Graduate,55375.0,3,42,11,57,10,28,14,1,0,1,Partner,3,255,46,162,0,8
Graduate,80317.0,64,536,11,387,149,91,57,1,0,0,Alone,1,313,68,1231,0,17
Postgraduate,30523.0,0,5,0,3,0,0,5,1,0,3,Alone,4,363,65,13,0,3
Postgraduate,70356.0,20,1349,16,249,43,16,33,2,0,0,Partner,2,601,78,1706,0,25
Graduate,23228.0,91,53,3,49,7,4,5,4,0,1,Partner,3,175,39,121,0,7
Postgraduate,74165.0,9,1001,12,240,16,12,12,1,0,0,Alone,1,424,48,1293,0,19
Postgraduate,157243.0,98,20,2,1582,1,2,1,15,0,1,Partner,3,120,50,1608,0,22
Graduate,43482.0,83,18,1,32,6,3,28,3,0,3,Partner,5,228,57,88,0,6
Graduate,62551.0,27,125,16,98,134,21,27,1,0,0,Alone,1,223,70,421,3,17
Graduate,52332.0,63,212,5,33,7,0,2,1,0,0,Alone,1,305,64,259,4,11
Graduate,66951.0,46,277,162,305,173,76,124,1,0,0,Alone,1,239,35,1117,0,14
Graduate,26091.0,84,15,10,19,8,17,20,3,0,2,Partner,4,124,66,89,0,6
Graduate,33456.0,58,7,3,10,8,1,7,2,0,2,Partner,4,69,58,36,0,4
Graduate,28718.0,78,12,4,6,11,8,16,2,0,1,Partner,3,351,41,57,0,5
Graduate,50447.0,4,85,7,24,2,3,27,1,0,2,Partner,4,69,53,148,0,7
Postgraduate,53537.0,17,81,0,6,0,0,6,2,0,2,Partner,4,150,64,93,0,6
Graduate,52074.0,77,59,0,12,0,0,48,1,0,1,Alone,2,86,56,119,3,6
Postgraduate,80427.0,56,1149,71,449,69,71,26,1,0,1,Partner,3,655,48,1835,0,27
Postgraduate,83837.0,79,847,66,119,86,89,111,1,0,0,Partner,2,560,75,1318,11,24
Postgraduate,38853.0,90,29,0,14,0,0,2,2,0,2,Partner,4,37,53,45,0,5
Graduate,38285.0,96,2,0,5,2,0,1,1,0,3,Partner,5,5,64,10,0,3
Undergraduate,78497.0,44,207,26,447,75,0,223,1,0,0,Partner,2,210,72,978,1,24
Postgraduate,51650.0,81,152,3,22,2,5,7,1,0,1,Partner,3,49,47,191,0,9
Undergraduate,16248.0,77,12,11,10,3,12,9,3,0,1,Partner,3,50,35,57,0,6
Postgraduate,66835.0,21,620,26,195,34,17,141,1,0,0,Partner,2,274,77,1033,0,23
Postgraduate,30477.0,16,47,1,6,0,0,12,1,0,1,Partner,3,158,39,66,0,5
Undergraduate,28249.0,80,1,9,7,2,14,10,1,0,0,Partner,2,14,62,43,0,5
Graduate,25271.0,45,10,1,18,10,4,7,1,0,1,Partner,3,571,40,50,0,4
Postgraduate,32303.0,63,35,0,2,0,0,2,2,0,1,Alone,2,113,53,39,0,5
Graduate,61286.0,34,356,0,107,19,9,117,2,0,1,Partner,3,331,57,608,0,16
Graduate,74068.0,14,783,30,537,140,76,15,1,0,0,Partner,2,467,47,1581,0,23
Postgraduate,45759.0,13,42,1,18,3,0,4,2,0,2,Partner,4,491,59,68,0,5
Undergraduate,24882.0,52,1,4,10,29,0,36,1,0,1,Partner,3,658,45,80,3,4
Postgraduate,66973.0,98,466,22,432,147,113,102,1,0,0,Partner,2,408,34,1282,0,27
Undergraduate,36640.0,99,15,6,8,7,4,25,1,1,1,Alone,2,276,123,65,0,5
Graduate,38872.0,93,23,3,21,3,19,22,2,0,1,Partner,3,395,35,91,0,6
Graduate,51148.0,38,235,6,45,8,9,12,4,0,2,Partner,4,496,50,315,0,12
Graduate,31353.0,24,10,0,10,3,1,7,2,0,2,Partner,4,182,46,31,0,4
Postgraduate,69661.0,80,656,16,106,32,16,8,1,0,0,Partner,2,47,43,834,0,22
Graduate,80067.0,82,519,17,813,27,173,51,1,0,0,Partner,2,283,69,1600,5,16
Graduate,86718.0,20,344,189,482,50,33,172,1,0,0,Partner,2,528,69,1270,0,16
Postgraduate,46854.0,81,96,1,79,7,1,79,6,0,2,Alone,3,90,50,263,9,9
Graduate,69142.0,50,448,4,34,6,4,39,3,0,1,Alone,2,0,71,535,4,16
Graduate,75922.0,60,265,138,553,224,23,92,1,0,0,Alone,1,202,55,1295,0,17
Graduate,63693.0,63,587,43,337,42,87,54,3,0,1,Alone,2,258,45,1150,0,26
Postgraduate,102160.0,54,763,29,138,76,176,58,0,0,0,Partner,2,604,46,1240,16,26
Postgraduate,40637.0,72,22,0,13,0,0,3,2,0,2,Alone,3,347,58,38,0,4
Postgraduate,18890.0,5,6,4,1,7,2,15,1,0,0,Alone,1,596,39,35,9,3
Graduate,29604.0,88,7,6,13,7,6,14,1,0,1,Partner,3,203,35,53,3,4
Postgraduate,48721.0,50,81,18,113,47,13,21,6,0,2,Alone,3,412,60,293,0,11
Graduate,44794.0,99,54,0,7,0,0,4,1,0,1,Partner,3,21,57,65,0,5
Graduate,64497.0,17,1170,48,320,42,32,192,5,0,1,Alone,2,657,69,1804,9,24
Graduate,46097.0,11,72,24,68,65,4,8,5,0,1,Partner,3,455,67,241,0,10
Graduate,77972.0,18,613,22,319,33,102,12,1,0,0,Partner,2,103,69,1101,0,19
Postgraduate,44377.0,70,224,0,30,0,0,10,8,0,2,Partner,4,632,55,264,0,11
Postgraduate,46014.0,21,410,0,59,19,9,44,10,0,2,Partner,4,524,49,541,0,16
Graduate,70951.0,66,239,10,554,254,87,54,1,0,0,Partner,2,421,38,1198,0,16
Graduate,41443.0,79,171,7,171,25,19,89,6,0,1,Partner,3,89,46,482,0,14
Undergraduate,52195.0,2,12,0,4,0,0,1,1,0,3,Alone,4,48,45,17,0,3
Postgraduate,83790.0,81,1076,16,417,42,48,16,1,0,0,Partner,2,226,75,1615,9,24
Postgraduate,44551.0,24,182,4,33,0,0,66,2,0,1,Alone,2,302,69,285,0,10
Graduate,69508.0,48,824,32,162,42,32,43,2,0,1,Partner,3,592,43,1135,0,26
Undergraduate,45204.0,93,30,11,25,29,1,18,1,0,1,Partner,3,79,35,114,0,6
Graduate,72460.0,56,377,10,540,80,30,10,1,0,0,Partner,2,227,54,1047,0,15
Postgraduate,77622.0,3,520,7,154,19,0,14,2,0,2,Partner,4,76,53,714,0,20
Postgraduate,30732.0,44,155,1,25,0,1,3,4,0,1,Partner,3,540,43,185,0,9
Graduate,63887.0,38,897,23,207,15,11,92,5,0,1,Alone,2,659,61,1245,0,27
Graduate,42011.0,46,131,0,16,2,1,39,4,0,1,Partner,3,460,45,189,0,8
Graduate,51369.0,84,297,7,79,0,11,182,2,0,1,Partner,3,612,47,576,0,14
Graduate,51537.0,27,787,20,204,0,0,92,3,0,1,Alone,2,567,71,1103,0,15
Postgraduate,79930.0,72,792,86,740,67,51,17,1,0,0,Partner,2,690,51,1753,0,16
Postgraduate,34320.0,66,4,1,9,3,0,0,1,0,1,Partner,3,133,37,17,0,3
Graduate,37070.0,30,231,7,137,4,15,39,9,0,2,Alone,3,466,57,433,6,14
Undergraduate,81975.0,2,983,76,184,180,138,27,1,0,1,Alone,2,540,61,1588,5,13
Graduate,38590.0,65,3,1,8,4,3,3,1,0,1,Partner,3,410,52,22,0,3
Graduate,15033.0,37,0,4,5,6,0,4,1,0,0,Alone,1,74,72,19,0,4
Postgraduate,62745.0,89,562,21,464,28,10,32,3,0,1,Partner,3,463,58,1117,0,26
Undergraduate,22212.0,49,5,9,20,6,8,21,2,0,1,Partner,3,202,48,69,0,6
Postgraduate,23661.0,46,18,0,4,0,0,1,1,0,1,Partner,3,207,41,23,0,4
Postgraduate,79761.0,32,415,5,124,15,35,11,1,0,1,Alone,2,268,65,605,0,18
Graduate,7500.0,54,5,3,10,12,7,20,4,0,1,Alone,2,185,50,57,0,7
Undergraduate,60182.0,23,8,0,5,7,0,2,1,0,1,Alone,2,43,130,22,0,3
Graduate,73455.0,98,901,61,757,186,163,20,1,0,0,Alone,1,244,55,2088,4,21
Graduate,64961.0,97,382,114,276,75,124,38,2,0,1,Partner,3,553,65,1009,0,14
Graduate,22804.0,75,14,1,7,2,1,1,1,0,1,Alone,2,333,52,26,0,4
Graduate,73687.0,8,559,153,503,218,13,181,1,0,0,Partner,2,213,33,1627,7,21
Graduate,61074.0,37,789,0,133,0,28,152,7,0,1,Partner,3,681,65,1102,0,24
Postgraduate,31686.0,31,11,0,5,0,0,1,2,0,2,Partner,4,24,59,17,0,4
Graduate,80134.0,40,1218,16,272,104,0,80,2,0,1,Partner,3,405,51,1690,16,14
Graduate,75027.0,74,925,64,179,133,12,77,2,0,1,Partner,3,536,70,1390,0,19
Postgraduate,67546.0,90,864,134,768,150,38,172,1,0,0,Partner,2,667,35,2126,0,19
Postgraduate,65176.0,57,960,28,183,220,70,70,4,0,1,Partner,3,608,54,1531,0,21
Postgraduate,31160.0,59,16,3,25,6,1,13,2,0,1,Alone,2,286,48,64,0,5
Graduate,29938.0,52,3,3,7,0,2,11,2,0,1,Alone,2,245,38,26,0,4
Graduate,102692.0,5,168,148,444,32,172,148,1,0,0,Alone,1,450,49,1112,18,28
Undergraduate,26490.0,92,45,47,52,21,20,25,2,0,0,Partner,2,645,65,210,0,9
Graduate,75702.0,77,650,28,353,45,42,30,5,0,2,Partner,4,669,56,1148,0,21
Postgraduate,30899.0,35,24,0,8,0,0,1,2,0,1,Alone,2,624,49,33,0,4
Postgraduate,63342.0,48,918,21,118,13,10,21,3,0,1,Partner,3,621,62,1101,4,16
Graduate,45989.0,97,138,33,87,28,24,12,4,0,1,Alone,2,615,59,322,0,12
Graduate,18701.0,95,12,4,2,10,6,10,4,0,2,Alone,3,390,59,44,0,6
Postgraduate,40737.0,24,11,0,4,0,0,2,1,0,3,Alone,4,203,66,17,0,3
Graduate,15287.0,60,1,2,8,4,3,13,2,0,1,Alone,2,627,44,31,9,4
Postgraduate,69674.0,46,554,41,215,11,0,24,3,0,2,Alone,3,403,55,845,0,22
Postgraduate,44159.0,85,167,2,62,24,13,7,4,0,1,Partner,3,12,53,275,0,11
Postgraduate,37717.0,31,9,0,6,4,1,5,1,0,1,Partner,3,583,45,25,0,3
Postgraduate,43776.0,9,177,2,71,3,2,20,6,0,2,Partner,4,511,71,275,6,11
Postgraduate,38179.0,30,38,4,22,4,2,20,4,0,2,Partner,4,472,57,90,0,7
Graduate,80124.0,47,483,84,398,205,84,241,1,0,0,Partner,2,3,60,1495,3,18
Postgraduate,38097.0,70,77,2,35,0,1,69,4,0,2,Partner,4,622,53,184,9,7
Graduate,72940.0,13,182,74,298,162,149,116,1,0,0,Partner,2,375,53,981,0,12
Graduate,22070.0,11,10,7,19,8,2,21,2,0,1,Partner,3,268,53,67,0,6
Graduate,69267.0,31,778,44,499,95,73,146,2,0,0,Alone,1,645,70,1635,6,12
Postgraduate,31788.0,15,16,7,23,0,8,6,3,1,1,Alone,2,101,40,60,0,7
Postgraduate,61905.0,2,167,0,43,6,2,13,2,0,1,Partner,3,145,48,231,0,10
Graduate,29315.0,55,13,2,14,8,7,4,4,0,2,Partner,4,84,63,48,0,6
Graduate,33378.0,38,33,6,40,3,7,10,3,0,2,Alone,3,508,60,99,0,6
Postgraduate,66313.0,86,625,7,99,10,22,7,2,0,1,Partner,3,286,60,770,0,21
Graduate,60714.0,56,216,162,224,101,92,162,2,0,0,Alone,1,528,67,957,6,21
Postgraduate,77882.0,29,68,129,396,188,22,15,1,0,0,Partner,2,60,42,818,0,11
Postgraduate,69867.0,30,196,0,512,33,130,54,1,0,0,Alone,1,453,37,925,7,16
Postgraduate,63841.0,64,635,15,100,20,7,131,1,0,1,Alone,2,434,55,908,0,21
Undergraduate,24480.0,46,4,19,9,28,25,17,3,0,1,Partner,3,503,42,102,0,7
Graduate,51369.0,84,297,7,79,0,11,182,2,0,1,Partner,3,612,47,576,0,14
Graduate,37760.0,20,84,5,38,150,12,28,2,0,0,Partner,2,667,77,317,0,11
Postgraduate,65640.0,74,204,7,149,20,15,66,1,0,1,Partner,3,120,49,461,0,14
Postgraduate,44319.0,18,26,0,8,0,0,3,2,0,2,Partner,4,73,48,37,0,5
Graduate,30631.0,75,15,6,20,4,5,20,1,0,1,Partner,3,352,49,70,0,6
Graduate,75278.0,17,304,98,230,150,74,74,1,0,0,Partner,2,516,71,930,0,22
Postgraduate,50898.0,88,285,28,242,55,114,135,13,0,2,Partner,4,537,67,859,0,20
Graduate,79946.0,19,395,183,565,166,141,28,1,0,0,Alone,1,48,57,1478,0,21
Postgraduate,35416.0,62,248,3,81,4,3,51,3,0,0,Alone,1,381,74,390,0,13
Undergraduate,32414.0,11,20,6,5,0,9,12,1,0,0,Partner,2,360,39,52,3,4
Graduate,38361.0,74,39,0,56,20,8,14,3,0,1,Partner,3,184,54,137,0,7
Graduate,82497.0,32,777,129,573,216,21,203,1,0,0,Partner,2,606,43,1919,5,18
Graduate,16626.0,76,8,3,22,21,1,13,3,0,2,Partner,4,165,52,68,0,6
Graduate,29672.0,6,9,1,3,0,4,8,1,0,2,Partner,4,474,58,25,0,3
Postgraduate,55951.0,62,1241,0,80,0,13,40,3,0,1,Partner,3,675,71,1374,6,20
Undergraduate,35388.0,20,6,4,7,4,3,8,1,0,1,Alone,2,479,35,32,0,4
Postgraduate,42386.0,43,65,4,16,0,4,11,1,0,1,Partner,3,532,37,100,0,6
Graduate,68627.0,45,395,15,263,60,54,38,1,0,0,Alone,1,533,41,825,0,11
Postgraduate,57912.0,34,801,0,80,0,0,35,5,0,1,Alone,2,104,58,916,4,23
Graduate,35246.0,53,36,0,12,2,2,10,4,0,2,Alone,3,74,65,62,0,7
Undergraduate,58821.0,44,513,14,154,19,0,28,1,0,1,Partner,3,260,67,728,0,20
Postgraduate,46377.0,89,37,0,46,4,3,0,1,0,1,Partner,3,120,45,90,0,6
Graduate,39747.0,43,80,15,93,20,13,52,3,0,1,Alone,2,77,35,273,0,10
Graduate,23976.0,68,14,1,21,2,3,25,3,0,1,Partner,3,184,39,66,0,7
Postgraduate,80950.0,44,525,147,112,219,147,63,1,0,0,Partner,2,458,62,1213,1,22
Graduate,27038.0,64,1,26,25,17,23,15,1,0,0,Alone,1,649,57,107,6,6
Graduate,77457.0,85,675,11,400,15,45,11,1,0,0,Alone,1,116,76,1157,5,17
Postgraduate,64100.0,93,509,0,27,0,0,10,1,0,1,Partner,3,292,59,546,4,17
Postgraduate,42670.0,12,154,2,46,20,4,15,1,0,0,Partner,2,428,31,241,0,10
Graduate,12571.0,86,3,5,14,2,12,17,4,0,1,Alone,2,162,47,53,0,7
Graduate,22574.0,28,25,0,8,2,0,2,2,0,3,Partner,5,244,56,37,0,5
Postgraduate,70893.0,42,768,44,561,77,44,14,1,0,0,Alone,1,508,47,1508,0,22
Graduate,54198.0,13,185,0,28,3,2,17,6,0,2,Partner,4,194,57,235,0,10
Postgraduate,28839.0,86,24,0,7,0,0,1,2,0,2,Partner,4,110,67,32,0,5
Graduate,40321.0,59,44,4,21,6,0,27,2,0,2,Partner,4,335,51,102,0,6
Graduate,66503.0,30,91,64,128,65,3,50,2,0,1,Alone,2,684,38,401,0,13
Graduate,30833.0,33,11,0,7,3,1,6,2,0,2,Partner,4,348,72,28,0,4
Graduate,64795.0,23,412,5,119,38,29,77,3,0,1,Partner,3,528,52,680,0,18
Graduate,34421.0,81,3,3,7,6,2,9,1,0,1,Partner,3,363,49,30,0,3
Postgraduate,47025.0,6,16,0,3,0,0,1,1,0,2,Alone,3,140,58,20,0,3
Postgraduate,64325.0,41,731,60,353,78,12,73,5,0,1,Alone,2,507,62,1307,0,18
Graduate,40464.0,78,424,17,118,7,23,41,6,0,1,Alone,2,534,70,630,0,18
Graduate,62187.0,49,792,0,275,45,45,126,1,0,0,Partner,2,359,66,1283,0,17
Postgraduate,14849.0,39,21,2,28,3,2,9,3,0,1,Alone,2,362,47,65,0,6
Graduate,27255.0,3,22,1,11,0,1,2,1,0,1,Partner,3,234,39,37,0,4
Postgraduate,54432.0,37,33,0,5,0,0,0,1,0,3,Partner,5,416,73,38,0,4
Postgraduate,29999.0,22,68,7,59,10,5,11,4,0,1,Alone,2,501,37,160,0,8
Graduate,24072.0,79,9,1,6,3,0,4,1,0,1,Alone,2,439,40,23,0,3
Postgraduate,33996.0,46,40,2,15,8,0,6,1,0,0,Alone,1,291,34,71,0,5
Postgraduate,66334.0,82,909,11,218,0,0,23,2,0,1,Partner,3,452,67,1161,6,17
Postgraduate,35178.0,10,23,1,13,2,2,18,1,0,1,Partner,3,535,52,59,9,4
Graduate,22010.0,51,11,2,9,3,0,8,2,0,1,Partner,3,364,40,33,0,5
Graduate,62204.0,38,317,46,247,151,46,139,1,0,2,Alone,3,655,63,946,0,21
Graduate,75693.0,10,797,153,293,72,97,30,1,0,0,Alone,1,570,55,1442,16,21
Graduate,30675.0,14,10,2,16,11,2,21,1,0,1,Partner,3,594,51,62,0,4
Graduate,83003.0,18,856,61,570,40,25,122,1,0,0,Partner,2,483,58,1674,11,21
Postgraduate,83532.0,36,755,144,562,104,64,224,1,0,0,Partner,2,276,124,1853,5,14
Graduate,68655.0,95,456,19,832,75,118,38,1,0,0,Alone,1,688,35,1538,0,20
Graduate,41411.0,11,37,32,38,11,3,18,1,0,0,Alone,1,204,37,139,0,7
Postgraduate,55212.0,65,1103,0,45,0,0,34,3,0,1,Partner,3,583,54,1182,6,17
Postgraduate,59292.0,71,378,14,68,19,14,14,2,0,1,Partner,3,381,73,507,0,16
Undergraduate,27190.0,13,1,6,7,0,1,3,1,0,1,Partner,3,318,50,18,9,3
Graduate,82623.0,58,204,34,204,172,153,173,1,0,0,Alone,1,231,71,940,0,15
Graduate,44300.0,65,30,0,9,0,0,3,2,0,2,Partner,4,371,58,42,0,4
Graduate,84835.0,0,189,104,379,111,189,218,1,0,0,Alone,1,13,53,1190,6,14
Graduate,30372.0,33,15,0,12,7,3,7,3,0,2,Alone,3,551,52,44,0,5
Postgraduate,33181.0,90,9,0,3,0,0,4,1,0,1,Partner,3,177,47,16,3,3
Graduate,71113.0,95,495,33,255,11,33,8,4,0,1,Partner,3,194,66,835,0,22
Graduate,71952.0,93,656,80,455,52,107,93,2,0,1,Partner,3,535,37,1443,8,20
Postgraduate,69759.0,38,452,20,514,13,30,0,3,0,0,Alone,1,244,57,1029,6,15
Graduate,72099.0,18,546,91,410,119,0,22,1,0,0,Partner,2,610,49,1188,0,17
Postgraduate,60000.0,57,1048,0,217,0,0,12,5,0,1,Alone,2,554,47,1277,0,19
Graduate,38643.0,45,22,2,14,0,1,10,2,1,2,Alone,3,212,45,49,0,5
Graduate,50737.0,61,78,0,11,0,0,10,1,0,1,Partner,3,414,68,99,4,6
Postgraduate,68462.0,6,561,64,785,84,128,48,1,0,0,Partner,2,564,54,1670,0,14
Postgraduate,65073.0,65,629,17,177,69,0,8,1,1,0,Partner,2,313,80,900,0,13
Postgraduate,46681.0,52,269,15,69,15,19,38,2,0,2,Partner,4,264,75,425,0,14
Graduate,78618.0,87,736,163,818,212,163,61,1,0,0,Partner,2,639,66,2153,4,21
Postgraduate,62187.0,38,512,0,83,0,0,41,3,0,1,Alone,2,99,54,636,0,18
Graduate,28442.0,53,19,3,10,11,8,6,3,0,2,Partner,4,125,45,57,0,7
Postgraduate,37717.0,31,9,0,6,4,1,5,1,0,1,Partner,3,583,45,25,0,3
Graduate,51479.0,67,247,8,160,6,8,65,7,0,2,Partner,4,548,56,494,0,15
Graduate,54803.0,65,404,0,92,28,27,142,2,0,1,Alone,2,677,54,693,0,17
Graduate,79530.0,64,333,0,815,129,42,29,1,0,0,Partner,2,408,63,1348,0,25
Graduate,31615.0,82,2,3,20,6,11,9,2,0,1,Alone,2,470,47,51,0,5
Graduate,72025.0,27,833,33,549,151,133,233,1,0,0,Partner,2,589,61,1932,0,15
Postgraduate,52614.0,63,789,0,142,12,9,38,2,0,1,Alone,2,575,48,990,0,14
Undergraduate,35684.0,66,10,4,7,0,6,3,1,0,1,Partner,3,68,39,30,0,4
Graduate,48178.0,69,159,4,45,6,2,38,6,0,2,Partner,4,609,48,254,0,10
Postgraduate,29548.0,52,7,1,6,3,1,11,1,0,1,Alone,2,304,53,29,3,4
Graduate,63810.0,45,977,12,253,16,12,101,4,0,1,Alone,2,595,57,1371,4,19
Postgraduate,38578.0,2,38,4,22,3,3,3,3,0,2,Alone,3,372,51,73,6,6
Postgraduate,46098.0,86,57,0,27,0,0,36,4,0,2,Alone,3,680,48,120,0,7
Graduate,22585.0,23,3,9,15,13,2,39,1,0,0,Alone,1,468,53,81,9,4
Graduate,30279.0,13,10,4,14,4,4,1,1,0,1,Alone,2,546,34,37,0,4
Postgraduate,66426.0,14,1043,24,97,32,24,157,2,0,1,Partner,3,270,62,1377,0,18
Graduate,30822.0,92,3,9,13,2,12,12,1,0,1,Alone,2,380,54,51,0,4
Postgraduate,33581.0,38,11,0,5,0,0,1,1,0,2,Partner,4,537,54,17,0,3
Graduate,19986.0,74,3,6,5,0,2,6,1,0,1,Partner,3,227,38,22,0,3
Graduate,27421.0,14,43,12,96,78,40,55,3,0,0,Alone,1,564,69,324,0,11
Undergraduate,35688.0,94,73,3,90,12,1,32,7,0,3,Partner,5,676,50,211,0,9
Postgraduate,36143.0,33,12,0,1,0,0,6,1,0,1,Alone,2,91,42,19,0,3
Graduate,10245.0,32,4,7,7,6,4,13,3,0,1,Alone,2,410,52,41,0,5
Postgraduate,43795.0,11,314,11,53,4,3,107,3,0,1,Partner,3,256,55,492,10,14
Graduate,63381.0,78,571,50,142,33,50,159,4,0,1,Partner,3,632,63,1005,0,22
Graduate,38823.0,56,70,0,11,2,8,23,1,0,1,Partner,3,668,74,114,0,6
Postgraduate,83664.0,57,866,21,151,28,21,86,3,0,2,Alone,3,417,55,1173,0,16
Graduate,90300.0,7,594,134,786,33,134,57,0,0,0,Partner,2,177,44,1738,5,19
Postgraduate,62499.0,0,140,4,61,0,13,4,2,0,1,Partner,3,202,44,222,0,10
Graduate,74293.0,66,375,152,335,93,91,81,1,0,0,Alone,1,56,30,1127,0,15
Postgraduate,51012.0,86,102,9,63,2,9,24,1,0,0,Partner,2,437,77,209,0,9
Postgraduate,70777.0,80,554,35,113,0,7,78,3,0,1,Partner,3,124,55,787,0,20
Postgraduate,68682.0,56,919,0,505,99,30,45,1,0,0,Partner,2,266,32,1598,0,23
Graduate,43824.0,18,96,1,42,12,3,32,4,0,2,Partner,4,652,52,186,0,8
Graduate,15345.0,51,5,2,16,3,2,19,2,0,1,Partner,3,667,39,47,6,4
Graduate,23442.0,71,2,0,6,8,6,5,1,0,1,Alone,2,552,36,27,0,4
Undergraduate,14515.0,71,6,4,9,6,36,35,4,0,1,Partner,3,597,43,96,6,7
Undergraduate,31395.0,80,23,1,25,0,8,7,4,0,2,Alone,3,463,67,64,0,6
Graduate,75276.0,2,610,105,125,137,42,21,1,0,0,Partner,2,640,58,1040,0,22
Graduate,42373.0,83,67,5,61,3,8,19,5,0,2,Alone,3,318,49,163,0,8
Graduate,30507.0,29,65,36,74,38,20,110,1,0,0,Partner,2,475,63,343,0,10
Postgraduate,55521.0,11,416,0,26,0,0,4,9,0,3,Alone,4,250,68,446,10,15
Graduate,48006.0,55,23,0,11,3,2,2,1,0,2,Partner,4,20,58,41,0,4
Postgraduate,27213.0,19,19,3,26,10,9,3,3,0,1,Alone,2,668,51,70,6,6
Postgraduate,65808.0,1,155,7,80,13,7,10,3,0,2,Alone,3,30,52,272,0,11
Postgraduate,30351.0,19,14,0,24,3,3,2,1,0,1,Partner,3,388,49,46,0,5
Graduate,50437.0,28,370,9,92,6,9,4,3,0,2,Partner,4,620,60,490,0,16
Undergraduate,23616.0,76,4,22,11,3,7,32,2,0,1,Alone,2,589,41,79,6,6
Graduate,53858.0,50,407,53,221,58,150,26,4,0,1,Partner,3,597,47,915,0,13
Postgraduate,66465.0,1,1200,0,204,38,29,14,3,0,1,Partner,3,456,68,1485,1,32
Graduate,46923.0,90,85,44,54,102,78,6,3,0,1,Alone,2,676,36,369,0,13
Graduate,75072.0,83,583,34,309,0,22,125,2,0,1,Partner,3,522,61,1073,0,17
Postgraduate,75865.0,73,483,0,591,156,0,12,1,0,0,Partner,2,90,80,1242,0,18
Undergraduate,19789.0,24,2,5,9,28,6,28,3,0,1,Partner,3,221,48,78,3,6
Graduate,80134.0,11,966,26,282,52,26,26,1,0,0,Partner,2,135,29,1378,12,20
Graduate,91065.0,33,822,114,108,179,137,114,1,0,0,Alone,1,492,42,1474,12,25
Postgraduate,49505.0,4,604,0,100,19,0,28,9,0,2,Partner,4,481,52,751,0,20
Postgraduate,37401.0,14,19,3,19,3,1,3,2,0,1,Partner,3,54,50,48,0,5
Graduate,30096.0,30,5,3,11,12,5,9,1,0,1,Partner,3,38,40,45,0,5
Postgraduate,18492.0,75,2,2,2,2,1,1,1,0,1,Partner,3,24,41,10,0,3
Postgraduate,82584.0,26,1076,68,103,29,91,68,1,0,0,Partner,2,390,49,1435,15,15
Postgraduate,93027.0,77,1285,42,716,55,0,21,0,0,0,Partner,2,442,82,2119,5,22
Graduate,48686.0,8,10,0,7,2,0,1,1,0,3,Partner,5,207,70,20,0,3
Graduate,92910.0,42,551,137,792,179,103,33,1,0,0,Partner,2,66,37,1795,10,26
Graduate,75433.0,28,800,0,297,0,34,57,2,0,1,Partner,3,85,34,1188,5,17
Undergraduate,10404.0,52,2,2,11,10,6,12,2,0,1,Partner,3,56,34,43,0,5
Graduate,61314.0,1,378,0,189,97,172,172,2,0,1,Partner,3,430,55,1008,0,22
Postgraduate,84865.0,1,1248,16,349,43,16,16,1,0,0,Alone,1,416,62,1688,18,15
Graduate,42387.0,42,235,0,235,19,4,191,5,0,1,Partner,3,608,34,684,0,16
Undergraduate,67309.0,76,515,47,181,149,95,95,15,0,2,Partner,4,522,56,1082,0,24
Graduate,75236.0,27,438,66,400,12,38,114,1,0,1,Partner,3,216,59,1068,0,24
Graduate,30015.0,28,25,0,22,2,3,5,2,0,1,Alone,2,147,53,57,0,5
Postgraduate,50943.0,49,31,0,7,2,0,6,1,0,1,Partner,3,373,67,46,0,4
Graduate,67272.0,12,357,35,271,28,28,14,3,0,1,Alone,2,190,57,733,0,20
Postgraduate,51529.0,14,400,4,35,6,0,22,2,0,1,Alone,2,295,74,467,0,15
Postgraduate,32011.0,89,99,0,15,2,1,5,3,0,1,Partner,3,311,52,122,0,7
Undergraduate,7500.0,96,1,11,5,4,6,9,2,0,1,Partner,3,507,37,36,0,5
Graduate,28691.0,56,5,4,13,8,0,4,1,0,1,Partner,3,360,34,34,0,4
Postgraduate,56223.0,72,77,28,31,16,0,4,2,0,1,Partner,3,191,75,156,0,8
Graduate,18100.0,14,3,1,2,4,3,1,1,0,0,Partner,2,327,77,14,0,3
Graduate,30279.0,13,10,4,14,4,4,1,1,0,1,Alone,2,546,34,37,0,4
Undergraduate,20130.0,99,0,6,3,7,6,12,1,0,0,Partner,2,104,49,34,0,4
Graduate,23295.0,72,0,0,1,2,12,5,1,0,0,Alone,1,351,64,20,0,3
Postgraduate,42618.0,92,76,14,74,13,5,10,2,0,1,Alone,2,263,51,192,0,9
Graduate,81246.0,87,398,190,537,61,156,37,1,0,0,Alone,1,182,59,1379,4,16
Graduate,24027.0,7,14,7,11,11,0,5,2,0,1,Partner,3,385,47,48,0,5
Postgraduate,55707.0,91,208,7,82,30,66,35,2,0,1,Partner,3,189,70,428,0,14
Graduate,57959.0,71,430,16,322,43,24,33,5,0,1,Alone,2,423,68,868,0,22
Graduate,56796.0,24,656,38,161,62,47,37,3,0,1,Partner,3,498,54,1001,0,24
Postgraduate,36230.0,17,14,2,30,8,2,3,1,0,1,Alone,2,255,52,59,0,6
Undergraduate,70829.0,87,141,70,106,72,19,23,2,0,2,Partner,4,210,43,431,0,14
Graduate,65991.0,21,507,19,364,25,47,9,3,0,1,Partner,3,660,47,971,0,24
Graduate,38988.0,90,164,24,103,12,3,42,7,0,3,Partner,5,678,51,348,0,12
Undergraduate,89572.0,44,606,24,974,197,194,64,1,0,0,Alone,1,652,57,2059,11,23
Postgraduate,42207.0,71,116,11,72,3,17,46,4,0,1,Partner,3,454,39,265,9,10
Graduate,50300.0,52,143,15,60,24,23,5,2,0,1,Partner,3,35,71,270,0,11
Undergraduate,66664.0,78,398,96,447,220,96,32,1,0,0,Partner,2,642,41,1289,0,18
Graduate,60597.0,2,522,0,257,32,16,66,4,0,1,Partner,3,179,59,893,7,12
Graduate,70165.0,60,161,0,253,199,191,122,1,0,0,Alone,1,280,74,926,0,21
Postgraduate,50520.0,25,112,0,6,2,1,14,2,0,1,Alone,2,152,65,135,0,7
Graduate,80124.0,47,483,84,398,205,84,241,1,0,0,Partner,2,3,60,1495,3,18
Graduate,33183.0,46,7,5,39,17,15,37,2,0,1,Partner,3,125,48,120,0,7
Postgraduate,66582.0,83,789,25,420,16,38,0,1,0,0,Alone,1,118,54,1288,0,19
Postgraduate,75261.0,17,1239,17,413,23,34,17,1,0,0,Partner,2,432,68,1743,15,16
Graduate,31880.0,13,4,1,5,2,0,3,1,0,1,Alone,2,606,53,15,0,3
Graduate,53790.0,86,335,42,127,28,5,5,3,0,2,Partner,4,115,72,542,0,17
Postgraduate,49269.0,92,639,8,166,11,8,58,3,0,1,Partner,3,683,52,890,0,22
Graduate,61456.0,47,563,76,384,84,192,89,4,0,1,Partner,3,459,48,1388,0,29
Graduate,37406.0,18,2,0,8,2,2,3,1,0,1,Partner,3,262,43,17,6,3
Postgraduate,56937.0,81,746,8,125,11,8,8,7,0,1,Partner,3,694,42,906,10,23
Graduate,38415.0,91,22,1,13,4,0,4,2,0,2,Partner,4,543,45,44,0,4
Graduate,20518.0,58,4,1,6,4,1,9,1,0,1,Alone,2,42,35,25,0,4
Graduate,62503.0,40,478,0,193,110,75,117,4,0,1,Partner,3,496,67,973,0,22
Postgraduate,41644.0,67,20,3,4,2,0,2,2,0,2,Alone,3,51,51,31,0,4
Postgraduate,55842.0,19,451,0,39,0,4,24,1,0,1,Partner,3,37,46,518,0,16
Postgraduate,62010.0,93,371,22,39,6,0,92,4,0,1,Partner,3,614,51,530,0,15
Graduate,41124.0,41,281,7,84,15,0,119,7,0,1,Partner,3,606,46,506,0,14
Postgraduate,38961.0,60,19,7,19,0,1,24,1,0,1,Partner,3,181,50,70,0,5
Postgraduate,37760.0,54,26,3,13,2,10,0,1,0,1,Alone,2,322,51,54,0,5
Graduate,32233.0,26,138,15,35,25,11,72,2,0,1,Alone,2,679,49,296,9,10
Graduate,43057.0,30,213,2,44,0,2,5,4,0,1,Partner,3,242,48,266,0,11
Postgraduate,83151.0,93,407,28,100,120,74,18,1,0,0,Partner,2,627,63,747,0,18
Postgraduate,78825.0,35,483,74,114,169,37,18,1,0,0,Alone,1,653,59,895,6,28
Postgraduate,65104.0,4,738,0,232,13,20,50,2,0,1,Partner,3,227,47,1053,0,15
Graduate,60093.0,92,502,12,109,16,6,90,2,0,1,Partner,3,368,49,735,0,19
Graduate,14045.0,24,11,0,5,2,1,1,1,0,1,Partner,3,154,54,20,0,4
Undergraduate,28457.0,96,24,1,108,29,29,14,1,0,0,Alone,1,609,71,205,0,9
Postgraduate,78952.0,11,1170,19,594,99,76,134,2,0,1,Partner,3,643,65,2092,0,19
Graduate,46310.0,99,185,2,88,15,5,14,2,0,1,Alone,2,573,47,309,0,12
Graduate,76005.0,72,983,20,389,240,50,40,1,0,0,Partner,2,492,68,1722,1,21
Postgraduate,58308.0,77,691,0,69,10,0,130,4,0,1,Alone,2,533,59,900,0,11
Postgraduate,55614.0,85,504,13,131,8,0,26,1,0,0,Alone,1,214,79,682,4,19
Postgraduate,59432.0,88,317,25,265,25,19,12,3,0,1,Alone,2,442,61,663,0,19
Graduate,55563.0,22,29,1,9,2,0,2,1,0,1,Alone,2,85,45,43,0,5
Postgraduate,78642.0,83,1396,0,322,46,35,17,1,0,1,Partner,3,434,52,1816,0,17
Postgraduate,67911.0,63,529,0,356,63,28,0,3,0,1,Partner,3,38,74,976,0,24
Graduate,65275.0,9,388,14,218,91,14,21,1,0,0,Partner,2,452,79,746,0,20
Graduate,27203.0,92,13,2,21,4,0,24,2,0,2,Partner,4,692,73,64,0,4
Postgraduate,48330.0,2,28,0,4,0,0,0,1,0,1,Partner,3,226,62,32,0,4
Undergraduate,24279.0,6,16,36,21,20,62,108,1,0,0,Partner,2,547,33,263,0,8
Postgraduate,64355.0,66,1047,0,140,67,38,153,2,0,1,Partner,3,674,38,1445,0,19
Postgraduate,50943.0,49,31,0,7,2,0,6,1,0,1,Partner,3,373,67,46,0,4
Graduate,53653.0,29,815,10,239,28,10,108,2,0,0,Alone,1,599,70,1210,0,26
Graduate,65665.0,77,225,162,387,106,36,29,1,0,1,Partner,3,209,47,945,0,23
Graduate,81217.0,77,493,70,324,146,40,84,1,0,0,Alone,1,345,34,1157,0,21
Graduate,34935.0,71,34,4,66,3,10,20,1,0,0,Partner,2,373,31,137,0,7
Graduate,61250.0,49,382,138,65,60,26,59,6,0,1,Alone,2,560,64,730,0,19
Postgraduate,39665.0,97,127,1,56,0,1,31,3,0,1,Partner,3,400,42,216,3,9
Graduate,60152.0,6,325,83,300,86,58,91,1,0,1,Alone,2,458,44,943,0,22
Graduate,48920.0,93,238,17,68,8,10,6,3,0,2,Partner,4,252,59,347,4,13
Postgraduate,89120.0,78,1168,92,408,72,129,55,1,0,0,Partner,2,104,64,1924,5,18
Postgraduate,44124.0,62,284,0,55,0,6,52,4,0,1,Partner,3,414,77,397,0,13
Postgraduate,81169.0,47,1288,20,613,80,61,27,1,0,0,Alone,1,441,48,2089,0,21
Graduate,36443.0,9,65,0,46,4,3,20,4,0,2,Partner,4,511,62,138,0,7
Graduate,26095.0,77,11,7,9,3,1,11,1,0,1,Alone,2,364,33,42,0,4
Graduate,71367.0,24,227,23,389,42,21,75,1,0,0,Partner,2,310,64,777,0,16
Postgraduate,80184.0,19,1035,134,670,25,38,0,1,0,0,Partner,2,120,79,1902,6,19
Graduate,30630.0,67,27,1,12,2,0,10,2,0,2,Alone,3,153,58,52,0,5
Postgraduate,73454.0,95,982,73,351,56,14,175,1,0,0,Alone,1,120,36,1651,3,12
Graduate,42691.0,48,179,2,64,38,17,58,1,0,0,Partner,2,317,32,358,0,12
Graduate,70503.0,73,1379,33,216,0,33,66,1,0,0,Partner,2,637,70,1727,9,15
Graduate,25545.0,35,32,1,64,16,12,85,3,0,1,Partner,3,659,36,210,6,7
Graduate,32880.0,76,8,4,15,7,6,2,1,0,1,Partner,3,572,37,42,0,4
Postgraduate,77863.0,20,881,38,319,16,25,12,1,0,0,Partner,2,214,65,1291,0,19
Postgraduate,50353.0,72,141,15,153,67,31,35,1,0,0,Partner,2,21,46,442,0,14
Graduate,61839.0,20,1000,155,379,224,17,120,1,0,0,Alone,1,686,59,1895,0,16
Postgraduate,49154.0,69,206,10,67,30,27,71,6,0,2,Partner,4,238,63,411,0,13
Undergraduate,47682.0,80,162,61,83,97,57,61,4,0,1,Alone,2,499,48,521,0,15
Graduate,72679.0,65,619,54,260,127,54,54,1,0,1,Alone,2,284,54,1168,0,16
Postgraduate,57954.0,52,456,4,24,0,0,9,7,0,2,Partner,4,11,46,493,4,16
Graduate,65316.0,65,112,6,92,3,9,38,2,0,2,Partner,4,431,61,260,0,10
Graduate,28567.0,57,11,3,22,2,2,6,2,0,1,Alone,2,377,41,46,0,5
Postgraduate,47352.0,70,172,12,112,8,0,15,4,0,1,Partner,3,444,72,319,0,12
Graduate,44931.0,0,78,0,11,0,0,7,1,0,1,Partner,3,162,56,96,0,6
Graduate,76982.0,19,464,151,292,65,60,30,1,0,0,Alone,1,134,56,1062,11,15
Undergraduate,57247.0,50,99,4,32,37,54,6,2,0,1,Partner,3,325,71,232,0,10
Postgraduate,22944.0,67,19,3,19,4,5,26,3,0,1,Alone,2,188,42,76,0,6
Undergraduate,25315.0,46,1,9,8,11,3,22,3,0,1,Partner,3,234,46,54,0,6
Graduate,43638.0,37,63,10,83,7,19,19,2,0,1,Alone,2,692,54,201,0,9
Postgraduate,42710.0,38,252,3,42,4,3,102,2,0,1,Alone,2,578,39,406,0,12
Postgraduate,84169.0,9,1478,19,403,0,19,0,1,0,0,Partner,2,326,41,1919,15,19
Graduate,54058.0,56,198,18,252,32,108,54,2,0,1,Partner,3,390,47,662,0,18
Undergraduate,24683.0,98,8,4,10,6,7,6,2,0,1,Partner,3,113,33,41,0,6
Graduate,85620.0,68,416,46,925,60,107,46,1,0,0,Alone,1,173,59,1600,6,13
Graduate,47850.0,72,42,7,43,20,12,10,1,0,1,Partner,3,208,43,134,0,7
Graduate,19514.0,47,14,3,21,2,1,28,4,0,2,Partner,4,154,55,69,9,6
Postgraduate,27159.0,33,17,0,3,0,0,1,2,0,2,Partner,4,92,50,21,0,4
Undergraduate,39548.0,87,15,4,10,3,4,18,2,0,2,Alone,3,90,60,54,0,5
Graduate,21474.0,0,6,16,24,11,0,34,2,0,1,Alone,2,82,34,91,9,6
Postgraduate,60504.0,73,458,0,24,6,4,34,2,0,1,Alone,2,142,52,526,0,16
Graduate,22419.0,74,30,3,47,19,21,42,1,0,0,Partner,2,437,60,162,0,7
Postgraduate,81698.0,4,179,28,520,111,123,47,1,0,0,Partner,2,235,74,1008,6,24
Graduate,43462.0,50,90,17,97,15,6,15,6,0,2,Partner,4,655,71,240,0,10
Postgraduate,54880.0,57,308,85,137,102,45,118,2,0,1,Alone,2,485,45,795,0,19
Graduate,79908.0,30,557,129,761,29,185,111,1,0,0,Partner,2,450,41,1772,5,18
Undergraduate,15315.0,27,7,4,13,15,8,17,2,0,0,Partner,2,330,53,64,0,6
Graduate,87771.0,61,1492,38,287,50,57,33,1,0,1,Partner,3,403,64,1957,18,19
Graduate,33039.0,4,30,8,12,8,8,12,1,0,1,Partner,3,293,45,78,0,6
Graduate,81741.0,75,249,153,940,58,134,38,0,0,0,Alone,1,378,43,1572,0,19
Postgraduate,71499.0,12,465,25,132,136,0,37,2,0,1,Partner,3,369,52,795,0,24
Undergraduate,62466.0,13,129,129,259,168,121,83,5,0,1,Partner,3,165,53,889,0,21
Postgraduate,48799.0,9,174,18,81,28,6,24,3,0,1,Alone,2,236,60,331,0,12
Postgraduate,52157.0,48,189,2,29,3,2,40,2,0,1,Partner,3,22,73,265,0,10
Graduate,66565.0,80,747,10,161,65,40,42,4,0,1,Alone,2,571,61,1065,0,15
Postgraduate,29298.0,60,6,0,2,2,0,1,1,0,2,Partner,4,295,72,11,0,3
Graduate,47691.0,43,14,0,3,0,0,4,1,0,1,Alone,2,359,44,21,0,3
Graduate,38200.0,19,12,0,4,0,0,1,1,0,2,Partner,4,569,53,17,0,3
Graduate,44989.0,26,98,0,106,49,10,106,5,0,1,Partner,3,655,49,369,0,11
Postgraduate,38443.0,58,32,0,5,0,0,1,2,0,2,Partner,4,153,55,38,0,4
Undergraduate,38593.0,42,51,12,49,17,24,24,3,0,1,Alone,2,289,45,177,0,8
Postgraduate,64413.0,27,200,5,44,0,10,20,1,0,1,Partner,3,332,53,279,0,11
Postgraduate,36959.0,56,25,6,25,6,0,0,2,0,1,Partner,3,270,42,62,0,5
Postgraduate,61996.0,27,1050,12,144,0,0,24,3,0,1,Partner,3,514,46,1230,13,18
Graduate,51287.0,10,117,0,22,13,0,30,3,0,2,Partner,4,89,55,182,0,8
Graduate,13260.0,48,9,4,17,10,2,7,4,0,2,Partner,4,310,53,49,0,6
Postgraduate,47472.0,39,56,0,11,0,0,8,2,0,2,Partner,4,286,57,75,0,6
Postgraduate,54603.0,85,145,13,46,17,2,4,6,0,2,Partner,4,355,67,227,0,10
Postgraduate,45207.0,64,203,0,10,0,0,2,5,0,2,Partner,4,596,49,215,4,10
Graduate,40689.0,69,270,3,27,39,6,99,7,0,1,Partner,3,468,72,444,0,13
Undergraduate,47821.0,54,9,0,16,6,6,10,1,0,2,Partner,4,252,56,47,0,4
Postgraduate,27450.0,57,37,12,23,8,11,52,1,0,0,Partner,2,440,72,143,0,6
Graduate,39453.0,64,46,0,7,0,0,2,2,0,1,Partner,3,87,40,55,0,5
Undergraduate,26850.0,10,31,1,13,7,2,9,4,0,2,Partner,4,72,52,63,0,7
Graduate,79800.0,65,1060,21,530,32,0,224,1,0,0,Alone,1,644,68,1867,15,21
Postgraduate,61794.0,74,264,47,188,54,47,11,2,0,1,Partner,3,288,62,611,0,18
Graduate,53863.0,4,399,4,30,6,4,30,3,0,1,Partner,3,43,68,473,4,15
Graduate,24221.0,94,8,9,9,2,5,22,1,0,0,Partner,2,313,64,55,0,5
Postgraduate,39684.0,41,19,0,35,6,4,17,2,1,1,Alone,2,625,39,81,6,5
Postgraduate,92163.0,25,817,183,797,106,163,20,0,0,0,Partner,2,564,48,2086,12,21
Postgraduate,69882.0,94,292,127,635,132,127,165,1,0,0,Alone,1,231,58,1478,0,19
Graduate,33178.0,9,12,6,2,11,2,16,1,0,1,Partner,3,150,46,49,0,4
Postgraduate,59973.0,47,130,30,168,20,34,0,1,0,0,Partner,2,291,51,382,0,14
Postgraduate,17459.0,12,6,4,16,3,10,30,3,0,1,Partner,3,283,48,69,6,6
Graduate,23910.0,80,16,12,18,7,1,13,1,0,1,Alone,2,611,54,67,0,5
Postgraduate,42169.0,20,19,0,9,0,0,2,2,0,2,Partner,4,253,54,30,0,4
Undergraduate,26224.0,39,4,7,15,13,9,15,3,0,1,Partner,3,390,45,63,0,6
Graduate,31089.0,57,31,3,31,2,8,4,3,0,1,Partner,3,681,42,79,0,7
Graduate,30081.0,27,36,0,2,0,0,4,1,0,1,Alone,2,493,62,42,0,4
Graduate,62807.0,83,526,28,135,10,21,99,3,0,1,Partner,3,667,63,819,0,20
Graduate,72906.0,79,400,32,519,71,75,54,1,0,0,Alone,1,285,68,1151,0,16
Postgraduate,61467.0,69,410,16,114,0,5,49,3,0,2,Partner,4,567,75,594,0,17
Postgraduate,49618.0,77,80,3,26,4,2,14,4,0,2,Partner,4,519,57,129,0,7
Postgraduate,21888.0,15,88,10,46,2,3,64,4,0,1,Alone,2,547,37,213,6,8
Graduate,42429.0,99,55,0,6,2,0,4,2,0,1,Alone,2,138,50,67,0,5
Graduate,26150.0,61,5,1,13,3,5,1,1,0,3,Alone,4,475,67,28,0,4
Undergraduate,30801.0,23,8,4,5,15,2,11,2,0,1,Partner,3,611,48,45,0,4
Graduate,81168.0,84,410,0,592,147,22,22,1,0,0,Partner,2,53,58,1193,1,17
Postgraduate,26877.0,74,101,13,76,20,18,40,2,0,0,Alone,1,314,54,268,0,10
Postgraduate,45006.0,90,162,25,53,16,0,10,1,0,0,Alone,1,346,79,266,0,11
Undergraduate,18978.0,41,2,8,1,4,7,15,1,0,1,Partner,3,565,50,37,0,4
Graduate,22574.0,28,25,0,8,2,0,2,2,0,3,Partner,5,244,56,37,0,5
Postgraduate,48240.0,73,389,91,248,64,49,41,3,0,0,Alone,1,597,54,882,6,22
Graduate,45837.0,88,215,13,87,17,17,24,5,0,2,Partner,4,338,49,373,0,13
Postgraduate,35791.0,94,27,0,5,0,0,3,2,0,3,Alone,4,419,58,35,0,4
Postgraduate,162397.0,31,85,1,16,2,1,2,0,0,2,Partner,4,391,47,107,0,1
Graduate,54162.0,31,5,6,10,6,5,10,1,0,2,Alone,3,468,45,42,0,4
Postgraduate,30522.0,6,179,8,83,19,11,26,5,0,1,Partner,3,681,63,326,0,12
Postgraduate,54456.0,23,352,0,27,10,0,15,3,0,1,Partner,3,353,62,404,0,14
Graduate,31632.0,92,17,8,12,11,15,32,1,0,0,Alone,1,350,52,95,0,5
Graduate,72298.0,52,625,35,169,58,17,35,1,0,0,Alone,1,111,74,939,9,13
Undergraduate,36975.0,50,10,6,11,0,4,2,1,0,1,Alone,2,183,45,33,0,4
Undergraduate,72635.0,54,390,22,323,104,35,107,1,0,0,Partner,2,391,68,981,1,20
Graduate,13624.0,93,10,2,15,2,1,6,2,0,1,Partner,3,525,47,36,0,5
Graduate,84196.0,56,215,63,507,231,31,190,1,0,1,Alone,2,391,48,1237,0,19
Graduate,70971.0,28,1001,17,572,93,125,17,7,0,1,Partner,3,646,63,1825,6,27
Postgraduate,34487.0,94,19,18,33,24,1,8,3,0,2,Alone,3,661,46,103,0,6
Graduate,28769.0,76,41,5,129,10,3,3,3,0,1,Alone,2,558,46,191,0,9
Postgraduate,69084.0,43,1181,107,199,39,30,30,2,0,1,Partner,3,222,53,1586,0,23
Postgraduate,65488.0,46,603,45,207,36,18,54,1,0,0,Partner,2,16,65,963,0,13
Undergraduate,62466.0,13,129,129,259,168,121,83,5,0,1,Partner,3,165,53,889,0,21
Undergraduate,32218.0,27,10,24,15,13,1,30,1,0,0,Alone,1,134,63,93,9,6
Graduate,83917.0,12,514,22,732,42,198,79,1,0,0,Alone,1,437,50,1587,6,20
Graduate,46102.0,3,14,0,1,0,0,1,1,0,3,Alone,4,111,61,16,0,3
Graduate,84574.0,72,387,20,713,38,54,163,1,0,0,Alone,1,390,71,1375,0,31
Graduate,56181.0,6,121,103,69,8,44,48,1,0,1,Partner,3,537,61,393,0,13
Postgraduate,63120.0,53,965,69,279,54,41,69,5,0,1,Alone,2,639,73,1477,6,21
Graduate,73691.0,58,707,21,250,85,43,73,2,0,1,Partner,3,235,52,1179,3,16
Graduate,63381.0,78,571,50,142,33,50,159,4,0,1,Partner,3,632,63,1005,0,22
Postgraduate,76140.0,57,586,66,653,17,0,26,1,0,0,Partner,2,47,75,1348,0,20
Postgraduate,62859.0,37,1063,89,102,16,12,25,4,0,1,Alone,2,546,64,1307,0,19
Graduate,45906.0,20,305,3,27,4,3,144,2,0,1,Alone,2,418,59,486,3,13
Postgraduate,77632.0,73,1200,105,758,0,42,147,1,0,0,Partner,2,476,76,2252,15,12
Postgraduate,46463.0,56,163,2,40,8,11,11,7,0,2,Partner,4,315,52,235,0,10
Graduate,105471.0,36,1009,181,104,202,21,207,0,0,0,Partner,2,524,53,1724,12,30
Postgraduate,55282.0,9,125,6,73,8,4,19,1,0,1,Alone,2,198,53,235,0,10
Postgraduate,78710.0,42,721,0,152,119,50,50,3,0,1,Partner,3,37,46,1092,0,25
Graduate,66886.0,28,315,4,62,41,31,146,2,0,1,Partner,3,286,65,599,0,15
Postgraduate,98777.0,23,1000,19,711,125,115,38,0,0,0,Alone,1,132,63,2008,4,19
Graduate,29103.0,38,16,0,17,6,3,6,2,0,1,Partner,3,671,38,48,0,4
Graduate,67445.0,63,757,80,217,29,80,11,5,0,1,Partner,3,686,49,1174,0,27
Postgraduate,50616.0,71,30,2,25,0,1,9,1,0,1,Partner,3,77,73,67,0,6
Graduate,49431.0,9,219,3,100,26,0,17,2,0,1,Alone,2,695,68,365,0,13
Graduate,153924.0,81,1,1,1,1,1,1,0,0,0,Alone,1,142,48,6,0,0
Graduate,61278.0,87,111,3,28,2,6,15,2,0,1,Partner,3,176,70,165,0,8
Undergraduate,26490.0,92,45,47,52,21,20,25,2,0,0,Partner,2,645,65,210,0,9
Postgraduate,73059.0,36,410,112,420,0,82,71,1,0,1,Partner,3,302,76,1095,0,25
Postgraduate,46734.0,86,100,1,39,6,1,76,4,0,3,Alone,4,251,57,223,3,8
Graduate,56253.0,83,509,0,65,7,11,5,4,0,1,Partner,3,569,60,597,0,18
Graduate,19986.0,74,3,6,5,0,2,6,1,0,1,Partner,3,227,38,22,0,3
Graduate,58330.0,87,445,53,213,104,98,151,1,0,1,Alone,2,186,48,1064,0,23
Undergraduate,25965.0,29,2,2,11,41,7,11,1,0,0,Partner,2,660,43,74,0,5
Postgraduate,14661.0,88,4,1,11,6,2,2,1,0,0,Partner,2,544,67,26,0,4
Graduate,18690.0,77,6,1,7,23,4,19,1,0,0,Partner,2,548,64,60,0,4
Postgraduate,45068.0,25,14,0,3,0,0,3,1,0,1,Partner,3,409,49,20,0,3
Undergraduate,21063.0,34,1,10,11,19,3,15,2,0,1,Alone,2,277,36,59,0,5
Postgraduate,29187.0,43,26,0,6,0,0,2,1,0,1,Partner,3,416,55,34,0,4
Undergraduate,54690.0,76,111,16,37,7,9,18,3,0,2,Partner,4,234,52,198,0,9
Postgraduate,59304.0,81,418,61,428,80,51,10,3,0,1,Partner,3,335,59,1048,0,25
Postgraduate,59247.0,87,327,9,122,19,14,83,5,0,2,Alone,3,233,61,574,0,16
Graduate,66731.0,33,371,159,194,58,106,141,4,0,1,Alone,2,655,53,1029,0,13
Graduate,77353.0,38,275,59,107,69,101,59,2,0,1,Partner,3,195,43,670,0,18
Postgraduate,52614.0,63,789,0,142,12,9,38,2,0,1,Alone,2,575,48,990,0,14
Graduate,26751.0,26,1,1,5,0,3,1,1,0,2,Partner,4,38,49,11,0,3
Postgraduate,81300.0,17,1004,12,145,32,12,36,3,0,1,Partner,3,607,60,1241,7,18
Graduate,70337.0,75,187,81,149,25,43,91,1,0,0,Alone,1,178,44,576,0,16
Undergraduate,36145.0,13,56,4,76,17,1,18,4,0,1,Partner,3,378,38,172,9,8
Postgraduate,65295.0,19,365,32,117,34,110,6,1,0,0,Alone,1,188,43,664,0,19
Graduate,68118.0,51,595,23,123,10,23,154,2,0,1,Alone,2,254,60,928,0,21
Graduate,68743.0,81,1132,134,384,175,134,115,1,0,0,Alone,1,668,56,2074,0,29
Undergraduate,41039.0,32,34,11,137,179,61,45,1,0,0,Partner,2,339,41,467,0,14
Graduate,38946.0,84,116,6,82,6,6,41,2,0,1,Partner,3,248,68,257,0,10
Graduate,65777.0,87,565,32,435,28,32,54,1,0,0,Partner,2,192,56,1146,0,16
Postgraduate,66476.0,99,372,18,126,47,48,78,2,0,1,Alone,2,479,47,689,0,18
Postgraduate,86857.0,96,899,102,838,133,102,40,1,0,0,Alone,1,655,51,2114,6,21
Postgraduate,160803.0,21,55,16,1622,17,3,4,15,0,0,Partner,2,694,41,1717,0,29
Postgraduate,77845.0,40,760,40,480,0,40,26,1,0,0,Partner,2,44,34,1346,6,20
Postgraduate,69476.0,3,260,86,559,63,9,67,1,0,0,Partner,2,272,54,1044,0,14
Postgraduate,50611.0,98,459,0,24,6,0,4,6,0,1,Alone,2,633,63,493,10,16
Graduate,61209.0,73,466,0,224,119,49,99,1,0,0,Alone,1,308,53,957,0,12
Postgraduate,42315.0,90,67,15,80,17,11,80,3,0,1,Partner,3,352,65,270,0,9
Undergraduate,13084.0,29,2,0,7,3,7,10,1,0,0,Partner,2,239,71,29,0,4
Postgraduate,47570.0,3,67,1,20,0,2,31,3,0,2,Alone,3,396,74,121,6,6
Postgraduate,61923.0,94,92,4,18,3,3,6,1,0,2,Partner,4,338,62,126,0,7
Graduate,34824.0,65,4,2,11,2,0,4,1,0,0,Alone,1,95,28,23,0,3
Postgraduate,26518.0,33,20,1,28,3,3,2,3,0,2,Alone,3,447,74,57,6,5
Graduate,45938.0,46,273,11,178,62,83,29,2,0,0,Alone,1,238,62,636,0,18
Graduate,78468.0,29,434,22,388,104,22,34,1,0,0,Partner,2,81,63,1004,1,27
Graduate,78901.0,99,321,11,309,33,26,34,3,0,1,Alone,2,285,50,734,0,17
Graduate,71427.0,26,212,123,177,15,64,23,2,0,2,Partner,4,109,45,614,0,18
Graduate,71022.0,30,909,12,278,0,12,242,3,0,1,Alone,2,138,45,1453,3,18
Postgraduate,90247.0,27,1184,32,352,21,16,16,1,0,0,Alone,1,61,35,1621,16,14
Postgraduate,41335.0,24,112,19,21,16,14,5,3,0,1,Alone,2,185,55,187,0,9
Graduate,71952.0,93,656,80,455,52,107,93,2,0,1,Partner,3,535,37,1443,8,20
Postgraduate,35682.0,34,23,0,8,6,2,18,1,0,1,Alone,2,2,53,57,0,5
Graduate,43185.0,88,537,6,42,16,6,30,2,0,1,Alone,2,445,72,637,0,18
Postgraduate,66375.0,96,712,0,45,0,0,191,3,0,1,Partner,3,220,75,948,3,11
Postgraduate,35178.0,10,23,1,13,2,2,18,1,0,1,Partner,3,535,52,59,9,4
Graduate,25252.0,26,1,3,4,2,2,6,1,0,1,Partner,3,352,37,18,0,3
Postgraduate,55250.0,49,664,58,83,32,0,66,4,0,1,Alone,2,616,58,903,0,22
Graduate,33249.0,11,6,10,21,19,14,42,2,0,1,Alone,2,494,48,112,0,6
Graduate,58398.0,44,299,5,201,21,21,49,3,0,0,Partner,2,411,70,596,0,17
Graduate,50272.0,75,99,13,66,43,8,4,3,0,1,Partner,3,326,41,233,0,10
Postgraduate,76618.0,64,749,40,294,121,160,147,1,0,0,Partner,2,569,48,1511,0,10
Undergraduate,87305.0,19,345,25,501,63,138,80,1,0,0,Alone,1,644,63,1152,11,16
Graduate,25851.0,45,9,4,18,7,5,5,2,0,1,Partner,3,503,45,48,0,5
Graduate,58710.0,77,440,81,368,0,122,174,6,0,1,Alone,2,455,53,1185,0,25
Graduate,45160.0,9,8,2,5,3,0,3,1,0,2,Alone,3,92,65,21,0,3
Postgraduate,74806.0,1,670,9,249,0,28,9,2,0,1,Partner,3,557,58,965,0,14
Graduate,59111.0,90,524,0,134,28,28,155,1,0,0,Partner,2,423,69,869,0,20
Postgraduate,18988.0,43,6,0,6,2,1,1,2,0,1,Partner,3,37,39,16,0,4
Graduate,72190.0,79,597,166,597,172,166,249,1,0,0,Partner,2,501,58,1947,0,15
Graduate,7500.0,19,7,0,12,13,7,32,5,0,1,Partner,3,697,47,71,9,7
Graduate,44794.0,99,54,0,7,0,0,4,1,0,1,Partner,3,21,57,65,0,5
Graduate,80395.0,62,445,25,706,80,76,48,1,0,0,Partner,2,218,68,1380,1,23
Postgraduate,75012.0,41,294,142,218,164,58,151,1,0,0,Alone,1,155,47,1027,0,22
Postgraduate,56962.0,60,292,3,77,10,3,26,7,0,3,Partner,5,261,58,411,0,14
Graduate,89891.0,17,412,22,132,59,28,183,1,0,0,Partner,2,440,32,836,5,25
Postgraduate,35946.0,24,8,0,3,0,0,0,1,0,2,Alone,3,275,74,11,0,3
Postgraduate,53593.0,60,349,4,78,6,0,43,8,0,2,Partner,4,691,70,480,0,15
Graduate,66373.0,57,328,9,124,12,24,109,7,0,2,Partner,4,382,45,606,0,16
Postgraduate,45072.0,74,144,2,99,7,2,30,5,0,3,Alone,4,256,75,284,0,11
Graduate,89694.0,22,1126,28,211,37,28,42,3,0,2,Alone,3,263,50,1472,10,11
Graduate,72025.0,46,967,0,617,43,50,0,1,0,0,Partner,2,61,74,1677,16,25
Graduate,67432.0,69,432,79,341,177,136,170,2,0,1,Partner,3,457,50,1335,0,17
Postgraduate,70545.0,29,138,39,63,55,18,21,1,0,1,Partner,3,26,71,334,0,12
Undergraduate,17487.0,37,0,0,1,7,4,6,1,0,1,Partner,3,468,34,18,0,3
Graduate,62882.0,26,509,133,497,78,24,97,2,0,1,Partner,3,689,54,1338,0,18
Postgraduate,64108.0,8,948,10,86,13,21,21,4,0,1,Alone,2,463,70,1099,0,26
Postgraduate,34941.0,26,39,2,25,4,3,24,2,0,2,Partner,4,480,67,97,0,6
Postgraduate,48767.0,79,28,1,21,3,0,10,3,0,3,Alone,4,179,73,63,0,6
Undergraduate,38702.0,71,13,11,24,13,8,40,2,0,1,Partner,3,332,45,109,0,7
Graduate,82224.0,83,307,26,360,138,31,40,1,0,0,Partner,2,155,59,902,1,20
Graduate,83844.0,57,901,31,345,75,31,191,1,0,0,Partner,2,413,71,1574,5,19
Undergraduate,17003.0,37,2,5,12,4,8,7,3,0,1,Partner,3,202,48,38,0,6
Graduate,71163.0,30,283,17,372,138,106,44,1,0,0,Alone,1,112,28,960,0,23
Graduate,33697.0,34,4,3,7,0,3,11,1,0,1,Alone,2,287,53,28,3,3
Undergraduate,63564.0,0,769,80,252,15,34,65,1,0,0,Partner,2,151,69,1215,9,27
Postgraduate,83443.0,89,518,42,742,55,56,84,1,0,0,Partner,2,180,51,1497,0,21
Postgraduate,51518.0,92,350,8,66,17,4,4,2,0,1,Partner,3,269,65,449,0,15
Graduate,58330.0,87,445,53,213,104,98,151,1,0,1,Alone,2,186,48,1064,0,23
Graduate,80952.0,20,778,178,689,41,27,44,1,0,0,Partner,2,486,54,1757,16,24
Graduate,75507.0,56,709,93,374,104,80,80,1,0,0,Partner,2,58,44,1440,0,20
Undergraduate,63855.0,28,359,35,314,93,116,89,1,0,0,Partner,2,505,45,1006,0,23
Postgraduate,62220.0,55,799,12,375,16,12,12,5,0,1,Partner,3,687,51,1226,6,18
Graduate,58512.0,25,895,10,101,13,0,152,5,0,1,Partner,3,283,59,1171,0,15
Postgraduate,40662.0,0,40,2,23,0,4,23,2,0,1,Partner,3,471,44,92,0,6
Postgraduate,38829.0,86,76,0,7,0,0,16,1,0,1,Partner,3,84,64,99,0,7
Undergraduate,35523.0,8,11,5,22,12,5,11,2,0,1,Partner,3,269,42,66,0,6
Graduate,79146.0,33,245,16,223,21,43,16,2,0,2,Alone,3,66,56,564,0,17
Postgraduate,78285.0,13,647,107,391,175,67,40,1,0,0,Partner,2,244,35,1427,0,20
Postgraduate,31626.0,12,39,1,9,2,1,34,1,0,1,Alone,2,415,45,86,9,5
Graduate,75127.0,92,203,35,305,46,17,227,1,0,0,Alone,1,38,71,833,0,18
Graduate,48726.0,90,138,3,38,4,0,59,3,0,1,Partner,3,428,68,242,0,9
Graduate,74985.0,8,587,51,898,247,0,86,1,0,0,Partner,2,656,46,1869,0,16
Graduate,67430.0,6,595,97,291,127,133,121,1,0,0,Partner,2,662,36,1364,0,28
Undergraduate,46891.0,91,43,12,23,29,15,61,1,0,1,Partner,3,301,58,183,0,7
Postgraduate,62058.0,52,301,7,74,10,0,58,4,0,1,Partner,3,399,67,450,0,14
Graduate,72063.0,3,180,32,348,76,32,90,2,0,1,Partner,3,361,44,758,0,19
Postgraduate,78939.0,57,794,115,243,150,0,205,1,0,0,Partner,2,199,72,1507,0,19
Graduate,42720.0,9,392,5,91,28,26,112,8,0,2,Alone,3,431,58,654,6,17
Graduate,33622.0,22,39,1,22,3,4,12,3,0,2,Partner,4,442,51,81,0,6
Postgraduate,6835.0,76,107,2,12,2,2,12,0,0,1,Partner,3,568,66,137,0,1
Graduate,41452.0,86,13,0,3,0,0,0,1,0,2,Partner,4,480,70,16,0,3
Postgraduate,40760.0,64,70,0,17,0,0,6,2,0,1,Alone,2,303,58,93,0,6
Postgraduate,74250.0,90,680,11,392,75,0,0,1,0,0,Partner,2,154,65,1158,0,17
Postgraduate,51124.0,79,26,1,11,0,1,4,2,0,2,Alone,3,193,68,43,0,4
Graduate,72258.0,28,522,0,522,227,120,134,2,0,1,Alone,2,290,52,1525,0,20
Postgraduate,71466.0,86,412,12,546,78,182,0,1,0,0,Alone,1,85,49,1230,0,18
Graduate,36283.0,42,6,5,5,8,0,5,2,0,2,Partner,4,76,47,29,0,4
Graduate,20587.0,39,2,3,6,4,1,9,1,0,1,Alone,2,49,53,25,0,4
Graduate,30467.0,8,1,3,8,2,5,5,1,0,1,Partner,3,102,51,24,0,3
Graduate,31590.0,40,6,2,15,6,6,3,1,0,1,Partner,3,376,51,38,0,4
Undergraduate,20425.0,5,4,12,5,3,16,17,2,0,1,Partner,3,608,37,57,0,5
Postgraduate,17144.0,96,18,2,19,0,2,6,5,0,2,Partner,4,134,63,47,0,7
Postgraduate,42564.0,28,324,48,186,39,18,198,6,0,1,Alone,2,543,55,813,9,18
Postgraduate,43783.0,22,327,9,125,25,4,139,6,0,1,Partner,3,31,45,629,3,16
Graduate,40780.0,30,229,27,71,13,3,34,4,0,1,Alone,2,659,47,377,0,13
Postgraduate,62847.0,45,521,168,706,80,76,61,1,0,0,Partner,2,530,78,1612,0,13
Postgraduate,82017.0,58,184,23,446,30,23,23,1,0,0,Partner,2,599,66,729,16,16
Graduate,16813.0,49,4,8,11,12,2,13,1,0,0,Alone,1,345,73,50,3,5
Graduate,51267.0,37,183,2,64,7,2,12,4,0,2,Partner,4,243,45,270,0,11
Graduate,46524.0,70,31,19,35,26,14,52,2,0,1,Alone,2,450,62,177,0,7
Postgraduate,45183.0,33,219,3,60,12,9,12,1,0,0,Alone,1,525,61,315,4,12
Postgraduate,70421.0,98,479,28,136,75,14,35,3,0,1,Partner,3,1,69,767,0,20
Undergraduate,60161.0,17,584,44,212,46,8,177,3,0,1,Alone,2,614,58,1071,0,23
Graduate,73926.0,54,627,91,597,159,91,15,1,0,0,Partner,2,484,50,1580,0,23
Graduate,19329.0,39,24,1,16,12,2,5,3,0,1,Partner,3,197,55,60,0,7
Postgraduate,61872.0,81,330,5,159,36,27,16,4,0,1,Partner,3,198,53,573,0,17
Graduate,46984.0,71,19,1,10,2,1,8,1,0,2,Alone,3,460,67,41,0,4
Graduate,34838.0,62,28,23,29,29,14,47,3,0,2,Partner,4,526,72,170,0,7
Postgraduate,82716.0,8,606,148,228,15,148,22,1,0,0,Alone,1,236,79,1167,0,27
Graduate,48192.0,76,1039,43,204,153,58,29,3,0,0,Partner,2,449,65,1526,13,22
Postgraduate,49681.0,66,411,0,26,0,0,21,6,0,2,Partner,4,237,47,458,0,15
Postgraduate,56850.0,83,34,1,19,2,7,0,1,0,1,Partner,3,98,52,63,0,5
Graduate,55267.0,28,161,28,136,32,3,45,4,0,1,Partner,3,251,66,405,0,13
Graduate,59666.0,87,623,53,178,23,17,133,7,0,2,Partner,4,464,51,1027,4,13
Graduate,72504.0,43,604,26,470,123,161,94,2,0,1,Alone,2,449,51,1478,0,20
Graduate,26872.0,0,3,10,8,3,16,32,1,0,0,Partner,2,256,42,72,0,4
Graduate,21359.0,1,12,2,17,6,1,10,2,0,1,Alone,2,435,51,48,6,5
Graduate,73170.0,1,184,174,256,50,30,32,1,0,0,Alone,1,29,48,726,0,15
Postgraduate,52750.0,72,393,0,239,90,69,69,6,0,1,Partner,3,510,68,860,0,21
Postgraduate,91820.0,72,410,73,747,76,161,30,0,0,0,Partner,2,218,37,1497,0,22
Postgraduate,65968.0,12,376,9,83,19,4,4,2,0,1,Partner,3,48,53,495,0,16
Graduate,30772.0,89,7,2,4,2,1,4,1,0,2,Partner,4,109,47,20,0,3
Graduate,22507.0,67,68,0,226,51,157,68,3,0,0,Alone,1,582,69,570,0,16
Graduate,65685.0,54,642,14,49,0,7,57,1,0,1,Partner,3,92,51,769,0,20
Undergraduate,25804.0,34,8,7,9,13,6,12,2,0,1,Partner,3,301,45,55,0,5
Postgraduate,76412.0,15,840,53,804,23,71,17,1,0,0,Alone,1,420,43,1808,12,17
Graduate,22063.0,43,7,10,13,3,11,11,2,0,1,Partner,3,325,51,55,0,5
Graduate,57091.0,0,464,5,64,7,0,37,1,0,0,Alone,1,14,62,577,8,17
Graduate,22419.0,74,30,3,47,19,21,42,1,0,0,Partner,2,437,60,162,0,7
Graduate,87771.0,61,1492,38,287,50,57,33,1,0,1,Partner,3,403,64,1957,18,19
Undergraduate,78353.0,51,752,122,476,39,153,34,1,0,1,Alone,2,439,64,1576,0,23
Graduate,93404.0,97,1279,15,287,20,0,15,3,0,3,Partner,5,418,69,1616,9,14
Graduate,37859.0,75,22,1,8,2,1,2,2,0,3,Alone,4,533,61,36,0,4
Postgraduate,80995.0,83,860,28,409,73,56,56,1,0,1,Alone,2,414,65,1482,0,21
Graduate,16529.0,23,3,0,5,13,0,1,1,0,1,Partner,3,120,39,22,0,4
Postgraduate,55412.0,65,10,5,28,11,1,8,1,0,2,Alone,3,219,47,63,0,5
Graduate,48789.0,94,351,16,156,7,5,145,1,0,0,Alone,1,657,31,680,0,17
Postgraduate,56575.0,42,421,5,90,0,16,10,3,0,2,Partner,4,420,56,542,0,17
Undergraduate,25130.0,10,2,5,7,0,18,18,2,0,1,Partner,3,270,43,50,0,5
Graduate,35441.0,94,25,1,9,2,1,1,2,0,2,Partner,4,500,56,39,0,4
Graduate,71391.0,50,336,123,274,46,123,141,5,0,1,Partner,3,457,67,1043,0,23
Postgraduate,49494.0,46,191,9,97,0,6,82,2,0,1,Alone,2,430,51,385,0,12
Graduate,81702.0,98,563,50,774,28,31,187,1,0,0,Alone,1,644,43,1633,0,26
Undergraduate,45889.0,42,31,0,6,0,1,8,1,0,1,Alone,2,362,43,46,0,4
Graduate,56628.0,30,479,5,82,7,17,171,2,0,1,Alone,2,100,46,761,3,18
Graduate,34026.0,11,18,6,15,12,8,17,3,0,2,Partner,4,328,73,76,0,6
Graduate,40049.0,61,91,65,52,10,44,28,3,0,1,Partner,3,577,49,290,0,11
Graduate,34176.0,12,5,7,24,19,14,20,4,0,1,Alone,2,48,35,89,0,7
Graduate,19419.0,76,2,14,28,16,3,7,4,0,1,Partner,3,596,42,70,0,7
Undergraduate,82504.0,2,362,50,431,134,35,54,1,0,0,Partner,2,337,63,1066,0,16
Graduate,81205.0,43,724,74,929,97,55,130,1,0,0,Partner,2,167,53,2009,16,18
Undergraduate,61618.0,27,605,91,399,0,45,205,2,0,0,Alone,1,638,32,1345,0,17
Postgraduate,55284.0,60,547,7,140,0,7,63,3,0,1,Alone,2,552,67,764,0,20
Graduate,49980.0,79,104,1,54,13,9,14,2,0,1,Alone,2,249,60,195,0,9
Graduate,15072.0,96,8,2,15,0,10,18,4,0,2,Partner,4,415,43,53,0,7
Graduate,49166.0,17,224,2,25,7,0,110,2,0,1,Alone,2,381,49,368,0,11
Postgraduate,65324.0,0,384,0,102,21,32,5,3,0,1,Partner,3,169,69,544,0,17
Undergraduate,82347.0,38,556,54,845,202,133,63,1,0,0,Partner,2,600,66,1853,4,24
Postgraduate,30843.0,43,24,0,2,0,0,9,2,0,2,Partner,4,34,57,35,3,4
Postgraduate,46374.0,1,408,0,21,0,0,17,3,0,1,Partner,3,104,49,446,11,15
Graduate,60474.0,25,265,199,303,234,9,170,7,0,1,Alone,2,454,44,1180,0,24
Postgraduate,38576.0,2,34,0,7,0,0,0,1,0,1,Partner,3,117,50,41,0,4
Graduate,55357.0,66,374,64,116,84,25,64,3,0,2,Partner,4,495,38,727,0,19
Graduate,37758.0,49,27,2,10,0,0,1,2,0,2,Partner,4,633,57,40,0,4
Undergraduate,85710.0,5,600,20,350,29,30,33,1,0,0,Partner,2,420,34,1062,5,25
Graduate,23228.0,71,13,2,18,6,1,0,2,0,1,Partner,3,154,54,40,0,5
Postgraduate,44602.0,35,167,2,89,0,0,34,6,0,2,Partner,4,134,54,292,0,11
Graduate,7500.0,94,0,2,3,4,1,5,1,0,0,Partner,2,536,36,15,0,3
Undergraduate,38683.0,80,46,35,69,84,41,66,6,0,1,Partner,3,633,34,341,0,11
Undergraduate,49514.0,61,88,39,78,58,13,93,2,0,1,Alone,2,194,48,369,0,11
Postgraduate,57906.0,29,243,11,119,10,3,15,3,0,1,Partner,3,383,50,401,0,14
Postgraduate,43456.0,0,275,11,68,25,7,7,3,0,1,Alone,2,460,57,393,0,14
Postgraduate,19485.0,80,6,0,4,0,0,0,1,0,2,Alone,3,278,37,10,0,3
Graduate,53172.0,54,121,62,90,68,20,125,3,0,1,Partner,3,419,45,486,0,13
Graduate,30545.0,71,4,12,15,19,7,12,2,0,1,Partner,3,620,44,69,0,5
Postgraduate,70123.0,27,1308,0,396,23,0,0,1,0,0,Partner,2,274,40,1727,6,16
Graduate,62450.0,61,515,47,267,62,66,38,2,0,1,Alone,2,174,64,995,4,14
Graduate,21675.0,55,4,0,16,17,4,4,3,0,1,Partner,3,18,47,45,0,7
Undergraduate,42395.0,35,48,13,57,24,15,25,4,0,2,Alone,3,86,42,182,0,8
Postgraduate,61346.0,34,562,58,168,43,16,142,1,0,1,Partner,3,266,45,989,0,22
Graduate,80812.0,95,769,22,500,210,143,33,1,0,0,Partner,2,285,70,1677,9,17
Postgraduate,42835.0,64,379,4,93,12,9,98,7,0,2,Alone,3,364,52,595,0,16
Graduate,39922.0,30,29,12,59,19,1,36,2,0,1,Partner,3,500,40,156,0,7
Postgraduate,86424.0,12,387,68,569,89,45,68,1,0,0,Alone,1,85,67,1226,0,27
Undergraduate,17117.0,96,12,23,38,30,18,7,4,0,1,Partner,3,528,45,128,0,7
Graduate,24762.0,16,6,10,12,3,15,40,3,0,1,Alone,2,139,51,86,9,6
Graduate,35797.0,16,27,1,14,4,1,21,2,0,1,Partner,3,621,48,68,0,5
Graduate,36627.0,78,9,1,5,0,0,1,1,0,2,Alone,3,341,48,16,0,3
Undergraduate,51111.0,83,22,0,19,6,5,3,2,0,2,Partner,4,10,42,55,0,5
Postgraduate,86857.0,96,899,102,838,133,102,40,1,0,0,Alone,1,655,51,2114,6,21
Postgraduate,82072.0,67,889,55,685,168,92,129,1,0,0,Partner,2,362,53,2018,0,18
Postgraduate,46231.0,87,189,2,55,0,5,12,4,0,3,Alone,4,580,70,263,0,11
Graduate,42243.0,34,48,0,2,0,0,5,2,0,2,Partner,4,200,64,55,0,5
Graduate,51195.0,46,230,14,156,82,24,58,8,0,2,Partner,4,454,61,564,0,16
Postgraduate,68092.0,7,852,60,207,78,36,48,2,0,0,Alone,1,195,45,1281,0,18
Graduate,31814.0,73,35,3,20,4,1,20,2,0,1,Partner,3,505,50,83,3,5
Postgraduate,51390.0,54,205,20,47,23,2,56,6,0,2,Alone,3,659,58,353,0,12
Graduate,76630.0,93,255,31,446,40,56,175,1,0,0,Partner,2,166,40,1003,0,24
Undergraduate,26868.0,52,0,0,1,8,3,2,1,0,1,Alone,2,60,32,14,0,3
Postgraduate,48948.0,53,437,8,206,160,49,42,2,0,0,Alone,1,513,80,902,9,22
Postgraduate,55260.0,81,825,8,53,11,0,242,2,0,1,Alone,2,564,51,1139,0,23
Graduate,64090.0,8,316,58,161,76,51,135,1,0,1,Partner,3,326,67,797,6,19
Graduate,78331.0,97,756,138,354,160,169,61,2,0,1,Alone,2,157,65,1638,0,23
Postgraduate,37087.0,50,194,55,134,15,0,3,3,0,1,Partner,3,322,49,401,0,14
Graduate,21846.0,38,7,17,18,6,10,26,4,0,1,Alone,2,250,37,84,0,7
Graduate,81320.0,61,183,33,493,59,103,57,1,0,0,Partner,2,508,65,928,0,17
Graduate,54137.0,46,171,0,11,0,1,20,2,0,1,Alone,2,317,53,203,0,9
Graduate,66825.0,73,243,101,405,29,40,40,1,0,0,Partner,2,350,56,858,0,15
Graduate,57100.0,19,181,21,69,39,3,96,1,0,0,Partner,2,207,50,409,0,12
Graduate,58917.0,10,151,7,89,0,7,28,5,0,3,Partner,5,462,54,282,0,11
Graduate,85072.0,94,494,92,391,194,11,241,1,0,0,Alone,1,81,46,1423,0,17
Graduate,86429.0,10,464,28,873,29,18,37,0,0,0,Alone,1,220,62,1449,7,18
Graduate,45684.0,37,5,1,5,10,0,7,1,0,1,Alone,2,209,52,28,0,3
Graduate,47889.0,94,29,0,29,0,5,4,1,0,1,Partner,3,176,49,67,0,5
Postgraduate,45921.0,23,102,9,49,24,3,12,1,0,0,Partner,2,111,37,199,0,9
Postgraduate,78420.0,75,604,28,674,91,28,28,1,0,0,Alone,1,365,57,1453,0,21
Graduate,75114.0,40,571,12,523,63,60,24,1,0,0,Partner,2,234,31,1253,0,18
Postgraduate,52278.0,24,953,0,71,0,0,174,6,0,1,Alone,2,520,60,1198,6,25
Postgraduate,35641.0,11,63,3,67,8,9,28,2,0,1,Partner,3,350,51,178,6,8
Graduate,95529.0,29,770,29,890,250,27,24,1,0,0,Alone,1,573,29,1990,11,17
Graduate,62820.0,51,398,61,265,138,61,53,1,0,0,Partner,2,414,69,976,0,13
Postgraduate,73113.0,86,741,19,154,50,9,28,1,0,0,Partner,2,185,63,1001,0,14
Postgraduate,84169.0,9,1478,19,403,0,19,0,1,0,0,Partner,2,326,41,1919,15,19
Undergraduate,42607.0,30,156,29,56,30,32,47,2,0,1,Alone,2,224,69,350,0,12
Postgraduate,74637.0,73,960,64,464,146,0,16,1,0,0,Alone,1,407,69,1650,1,24
Postgraduate,46015.0,25,38,0,2,0,0,6,1,0,2,Partner,4,77,68,46,5,4
Graduate,72354.0,67,315,26,473,220,12,182,1,0,0,Alone,1,438,30,1228,0,18
Postgraduate,39858.0,67,15,20,25,2,7,26,1,0,1,Alone,2,521,54,95,6,6
Postgraduate,34469.0,58,19,6,20,0,5,12,3,0,2,Partner,4,56,75,62,0,6
Graduate,83033.0,82,812,99,431,237,149,33,1,0,1,Partner,3,42,37,1761,1,25
Postgraduate,24401.0,98,73,28,217,10,24,115,3,0,0,Partner,2,667,44,467,0,13
Graduate,77583.0,93,372,23,384,250,12,108,1,0,0,Partner,2,139,45,1149,1,18
Undergraduate,74116.0,53,871,111,704,145,55,166,1,0,0,Alone,1,181,41,2052,4,18
Graduate,74293.0,66,375,152,335,93,91,81,1,0,0,Alone,1,56,30,1127,0,15
Postgraduate,68397.0,6,760,80,466,17,13,80,1,0,1,Partner,3,224,47,1416,0,20
Postgraduate,79632.0,42,471,0,510,99,21,12,1,0,0,Partner,2,82,49,1113,0,19
Graduate,46107.0,78,31,9,27,16,9,33,1,0,1,Alone,2,139,34,125,0,6
Postgraduate,64950.0,29,819,0,72,12,0,63,2,0,1,Alone,2,686,72,966,4,23
Undergraduate,25443.0,82,1,4,3,8,9,7,1,0,1,Partner,3,554,34,32,0,4
Graduate,75127.0,92,203,35,305,46,17,227,1,0,0,Alone,1,38,71,833,0,18
Postgraduate,32892.0,78,26,0,15,2,1,2,2,0,1,Partner,3,35,52,46,0,6
Graduate,71796.0,54,354,21,311,167,75,32,1,0,0,Partner,2,248,52,960,0,16
Postgraduate,67536.0,45,1253,0,447,23,71,35,3,0,1,Partner,3,403,53,1829,1,27
Graduate,55239.0,59,371,17,238,23,24,106,3,0,1,Alone,2,350,52,779,0,23
Postgraduate,60554.0,8,588,7,76,110,15,15,2,0,1,Alone,2,324,48,811,0,21
Undergraduate,64831.0,51,480,86,249,75,86,144,8,0,2,Alone,3,384,71,1120,0,14
Postgraduate,56067.0,51,517,12,54,16,6,120,2,0,1,Partner,3,344,61,725,0,18
Graduate,82025.0,76,267,98,606,48,70,98,1,0,0,Alone,1,397,40,1187,11,11
Graduate,94384.0,62,1111,24,790,160,45,172,0,0,0,Partner,2,482,70,2302,16,18
Undergraduate,14906.0,86,7,7,14,7,16,15,3,0,0,Alone,1,554,37,66,0,6
Postgraduate,51563.0,60,1166,0,48,0,0,36,1,0,0,Partner,2,636,36,1250,9,18
Undergraduate,57937.0,56,261,42,144,55,48,133,3,0,1,Partner,3,133,41,683,0,17
Graduate,68274.0,83,135,25,51,23,25,46,2,0,2,Alone,3,272,44,305,0,11
Graduate,39771.0,92,6,2,18,2,8,14,1,0,1,Partner,3,205,46,50,0,5
Undergraduate,67893.0,31,711,28,142,49,18,47,2,0,1,Alone,2,636,48,995,0,14
Postgraduate,27922.0,80,11,0,13,2,4,11,1,0,1,Partner,3,50,44,41,0,5
Postgraduate,52190.0,39,42,0,17,0,0,18,3,0,2,Partner,4,52,47,77,3,6
Postgraduate,44051.0,20,79,7,58,6,3,18,4,0,2,Alone,3,516,50,171,6,8
Postgraduate,42767.0,53,20,6,43,19,5,38,1,0,2,Alone,3,414,52,131,0,6
Postgraduate,46106.0,84,30,0,8,2,0,14,1,0,2,Partner,4,49,47,54,0,4
Postgraduate,16927.0,50,20,2,23,3,1,4,5,0,2,Partner,4,504,47,53,0,7
Graduate,59754.0,96,115,27,44,4,146,139,3,0,1,Partner,3,575,58,475,6,13
Graduate,53700.0,94,263,5,233,69,41,83,4,0,1,Alone,2,681,71,694,0,18
Graduate,59041.0,25,69,2,15,2,2,6,2,0,2,Partner,4,53,50,96,0,6
Postgraduate,54237.0,48,267,3,30,4,0,57,4,0,1,Alone,2,428,66,361,0,12
Graduate,70647.0,65,561,85,171,25,123,114,2,0,1,Alone,2,646,56,1079,0,24
Postgraduate,52597.0,69,492,0,37,7,0,42,3,0,1,Alone,2,53,61,578,0,17
Postgraduate,41021.0,12,14,7,9,6,16,12,2,0,1,Partner,3,546,54,64,6,5
Postgraduate,40233.0,84,80,4,46,0,17,2,5,0,1,Partner,3,258,48,149,0,8
Graduate,50183.0,47,97,12,84,13,10,15,7,0,2,Partner,4,4,43,231,0,10
Graduate,54753.0,87,197,107,227,7,59,131,3,0,1,Partner,3,290,64,728,0,18
Graduate,92955.0,35,693,21,925,31,24,84,1,0,0,Partner,2,314,50,1778,12,22
Graduate,33471.0,47,43,2,27,0,9,12,3,0,1,Partner,3,625,50,93,0,7
Postgraduate,34596.0,48,14,0,2,0,0,7,1,0,1,Partner,3,442,49,23,6,3
Graduate,44010.0,46,186,36,234,86,72,48,6,0,1,Partner,3,624,43,662,0,18
Graduate,84219.0,27,434,137,400,45,137,45,1,0,0,Partner,2,147,35,1198,0,17
Postgraduate,40706.0,37,59,0,11,4,2,5,4,0,3,Partner,5,528,55,81,0,7
Undergraduate,15716.0,8,16,5,30,8,7,26,3,1,1,Partner,3,594,35,92,0,7
Undergraduate,59052.0,29,230,35,75,63,57,31,3,0,1,Alone,2,224,64,491,0,15
Postgraduate,80573.0,85,829,138,430,60,92,15,1,0,0,Partner,2,623,52,1564,0,23
Graduate,83715.0,2,318,8,407,150,35,8,1,0,0,Partner,2,146,61,926,0,23
Postgraduate,82576.0,66,1206,55,445,168,18,18,1,0,0,Partner,2,697,64,1910,5,18
Postgraduate,56962.0,60,292,3,77,10,3,26,7,0,3,Partner,5,261,58,411,0,14
Graduate,35704.0,54,30,9,12,2,11,30,3,0,2,Partner,4,177,71,94,0,6
Graduate,53103.0,70,729,17,133,11,0,195,5,0,1,Partner,3,290,69,1085,3,23
Undergraduate,46779.0,55,12,1,3,0,0,7,1,0,2,Alone,3,352,63,23,0,3
Graduate,4861.0,20,2,1,1,1,0,1,0,0,0,Alone,1,7,58,6,0,0
Postgraduate,33462.0,78,22,3,18,0,0,11,1,0,1,Alone,2,326,44,54,0,5
Graduate,63693.0,63,587,43,337,42,87,54,3,0,1,Alone,2,258,45,1150,0,26
Graduate,80763.0,17,674,168,108,192,42,231,1,0,0,Partner,2,318,73,1415,12,22
Postgraduate,65352.0,43,284,3,84,4,7,23,2,0,1,Partner,3,312,49,405,0,14
Postgraduate,82170.0,13,1023,93,651,49,55,37,1,0,0,Partner,2,216,45,1908,0,18
Graduate,75759.0,46,1394,22,708,89,91,182,1,0,0,Partner,2,247,54,2486,15,25
Undergraduate,79689.0,65,311,26,640,180,37,121,1,0,0,Alone,1,413,47,1315,0,26
Postgraduate,35340.0,1,27,0,12,0,1,5,2,0,2,Alone,3,0,67,45,0,5
Graduate,85683.0,6,1296,17,311,45,69,51,1,0,0,Alone,1,100,69,1789,18,16
Undergraduate,24884.0,32,3,6,7,0,0,3,1,0,1,Partner,3,577,51,19,0,3
Postgraduate,42021.0,34,393,5,136,7,5,27,5,0,1,Partner,3,667,42,573,3,17
Graduate,64449.0,70,218,63,282,137,35,70,4,0,1,Alone,2,131,34,805,0,20
Graduate,64587.0,49,66,0,16,0,6,20,2,0,2,Alone,3,7,69,108,0,6
Graduate,34824.0,65,4,2,11,2,0,4,1,0,0,Alone,1,95,28,23,0,3
Graduate,75437.0,25,795,0,545,95,58,0,1,0,0,Partner,2,232,45,1493,1,22
Graduate,26091.0,84,15,10,19,8,17,20,3,0,2,Partner,4,124,66,89,0,6
Graduate,52845.0,7,384,25,292,130,41,64,3,0,1,Partner,3,320,50,936,3,22
Graduate,46086.0,34,244,8,32,7,2,50,4,0,1,Alone,2,238,67,343,0,12
Postgraduate,78028.0,38,158,19,288,25,0,38,1,0,1,Alone,2,657,67,528,15,19
Postgraduate,95169.0,1,1285,21,449,106,20,20,1,0,0,Alone,1,263,36,1901,12,11
Undergraduate,56337.0,25,349,16,144,28,5,182,5,0,2,Partner,4,459,42,724,10,17
Graduate,22434.0,25,4,12,11,3,13,15,2,0,1,Partner,3,501,36,58,0,5
Postgraduate,36930.0,50,223,2,31,0,2,39,5,0,1,Partner,3,408,69,297,0,11
Graduate,36130.0,46,157,43,127,68,56,37,6,0,1,Alone,2,512,69,488,9,15
Postgraduate,65569.0,96,397,46,288,20,38,70,2,0,1,Partner,3,601,70,859,0,21
Graduate,83844.0,57,901,31,345,75,31,191,1,0,0,Partner,2,413,71,1574,5,19
Graduate,19514.0,47,14,3,21,2,1,28,4,0,2,Partner,4,154,55,69,3,6
Postgraduate,36736.0,52,10,0,3,0,0,4,1,0,2,Alone,3,415,60,17,0,3
Graduate,77568.0,30,1230,0,396,232,178,158,1,0,1,Partner,3,673,44,2194,10,20
Postgraduate,49187.0,63,81,1,31,2,1,0,1,0,1,Partner,3,169,47,116,0,7
Graduate,30168.0,51,154,20,66,0,12,27,7,0,1,Alone,2,479,45,279,0,11
Postgraduate,34053.0,14,63,0,21,7,0,12,1,0,1,Partner,3,657,55,103,0,6
Postgraduate,38196.0,20,30,0,11,0,0,3,3,0,2,Partner,4,72,52,44,0,6
Postgraduate,59412.0,56,90,67,165,30,43,11,1,0,0,Partner,2,71,72,406,0,14
Undergraduate,70924.0,41,635,114,254,132,152,76,1,0,0,Partner,2,83,58,1363,5,19
Graduate,54165.0,72,127,4,73,15,6,11,1,0,0,Partner,2,397,54,236,0,10
Graduate,32300.0,1,13,3,6,6,5,6,1,0,1,Partner,3,542,50,39,0,4
Graduate,20180.0,27,18,42,24,15,20,18,1,0,0,Alone,1,494,47,137,0,7
Graduate,34961.0,77,45,2,26,4,1,1,3,0,1,Partner,3,10,50,79,0,7
Postgraduate,28440.0,87,38,1,24,0,0,0,1,0,1,Partner,3,357,49,63,0,5
Postgraduate,64504.0,81,986,36,168,16,0,108,7,0,3,Partner,5,482,70,1314,6,18
Postgraduate,33564.0,51,61,0,3,0,0,7,1,0,1,Partner,3,5,57,71,0,5
Graduate,17345.0,79,4,9,16,17,0,12,2,0,1,Partner,3,603,45,58,0,5
Postgraduate,56320.0,11,201,53,172,116,77,83,3,0,1,Partner,3,447,56,702,0,18
Graduate,28647.0,54,19,8,29,0,12,26,1,0,1,Alone,2,312,45,94,9,6
Undergraduate,15038.0,93,4,8,11,19,12,26,2,0,1,Alone,2,516,36,80,0,5
Postgraduate,32173.0,0,18,0,2,0,0,2,1,0,1,Alone,2,332,65,22,0,4
Undergraduate,68316.0,54,806,80,161,120,11,33,5,0,1,Partner,3,602,59,1211,0,27
Graduate,74538.0,21,380,98,733,110,112,28,1,0,0,Partner,2,365,52,1461,11,21
Graduate,91700.0,58,576,172,961,125,115,19,1,0,0,Alone,1,528,52,1968,6,19
Graduate,68695.0,3,458,81,356,106,50,40,1,0,0,Partner,2,4,54,1091,0,15
Undergraduate,31056.0,99,5,10,13,3,8,16,1,0,1,Partner,3,523,46,55,0,4
Graduate,79593.0,70,350,60,568,110,133,145,1,0,0,Partner,2,48,50,1366,5,18
Graduate,28071.0,65,39,33,130,41,26,44,2,0,0,Alone,1,669,43,313,0,11
Postgraduate,37334.0,44,26,1,16,2,2,15,4,0,2,Partner,4,123,65,62,0,7
Postgraduate,46423.0,6,68,0,16,0,0,8,3,0,2,Alone,3,284,51,92,0,6
Postgraduate,37126.0,9,45,3,9,4,4,7,1,0,1,Partner,3,91,52,72,9,5
Graduate,47703.0,95,359,0,134,13,26,123,4,0,1,Partner,3,396,70,655,0,17
Graduate,61180.0,70,403,24,29,6,24,218,2,0,1,Partner,3,67,64,704,3,16
Graduate,38998.0,92,34,1,14,0,0,5,3,1,2,Partner,4,603,69,54,0,5
Graduate,8028.0,62,73,18,66,7,12,2,15,0,0,Alone,1,649,32,178,0,1
Graduate,76081.0,85,292,30,415,63,33,200,1,0,0,Partner,2,37,61,1033,1,13
Graduate,34728.0,2,14,0,16,0,0,6,1,0,1,Partner,3,334,37,36,6,4
Postgraduate,33168.0,0,80,1,37,0,1,3,3,0,1,Alone,2,624,58,122,0,7
Postgraduate,33585.0,91,30,11,33,13,6,29,1,0,1,Partner,3,277,57,122,0,6
Postgraduate,77037.0,3,463,96,333,168,53,10,1,0,1,Partner,3,259,63,1123,0,26
Graduate,35196.0,68,75,12,141,43,39,187,6,0,1,Partner,3,593,39,497,6,12
Graduate,44529.0,98,538,13,91,17,6,26,6,0,1,Partner,3,359,57,691,4,19
Undergraduate,70924.0,41,635,114,254,132,152,76,1,0,0,Partner,2,83,58,1363,5,19
Postgraduate,28764.0,16,8,0,3,0,0,1,1,0,2,Partner,4,24,57,12,3,3
Postgraduate,69098.0,82,1315,22,780,145,0,178,1,0,0,Partner,2,498,74,2440,0,24
Undergraduate,25959.0,1,4,2,12,7,5,26,2,0,2,Alone,3,500,53,56,6,5
Postgraduate,27100.0,64,12,0,13,2,0,10,1,0,1,Partner,3,450,40,37,0,4
Graduate,70596.0,68,347,44,534,17,0,26,1,0,0,Alone,1,632,38,968,0,20
Graduate,42557.0,98,192,5,53,0,5,15,4,0,1,Partner,3,669,49,270,0,11
Postgraduate,53312.0,32,241,0,12,0,0,25,1,0,0,Partner,2,324,72,278,0,11
Graduate,72228.0,87,631,28,491,30,14,56,1,0,0,Alone,1,579,71,1250,0,21
Graduate,67605.0,84,336,28,282,184,54,54,1,0,0,Partner,2,455,36,938,0,16
Postgraduate,62845.0,3,1099,0,45,0,0,34,11,0,2,Partner,4,636,74,1178,4,17
Graduate,65196.0,34,743,19,181,12,0,200,2,0,2,Partner,4,339,65,1155,3,24
Postgraduate,42000.0,23,124,83,267,85,59,35,2,0,0,Alone,1,535,36,653,6,18
Postgraduate,35860.0,37,15,0,8,4,2,20,2,0,2,Alone,3,41,50,49,3,4
Postgraduate,65526.0,22,397,19,69,12,0,9,1,0,1,Partner,3,79,59,506,0,16
Graduate,16860.0,19,10,4,4,3,3,14,3,0,2,Partner,4,655,62,38,0,5
Graduate,83528.0,7,530,117,678,134,44,147,1,0,0,Alone,1,59,31,1650,10,22
Undergraduate,64176.0,52,1215,33,249,64,116,149,8,0,1,Alone,2,695,58,1826,0,25
Graduate,22304.0,91,3,2,7,0,4,2,1,0,0,Alone,1,694,67,18,0,3
Graduate,67023.0,93,444,44,382,11,8,17,1,1,0,Partner,2,117,45,906,0,23
Postgraduate,32892.0,78,26,0,15,2,1,2,2,0,1,Partner,3,35,52,46,0,6
Graduate,70713.0,23,736,114,279,82,76,190,6,0,1,Partner,3,573,57,1477,0,19
Graduate,59925.0,83,473,21,176,19,21,56,3,0,1,Partner,3,576,68,766,0,20
Graduate,39722.0,92,32,0,5,2,0,8,2,0,1,Partner,3,125,70,47,0,5
Graduate,46610.0,4,288,10,30,4,10,125,1,0,0,Partner,2,346,65,467,0,13
Graduate,88347.0,32,1050,178,555,77,138,118,1,0,0,Partner,2,361,62,2116,1,20
Postgraduate,87171.0,27,1001,44,107,58,44,44,1,0,0,Partner,2,424,42,1298,8,24
Undergraduate,26907.0,10,9,1,7,0,3,2,2,0,2,Partner,4,313,47,22,0,4
Postgraduate,50014.0,9,234,14,77,19,10,42,2,0,1,Alone,2,158,55,396,0,13
Postgraduate,41014.0,65,7,2,6,2,0,3,1,0,1,Partner,3,433,45,20,0,3
Graduate,66294.0,68,251,108,334,65,92,117,1,0,0,Alone,1,104,58,967,0,12
Graduate,36715.0,16,172,10,125,21,13,16,6,0,1,Partner,3,589,52,357,6,13
Graduate,79456.0,12,565,42,548,64,83,99,1,0,0,Partner,2,676,67,1401,6,15
Graduate,40479.0,95,5,0,8,2,0,0,1,0,1,Partner,3,316,41,15,0,3
Postgraduate,75345.0,16,918,57,842,99,38,133,1,0,0,Alone,1,512,53,2087,7,19
Graduate,54233.0,46,652,8,158,21,0,142,4,0,1,Partner,3,510,46,981,0,22
Graduate,24163.0,3,4,1,7,2,1,2,2,0,2,Alone,3,260,53,17,0,4
Postgraduate,84460.0,80,152,27,103,106,54,81,0,0,0,Partner,2,541,65,523,18,22
Graduate,43776.0,77,8,0,9,2,1,3,1,0,1,Partner,3,57,40,23,0,3
Postgraduate,71691.0,0,336,130,411,240,32,43,1,0,0,Alone,1,104,65,1192,6,16
Postgraduate,85844.0,62,938,19,843,25,95,38,1,0,0,Partner,2,31,50,1958,5,19
Postgraduate,39190.0,91,68,8,18,19,8,12,2,0,1,Alone,2,64,49,133,0,7
Graduate,71367.0,24,227,23,389,42,21,75,1,0,0,Partner,2,310,64,777,0,16
Postgraduate,38578.0,2,38,4,22,3,3,3,3,0,2,Alone,3,372,51,73,0,6
Postgraduate,57236.0,22,105,0,9,2,1,4,3,0,2,Partner,4,109,58,121,0,7
Graduate,61825.0,56,162,50,100,55,30,27,1,0,1,Alone,2,326,44,424,0,14
Graduate,79803.0,54,574,8,216,21,16,33,1,0,1,Alone,2,27,65,868,0,12
Undergraduate,80910.0,71,160,80,369,67,39,41,1,0,0,Alone,1,606,37,756,0,14
Postgraduate,27590.0,38,6,0,5,0,0,1,1,0,1,Partner,3,432,41,12,0,3
Graduate,56775.0,62,614,35,160,58,35,35,2,0,1,Partner,3,543,44,937,0,23
Graduate,83829.0,78,897,161,430,186,161,27,0,0,0,Alone,1,264,48,1862,15,17
Undergraduate,54210.0,18,70,54,109,80,9,45,2,0,1,Partner,3,405,44,367,0,12
Graduate,38508.0,95,120,19,206,25,19,54,6,0,1,Partner,3,331,37,443,0,14
Graduate,53187.0,66,211,2,30,7,7,10,2,0,1,Partner,3,246,53,267,0,11
Graduate,30023.0,28,11,0,16,7,6,21,1,0,1,Partner,3,97,51,61,0,5
Postgraduate,76045.0,78,760,53,400,17,93,0,1,0,0,Alone,1,226,63,1323,1,20
Postgraduate,50870.0,13,53,0,8,0,0,2,1,0,1,Partner,3,10,71,63,0,5
Undergraduate,15315.0,27,7,4,13,15,8,17,2,0,0,Partner,2,330,53,64,0,6
Undergraduate,65463.0,17,391,32,70,21,32,16,2,0,1,Partner,3,150,49,562,4,17
Graduate,66480.0,71,199,9,57,20,21,6,7,0,2,Partner,4,29,58,312,0,12
Graduate,76773.0,79,516,56,449,86,33,16,1,0,0,Alone,1,489,69,1156,0,15
Undergraduate,81698.0,1,709,45,115,30,160,45,1,0,0,Alone,1,485,40,1104,7,15
Postgraduate,54466.0,78,12,0,4,0,0,0,1,0,2,Alone,3,140,50,16,0,3
Postgraduate,98777.0,23,1000,19,711,125,115,38,0,0,0,Alone,1,132,63,2008,4,19
Postgraduate,16269.0,75,19,3,18,3,1,0,3,0,1,Alone,2,303,39,44,0,6
Graduate,71819.0,70,1224,28,140,0,14,168,3,0,1,Partner,3,305,52,1574,9,11
Postgraduate,33569.0,10,16,2,18,3,0,24,1,0,1,Partner,3,256,40,63,9,4
Postgraduate,36262.0,24,88,39,54,64,28,153,1,0,0,Partner,2,282,40,426,9,11
Undergraduate,22634.0,47,2,23,11,8,6,46,1,0,0,Partner,2,529,57,96,0,5
Undergraduate,47025.0,98,508,11,59,23,5,29,5,0,1,Partner,3,290,45,635,0,18
Graduate,70566.0,4,381,28,215,84,28,21,2,0,1,Alone,2,266,55,757,0,20
Postgraduate,31605.0,15,74,0,42,2,1,6,2,0,1,Partner,3,584,44,125,0,7
Postgraduate,52034.0,67,146,0,93,7,13,73,5,0,2,Alone,3,408,50,332,0,11
Graduate,48526.0,32,23,17,23,43,20,9,1,0,1,Alone,2,187,44,135,0,7
Graduate,46734.0,40,110,5,137,26,23,29,2,0,1,Partner,3,588,69,330,0,12
Graduate,39552.0,54,165,3,147,4,24,41,7,0,2,Alone,3,558,61,384,6,13
Graduate,86358.0,78,957,47,494,82,47,95,4,0,2,Alone,3,690,57,1722,0,14
Graduate,46931.0,94,41,0,17,3,1,16,2,0,3,Partner,5,66,46,78,0,5
Undergraduate,16581.0,51,1,3,4,2,3,11,1,0,0,Alone,1,533,38,24,0,3
Undergraduate,63998.0,42,176,29,818,0,33,112,1,0,0,Alone,1,191,71,1168,6,24
Postgraduate,67381.0,67,815,8,53,11,0,70,4,0,1,Partner,3,530,72,957,4,13
Graduate,25930.0,87,6,1,2,2,0,4,1,0,2,Alone,3,262,56,15,0,3
Graduate,42693.0,29,8,4,20,6,3,16,1,0,1,Partner,3,22,45,57,0,4
Graduate,85606.0,89,717,42,864,219,30,84,2,0,1,Partner,3,594,47,1956,1,22
Graduate,72903.0,74,1067,138,750,0,19,39,1,0,0,Alone,1,243,38,2013,16,20
Undergraduate,49669.0,97,166,5,107,11,8,29,2,0,1,Partner,3,36,49,326,0,12
Postgraduate,36778.0,63,29,4,34,2,4,4,3,0,2,Partner,4,693,55,77,0,6
Postgraduate,85696.0,88,714,76,395,116,0,12,1,0,0,Alone,1,422,61,1313,6,19
Postgraduate,10979.0,34,8,4,10,2,2,4,2,0,0,Alone,1,38,34,30,0,6
Graduate,49678.0,81,229,5,56,3,2,20,2,0,1,Partner,3,512,62,315,0,12
Postgraduate,56129.0,65,320,48,133,39,72,48,4,0,1,Partner,3,374,70,660,0,18
Graduate,37155.0,51,23,0,26,7,15,3,1,0,1,Partner,3,514,34,74,0,6
Undergraduate,21282.0,76,1,5,8,4,8,20,2,0,1,Alone,2,49,45,46,0,5
Postgraduate,33419.0,76,56,0,12,0,0,18,2,0,1,Alone,2,316,61,86,0,6
Graduate,63285.0,84,508,124,249,50,38,134,1,0,0,Alone,1,236,78,1103,0,24
Postgraduate,21255.0,56,29,0,25,2,2,3,4,0,1,Partner,3,159,49,61,0,7
Graduate,42162.0,31,46,7,59,2,4,27,2,0,1,Partner,3,222,42,145,9,7
Graduate,54450.0,0,454,0,171,8,19,32,12,0,2,Partner,4,653,67,684,0,19
Postgraduate,57744.0,91,350,3,39,0,0,19,2,0,1,Partner,3,229,69,411,0,14
Graduate,26576.0,40,10,0,8,0,0,9,1,0,1,Alone,2,624,37,27,9,3
Postgraduate,57513.0,59,735,40,183,52,20,30,2,0,0,Alone,1,358,80,1060,0,25
Graduate,68142.0,96,897,126,196,91,112,37,3,0,1,Partner,3,669,59,1459,0,21
Graduate,7500.0,61,5,2,3,3,0,5,1,0,1,Partner,3,669,44,18,0,3
Graduate,83145.0,14,777,35,731,39,137,114,1,0,0,Partner,2,645,49,1833,11,25
Postgraduate,54197.0,16,162,6,37,6,13,13,2,0,1,Partner,3,87,63,237,0,10
Postgraduate,23091.0,98,35,0,11,0,0,2,4,0,2,Alone,3,32,60,48,0,6
Graduate,46049.0,11,342,9,112,19,14,19,10,0,2,Partner,4,343,47,515,6,16
Graduate,56715.0,52,258,105,239,237,172,9,1,0,0,Partner,2,571,49,1020,0,14
Graduate,79410.0,19,658,80,483,123,13,13,1,0,0,Partner,2,31,62,1370,0,10
Graduate,57304.0,61,356,80,329,138,17,106,2,0,1,Partner,3,475,72,1026,0,23
Graduate,44375.0,73,213,5,28,7,7,41,1,0,1,Partner,3,98,58,301,0,11
Graduate,54450.0,0,454,0,171,8,19,32,12,0,2,Partner,4,653,67,684,0,19
Graduate,59594.0,74,457,4,29,0,0,9,1,0,1,Partner,3,617,58,499,4,16
Graduate,80685.0,55,241,45,604,34,26,54,1,0,0,Partner,2,676,29,1004,0,20
Postgraduate,40344.0,48,210,0,6,0,0,2,2,0,1,Partner,3,259,49,218,0,10
Graduate,62710.0,53,441,35,83,7,29,11,4,0,1,Partner,3,402,51,606,0,18
Undergraduate,48985.0,13,19,13,18,10,7,8,1,0,1,Partner,3,359,55,75,0,5
Graduate,35322.0,34,28,9,37,12,7,13,3,0,3,Partner,5,676,55,106,0,6
Graduate,77142.0,54,476,75,162,29,151,97,1,0,0,Partner,2,396,75,990,0,16
Graduate,81657.0,69,364,40,425,158,60,50,1,0,0,Alone,1,158,54,1097,0,15
Undergraduate,14421.0,81,0,0,2,3,3,8,1,0,0,Partner,2,132,27,16,3,3
Undergraduate,20130.0,99,0,6,3,7,6,12,1,0,0,Partner,2,104,49,34,0,4
Postgraduate,74214.0,3,863,83,547,86,99,33,1,0,0,Partner,2,672,33,1711,0,15
Postgraduate,66726.0,61,349,7,35,0,0,47,3,0,2,Partner,4,168,66,438,4,14
Undergraduate,23724.0,65,5,23,15,0,18,14,2,0,1,Partner,3,537,44,75,0,5
Postgraduate,47353.0,93,184,2,19,8,8,4,3,0,1,Partner,3,228,63,225,0,10
Postgraduate,33444.0,24,8,0,8,0,0,2,1,0,2,Partner,4,603,71,18,0,3
Graduate,54386.0,8,277,21,64,62,21,25,2,0,1,Partner,3,408,42,470,0,15
Graduate,28510.0,72,44,5,19,0,4,19,3,0,2,Alone,3,442,42,91,0,6
Postgraduate,90638.0,29,1156,120,915,94,144,96,1,0,0,Alone,1,136,32,2525,5,17
Graduate,48070.0,33,373,14,83,6,9,19,3,1,1,Partner,3,532,73,504,0,16
Graduate,43140.0,68,134,8,76,6,0,11,1,0,1,Partner,3,540,66,235,0,10
Postgraduate,54959.0,55,1148,0,60,0,0,24,3,0,1,Alone,2,526,62,1232,10,18
Undergraduate,15056.0,76,6,12,3,21,6,40,5,0,2,Alone,3,422,65,88,0,7
Graduate,26954.0,17,4,1,11,0,0,1,1,0,1,Alone,2,52,52,17,0,3
Graduate,22327.0,94,5,4,8,2,0,5,1,0,1,Alone,2,331,38,24,0,4
Graduate,44393.0,86,24,2,20,2,2,10,2,0,2,Partner,4,311,58,60,0,5
Postgraduate,62000.0,25,899,0,101,0,0,20,1,0,1,Alone,2,308,71,1020,1,25
Postgraduate,31497.0,22,108,1,28,13,1,4,2,0,1,Partner,3,570,61,155,0,8
Undergraduate,45894.0,15,27,2,7,0,2,13,1,0,2,Partner,4,122,49,51,0,4
Postgraduate,78579.0,35,816,66,549,216,66,99,1,0,0,Alone,1,554,53,1812,6,15
Postgraduate,67369.0,81,1298,0,70,37,14,42,4,0,1,Alone,2,589,54,1461,15,21
Graduate,58401.0,55,10,0,11,17,29,29,1,0,1,Alone,2,70,63,96,0,5
Graduate,62307.0,94,87,13,34,10,6,10,1,0,1,Alone,2,132,71,160,0,8
Postgraduate,43641.0,50,57,2,51,4,2,23,3,0,2,Partner,4,433,54,139,0,7
Postgraduate,63841.0,64,635,15,100,20,7,131,1,0,1,Alone,2,434,55,908,0,21
Undergraduate,46891.0,91,43,12,23,29,15,61,1,0,1,Partner,3,301,58,183,0,7
Postgraduate,70091.0,11,964,34,137,15,0,11,2,0,1,Partner,3,455,54,1161,4,17
Postgraduate,78075.0,72,572,8,259,34,35,80,1,0,0,Partner,2,85,51,988,0,13
Undergraduate,59184.0,6,341,142,113,259,151,66,3,0,1,Alone,2,658,62,1072,0,24
Graduate,54809.0,0,63,6,57,13,13,22,4,0,2,Partner,4,291,46,174,0,8
Graduate,58113.0,66,221,104,169,102,78,84,3,1,1,Partner,3,520,64,758,0,19
Postgraduate,51412.0,42,140,3,29,4,5,14,2,0,1,Partner,3,180,65,195,0,9
Graduate,15287.0,60,1,2,8,4,3,13,2,0,1,Alone,2,627,44,31,9,4
Postgraduate,66636.0,64,291,10,689,84,10,0,1,0,0,Partner,2,316,66,1084,0,16
Postgraduate,50965.0,87,544,13,85,8,6,29,3,0,1,Partner,3,494,67,685,3,19
Postgraduate,84618.0,96,684,100,801,21,66,0,1,0,0,Partner,2,219,58,1672,5,25
Graduate,18351.0,1,1,12,9,0,14,7,1,0,0,Partner,2,243,33,43,0,5
Postgraduate,40451.0,54,35,0,4,0,0,10,1,0,2,Partner,4,133,66,49,3,4
Graduate,36317.0,53,87,3,25,3,2,13,2,0,1,Partner,3,403,58,133,0,7
Graduate,42213.0,96,309,3,24,4,3,20,2,0,1,Partner,3,260,66,363,4,13
Graduate,65748.0,58,172,73,93,95,78,34,2,1,1,Partner,3,440,68,545,0,16
Graduate,77044.0,12,625,38,242,50,34,76,2,0,1,Partner,3,245,51,1065,3,29
Graduate,74918.0,78,972,59,913,25,19,59,1,0,0,Partner,2,474,54,2047,5,20
Graduate,56721.0,64,157,6,39,6,13,75,5,0,2,Partner,4,606,51,296,0,10
Graduate,42160.0,26,48,9,45,3,15,20,4,0,2,Alone,3,366,48,140,6,7
Graduate,61559.0,8,279,83,88,32,14,34,1,0,1,Alone,2,347,58,530,0,16
Postgraduate,33629.0,49,132,0,16,0,0,4,5,0,2,Partner,4,690,60,152,0,8
Postgraduate,68682.0,56,919,0,505,99,30,45,1,0,0,Partner,2,266,32,1598,0,23
Graduate,34377.0,55,62,0,22,3,1,26,2,0,1,Alone,2,526,60,114,0,6
Undergraduate,8940.0,25,1,45,3,4,6,42,3,0,1,Alone,2,676,37,101,0,7
Graduate,26228.0,50,2,6,4,3,1,9,1,0,1,Partner,3,280,50,25,0,3
Undergraduate,77297.0,84,408,61,109,48,122,41,1,0,0,Alone,1,519,66,789,1,21
Graduate,40211.0,30,51,1,7,2,1,25,2,0,2,Partner,4,334,42,87,3,5
Postgraduate,33438.0,81,62,1,16,3,2,6,4,0,2,Alone,3,280,65,90,0,7
Postgraduate,75032.0,74,952,12,180,47,12,12,2,0,1,Partner,3,427,64,1215,0,18
Postgraduate,61284.0,76,618,15,106,20,7,45,1,0,0,Alone,1,260,68,811,4,21
Graduate,22518.0,36,11,7,12,2,2,27,2,0,1,Partner,3,615,37,61,9,5
Postgraduate,54730.0,64,318,3,17,4,7,56,5,0,1,Partner,3,318,48,405,0,13
Postgraduate,38452.0,62,56,0,14,0,0,2,3,0,2,Partner,4,91,68,72,0,6
Graduate,44421.0,53,110,5,59,7,1,7,5,0,2,Alone,3,499,52,189,0,9
Postgraduate,38197.0,86,23,0,11,2,1,3,1,0,1,Partner,3,365,37,40,0,4
Graduate,41986.0,15,27,5,8,8,3,12,3,0,1,Alone,2,140,45,63,0,7
Graduate,28427.0,67,18,3,19,3,3,6,2,0,1,Partner,3,465,40,52,0,5
Postgraduate,37395.0,47,18,0,9,0,1,11,1,0,1,Partner,3,58,47,39,0,4
Graduate,64722.0,47,303,0,280,60,147,15,4,0,1,Partner,3,34,52,805,0,21
Postgraduate,55249.0,81,97,1,19,2,0,11,1,0,1,Partner,3,73,67,130,0,7
Graduate,84906.0,98,997,15,414,99,30,76,1,0,0,Partner,2,268,51,1631,11,23
Graduate,28691.0,56,5,4,13,8,0,4,1,0,1,Partner,3,360,34,34,0,4
Graduate,44213.0,48,95,11,35,0,4,7,4,0,2,Alone,3,212,71,152,0,8
Undergraduate,25707.0,18,1,6,2,3,6,3,1,0,1,Alone,2,162,39,21,0,4
Postgraduate,59062.0,74,46,1,12,3,0,9,2,0,3,Partner,5,269,56,71,0,5
Graduate,76624.0,68,411,106,147,54,115,66,1,0,1,Alone,2,36,61,899,3,22
Postgraduate,66000.0,36,244,51,270,101,0,45,1,0,0,Partner,2,70,76,711,0,9
Postgraduate,27683.0,90,152,9,121,12,12,45,4,0,1,Partner,3,694,45,351,0,12
Graduate,1730.0,65,1,1,3,1,1,1,15,0,0,Alone,1,42,52,8,0,0
Undergraduate,7500.0,63,10,17,18,8,26,40,4,0,1,Alone,2,573,31,119,0,7
Graduate,40521.0,82,12,0,5,0,0,4,1,0,2,Partner,4,450,55,21,0,3
Postgraduate,20427.0,63,5,0,4,0,0,1,1,0,1,Partner,3,97,50,10,0,3
Graduate,65106.0,55,790,19,133,12,0,19,3,0,1,Partner,3,36,48,973,4,24
Postgraduate,69969.0,64,882,29,514,38,29,44,1,0,0,Partner,2,306,58,1536,12,12
Graduate,67433.0,51,615,28,259,12,48,30,4,0,2,Partner,4,348,71,992,4,24
Postgraduate,77766.0,97,1004,59,265,115,59,27,2,0,1,Partner,3,492,56,1529,9,32
Graduate,74716.0,92,133,27,421,13,195,71,2,0,1,Partner,3,290,51,860,0,15
Graduate,68118.0,51,595,23,123,10,23,154,2,0,1,Alone,2,254,60,928,0,21
Postgraduate,55158.0,72,293,0,87,4,11,23,4,0,2,Partner,4,699,53,418,6,14
Undergraduate,62972.0,39,313,15,47,20,0,192,2,0,1,Partner,3,695,68,587,6,14
Graduate,74190.0,49,151,81,86,168,91,64,2,0,1,Partner,3,48,48,641,0,17
Graduate,39356.0,21,15,0,2,0,0,6,1,0,2,Partner,4,102,47,23,3,3
Graduate,76653.0,91,736,63,946,219,189,126,1,0,0,Partner,2,317,54,2279,6,22
Postgraduate,35860.0,37,15,0,8,4,2,20,2,0,2,Alone,3,41,50,49,3,4
Postgraduate,90687.0,98,982,17,672,23,34,51,1,0,0,Alone,1,403,40,1779,11,16
Postgraduate,73450.0,85,1142,51,415,90,69,37,1,0,0,Partner,2,206,41,1804,4,26
Graduate,31454.0,40,28,0,11,0,0,9,3,0,2,Partner,4,358,63,48,0,5
Graduate,47139.0,2,46,0,12,0,2,23,2,0,2,Alone,3,115,71,83,6,5
Graduate,83829.0,78,897,161,430,186,161,27,0,0,0,Alone,1,264,48,1862,15,17
Postgraduate,53378.0,41,489,6,152,8,6,132,10,0,2,Partner,4,643,60,793,6,19
Graduate,19656.0,94,25,4,9,6,8,32,3,0,1,Partner,3,506,53,84,0,6
Postgraduate,45579.0,10,145,1,33,2,1,1,1,0,1,Partner,3,313,75,183,0,9
Undergraduate,85485.0,73,630,26,611,44,18,54,1,0,0,Alone,1,8,65,1383,0,18
Graduate,55956.0,22,760,38,104,50,9,38,2,0,0,Partner,2,83,79,999,4,14
Postgraduate,64191.0,30,420,15,186,151,38,15,3,0,1,Alone,2,523,60,825,0,21
Graduate,38808.0,21,125,17,52,3,19,30,4,0,1,Alone,2,672,51,246,9,10
Postgraduate,57183.0,51,464,5,64,7,0,70,8,0,2,Partner,4,467,57,610,0,17
Postgraduate,23748.0,97,6,6,29,12,15,8,3,0,1,Alone,2,585,55,76,0,6
Graduate,66303.0,56,1090,12,96,16,12,60,4,0,1,Partner,3,488,52,1286,4,18
Postgraduate,37368.0,4,3,2,11,2,2,10,1,0,1,Partner,3,195,48,30,3,3
Graduate,40800.0,77,24,0,27,8,30,10,2,1,3,Partner,5,544,59,99,0,6
Graduate,71847.0,95,737,21,106,55,63,210,0,0,0,Alone,1,646,45,1192,1,22
Graduate,46149.0,36,254,6,71,4,0,27,5,0,1,Partner,3,212,48,362,0,13
Graduate,78687.0,13,817,185,687,145,55,241,1,0,0,Partner,2,689,40,2130,11,18
Undergraduate,49118.0,90,620,54,239,99,98,119,2,0,0,Alone,1,680,52,1229,12,26
Postgraduate,37633.0,49,13,4,20,0,0,1,2,0,2,Partner,4,647,66,38,0,4
Postgraduate,39767.0,18,113,61,204,34,26,47,2,0,0,Partner,2,343,72,485,0,15
Undergraduate,26997.0,89,7,23,78,133,49,144,2,0,0,Partner,2,601,72,434,0,11
Graduate,33986.0,43,16,2,18,2,1,5,1,0,1,Alone,2,472,53,44,0,4
Postgraduate,57091.0,82,462,0,24,6,0,4,2,0,1,Partner,3,583,51,496,10,16
Undergraduate,46831.0,84,22,2,10,6,4,34,2,0,2,Partner,4,386,54,78,0,5
Postgraduate,83151.0,80,968,147,842,137,42,210,1,0,0,Partner,2,504,51,2346,15,22
Graduate,52531.0,68,283,112,151,51,72,125,2,0,0,Partner,2,546,52,794,0,19
Graduate,15759.0,12,1,2,5,6,0,3,1,0,0,Partner,2,297,67,17,0,3
Graduate,22804.0,75,14,1,7,2,1,1,1,0,1,Alone,2,333,52,26,0,4
Undergraduate,43050.0,10,30,5,24,6,3,8,2,0,1,Partner,3,103,50,76,0,6
Postgraduate,42997.0,91,4,0,5,0,1,5,1,0,2,Alone,3,204,46,15,0,3
Postgraduate,48918.0,21,52,0,9,0,0,1,2,0,2,Alone,3,78,60,62,0,5
Postgraduate,60033.0,28,62,1,57,19,11,48,2,0,1,Partner,3,92,69,198,0,8
Postgraduate,34043.0,97,20,2,14,3,0,10,1,0,1,Partner,3,247,45,49,0,4
Graduate,57811.0,49,545,7,114,37,21,78,5,0,1,Partner,3,370,57,802,4,20
Graduate,78569.0,14,558,79,622,207,175,95,1,0,0,Partner,2,130,77,1736,11,14
Graduate,7500.0,5,6,5,4,13,4,25,4,0,2,Alone,3,549,45,57,0,6
Postgraduate,157733.0,37,39,1,9,2,0,8,0,0,1,Partner,3,390,52,59,0,2
Graduate,94384.0,62,1111,24,790,160,45,172,0,0,0,Partner,2,482,70,2302,16,18
Undergraduate,23148.0,83,4,6,8,6,3,10,1,0,0,Partner,2,131,38,37,0,5
Graduate,44267.0,48,183,5,65,3,5,49,5,0,2,Alone,3,489,53,310,0,11
Graduate,71626.0,94,546,72,376,94,145,72,1,0,0,Partner,2,605,44,1305,4,18
Graduate,60894.0,61,606,7,155,10,0,54,5,0,1,Partner,3,366,57,832,0,21
Graduate,50200.0,70,266,6,51,8,6,64,6,0,2,Partner,4,452,47,401,0,13
Postgraduate,81051.0,43,1142,29,249,38,29,14,1,0,0,Partner,2,37,58,1501,9,22
Graduate,65169.0,23,1074,0,69,0,0,46,1,0,0,Partner,2,166,41,1189,17,27
Graduate,59868.0,37,771,51,154,54,10,154,7,0,1,Partner,3,342,51,1194,0,25
Postgraduate,65695.0,50,371,32,189,0,58,6,2,0,1,Partner,3,149,63,656,0,19
Postgraduate,64857.0,78,556,14,717,210,0,43,1,0,0,Alone,1,583,67,1540,0,22
Postgraduate,45143.0,74,202,5,74,11,5,14,3,0,1,Partner,3,307,58,311,0,12
Undergraduate,74805.0,14,209,162,209,41,162,37,5,0,1,Partner,3,235,68,820,0,21
Undergraduate,59060.0,77,35,40,111,36,40,12,3,0,1,Partner,3,169,34,274,0,11
Postgraduate,27238.0,39,37,0,17,0,0,3,3,0,2,Alone,3,435,61,57,0,6
Graduate,47009.0,89,171,45,73,59,10,90,4,0,1,Partner,3,271,58,448,0,13
Undergraduate,46094.0,62,12,2,20,3,2,5,1,0,2,Partner,4,19,50,44,0,4
Graduate,40321.0,59,44,4,21,6,0,27,2,0,2,Partner,4,335,51,102,0,6
Graduate,37235.0,68,20,2,9,4,6,20,1,0,1,Partner,3,148,39,61,0,4
Postgraduate,81843.0,13,779,86,537,34,69,138,1,0,0,Partner,2,433,63,1643,0,26
Postgraduate,46692.0,37,170,6,97,24,12,88,3,0,1,Partner,3,388,65,397,0,12
Graduate,77382.0,36,491,48,231,112,105,134,2,0,1,Partner,3,173,55,1121,5,24
Graduate,37774.0,28,173,8,107,7,2,176,4,1,2,Alone,3,664,46,473,9,12
Undergraduate,18393.0,2,7,10,13,16,0,4,2,0,1,Partner,3,92,49,50,0,6
Postgraduate,72828.0,17,1205,0,235,19,14,205,6,0,1,Partner,3,500,61,1678,0,22
Graduate,24711.0,86,10,7,25,6,3,7,1,0,0,Partner,2,72,41,58,0,6
Postgraduate,45503.0,54,97,4,44,6,1,18,1,0,1,Partner,3,277,48,170,0,8
Postgraduate,6560.0,2,67,11,26,4,3,262,0,0,0,Alone,1,199,41,373,0,2
Postgraduate,71604.0,3,345,53,528,98,75,97,1,0,0,Partner,2,224,78,1196,9,16
Graduate,27244.0,84,6,5,17,3,24,46,2,0,1,Partner,3,114,44,101,0,6
Graduate,48752.0,8,73,57,100,71,15,0,5,0,2,Partner,4,564,54,316,6,12
Graduate,71434.0,4,711,36,217,172,96,168,3,0,1,Partner,3,284,61,1400,5,18
Graduate,90842.0,57,774,70,118,182,187,93,1,0,0,Alone,1,335,75,1424,0,26
Postgraduate,88097.0,24,163,0,480,0,126,75,1,0,1,Partner,3,680,45,844,16,19
Graduate,51948.0,51,82,33,54,71,30,41,2,0,1,Partner,3,285,48,311,0,11
Graduate,71853.0,29,358,108,413,141,97,32,1,0,0,Partner,2,417,41,1149,0,16
Postgraduate,35876.0,13,66,2,40,4,3,14,1,0,0,Partner,2,70,40,129,0,7
Graduate,40049.0,23,13,6,7,0,3,3,1,0,1,Alone,2,256,71,32,0,4
Graduate,39660.0,36,139,13,78,20,13,36,3,0,1,Alone,2,690,41,299,6,11
Graduate,50127.0,88,274,0,21,4,6,15,1,0,1,Partner,3,31,61,320,4,12
Postgraduate,43263.0,2,262,6,61,0,10,102,3,0,1,Partner,3,585,46,441,0,13
Postgraduate,62845.0,3,1099,0,45,0,0,34,11,0,2,Partner,4,636,74,1178,10,17
Graduate,18929.0,15,32,0,8,23,4,18,1,0,0,Partner,2,498,33,85,0,5
Undergraduate,24367.0,58,2,4,2,0,11,5,1,0,1,Alone,2,466,41,24,0,3
Graduate,33249.0,11,6,10,21,19,14,42,2,0,1,Alone,2,494,48,112,0,6
Undergraduate,26887.0,27,6,7,4,3,4,6,1,0,1,Partner,3,504,64,30,0,4
Postgraduate,50150.0,32,135,46,92,65,61,11,2,0,0,Partner,2,374,40,410,0,14
Graduate,62061.0,12,641,7,84,0,30,38,3,0,1,Partner,3,302,47,800,4,21
Postgraduate,85696.0,88,714,76,395,116,0,12,1,0,0,Alone,1,422,61,1313,6,19
Postgraduate,76542.0,91,794,73,573,0,29,14,1,0,0,Partner,2,456,67,1483,0,22
Graduate,70515.0,12,420,0,452,182,64,140,1,0,0,Alone,1,251,30,1258,6,16
Graduate,18227.0,21,1,2,7,4,3,11,1,0,1,Partner,3,598,36,28,0,3
Graduate,69139.0,23,86,12,75,33,15,6,1,0,1,Partner,3,153,58,227,0,10
Graduate,69109.0,10,823,25,459,124,29,95,1,0,0,Partner,2,597,41,1555,11,19
Graduate,69627.0,35,231,161,215,171,30,53,2,0,1,Alone,2,469,61,861,0,21
Graduate,38136.0,69,8,15,27,0,20,33,2,0,1,Partner,3,433,45,103,3,6
Postgraduate,62159.0,68,182,17,259,77,70,29,1,0,0,Alone,1,62,77,634,0,18
Graduate,80695.0,85,557,129,984,193,37,18,1,0,0,Alone,1,182,60,1918,0,18
Postgraduate,33316.0,34,79,1,31,4,4,12,3,0,2,Alone,3,268,52,131,0,7
Graduate,58554.0,55,368,24,68,38,0,88,6,0,2,Partner,4,641,55,586,0,16
Undergraduate,17256.0,10,6,4,14,8,8,22,2,0,1,Partner,3,218,31,62,3,5
Graduate,53034.0,30,160,15,196,15,11,50,8,0,2,Alone,3,395,49,447,0,14
Undergraduate,52203.0,36,488,21,238,56,108,28,1,0,0,Partner,2,698,73,939,0,26
Undergraduate,59601.0,14,691,7,69,0,7,23,4,0,1,Alone,2,339,46,797,4,11
Postgraduate,75154.0,79,543,10,205,160,143,82,1,0,1,Alone,2,663,65,1143,6,15
Graduate,47025.0,52,254,7,108,20,0,26,3,0,1,Alone,2,234,47,415,0,14
Graduate,37971.0,97,5,4,10,2,2,7,1,0,1,Partner,3,216,50,30,0,4
Postgraduate,41335.0,24,112,19,21,16,14,5,3,0,1,Alone,2,185,55,187,0,9
Graduate,67267.0,0,134,11,59,15,2,30,1,0,1,Partner,3,47,65,251,0,10
Graduate,57338.0,96,143,6,52,11,8,17,2,0,1,Alone,2,61,48,237,0,10
Undergraduate,50523.0,89,51,4,24,4,7,1,2,0,2,Partner,4,186,63,91,0,6
Postgraduate,35791.0,94,27,0,5,0,0,3,2,0,3,Alone,4,419,58,35,0,4
Postgraduate,50611.0,98,459,0,24,6,0,4,6,0,1,Alone,2,633,63,493,4,16
Postgraduate,56242.0,72,689,8,167,11,8,88,5,0,1,Partner,3,483,54,971,0,23
Graduate,48904.0,1,283,10,38,0,13,27,4,0,1,Alone,2,574,63,371,0,13
Graduate,56243.0,26,347,0,35,4,3,7,6,0,3,Alone,4,181,48,396,0,14
Graduate,21355.0,5,5,13,14,0,5,31,2,0,1,Partner,3,313,38,68,9,5
Postgraduate,57420.0,22,280,0,18,0,0,24,3,0,1,Partner,3,369,52,322,4,12
Postgraduate,46390.0,56,95,14,64,2,9,38,1,0,1,Alone,2,55,68,222,0,9
Undergraduate,54342.0,74,84,10,34,11,10,28,4,0,2,Partner,4,361,67,177,0,8
Graduate,20895.0,24,18,3,17,3,0,4,1,0,1,Partner,3,631,50,45,0,5
Graduate,92344.0,9,992,24,694,51,19,119,0,0,0,Partner,2,165,75,1899,8,20
Undergraduate,26907.0,10,9,1,7,0,3,2,2,0,2,Partner,4,313,47,22,0,4
Graduate,44964.0,35,19,1,17,2,0,2,1,0,2,Partner,4,560,43,41,0,4
Graduate,75507.0,56,709,93,374,104,80,80,1,0,0,Partner,2,58,44,1440,0,20
Postgraduate,53761.0,7,158,0,76,13,7,71,6,0,2,Partner,4,261,51,325,0,11
Graduate,22682.0,51,10,14,29,4,2,36,3,0,1,Partner,3,269,50,95,0,7
Postgraduate,38887.0,17,25,1,13,0,0,3,1,0,1,Partner,3,119,51,42,0,4
Undergraduate,41658.0,30,8,4,12,15,4,29,2,0,2,Alone,3,597,48,72,0,4
Postgraduate,29791.0,21,14,0,6,0,0,0,2,0,1,Partner,3,45,51,20,0,5
Postgraduate,63915.0,2,622,7,115,30,0,15,2,0,2,Partner,4,334,67,789,0,21
Graduate,39996.0,85,11,0,3,0,0,1,1,0,2,Alone,3,38,49,15,0,3
Graduate,26759.0,65,25,3,16,8,5,2,2,0,1,Alone,2,142,51,59,0,6
Postgraduate,63841.0,64,635,15,100,20,7,131,1,0,1,Alone,2,434,55,908,0,21
Postgraduate,51039.0,11,100,64,79,65,0,109,2,0,2,Partner,4,566,54,417,0,12
Graduate,60544.0,92,201,2,43,3,5,35,4,0,2,Partner,4,673,62,289,0,11
Graduate,65685.0,54,642,14,49,0,7,57,1,0,1,Partner,3,92,51,769,0,20
Graduate,37716.0,4,97,1,41,6,2,41,2,0,1,Partner,3,69,70,188,0,8
Graduate,36864.0,53,204,5,39,17,0,89,3,0,1,Alone,2,685,66,354,6,11
Postgraduate,44511.0,39,513,7,133,46,14,14,6,0,1,Partner,3,625,53,727,0,20
Postgraduate,36947.0,49,88,3,21,4,1,29,4,0,2,Partner,4,691,56,146,0,7
Postgraduate,47352.0,70,172,12,112,8,0,15,4,0,1,Partner,3,444,72,319,0,12
Postgraduate,67087.0,40,329,35,222,130,35,43,2,0,1,Partner,3,194,70,794,0,20
Graduate,57045.0,40,296,13,104,11,13,17,3,0,1,Partner,3,659,73,454,0,15
Postgraduate,36957.0,43,100,2,16,2,1,31,4,0,2,Alone,3,661,70,152,6,7
Postgraduate,69389.0,17,422,7,238,69,46,15,1,0,1,Partner,3,639,46,797,0,21
Graduate,80134.0,40,1218,16,272,104,0,80,2,0,1,Partner,3,405,51,1690,16,14
Postgraduate,43142.0,84,5,1,7,2,1,4,1,0,2,Partner,4,131,54,20,0,3
Graduate,80589.0,25,507,93,520,242,40,26,1,0,0,Partner,2,158,79,1428,7,20
Graduate,34412.0,62,52,12,50,4,36,55,3,0,1,Alone,2,501,33,209,0,8
Graduate,57537.0,83,191,56,139,51,8,100,4,0,1,Alone,2,384,44,545,0,15
Undergraduate,22634.0,47,2,23,11,8,6,46,1,0,0,Partner,2,529,57,96,0,5
Graduate,51315.0,45,68,28,39,16,30,41,1,0,0,Partner,2,126,75,222,0,9
Graduate,36026.0,34,20,4,10,6,4,17,2,0,3,Partner,5,105,51,61,0,5
Graduate,24639.0,3,20,3,16,0,4,1,3,0,2,Partner,4,152,50,44,0,6
Postgraduate,34578.0,1,7,0,1,0,0,0,1,0,3,Partner,5,79,51,8,0,3
Undergraduate,65704.0,18,279,172,74,38,8,246,1,0,0,Alone,1,259,51,817,0,22
Graduate,63810.0,45,977,12,253,16,12,101,4,0,1,Alone,2,595,57,1371,4,19
Postgraduate,54132.0,81,30,1,8,0,0,3,1,0,1,Partner,3,133,54,42,0,4
Graduate,18690.0,77,6,1,7,23,4,19,1,0,0,Partner,2,548,64,60,0,4
Graduate,28164.0,23,3,18,26,11,8,12,3,0,1,Partner,3,421,53,78,0,6
Postgraduate,34596.0,48,14,0,2,0,0,7,1,0,1,Partner,3,442,49,23,0,3
Postgraduate,43269.0,61,10,1,7,0,0,1,1,0,1,Partner,3,286,51,19,0,3
Undergraduate,38741.0,60,7,10,17,8,6,13,2,0,2,Alone,3,91,65,61,0,5
Graduate,31907.0,75,33,87,64,175,16,74,1,0,0,Alone,1,482,51,449,0,13
Postgraduate,27100.0,64,12,0,13,2,0,10,1,0,1,Partner,3,450,40,37,0,4
Undergraduate,31163.0,54,2,3,10,11,2,10,1,0,1,Alone,2,136,50,38,0,4
Graduate,92533.0,84,693,21,118,110,147,42,1,0,0,Partner,2,192,38,1131,6,22
Graduate,34853.0,75,9,3,15,2,3,2,2,0,2,Alone,3,188,50,34,0,5
Graduate,70844.0,16,129,26,67,3,67,2,5,0,2,Alone,3,242,56,294,0,12
Undergraduate,31086.0,79,16,2,11,3,0,16,2,0,2,Partner,4,421,44,48,3,4
Graduate,60544.0,92,201,2,43,3,5,35,4,0,2,Partner,4,673,62,289,0,11
Undergraduate,20491.0,16,5,4,5,4,2,10,1,0,0,Partner,2,520,37,30,0,3
Graduate,42523.0,96,14,36,11,3,26,35,1,0,0,Partner,2,67,59,125,0,6
Graduate,39922.0,30,29,12,59,19,1,36,2,0,1,Partner,3,500,40,156,0,7
Graduate,33402.0,60,26,2,19,10,5,8,3,0,2,Partner,4,346,71,70,0,6
Postgraduate,36408.0,11,9,1,4,3,2,3,1,0,2,Partner,4,281,74,22,0,3
Graduate,21645.0,75,14,0,23,4,5,19,3,0,1,Partner,3,664,44,65,6,6
Postgraduate,78427.0,36,972,19,595,180,26,138,3,0,0,Alone,1,613,75,1930,7,20
Graduate,82657.0,71,966,168,672,246,105,126,1,0,0,Partner,2,275,77,2283,5,22
Graduate,51876.0,88,99,27,102,28,48,6,1,0,0,Partner,2,257,65,310,0,12
Undergraduate,78041.0,93,482,35,553,72,160,17,1,0,0,Partner,2,560,52,1319,0,17
Graduate,52852.0,93,714,8,99,11,0,47,4,0,1,Partner,3,575,66,879,3,22
Postgraduate,70038.0,54,587,54,348,71,54,130,1,0,0,Partner,2,247,41,1244,0,16
Undergraduate,69401.0,41,399,27,159,58,8,39,4,0,1,Partner,3,98,50,690,0,13
Graduate,46053.0,46,56,10,92,19,7,25,3,0,1,Partner,3,497,51,209,0,9
Graduate,77343.0,28,227,151,573,98,54,31,1,0,0,Partner,2,20,58,1134,0,16
Graduate,73892.0,40,703,102,601,0,58,43,1,0,0,Alone,1,228,70,1507,6,22
Postgraduate,40304.0,82,37,0,17,0,0,3,1,0,1,Alone,2,272,56,57,0,5
Postgraduate,32727.0,38,167,13,180,86,13,70,2,0,0,Partner,2,670,58,529,0,15
Graduate,68695.0,3,458,81,356,106,50,40,1,0,0,Partner,2,4,54,1091,0,15
Graduate,43300.0,87,91,3,52,2,1,31,3,0,1,Alone,2,624,52,180,6,8
Graduate,26290.0,49,15,8,16,11,5,22,4,0,2,Partner,4,533,51,77,0,6
Graduate,93790.0,16,1302,68,731,89,114,45,0,0,0,Alone,1,137,53,2349,16,25
Postgraduate,38410.0,65,153,64,123,116,64,14,2,0,0,Partner,2,653,49,534,6,16
Postgraduate,64866.0,9,508,5,21,7,5,10,4,0,1,Alone,2,154,73,556,4,17
Graduate,57957.0,24,290,59,177,77,5,29,7,1,1,Partner,3,314,64,637,0,18
Postgraduate,46015.0,25,38,0,2,0,0,6,1,0,2,Partner,4,77,68,46,5,4
Graduate,16531.0,43,2,13,6,7,5,11,3,0,1,Partner,3,11,45,44,0,6
Postgraduate,28072.0,10,30,0,10,2,0,5,1,0,1,Partner,3,356,37,47,0,4
Postgraduate,49476.0,29,386,23,95,54,41,196,4,0,1,Alone,2,374,60,795,0,18
Graduate,50725.0,45,443,10,75,0,10,48,4,0,1,Partner,3,501,70,586,0,17
Graduate,83844.0,57,901,31,345,75,31,191,1,0,0,Partner,2,413,71,1574,5,19
Postgraduate,41145.0,20,9,0,3,0,0,1,1,0,2,Partner,4,141,73,13,0,3
Graduate,67419.0,29,846,84,352,91,56,42,4,0,1,Partner,3,529,53,1471,0,21
Undergraduate,23162.0,82,8,3,9,19,4,22,3,0,2,Partner,4,190,53,65,0,5
Graduate,34380.0,68,72,7,58,13,1,24,4,0,1,Partner,3,423,46,175,0,8
Graduate,34704.0,65,29,0,5,0,1,5,1,0,1,Alone,2,428,57,40,0,4
Postgraduate,94871.0,99,169,24,553,188,0,144,1,0,2,Partner,4,666,54,1078,15,17
Graduate,65148.0,9,460,35,422,33,12,153,2,0,1,Partner,3,590,65,1115,0,19
Graduate,39898.0,20,69,8,26,12,7,12,2,0,1,Partner,3,502,69,134,0,7
Postgraduate,64857.0,78,556,14,717,210,0,43,1,0,0,Alone,1,583,67,1540,0,22
Postgraduate,59892.0,26,73,0,13,0,1,0,1,0,1,Partner,3,239,53,87,0,6
Postgraduate,41020.0,68,112,1,54,7,7,36,1,0,0,Alone,1,244,36,217,0,9
Postgraduate,57072.0,79,944,0,60,0,0,30,2,0,1,Partner,3,156,62,1034,3,25
Graduate,60474.0,25,265,199,303,234,9,170,7,0,1,Alone,2,454,44,1180,0,24
Graduate,62807.0,83,526,28,135,10,21,99,3,0,1,Partner,3,667,63,819,0,20
Undergraduate,19414.0,32,2,3,12,3,5,7,1,0,1,Partner,3,256,42,32,0,4
Graduate,19107.0,49,2,4,9,10,5,16,2,0,1,Partner,3,311,43,46,0,4
Undergraduate,75484.0,50,378,97,259,197,194,34,2,0,1,Partner,3,696,47,1159,0,16
Postgraduate,70379.0,84,553,25,142,65,67,8,3,0,1,Alone,2,483,47,860,0,22
Postgraduate,79419.0,96,751,127,687,20,15,31,1,0,0,Partner,2,7,53,1631,0,14
Postgraduate,64014.0,56,406,0,30,0,0,8,7,0,3,Partner,5,19,77,444,1,15
Graduate,76998.0,85,1449,89,161,69,35,107,2,0,1,Partner,3,534,68,1910,5,27
Postgraduate,49854.0,63,123,17,171,39,0,30,5,0,1,Partner,3,231,51,380,0,13
Postgraduate,60585.0,17,267,42,309,55,42,21,10,0,2,Partner,4,370,52,736,6,20
Postgraduate,42873.0,11,209,0,40,3,2,15,4,0,2,Alone,3,524,73,269,0,11
Graduate,87679.0,62,1259,172,815,97,148,33,1,0,0,Partner,2,337,35,2524,15,28
Graduate,57867.0,48,344,35,178,15,23,17,7,0,1,Partner,3,271,45,612,0,18
Graduate,35765.0,86,22,3,30,0,5,15,2,0,1,Partner,3,200,33,75,0,6
Graduate,65492.0,73,247,161,295,210,85,47,2,0,0,Partner,2,154,64,1045,0,24
Graduate,32952.0,36,38,0,12,3,1,1,1,0,1,Alone,2,210,46,55,0,5
Postgraduate,53374.0,34,896,10,101,13,10,34,6,0,1,Partner,3,682,54,1064,9,15
Graduate,71706.0,16,931,56,253,91,98,14,4,0,1,Partner,3,593,64,1443,0,21
Graduate,68487.0,48,758,12,385,33,89,89,1,0,0,Partner,2,532,35,1366,0,29
Postgraduate,53253.0,61,216,9,57,20,9,125,7,0,2,Partner,4,503,48,436,0,12
Undergraduate,31163.0,54,2,3,10,11,2,10,1,0,1,Alone,2,136,50,38,0,4
Graduate,42014.0,56,244,15,108,4,15,50,6,0,1,Partner,3,681,46,436,6,14
Postgraduate,54108.0,74,539,6,91,8,6,97,13,0,2,Partner,4,601,50,747,0,19
Postgraduate,49667.0,35,1181,26,120,17,13,39,2,0,0,Alone,1,678,68,1396,9,20
Postgraduate,63206.0,65,750,8,125,11,8,26,1,0,0,Partner,2,101,49,928,5,13
Postgraduate,57136.0,48,306,5,109,21,109,92,9,0,2,Partner,4,355,51,642,0,17
Undergraduate,46772.0,88,350,104,189,197,151,57,6,0,1,Partner,3,599,48,1048,3,24
Postgraduate,78931.0,19,331,197,170,58,152,35,1,0,0,Partner,2,247,52,943,0,23
Graduate,53977.0,21,620,16,165,0,24,82,5,0,1,Partner,3,386,65,907,0,22
Graduate,84219.0,27,434,137,400,45,137,45,1,0,0,Partner,2,147,35,1198,0,17
Postgraduate,46098.0,86,57,0,27,0,0,36,4,0,2,Alone,3,680,48,120,0,7
Graduate,73538.0,92,811,76,428,99,137,107,3,0,1,Partner,3,581,58,1658,0,23
Graduate,79529.0,1,423,42,706,73,197,197,1,0,0,Partner,2,63,37,1638,0,21
Undergraduate,20981.0,14,2,12,10,6,13,30,1,0,0,Partner,2,425,46,73,6,6
Graduate,51766.0,74,60,51,87,6,20,51,2,0,1,Alone,2,110,43,275,0,10
Graduate,55759.0,84,675,0,85,10,7,77,5,0,1,Partner,3,578,61,854,0,21
Graduate,33039.0,4,30,8,12,8,8,12,1,0,1,Partner,3,293,45,78,0,6
Postgraduate,37787.0,50,40,1,40,4,3,18,1,0,1,Partner,3,282,51,106,0,6
Graduate,27242.0,2,3,17,26,20,1,39,2,0,1,Alone,2,595,53,106,6,5
Postgraduate,87188.0,73,910,111,724,49,74,55,1,0,0,Alone,1,391,40,1923,6,18
Graduate,69930.0,21,252,98,827,219,70,196,1,0,0,Partner,2,399,52,1662,0,21
Graduate,37697.0,82,34,6,21,11,4,8,1,0,1,Alone,2,142,47,84,0,6
Postgraduate,37401.0,14,19,3,19,3,1,3,2,0,1,Partner,3,54,50,48,0,5
Graduate,3502.0,56,2,1,1,0,0,1,0,0,1,Alone,2,442,50,5,0,0
Graduate,58597.0,20,490,0,184,10,28,21,12,0,2,Partner,4,586,47,733,0,20
Postgraduate,82032.0,54,332,194,377,149,125,57,0,0,0,Alone,1,85,75,1234,0,17
Graduate,28087.0,77,53,8,17,13,0,21,3,0,2,Partner,4,565,65,112,0,6
Postgraduate,74004.0,5,784,48,560,42,176,48,1,0,0,Alone,1,125,36,1658,12,14
Graduate,19740.0,65,7,11,3,10,4,20,2,0,1,Partner,3,462,63,55,0,5
Undergraduate,57036.0,33,1171,43,219,19,14,47,4,0,1,Partner,3,565,48,1513,3,22
Undergraduate,53083.0,65,215,7,33,3,0,13,6,0,2,Partner,4,410,65,271,4,11
Postgraduate,69283.0,41,674,62,134,0,26,8,4,0,1,Partner,3,15,48,904,0,23
Postgraduate,46098.0,86,57,0,27,0,0,36,4,0,2,Alone,3,680,48,120,6,7
Undergraduate,23331.0,92,5,36,7,0,10,45,2,0,1,Partner,3,663,35,103,0,6
Undergraduate,23331.0,97,104,20,101,24,15,5,6,0,1,Alone,2,632,35,269,0,11
Graduate,9255.0,91,9,0,7,2,0,4,1,0,1,Alone,2,191,34,22,0,4
Postgraduate,67786.0,0,431,82,441,80,20,102,1,0,0,Alone,1,204,64,1156,6,15
Postgraduate,71969.0,59,1000,0,76,0,0,10,3,0,1,Partner,3,621,52,1086,4,16
Postgraduate,59235.0,4,448,40,469,80,0,91,3,0,1,Alone,2,533,56,1128,0,25
Graduate,31928.0,5,33,4,24,4,2,5,2,0,1,Partner,3,93,34,72,0,7
Postgraduate,74881.0,48,505,72,270,36,27,54,4,0,2,Partner,4,478,62,964,0,23
Graduate,65819.0,99,267,38,701,149,165,63,1,0,0,Partner,2,577,45,1383,0,19
Postgraduate,51411.0,81,14,0,3,0,0,1,1,0,3,Alone,4,399,70,18,0,3
Graduate,51983.0,95,631,0,115,10,7,30,3,0,1,Alone,2,667,59,793,0,21
Postgraduate,42386.0,43,65,4,16,0,4,11,1,0,1,Partner,3,532,37,100,0,6
Undergraduate,30390.0,5,10,12,12,25,1,20,1,0,0,Partner,2,300,36,80,0,5
Graduate,30983.0,50,51,4,50,12,1,49,1,0,0,Alone,1,597,60,167,6,7
Graduate,66033.0,76,293,35,179,46,59,65,2,0,1,Alone,2,525,66,677,0,18
Undergraduate,37284.0,46,11,1,2,2,1,6,1,0,2,Partner,4,457,48,23,0,3
Postgraduate,57530.0,68,50,1,27,6,7,1,1,0,1,Alone,2,260,72,92,0,6
Undergraduate,76800.0,33,173,26,255,35,71,81,1,0,0,Partner,2,113,58,641,0,15
Graduate,63943.0,50,423,184,368,13,97,21,1,0,1,Partner,3,665,67,1106,0,16
Graduate,76081.0,85,292,30,415,63,33,200,1,0,0,Partner,2,37,61,1033,1,13
Graduate,67445.0,63,757,80,217,29,80,11,5,0,1,Partner,3,686,49,1174,0,27
Postgraduate,37054.0,89,12,1,6,0,1,5,2,0,2,Partner,4,287,56,25,0,4
Postgraduate,47175.0,81,167,2,44,6,2,19,7,0,2,Partner,4,609,61,240,9,10
Graduate,31859.0,77,3,1,3,8,0,5,1,0,1,Alone,2,380,47,20,0,3
Graduate,27215.0,50,30,5,22,8,9,28,4,0,3,Alone,4,522,62,102,0,7
Postgraduate,70179.0,10,532,88,168,69,44,133,3,0,1,Alone,2,343,47,1034,0,23
Graduate,39922.0,30,29,12,59,19,1,36,2,0,1,Partner,3,500,40,156,0,7
Postgraduate,49681.0,66,411,0,26,0,0,21,6,0,2,Partner,4,237,47,458,0,15
Graduate,24645.0,16,5,3,4,4,1,0,1,0,1,Partner,3,605,35,17,0,3
Graduate,79865.0,12,71,99,278,185,121,38,1,0,1,Alone,2,11,69,792,0,20
Graduate,44322.0,30,46,0,40,3,0,3,2,0,1,Partner,3,13,38,92,0,6
Graduate,47958.0,8,268,11,88,15,3,22,2,0,1,Alone,2,526,71,407,0,14
Postgraduate,63972.0,93,928,63,254,0,12,12,4,0,1,Alone,2,574,59,1269,4,19
Graduate,75315.0,14,459,15,171,142,23,31,2,0,1,Partner,3,75,69,841,0,21
Postgraduate,55517.0,53,483,0,108,0,6,36,5,0,2,Partner,4,640,73,633,6,18
Postgraduate,75283.0,26,733,9,180,12,19,66,11,0,3,Partner,5,459,66,1019,0,14
Postgraduate,82800.0,23,1006,22,115,59,68,45,1,0,0,Alone,1,582,77,1315,12,25
Graduate,38998.0,92,34,1,14,0,0,5,3,1,2,Partner,4,603,69,54,0,5
Postgraduate,90638.0,29,1156,120,915,94,144,96,1,0,0,Alone,1,136,32,2525,11,17
Postgraduate,27161.0,41,7,4,23,7,0,11,1,0,1,Partner,3,244,37,52,0,4
Graduate,42014.0,56,244,15,108,4,15,50,6,0,1,Partner,3,681,46,436,6,14
Postgraduate,38201.0,19,233,0,23,0,0,12,4,0,1,Partner,3,457,63,268,0,11
Graduate,45203.0,4,35,3,67,10,8,24,1,0,2,Partner,4,98,41,147,6,7
Postgraduate,81574.0,89,1252,0,465,46,35,0,1,0,0,Partner,2,62,76,1798,9,17
Graduate,34935.0,71,34,4,66,3,10,20,1,0,0,Partner,2,373,31,137,0,7
Postgraduate,60482.0,81,255,43,134,37,14,24,1,0,1,Alone,2,522,47,507,0,16
Graduate,34633.0,31,8,1,5,0,0,1,1,0,3,Partner,5,157,67,15,0,3
Postgraduate,78093.0,53,368,32,639,13,43,10,1,0,0,Partner,2,200,76,1105,0,16
Graduate,82460.0,78,255,47,573,52,32,15,1,0,0,Alone,1,209,73,974,0,14
Postgraduate,45903.0,80,33,8,10,2,10,3,2,0,1,Partner,3,67,57,66,0,6
Graduate,81361.0,18,163,23,424,27,65,76,1,0,0,Alone,1,124,36,778,6,26
Postgraduate,35860.0,37,15,0,8,4,2,20,2,0,2,Alone,3,41,50,49,9,4
Postgraduate,40442.0,52,45,12,52,25,22,13,4,0,2,Partner,4,679,71,169,6,8
Graduate,61482.0,39,48,58,68,16,66,43,1,0,0,Partner,2,2,58,299,0,11
Graduate,34968.0,11,158,6,45,8,2,2,7,0,1,Partner,3,445,43,221,0,10
Graduate,75794.0,33,754,160,625,63,32,48,1,0,0,Partner,2,187,36,1682,1,24
Postgraduate,31497.0,22,108,1,28,13,1,4,2,0,1,Partner,3,570,61,155,0,8
Graduate,74268.0,83,199,66,315,97,174,41,1,0,0,Partner,2,500,68,892,0,12
Undergraduate,13724.0,43,2,7,5,2,15,27,1,0,1,Partner,3,667,35,58,3,4
Postgraduate,45143.0,74,202,5,74,11,5,14,3,0,1,Partner,3,307,58,311,0,12
Postgraduate,52569.0,54,85,0,3,0,0,7,1,0,1,Alone,2,85,56,95,0,6
Postgraduate,48432.0,3,322,3,50,4,3,42,5,0,1,Alone,2,619,50,424,6,14
Postgraduate,17144.0,96,18,2,19,0,2,6,5,0,2,Partner,4,134,63,47,0,7
Graduate,36108.0,68,141,8,129,3,11,47,3,0,1,Alone,2,257,39,339,3,12
Graduate,76445.0,2,739,107,309,140,80,35,1,0,1,Partner,3,639,52,1410,0,20
Postgraduate,36663.0,40,18,0,6,3,3,5,1,0,1,Partner,3,65,48,35,0,5
Postgraduate,53843.0,64,378,0,88,19,4,73,4,0,1,Partner,3,367,58,562,0,16
Postgraduate,90226.0,26,1083,108,649,253,151,108,1,0,0,Partner,2,641,67,2352,1,23
Postgraduate,70638.0,69,1016,12,215,16,12,63,1,0,0,Alone,1,393,68,1334,4,19
Graduate,44512.0,57,23,1,6,0,0,2,2,0,2,Partner,4,303,63,32,0,4
Graduate,27116.0,78,12,1,21,2,2,3,2,0,2,Partner,4,119,62,41,0,5
Postgraduate,54072.0,71,35,0,4,0,0,0,1,0,2,Partner,4,337,60,39,0,4
Graduate,71855.0,59,548,31,422,0,112,28,4,0,1,Partner,3,529,46,1141,0,21
Undergraduate,51250.0,28,342,32,230,34,32,40,5,0,1,Alone,2,456,33,710,3,19
Postgraduate,60432.0,61,365,3,15,4,3,11,5,0,1,Partner,3,112,50,401,0,14
Postgraduate,65526.0,22,397,19,69,12,0,9,1,0,1,Partner,3,79,59,506,0,16
Graduate,68655.0,95,456,19,832,75,118,38,1,0,0,Alone,1,688,35,1538,0,20
Undergraduate,12393.0,38,5,6,15,11,7,13,1,0,0,Partner,2,572,45,57,0,5
Graduate,64509.0,19,836,185,575,24,25,77,1,0,0,Alone,1,316,33,1722,9,18
Graduate,33955.0,92,100,2,128,23,7,10,4,0,1,Alone,2,324,48,270,0,11
Graduate,31353.0,24,10,0,10,3,1,7,2,0,2,Partner,4,182,46,31,6,4
Graduate,55434.0,21,238,115,215,169,69,76,3,0,1,Partner,3,267,39,882,0,21
Graduate,28359.0,35,6,0,5,2,1,2,1,0,1,Partner,3,245,40,16,0,3
Graduate,57100.0,9,158,11,99,15,11,17,2,0,1,Alone,2,42,36,311,0,12
Graduate,69139.0,23,86,12,75,33,15,6,1,0,1,Partner,3,153,58,227,0,10
Postgraduate,52973.0,92,856,0,76,12,9,199,7,0,1,Partner,3,598,67,1152,0,24
Postgraduate,51717.0,55,98,1,17,0,1,5,1,0,1,Partner,3,313,58,122,4,7
Graduate,18793.0,14,4,16,20,0,17,20,3,0,1,Partner,3,533,52,77,0,6
Undergraduate,66664.0,78,398,96,447,220,96,32,1,0,0,Partner,2,642,41,1289,0,18
Graduate,50664.0,64,313,8,104,6,4,126,9,0,2,Alone,3,529,64,561,0,15
Graduate,54414.0,49,109,18,16,24,26,18,4,0,2,Partner,4,522,60,211,0,9
Postgraduate,54549.0,8,216,2,6,0,0,9,2,0,1,Partner,3,118,71,233,0,10
Postgraduate,47111.0,35,595,71,153,120,112,41,6,0,1,Alone,2,659,52,1092,0,15
Postgraduate,41003.0,11,123,133,142,71,44,88,1,0,0,Alone,1,469,60,601,0,16
Graduate,19444.0,8,16,0,23,3,2,10,3,0,1,Partner,3,127,41,54,6,7
Undergraduate,36301.0,53,11,12,35,3,5,12,1,0,1,Partner,3,247,47,78,0,6
Postgraduate,73059.0,36,410,112,420,0,82,71,1,0,1,Partner,3,302,76,1095,0,25
Postgraduate,42731.0,64,159,2,51,6,2,24,3,0,1,Partner,3,251,54,244,0,10
Postgraduate,52854.0,43,105,0,10,0,1,0,2,0,2,Partner,4,97,64,116,0,7
Graduate,22775.0,40,5,1,8,0,0,1,1,0,1,Partner,3,375,45,15,0,3
Postgraduate,46681.0,52,269,15,69,15,19,38,2,0,2,Partner,4,264,75,425,0,14
Postgraduate,59821.0,11,629,0,70,0,0,35,6,0,1,Partner,3,443,68,734,0,20
Graduate,50002.0,21,443,5,71,21,16,82,2,0,1,Alone,2,377,69,638,0,17
Graduate,69755.0,23,217,77,373,111,23,93,1,0,0,Partner,2,270,78,894,0,21
Graduate,44078.0,17,24,1,10,2,0,4,2,0,2,Partner,4,10,54,41,0,5
Postgraduate,30560.0,6,9,1,5,4,5,7,1,0,1,Partner,3,367,47,31,0,4
Postgraduate,35924.0,56,8,0,14,2,3,7,1,0,2,Partner,4,98,54,34,0,4
Postgraduate,64140.0,71,1459,0,61,0,15,215,5,0,2,Alone,3,279,59,1750,16,13
Graduate,56386.0,51,230,48,214,13,32,75,8,0,2,Partner,4,610,42,612,0,17
Undergraduate,24594.0,94,1,3,6,10,0,9,1,0,1,Partner,3,201,44,29,0,4
Undergraduate,75774.0,27,340,21,134,258,14,56,1,0,1,Partner,3,58,42,823,0,20
Postgraduate,39228.0,1,7,1,6,0,3,3,1,0,0,Alone,1,415,63,20,0,3
Postgraduate,58494.0,56,298,7,68,4,0,19,2,0,1,Partner,3,199,49,396,0,14
Graduate,58684.0,71,479,35,179,28,7,85,1,0,0,Alone,1,13,42,813,4,20
Graduate,57136.0,18,267,140,599,34,12,127,1,0,0,Alone,1,407,56,1179,6,19
Postgraduate,56551.0,48,67,4,32,17,2,16,3,0,2,Alone,3,53,73,138,0,7
Graduate,22448.0,86,3,1,8,23,2,18,3,0,1,Partner,3,123,41,55,0,6
Graduate,82014.0,48,980,37,265,35,163,31,1,0,0,Alone,1,678,62,1511,6,21
Graduate,34213.0,2,50,4,28,6,3,26,3,0,2,Alone,3,660,60,117,6,6
Graduate,157146.0,13,1,0,1725,2,1,1,0,0,0,Partner,2,426,46,1730,0,28
Postgraduate,25358.0,57,19,0,5,0,0,8,2,0,1,Alone,2,342,76,32,0,4
Postgraduate,35544.0,77,30,5,23,4,1,4,1,0,1,Alone,2,113,45,67,0,5
Postgraduate,36634.0,0,213,9,76,4,3,30,3,0,1,Partner,3,397,69,335,0,12
Postgraduate,62670.0,57,539,30,92,80,46,38,1,0,1,Partner,3,147,69,825,0,21
Undergraduate,50334.0,24,284,16,160,84,16,134,6,0,1,Partner,3,340,51,694,0,17
Graduate,72066.0,55,1003,34,536,134,51,34,1,0,0,Alone,1,6,42,1792,12,16
Postgraduate,50729.0,62,239,13,143,45,4,52,9,0,2,Alone,3,423,65,496,0,15
Graduate,34916.0,89,51,23,82,33,0,42,4,0,2,Partner,4,410,55,231,0,9
Graduate,64892.0,77,527,24,230,32,24,65,2,0,1,Alone,2,31,47,902,0,22
Graduate,43602.0,45,19,5,12,10,3,19,3,0,2,Alone,3,170,57,68,0,6
Postgraduate,33996.0,46,40,2,15,8,0,6,1,0,0,Alone,1,291,34,71,0,5
Undergraduate,41473.0,80,21,8,20,15,3,9,1,0,1,Alone,2,375,38,76,0,5
Postgraduate,63246.0,60,593,30,91,29,22,7,1,0,2,Partner,4,313,56,772,0,21
Postgraduate,36732.0,71,21,5,3,10,1,7,3,0,2,Partner,4,182,64,47,0,6
Postgraduate,69084.0,43,1181,107,199,39,30,30,2,0,1,Partner,3,222,53,1586,0,23
Postgraduate,77766.0,97,1004,59,265,115,59,27,2,0,1,Partner,3,492,56,1529,9,32
Postgraduate,37929.0,49,202,2,46,3,2,10,2,0,0,Alone,1,334,38,265,11,11
Graduate,86610.0,66,446,107,768,33,196,53,1,0,0,Partner,2,297,72,1603,0,17
Postgraduate,80141.0,20,1184,102,673,52,40,40,1,0,0,Partner,2,534,37,2091,11,21
Undergraduate,72635.0,54,390,22,323,104,35,107,1,0,0,Partner,2,391,68,981,1,20
Graduate,69016.0,61,726,53,363,123,107,161,4,0,1,Partner,3,584,53,1533,0,30
Undergraduate,20193.0,18,8,8,22,24,11,9,1,0,0,Partner,2,578,32,82,0,6
Graduate,27573.0,45,50,15,110,39,15,15,4,0,1,Partner,3,461,48,244,0,10
Undergraduate,15862.0,26,1,1,4,11,9,10,1,0,1,Alone,2,367,44,36,0,4
Postgraduate,49544.0,0,308,0,73,0,0,23,2,0,1,Partner,3,502,47,404,0,14
Graduate,33228.0,28,22,2,31,7,4,5,1,0,1,Partner,3,157,43,71,0,5
Graduate,70440.0,49,690,117,499,76,102,88,1,0,0,Partner,2,264,45,1572,1,22
Graduate,38232.0,84,43,5,28,7,6,33,4,0,2,Partner,4,163,52,122,0,7
Postgraduate,22554.0,38,27,0,10,0,0,4,4,0,2,Partner,4,603,68,41,0,6
Postgraduate,23536.0,53,6,0,3,0,0,1,1,0,1,Partner,3,25,40,10,0,3
Graduate,49413.0,88,205,7,41,3,2,46,2,0,1,Partner,3,247,71,304,0,11
Graduate,42231.0,99,24,0,8,0,1,4,1,0,2,Partner,4,96,54,37,0,4
Postgraduate,78789.0,12,667,50,850,21,83,83,1,0,0,Alone,1,690,43,1754,6,15
Graduate,56534.0,35,691,7,61,10,0,46,4,0,1,Partner,3,341,55,815,12,21
Graduate,58350.0,5,493,26,206,116,80,80,4,0,1,Alone,2,541,52,1001,0,23
Graduate,81217.0,77,493,70,324,146,40,84,1,0,0,Alone,1,345,34,1157,0,21
Graduate,49090.0,45,494,5,82,7,0,100,3,0,1,Alone,2,345,72,688,0,18
Postgraduate,61787.0,71,621,73,414,78,48,85,1,0,0,Alone,1,358,36,1319,0,18
Postgraduate,18169.0,40,9,0,5,0,0,7,1,0,1,Partner,3,495,38,21,0,3
Undergraduate,24336.0,82,1,6,2,8,2,12,1,0,1,Alone,2,671,42,31,0,3
Graduate,18222.0,70,12,4,19,12,6,14,1,0,0,Partner,2,545,33,67,0,5
Graduate,62335.0,87,243,131,217,85,6,26,2,0,1,Alone,2,402,71,708,0,19
Undergraduate,42033.0,95,11,1,4,2,0,7,1,0,2,Partner,4,648,52,25,0,3
Postgraduate,86580.0,72,532,21,127,26,20,20,0,0,0,Partner,2,487,40,746,5,11
Postgraduate,41437.0,5,29,0,2,0,0,1,1,0,2,Alone,3,645,66,32,0,4
Postgraduate,73705.0,86,612,91,520,258,107,107,2,0,2,Alone,3,116,72,1695,0,23
Graduate,61064.0,80,387,126,342,0,45,180,5,0,1,Partner,3,667,47,1080,0,23
Postgraduate,38452.0,62,56,0,14,0,0,2,3,0,2,Partner,4,91,68,72,0,6
Graduate,18358.0,49,6,8,19,16,4,4,3,0,1,Alone,2,221,34,57,0,7
Postgraduate,55012.0,85,582,0,65,0,0,13,6,0,1,Partner,3,100,50,660,0,19
Undergraduate,9722.0,7,6,17,16,6,16,42,4,0,1,Partner,3,635,50,103,6,7
Postgraduate,38175.0,6,70,6,69,2,3,3,3,0,1,Partner,3,279,39,153,0,8
Postgraduate,58656.0,25,962,12,194,16,24,12,4,0,1,Partner,3,647,67,1220,5,28
Graduate,52117.0,55,112,10,107,30,0,20,2,0,1,Partner,3,682,58,279,0,11
Graduate,64813.0,81,293,0,124,179,97,52,1,0,1,Partner,3,178,45,745,0,19
Postgraduate,54222.0,98,199,12,31,3,12,7,1,0,1,Partner,3,120,50,264,0,11
Graduate,83512.0,31,1060,61,835,80,20,101,1,0,0,Partner,2,12,37,2157,17,21
Postgraduate,77520.0,30,940,44,396,0,88,58,1,0,1,Partner,3,305,64,1526,15,22
Graduate,41154.0,98,44,2,11,2,3,7,1,0,1,Partner,3,446,45,69,0,5
Graduate,80398.0,92,342,51,936,207,35,26,1,0,0,Partner,2,596,57,1597,5,25
Undergraduate,18746.0,41,2,10,11,12,9,20,2,0,1,Alone,2,31,31,64,0,6
Graduate,35196.0,68,75,12,141,43,39,187,6,0,1,Partner,3,593,39,497,0,12
Graduate,60230.0,78,520,20,367,39,81,40,2,0,1,Alone,2,405,67,1067,0,15
Graduate,22108.0,46,5,3,9,6,2,6,2,0,2,Partner,4,52,46,31,0,5
Graduate,44392.0,71,87,5,71,7,12,29,5,0,2,Partner,4,297,49,211,0,9
Postgraduate,55424.0,6,462,61,184,10,53,107,4,0,1,Partner,3,581,47,877,9,21
Graduate,17688.0,82,2,2,1,3,1,2,1,1,1,Partner,3,532,44,11,0,3
Postgraduate,92491.0,71,979,44,935,29,25,22,1,0,0,Partner,2,424,40,2034,16,24
Graduate,90273.0,32,704,129,853,120,74,111,1,0,0,Alone,1,197,32,1991,16,18
Postgraduate,82571.0,28,861,31,558,62,95,79,0,0,0,Alone,1,88,61,1686,5,24
Postgraduate,38513.0,20,172,3,115,16,0,18,5,0,1,Alone,2,152,41,324,6,12
Postgraduate,16653.0,10,5,7,31,15,4,7,3,0,1,Alone,2,72,44,69,6,6
Graduate,42586.0,7,194,2,56,0,0,0,5,0,2,Partner,4,608,68,252,6,11
Undergraduate,23529.0,67,9,7,13,3,2,20,1,0,1,Alone,2,538,58,54,0,4
Postgraduate,74881.0,48,505,72,270,36,27,54,4,0,2,Partner,4,478,62,964,0,23
Graduate,71107.0,61,533,10,217,198,174,195,2,0,1,Partner,3,497,72,1327,0,26
Postgraduate,46910.0,36,48,0,14,0,0,6,2,0,2,Partner,4,98,59,68,0,5
Graduate,18690.0,77,6,1,7,23,4,19,1,0,0,Partner,2,548,64,60,0,4
Graduate,37244.0,90,18,2,10,0,0,25,1,0,2,Alone,3,428,68,55,3,4
Graduate,82427.0,35,482,147,509,104,107,107,1,0,0,Partner,2,109,57,1456,5,20
Undergraduate,75342.0,38,204,97,97,21,118,26,1,0,1,Alone,2,419,65,563,0,17
Graduate,70044.0,46,1073,0,250,153,14,14,4,0,1,Alone,2,496,69,1504,0,22
Graduate,79146.0,33,245,16,223,21,43,16,2,0,2,Alone,3,66,56,564,0,17
Graduate,77437.0,70,560,21,442,29,44,29,1,0,0,Partner,2,215,60,1125,5,22
Graduate,54984.0,51,173,13,131,32,3,6,4,0,1,Partner,3,36,64,358,1,13
Postgraduate,42403.0,18,22,1,11,0,5,3,1,0,1,Partner,3,200,52,42,0,4
Graduate,55761.0,97,136,1,12,0,3,32,2,0,1,Partner,3,66,59,184,4,8
Graduate,37292.0,32,275,0,86,10,23,66,5,0,1,Partner,3,437,40,460,0,14
Postgraduate,45576.0,9,56,19,29,2,14,25,1,0,0,Alone,1,32,78,145,6,7
Graduate,70321.0,6,303,23,751,82,26,191,1,0,0,Partner,2,529,76,1376,6,24
Postgraduate,58086.0,80,708,7,62,0,0,15,2,0,1,Alone,2,525,54,792,0,21
Graduate,81795.0,74,324,132,693,27,118,88,1,0,0,Partner,2,611,71,1382,0,22
Undergraduate,28389.0,49,1,5,3,7,4,8,1,0,0,Partner,2,586,76,28,0,3
Postgraduate,66835.0,21,620,26,195,34,17,141,1,0,0,Partner,2,274,77,1033,0,23
Graduate,69901.0,95,312,21,206,102,92,149,3,0,1,Alone,2,396,54,882,0,20
Postgraduate,80360.0,56,1493,86,454,112,43,43,2,0,0,Partner,2,483,74,2231,10,13
Postgraduate,63342.0,48,918,21,118,13,10,21,3,0,1,Partner,3,621,62,1101,10,16
Graduate,44989.0,26,98,0,106,49,10,106,5,0,1,Partner,3,655,49,369,0,11
Undergraduate,31859.0,3,3,4,7,15,8,11,1,0,1,Alone,2,122,43,48,0,4
Postgraduate,51569.0,39,380,0,47,6,0,34,4,0,1,Alone,2,502,74,467,10,15
Graduate,30372.0,33,15,0,12,7,3,7,3,0,2,Alone,3,551,52,44,0,5
Undergraduate,16014.0,42,3,9,4,7,8,7,4,0,2,Alone,3,469,44,38,0,6
Graduate,41120.0,80,24,2,23,0,8,24,3,0,2,Partner,4,235,55,81,0,6
Postgraduate,39763.0,9,80,1,60,4,6,16,2,0,1,Alone,2,329,52,167,6,8
Postgraduate,38725.0,52,31,0,6,2,1,5,2,0,2,Partner,4,50,68,45,0,5
Graduate,77981.0,78,138,120,204,16,126,60,3,0,1,Partner,3,399,51,664,0,18
Undergraduate,62905.0,68,166,75,96,119,107,59,3,0,1,Partner,3,292,59,622,0,17
Undergraduate,13533.0,45,12,3,8,8,0,17,2,0,1,Alone,2,476,44,48,0,5
Graduate,59481.0,47,178,3,85,71,66,58,2,0,1,Partner,3,249,48,461,0,14
Graduate,72117.0,34,707,20,171,65,60,50,1,0,1,Partner,3,313,46,1073,0,25
Undergraduate,21955.0,81,5,1,7,17,14,11,2,0,1,Partner,3,295,37,55,0,6
Graduate,67131.0,72,465,71,250,93,35,62,3,0,1,Partner,3,460,67,976,0,23
Postgraduate,36802.0,23,16,1,2,0,0,1,1,0,1,Alone,2,13,43,20,0,4
Graduate,71853.0,29,358,108,413,141,97,32,1,0,0,Partner,2,417,41,1149,0,16
Undergraduate,28249.0,80,1,9,7,2,14,10,1,0,0,Partner,2,14,62,43,0,5
Postgraduate,47808.0,30,123,1,26,2,0,72,2,0,1,Partner,3,252,48,224,3,8
Postgraduate,25509.0,15,40,3,30,10,7,11,3,0,1,Alone,2,649,49,101,6,6
Postgraduate,51012.0,86,102,9,63,2,9,24,1,0,0,Partner,2,437,77,209,0,9
Graduate,70596.0,68,347,44,534,17,0,26,1,0,0,Alone,1,632,38,968,0,20
Postgraduate,85431.0,54,376,53,462,168,53,53,1,0,0,Partner,2,386,71,1165,0,16
Graduate,42664.0,44,21,0,3,0,0,0,1,0,1,Partner,3,103,56,24,0,4
Graduate,42586.0,7,194,2,56,0,0,0,5,0,2,Partner,4,608,68,252,6,11
Graduate,29760.0,87,64,4,68,7,5,17,4,0,1,Alone,2,669,38,165,0,8
Postgraduate,28973.0,59,206,0,46,3,2,12,2,0,0,Partner,2,624,46,269,0,11
Postgraduate,39435.0,16,71,0,18,0,0,13,1,0,1,Partner,3,327,50,102,0,6
Undergraduate,65370.0,1,71,22,112,138,89,29,1,0,0,Partner,2,332,39,461,0,18
Undergraduate,20194.0,64,0,4,7,11,10,15,2,0,1,Alone,2,559,44,47,0,5
Postgraduate,42473.0,72,93,1,21,0,4,25,3,0,2,Alone,3,132,47,144,0,7
Graduate,64590.0,98,920,138,168,36,46,30,1,0,0,Partner,2,623,55,1338,0,23
Graduate,71232.0,91,653,17,170,34,26,17,2,0,1,Partner,3,213,64,917,0,23
Graduate,34600.0,8,199,33,60,8,3,15,5,0,2,Partner,4,544,52,318,6,12
Graduate,46904.0,20,153,4,56,0,9,31,4,0,2,Alone,3,603,56,253,0,10
Graduate,49094.0,6,376,0,38,11,8,69,5,0,1,Partner,3,646,50,502,0,15
Graduate,36075.0,54,46,0,30,12,1,30,1,0,1,Partner,3,202,40,119,0,6
Undergraduate,60839.0,72,600,21,128,223,150,128,13,0,2,Partner,4,670,44,1250,0,16
Graduate,77298.0,46,425,115,292,23,35,79,1,0,1,Partner,3,239,44,969,0,23
Graduate,34026.0,11,18,6,15,12,8,17,3,0,2,Partner,4,328,73,76,0,6
Postgraduate,48918.0,21,52,0,9,0,0,1,2,0,2,Alone,3,78,60,62,0,5
Undergraduate,82122.0,89,734,22,350,151,25,100,1,0,0,Partner,2,318,61,1382,5,25
Graduate,37697.0,82,34,6,21,11,4,8,1,0,1,Alone,2,142,47,84,0,6
Graduate,34074.0,69,135,1,41,10,1,67,5,0,2,Partner,4,351,71,255,3,9
Postgraduate,28520.0,55,11,0,10,0,2,20,1,0,2,Partner,4,380,63,43,0,4
Graduate,62535.0,13,163,48,90,0,45,52,1,0,1,Alone,2,269,68,398,0,13
Postgraduate,36273.0,80,29,3,30,3,2,9,2,0,1,Alone,2,74,46,76,0,6
Graduate,63404.0,97,734,26,70,11,44,17,2,0,2,Partner,4,23,59,902,1,13
Undergraduate,75774.0,27,340,21,134,258,14,56,1,0,1,Partner,3,58,42,823,0,20
Graduate,78416.0,99,453,38,279,188,38,183,2,0,1,Partner,3,2,47,1179,0,24
Graduate,75702.0,87,1073,0,629,145,37,37,1,0,1,Partner,3,623,49,1921,5,28
Postgraduate,59385.0,85,135,0,10,0,4,36,2,0,2,Partner,4,427,72,185,0,8
Graduate,37070.0,30,231,7,137,4,15,39,9,0,2,Alone,3,466,57,433,6,14
Graduate,44689.0,82,18,0,5,0,0,11,2,0,2,Partner,4,170,72,34,3,4
Graduate,53977.0,21,620,16,165,0,24,82,5,0,1,Partner,3,386,65,907,0,22
Postgraduate,7144.0,92,81,4,33,5,2,291,0,0,2,Alone,3,204,57,416,0,25
Graduate,18701.0,95,12,4,2,10,6,10,4,0,2,Alone,3,390,59,44,0,6
Graduate,90369.0,2,292,51,981,224,23,17,1,0,0,Partner,2,62,67,1588,6,16
Postgraduate,63159.0,74,965,34,586,89,86,37,1,0,0,Alone,1,601,49,1797,3,16
Graduate,37758.0,49,27,2,10,0,0,1,2,0,2,Partner,4,633,57,40,0,4
Postgraduate,46757.0,71,777,30,163,0,51,122,6,0,1,Alone,2,590,60,1143,0,15
Postgraduate,79734.0,72,572,8,232,23,62,17,1,0,0,Partner,2,1,54,914,1,13
Graduate,63207.0,68,438,169,565,91,169,70,1,0,0,Partner,2,525,31,1502,1,11
Graduate,72071.0,4,531,69,300,150,138,150,3,0,1,Alone,2,500,69,1338,0,17
Postgraduate,21840.0,80,17,0,9,0,0,1,1,0,1,Partner,3,343,40,27,0,4
Undergraduate,58582.0,15,402,35,106,101,77,42,2,0,1,Partner,3,274,41,763,4,20
Graduate,72282.0,70,503,27,419,90,139,153,1,0,0,Alone,1,345,72,1331,6,21
Graduate,50387.0,91,369,9,87,12,14,34,3,0,2,Partner,4,302,67,525,0,16
Postgraduate,32583.0,10,5,0,3,0,0,1,1,0,2,Partner,4,14,62,9,0,3
Graduate,62568.0,99,362,17,398,80,35,61,3,0,1,Partner,3,83,61,953,1,13
Postgraduate,44635.0,25,56,0,9,0,0,3,2,0,2,Alone,3,261,52,68,0,5
Postgraduate,33316.0,34,79,1,31,4,4,12,3,0,2,Alone,3,268,52,131,0,7
Graduate,63967.0,57,387,84,141,73,35,162,3,0,1,Partner,3,324,55,882,0,20
Undergraduate,52513.0,84,367,17,241,104,188,232,2,0,0,Partner,2,663,45,1149,0,23
Graduate,25293.0,51,15,0,11,0,2,9,1,0,1,Partner,3,287,54,37,0,4
Postgraduate,54111.0,97,267,6,54,8,3,50,2,0,1,Alone,2,308,58,388,0,13
Graduate,78394.0,13,298,27,697,216,24,166,1,0,0,Partner,2,499,37,1428,6,15
Postgraduate,80739.0,92,674,92,736,39,0,92,1,0,0,Partner,2,402,65,1633,0,23
Postgraduate,22669.0,30,16,14,36,37,22,48,3,0,1,Partner,3,403,48,173,6,7
Graduate,29236.0,30,37,4,24,16,9,9,2,0,1,Alone,2,264,36,99,0,7
Graduate,44911.0,11,159,0,22,2,1,31,3,0,1,Partner,3,471,64,215,0,9
Postgraduate,54693.0,72,686,17,142,23,26,35,8,0,1,Partner,3,497,61,929,0,23
Graduate,48186.0,39,97,3,66,12,7,34,3,0,1,Partner,3,101,49,219,0,9
Graduate,54809.0,0,63,6,57,13,13,22,4,0,2,Partner,4,291,46,174,6,8
Graduate,41580.0,15,56,5,24,4,0,3,3,0,2,Partner,4,566,45,92,0,6
Postgraduate,80336.0,12,209,19,456,160,142,66,1,0,0,Partner,2,293,53,1052,0,24
Graduate,47743.0,56,198,2,43,0,12,20,3,0,1,Partner,3,464,66,275,4,11
Undergraduate,62972.0,39,313,15,47,20,0,192,2,0,1,Partner,3,695,68,587,0,14
Postgraduate,57333.0,55,941,14,397,76,58,176,11,0,1,Alone,2,645,69,1662,6,22
Postgraduate,32313.0,60,86,4,56,2,4,7,3,0,1,Partner,3,503,41,159,0,8
Postgraduate,84953.0,73,167,48,602,63,72,72,1,0,0,Alone,1,391,70,1024,16,17
Postgraduate,27071.0,90,8,3,19,0,2,3,2,0,1,Alone,2,67,55,35,0,5
Postgraduate,68148.0,86,389,66,408,37,57,85,1,0,0,Partner,2,302,66,1042,0,14
Postgraduate,65735.0,37,239,7,119,4,15,11,5,0,2,Partner,4,204,58,395,0,14
Postgraduate,86836.0,7,179,21,273,0,21,63,1,0,0,Partner,2,655,48,557,15,22
Postgraduate,4023.0,29,5,0,1,1,1,1,15,0,2,Partner,4,6,60,9,0,0
Graduate,30093.0,19,2,6,28,13,4,16,1,0,0,Partner,2,356,33,69,0,5
Postgraduate,57705.0,14,383,0,53,6,4,40,3,0,1,Partner,3,169,57,486,0,15
Graduate,25008.0,72,2,8,8,6,1,9,2,0,1,Alone,2,147,35,34,0,4
Undergraduate,83257.0,56,536,27,590,38,107,67,1,1,0,Alone,1,649,28,1365,14,27
Graduate,22280.0,85,2,1,4,3,1,2,1,0,1,Partner,3,406,48,13,0,3
Postgraduate,72159.0,62,322,53,899,34,40,53,1,0,0,Partner,2,608,45,1401,0,20
Graduate,64260.0,1,539,169,816,20,0,30,1,0,0,Partner,2,534,62,1574,6,13
Postgraduate,82733.0,28,712,50,420,65,38,38,1,0,0,Alone,1,292,39,1323,6,19
Postgraduate,74290.0,70,1121,0,72,0,12,12,4,0,1,Alone,2,321,52,1217,5,28
Postgraduate,58217.0,84,68,1,13,3,5,13,1,0,3,Alone,4,589,72,103,0,6
Postgraduate,21024.0,89,36,4,18,6,2,18,1,0,0,Partner,2,360,47,84,0,6
Postgraduate,70116.0,73,707,44,603,95,58,29,1,0,0,Partner,2,519,51,1536,0,22
Graduate,54006.0,42,174,77,203,6,24,97,2,0,1,Partner,3,649,38,581,0,16
Postgraduate,69063.0,16,666,35,124,69,8,26,1,0,1,Partner,3,599,57,928,0,13
Undergraduate,11448.0,16,0,0,0,6,2,6,1,0,0,Alone,1,196,48,14,0,3
Graduate,61825.0,56,162,50,100,55,30,27,1,0,1,Alone,2,326,44,424,0,14
Graduate,70886.0,65,407,70,239,103,88,53,1,0,1,Partner,3,258,52,960,0,13
Graduate,69109.0,10,823,25,459,124,29,95,1,0,0,Partner,2,597,41,1555,11,19
Graduate,60208.0,13,488,23,71,15,0,59,11,0,2,Alone,3,630,50,656,10,18
Postgraduate,32889.0,78,28,0,13,4,2,8,3,0,2,Partner,4,296,55,55,0,6
Graduate,34738.0,51,3,2,10,3,0,2,1,0,1,Alone,2,49,39,20,0,4
Postgraduate,30538.0,27,284,0,52,8,3,20,4,0,1,Partner,3,636,52,367,0,13
Undergraduate,82326.0,30,938,142,754,159,81,183,1,0,0,Partner,2,111,46,2257,16,21
Postgraduate,26642.0,71,13,2,15,2,2,8,2,0,1,Alone,2,120,56,42,0,5
Graduate,69932.0,97,412,172,153,150,105,57,2,0,1,Alone,2,382,59,1049,0,24
Graduate,44503.0,83,31,1,8,0,0,8,2,0,2,Alone,3,74,51,48,0,5
Postgraduate,60200.0,3,502,19,132,0,6,26,6,0,1,Alone,2,543,75,685,0,19
Graduate,49638.0,71,18,10,3,3,5,0,1,0,1,Alone,2,71,71,39,0,4
Undergraduate,23830.0,3,1,8,6,4,8,16,1,0,0,Alone,1,142,36,43,0,4
Postgraduate,33051.0,15,100,71,243,108,94,219,3,0,0,Alone,1,682,64,835,6,18
Graduate,72905.0,52,407,114,445,181,165,203,1,0,0,Partner,2,159,65,1515,1,19
Postgraduate,69702.0,8,664,9,240,50,19,57,2,0,1,Partner,3,495,72,1039,0,24
Graduate,70300.0,89,1045,61,338,60,46,46,3,0,1,Alone,2,349,48,1596,0,23
Postgraduate,70643.0,66,1218,107,304,23,143,33,1,0,0,Partner,2,622,39,1828,6,17
Postgraduate,30396.0,22,15,0,6,0,1,12,2,0,1,Partner,3,60,54,34,9,4
Postgraduate,50616.0,56,128,0,16,0,1,4,2,0,1,Alone,2,72,55,149,0,8
Postgraduate,62772.0,74,581,49,157,43,8,108,1,0,1,Alone,2,406,54,946,4,22
Postgraduate,30298.0,48,6,3,12,6,1,0,1,0,0,Alone,1,41,38,28,0,5
Graduate,52413.0,67,185,8,133,56,56,12,2,0,1,Alone,2,603,39,450,0,15
Postgraduate,44155.0,24,22,1,9,0,0,14,1,0,2,Partner,4,161,66,46,0,4
Postgraduate,86979.0,67,584,100,835,65,83,35,1,0,0,Alone,1,234,52,1702,9,15
Graduate,76532.0,38,355,30,177,90,138,30,4,0,2,Partner,4,293,48,820,0,21
Graduate,42081.0,86,175,10,110,54,6,27,2,0,1,Partner,3,488,41,382,3,13
Postgraduate,67546.0,90,864,134,768,150,38,172,1,0,0,Partner,2,667,35,2126,0,19
Postgraduate,88420.0,87,957,153,612,99,95,153,1,0,0,Partner,2,58,34,2069,9,19
Graduate,31158.0,62,25,6,16,20,0,5,2,0,1,Partner,3,518,38,72,0,5
Graduate,61671.0,23,641,7,56,0,0,28,8,0,1,Alone,2,26,55,732,5,20
Graduate,69719.0,99,273,86,208,177,14,43,1,0,0,Alone,1,34,49,801,0,10
Graduate,49160.0,29,122,21,43,25,10,15,2,0,1,Alone,2,252,74,236,0,10
Undergraduate,24882.0,52,1,4,10,29,0,36,1,0,1,Partner,3,658,45,80,3,4
Postgraduate,90933.0,90,1020,31,430,62,63,79,1,0,0,Alone,1,90,69,1685,5,14
Postgraduate,113734.0,9,6,2,3,1,262,3,0,0,0,Alone,1,32,78,277,0,27
Postgraduate,59292.0,71,378,14,68,19,14,14,2,0,1,Partner,3,381,73,507,0,16
Postgraduate,45759.0,13,42,1,18,3,0,4,2,0,2,Partner,4,491,59,68,0,5
Graduate,22148.0,16,15,5,14,0,4,11,1,0,0,Alone,1,77,40,49,0,4
Postgraduate,73395.0,94,272,7,80,20,7,11,1,0,0,Partner,2,103,36,397,0,14
Graduate,29819.0,77,9,1,24,2,1,2,3,0,1,Alone,2,248,52,39,0,6
Graduate,45688.0,20,279,0,18,0,0,9,2,0,1,Partner,3,155,55,306,4,12
Graduate,62820.0,51,398,61,265,138,61,53,1,0,0,Partner,2,414,69,976,0,13
Postgraduate,60491.0,81,637,47,237,12,19,76,4,0,1,Partner,3,296,52,1028,0,24
Graduate,33235.0,71,45,0,16,2,1,6,1,0,1,Partner,3,144,37,70,0,6
Graduate,35701.0,36,21,1,9,7,3,5,1,0,0,Partner,2,467,64,46,0,4
Postgraduate,31535.0,95,15,4,13,0,0,19,1,0,1,Partner,3,276,43,51,3,4
Undergraduate,92556.0,32,493,183,352,184,23,28,0,0,0,Partner,2,70,63,1263,0,21
Graduate,67384.0,32,957,40,175,158,53,107,2,0,1,Alone,2,596,53,1490,4,20
Postgraduate,80573.0,85,829,138,430,60,92,15,1,0,0,Partner,2,623,52,1564,0,23
Graduate,77870.0,93,1017,50,500,65,50,133,3,0,1,Partner,3,676,56,1815,11,15
Postgraduate,52278.0,24,953,0,71,0,0,174,6,0,1,Alone,2,520,60,1198,0,25
Graduate,57107.0,44,159,0,120,0,0,137,7,0,1,Alone,2,674,55,416,12,16
Graduate,18929.0,15,32,0,8,23,4,18,1,0,0,Partner,2,498,33,85,0,5
Postgraduate,36038.0,82,23,0,15,0,2,7,2,0,1,Alone,2,394,42,47,0,6
Graduate,20180.0,27,18,42,24,15,20,18,1,0,0,Alone,1,494,47,137,0,7
Postgraduate,34230.0,72,15,0,4,0,0,2,1,0,2,Partner,4,550,58,21,0,3
Undergraduate,31878.0,7,23,4,5,10,5,23,1,0,1,Alone,2,7,46,70,0,5
Undergraduate,70932.0,57,200,193,100,46,185,185,2,0,1,Partner,3,161,51,909,0,20
Graduate,91249.0,84,1324,27,119,71,108,27,0,0,0,Alone,1,617,67,1676,18,22
Postgraduate,77598.0,53,1193,33,281,129,66,33,1,0,0,Alone,1,271,80,1735,5,25
Graduate,80982.0,48,505,137,401,104,22,22,3,1,2,Alone,3,537,64,1191,0,27
Postgraduate,22701.0,2,2,4,9,0,4,5,1,0,1,Partner,3,297,46,24,0,4
Postgraduate,55212.0,65,1103,0,45,0,0,34,3,0,1,Partner,3,583,54,1182,6,17
Graduate,70617.0,45,353,61,753,40,46,27,1,0,0,Partner,2,371,53,1280,0,13
Graduate,64849.0,42,652,48,350,94,84,108,1,0,0,Alone,1,593,66,1336,6,18
Postgraduate,62694.0,29,379,6,157,25,91,91,5,0,2,Partner,4,377,58,749,0,19
Postgraduate,61917.0,83,46,4,36,2,2,1,1,0,2,Partner,4,221,49,91,0,6
Postgraduate,67472.0,93,162,31,127,8,17,69,2,0,1,Partner,3,274,76,414,0,13
Postgraduate,21059.0,40,8,3,19,3,3,8,3,0,1,Partner,3,173,41,44,0,6
Postgraduate,29543.0,47,17,3,18,3,4,18,2,0,2,Partner,4,89,55,63,0,6
Graduate,75903.0,50,340,108,185,130,38,100,2,0,1,Partner,3,447,72,901,0,21
Undergraduate,34984.0,40,8,4,15,3,5,3,2,0,2,Partner,4,661,48,38,0,4
Postgraduate,54998.0,3,154,22,202,39,30,8,5,0,1,Alone,2,476,67,455,6,15
Postgraduate,54356.0,62,710,15,30,20,0,0,3,0,1,Alone,2,587,74,775,6,21
Postgraduate,34242.0,25,8,2,4,0,0,1,1,0,1,Partner,3,98,64,15,0,3
Graduate,25410.0,48,2,2,4,13,13,4,1,0,1,Partner,3,302,50,38,0,5
Postgraduate,73356.0,56,1050,14,322,0,14,112,1,0,0,Partner,2,143,39,1512,15,21
Graduate,28320.0,68,19,1,14,3,2,4,1,0,1,Partner,3,531,73,43,0,4
Graduate,23763.0,64,22,0,6,6,2,6,1,0,1,Alone,2,691,46,42,0,4
Graduate,72570.0,67,274,83,216,151,141,224,1,0,0,Partner,2,65,39,1089,0,22
Postgraduate,34529.0,94,68,6,38,3,6,41,2,0,1,Partner,3,653,47,162,0,7
Graduate,70792.0,82,344,45,654,104,11,114,2,0,0,Alone,1,508,72,1272,0,17
Graduate,63211.0,3,145,193,459,205,26,145,2,0,0,Partner,2,604,41,1173,6,18
Postgraduate,83891.0,24,217,38,350,111,85,15,1,0,1,Partner,3,9,49,816,0,21
Graduate,36065.0,54,18,7,34,10,2,3,3,0,2,Alone,3,455,55,74,0,6
Graduate,39898.0,20,69,8,26,12,7,12,2,0,1,Partner,3,502,69,134,0,7
Postgraduate,51141.0,96,144,0,7,0,0,6,1,0,0,Alone,1,356,83,157,0,8
Graduate,56939.0,19,256,34,103,90,29,49,2,0,1,Partner,3,284,47,561,0,16
Graduate,80872.0,60,483,72,567,94,12,108,1,0,0,Alone,1,48,72,1336,0,18
Postgraduate,72335.0,2,1285,105,653,28,21,0,1,0,0,Partner,2,685,47,2092,6,22
Postgraduate,61798.0,13,338,4,89,11,8,13,1,0,0,Alone,1,218,59,463,0,15
Postgraduate,76842.0,37,605,10,345,84,54,32,1,0,0,Alone,1,57,73,1130,0,16
Graduate,29478.0,59,8,0,7,3,1,1,1,0,1,Partner,3,163,47,20,0,4
Graduate,46998.0,55,172,41,86,45,6,27,5,0,1,Alone,2,615,67,377,3,13
Graduate,96843.0,60,448,71,951,40,17,17,1,0,0,Alone,1,432,33,1544,11,27
Postgraduate,56551.0,48,67,4,32,17,2,16,3,0,2,Alone,3,53,73,138,0,7
Postgraduate,70053.0,38,512,53,98,81,179,89,3,0,1,Partner,3,361,58,1012,0,23
Postgraduate,71670.0,8,1462,16,128,0,0,160,1,0,0,Alone,1,355,61,1766,17,14
Graduate,44359.0,19,20,0,14,7,3,1,3,0,2,Partner,4,12,45,45,0,6
Graduate,40887.0,32,50,4,44,10,10,43,3,0,2,Alone,3,419,71,161,6,7
Graduate,48877.0,27,102,1,15,2,0,24,1,0,1,Alone,2,175,57,144,0,7
Graduate,74485.0,58,499,149,815,173,49,49,1,0,0,Partner,2,309,76,1734,0,25
Graduate,64474.0,59,381,35,172,56,86,93,2,0,1,Partner,3,250,51,823,0,20
Graduate,77226.0,29,631,43,239,128,76,21,2,0,1,Partner,3,121,60,1138,0,26
Graduate,72643.0,60,526,80,553,123,94,53,1,0,0,Alone,1,487,74,1429,7,20
Postgraduate,85738.0,41,913,26,376,17,26,13,1,0,0,Partner,2,157,45,1371,9,20
Graduate,55686.0,27,673,0,199,37,47,26,2,0,1,Alone,2,500,57,982,3,14
Graduate,39062.0,28,23,0,9,0,0,12,1,0,1,Alone,2,96,40,44,3,4
Graduate,34600.0,8,199,33,60,8,3,15,5,0,2,Partner,4,544,52,318,6,12
Graduate,40794.0,18,261,23,73,4,23,50,2,0,1,Partner,3,448,48,434,0,14
Undergraduate,54690.0,76,111,16,37,7,9,18,3,0,2,Partner,4,234,52,198,0,9
Graduate,4428.0,0,16,4,12,2,4,321,0,0,1,Partner,3,267,54,359,0,25
Undergraduate,32632.0,32,63,151,137,153,19,53,2,0,0,Partner,2,696,60,576,0,16
Postgraduate,38236.0,2,58,0,18,2,0,10,4,0,2,Alone,3,282,55,88,0,7
Graduate,36781.0,16,29,1,17,0,3,13,1,0,1,Partner,3,80,44,63,6,5
Postgraduate,31385.0,56,3,2,12,0,1,9,1,0,1,Alone,2,571,39,27,9,3
Graduate,24570.0,97,28,34,62,11,14,44,3,0,1,Partner,3,487,39,193,0,8
Postgraduate,25509.0,15,40,3,30,10,7,11,3,0,1,Alone,2,649,49,101,6,6
Graduate,94642.0,35,879,143,797,106,143,143,0,0,0,Partner,2,137,72,2211,6,21
Postgraduate,58646.0,3,62,1,44,6,5,22,1,0,1,Partner,3,384,61,140,0,7
Graduate,53201.0,49,280,7,81,20,0,27,8,0,2,Alone,3,502,48,415,0,14
Graduate,21994.0,4,9,0,6,3,1,3,1,0,1,Partner,3,552,66,22,0,3
Graduate,57113.0,45,182,4,33,0,2,42,6,0,2,Partner,4,508,45,263,0,10
Graduate,51373.0,37,83,2,101,64,26,117,1,0,0,Partner,2,372,32,393,0,11
Graduate,23477.0,39,38,15,54,3,8,29,3,0,1,Partner,3,251,37,147,0,7
Graduate,58116.0,38,228,19,130,4,11,51,2,0,1,Partner,3,77,67,443,0,14
Postgraduate,72968.0,8,1092,37,592,145,37,55,1,0,0,Alone,1,195,60,1958,7,18
Postgraduate,39791.0,89,85,15,27,13,13,21,2,0,1,Partner,3,458,52,174,0,8
Postgraduate,91712.0,47,1276,24,746,94,29,48,0,0,0,Alone,1,255,76,2217,11,27
Graduate,94472.0,75,1017,33,417,108,100,16,1,0,1,Alone,2,87,65,1691,9,15
Graduate,13672.0,86,6,2,9,2,1,5,2,0,2,Partner,4,438,63,25,0,4
Undergraduate,96547.0,4,448,21,125,52,101,62,0,0,0,Partner,2,37,43,809,15,21
Graduate,79205.0,73,504,23,117,179,28,44,1,0,0,Partner,2,669,48,895,7,15
Postgraduate,56559.0,46,226,22,133,41,31,31,3,0,1,Partner,3,551,48,484,0,15
Postgraduate,32644.0,38,239,3,141,0,7,23,4,0,1,Partner,3,529,50,413,3,14
Undergraduate,67506.0,73,90,38,67,33,36,67,1,0,1,Alone,2,178,43,331,0,11
Graduate,24206.0,66,7,2,8,3,2,3,1,0,1,Alone,2,478,53,25,0,4
Postgraduate,28420.0,36,4,2,5,2,0,0,1,0,1,Alone,2,187,56,13,0,3
Graduate,22979.0,29,16,17,19,20,21,22,3,0,1,Partner,3,661,53,115,6,7
Graduate,33279.0,29,10,3,3,0,0,0,1,0,0,Alone,1,17,57,16,0,3
Postgraduate,46423.0,6,68,0,16,0,0,8,3,0,2,Alone,3,284,51,92,0,6
Graduate,30368.0,97,35,0,13,2,0,2,2,0,1,Partner,3,234,46,52,0,5
Graduate,63684.0,61,575,80,428,208,93,80,3,0,1,Partner,3,580,53,1464,0,20
Graduate,41638.0,68,315,0,31,4,0,91,4,0,1,Alone,2,501,59,441,3,13
Postgraduate,68805.0,73,182,2,49,17,13,20,1,0,1,Alone,2,285,64,283,0,11
Postgraduate,65814.0,90,561,14,113,10,14,35,3,0,1,Partner,3,119,57,747,0,20
Graduate,71964.0,81,587,51,932,180,34,86,1,0,0,Alone,1,405,65,1870,0,16
Graduate,39146.0,1,94,1,33,13,12,12,3,0,1,Alone,2,500,37,165,0,8
Graduate,96876.0,79,908,43,735,40,194,21,1,0,0,Partner,2,327,46,1941,16,23
Undergraduate,34445.0,92,228,122,122,208,129,30,6,0,0,Partner,2,518,42,839,0,21
Graduate,68281.0,31,995,112,417,42,48,41,1,0,0,Alone,1,691,65,1655,6,24
Undergraduate,37284.0,46,11,1,2,2,1,6,1,0,2,Partner,4,457,48,23,0,3
Graduate,36790.0,14,3,3,14,15,21,10,1,0,0,Partner,2,485,40,66,6,5
Graduate,27943.0,89,12,1,16,4,1,3,3,0,2,Partner,4,440,56,37,0,5
Graduate,22263.0,31,17,0,2,0,0,2,2,1,2,Alone,3,91,72,21,0,4
Graduate,30261.0,75,8,0,5,0,3,6,1,0,3,Partner,5,642,51,22,0,3
Graduate,28587.0,42,22,4,17,12,10,13,3,0,1,Partner,3,137,45,78,0,6
Postgraduate,43815.0,53,14,10,29,4,7,15,1,0,1,Partner,3,450,41,79,0,5
Graduate,48195.0,53,106,27,68,52,7,5,6,0,2,Partner,4,159,67,265,0,11
Postgraduate,77027.0,23,820,57,242,45,0,11,2,0,1,Partner,3,144,71,1175,0,17
Postgraduate,71322.0,57,753,43,226,69,10,204,2,0,1,Partner,3,498,58,1305,0,26
Postgraduate,32765.0,49,13,3,17,7,3,3,2,0,1,Partner,3,126,44,46,0,6
Graduate,29672.0,6,9,1,3,0,4,8,1,0,2,Partner,4,474,58,25,0,3
Graduate,23272.0,29,19,3,6,4,2,12,1,0,0,Alone,1,255,70,46,0,4
Postgraduate,49912.0,5,520,8,223,32,49,42,4,0,1,Partner,3,660,74,874,9,22
Undergraduate,7500.0,98,5,17,17,13,14,34,4,0,1,Partner,3,697,38,100,0,6
Postgraduate,68117.0,80,618,44,215,0,17,36,2,0,1,Alone,2,476,76,930,9,23
Graduate,67225.0,4,315,35,322,46,7,143,3,0,1,Partner,3,215,68,868,0,20
Graduate,17649.0,70,15,1,23,0,5,1,3,0,1,Partner,3,229,47,45,0,6
Graduate,55914.0,32,384,60,364,119,101,232,4,0,1,Partner,3,426,48,1260,0,25
Graduate,40059.0,82,110,29,92,28,10,145,1,0,1,Partner,3,274,39,414,3,11
Graduate,60905.0,27,208,17,76,36,17,38,2,0,1,Partner,3,206,73,392,0,13
Graduate,75330.0,94,555,82,257,93,61,61,4,0,2,Partner,4,633,46,1109,0,25
Graduate,60689.0,23,240,90,216,63,6,24,4,0,1,Alone,2,393,72,639,0,18
Graduate,38680.0,97,11,0,36,15,5,12,1,0,1,Partner,3,458,39,79,0,5
Graduate,61416.0,25,848,154,323,201,61,78,1,0,0,Partner,2,506,41,1665,3,23
Graduate,49767.0,92,202,47,197,55,42,149,1,0,0,Alone,1,423,32,692,0,17
Graduate,83273.0,98,433,89,650,16,102,102,10,0,3,Alone,4,642,53,1392,0,19
Graduate,29009.0,19,6,6,15,10,5,2,2,0,1,Partner,3,212,42,44,0,5
Postgraduate,45057.0,80,37,0,7,3,0,3,1,0,1,Partner,3,210,44,50,0,5
Graduate,37150.0,80,167,37,64,49,34,116,8,0,1,Partner,3,656,52,467,0,13
Graduate,43020.0,79,45,7,99,4,25,43,3,0,1,Alone,2,211,53,223,0,9
Graduate,53154.0,50,129,0,21,0,1,7,1,0,1,Partner,3,20,64,158,0,8
Graduate,65308.0,60,713,0,264,120,80,34,1,0,0,Partner,2,291,50,1211,6,27
Graduate,76467.0,44,676,161,426,210,44,58,2,0,1,Alone,2,681,53,1575,6,12
Undergraduate,81044.0,0,450,26,535,73,98,26,1,0,0,Partner,2,184,76,1208,0,21
Graduate,32871.0,28,22,2,12,0,2,5,1,0,2,Partner,4,477,72,43,0,4
Graduate,55801.0,35,367,4,51,6,4,95,6,0,2,Alone,3,280,48,527,1,15
Graduate,76320.0,49,526,35,214,69,53,35,2,0,1,Alone,2,7,64,932,0,13
Postgraduate,36927.0,46,51,0,16,0,0,4,2,0,2,Alone,3,27,68,71,0,6
Graduate,48794.0,97,25,0,11,3,0,15,1,0,2,Partner,4,3,70,54,0,4
Graduate,23478.0,51,28,6,27,12,17,39,1,0,0,Alone,1,467,58,129,0,6
Graduate,71128.0,80,958,159,447,20,0,31,3,0,1,Alone,2,631,50,1615,0,24
Postgraduate,70179.0,10,532,88,168,69,44,133,3,0,1,Alone,2,343,47,1034,0,23
Graduate,59462.0,29,724,17,143,0,8,196,2,0,1,Partner,3,540,73,1088,0,23
Graduate,38361.0,74,39,0,56,20,8,14,3,0,1,Partner,3,184,54,137,0,7
Postgraduate,70038.0,54,587,54,348,71,54,130,1,0,0,Partner,2,247,41,1244,0,16
Graduate,42554.0,93,29,1,11,0,0,0,2,0,2,Partner,4,533,45,41,0,5
Graduate,67445.0,63,757,80,217,29,80,11,5,0,1,Partner,3,686,49,1174,0,27
Graduate,67046.0,92,544,35,133,23,151,107,2,0,1,Alone,2,539,72,993,0,13
Graduate,42192.0,40,40,15,15,17,6,7,1,0,0,Partner,2,296,75,100,0,6
Postgraduate,77610.0,70,1245,33,332,21,33,16,2,0,1,Partner,3,608,71,1680,0,15
Graduate,31761.0,96,19,1,20,16,14,28,2,0,1,Partner,3,85,39,98,0,7
Graduate,34350.0,81,16,3,15,2,1,11,1,0,1,Partner,3,253,44,48,0,4
Graduate,54591.0,63,376,4,94,12,9,24,3,0,1,Partner,3,328,74,519,0,16
Graduate,71866.0,85,184,178,178,103,39,33,1,0,1,Partner,3,186,67,715,0,19
Graduate,25293.0,51,15,0,11,0,2,9,1,0,1,Partner,3,287,54,37,0,4
Postgraduate,42000.0,23,124,83,267,85,59,35,2,0,0,Alone,1,535,36,653,6,18
Graduate,69520.0,95,627,120,414,121,80,93,1,0,0,Partner,2,357,40,1455,0,20
Graduate,64713.0,11,180,60,241,13,54,54,2,0,1,Alone,2,142,53,602,6,17
Postgraduate,27889.0,42,14,0,4,0,0,8,1,0,1,Partner,3,359,46,26,0,4
Undergraduate,22123.0,77,3,3,24,34,7,31,1,0,0,Alone,1,94,63,102,0,6
Graduate,27803.0,40,8,26,46,38,9,49,2,0,1,Partner,3,672,50,176,0,7
Graduate,51651.0,32,293,6,23,13,6,92,4,0,1,Partner,3,599,63,433,0,13
Graduate,68487.0,48,758,12,385,33,89,89,1,0,0,Partner,2,532,35,1366,0,29
Graduate,56796.0,24,656,38,161,62,47,37,3,0,1,Partner,3,498,54,1001,0,24
Undergraduate,87000.0,61,196,25,607,67,17,49,1,0,0,Partner,2,561,31,961,0,17
Graduate,79823.0,6,835,73,380,114,73,43,1,0,1,Partner,3,90,64,1518,4,22
Graduate,30828.0,16,16,11,15,2,0,12,2,0,1,Alone,2,268,43,56,0,6
Postgraduate,34109.0,39,9,1,5,2,1,4,1,0,1,Partner,3,235,52,22,0,3
Postgraduate,53367.0,2,229,7,140,10,3,11,7,0,2,Alone,3,302,49,400,6,14
Undergraduate,22390.0,49,0,1,4,15,1,5,1,0,0,Partner,2,251,54,26,0,3
Graduate,71322.0,31,121,24,124,24,15,42,1,0,1,Partner,3,58,47,350,0,12
Graduate,79244.0,58,471,102,125,212,61,245,1,0,0,Alone,1,557,30,1216,12,21
Postgraduate,49912.0,5,520,8,223,32,49,42,4,0,1,Partner,3,660,74,874,9,22
Postgraduate,48699.0,90,26,1,10,2,0,1,1,0,2,Partner,4,404,73,40,0,4
Graduate,80144.0,47,240,132,445,250,192,108,1,0,0,Partner,2,272,48,1367,0,18
Graduate,54252.0,25,178,4,26,8,4,44,5,0,2,Alone,3,397,67,264,0,10
Postgraduate,81929.0,60,1486,55,278,49,0,185,2,0,1,Partner,3,638,47,2053,14,18
Graduate,76068.0,67,1115,12,128,33,12,76,1,0,1,Partner,3,577,48,1376,6,9
Postgraduate,53204.0,40,29,0,8,2,0,6,1,0,2,Partner,4,101,47,45,0,4
Postgraduate,67911.0,63,529,0,356,63,28,0,3,0,1,Partner,3,38,74,976,0,24
Undergraduate,14796.0,1,13,3,8,7,4,16,2,0,1,Partner,3,650,39,51,6,4
Postgraduate,78128.0,89,934,24,230,16,24,36,2,0,1,Partner,3,130,49,1264,9,18
Undergraduate,14188.0,40,2,7,11,16,12,27,1,0,0,Partner,2,486,51,75,0,6
Undergraduate,20425.0,5,4,12,5,3,16,17,2,0,1,Partner,3,608,37,57,0,5
Postgraduate,58646.0,3,62,1,44,6,5,22,1,0,1,Partner,3,384,61,140,0,7
Graduate,72967.0,1,158,35,179,0,0,125,2,0,1,Alone,2,561,53,497,9,17
Postgraduate,48150.0,24,173,2,39,3,2,47,3,0,1,Partner,3,386,74,266,0,10
Graduate,82332.0,89,830,59,968,51,79,19,1,0,0,Alone,1,650,62,2006,11,20
Graduate,58275.0,48,189,10,253,56,43,64,6,0,2,Alone,3,392,68,615,0,17
Postgraduate,44953.0,31,728,17,133,11,8,124,1,0,0,Partner,2,555,42,1021,3,23
Graduate,34587.0,68,7,2,9,2,0,2,2,0,2,Partner,4,44,70,22,0,4
Postgraduate,43018.0,46,35,4,17,7,6,64,1,0,1,Partner,3,240,49,133,0,6
Postgraduate,45736.0,92,188,3,180,20,3,43,5,0,1,Partner,3,340,69,437,0,14
Postgraduate,66476.0,80,742,28,152,25,9,57,2,0,1,Partner,3,207,54,1013,0,24
Undergraduate,27733.0,16,0,7,5,26,2,17,2,0,1,Partner,3,307,42,57,0,5
Postgraduate,69805.0,50,750,71,174,13,10,20,2,0,1,Partner,3,159,71,1038,0,25
Postgraduate,72217.0,93,816,42,450,55,56,154,1,0,0,Alone,1,445,61,1573,0,21
Graduate,25818.0,51,5,2,8,2,2,9,1,0,1,Alone,2,619,52,28,0,3
Postgraduate,37509.0,24,37,5,56,12,8,5,2,0,1,Partner,3,655,47,123,0,7
Undergraduate,25176.0,79,4,0,4,0,0,5,1,0,2,Partner,4,323,47,13,0,3
Graduate,43586.0,26,99,2,11,4,0,16,3,0,1,Partner,3,668,43,132,0,7
Undergraduate,53230.0,86,176,72,98,136,21,229,4,0,1,Partner,3,695,67,732,0,19
Graduate,50116.0,68,54,0,10,0,0,2,2,0,2,Partner,4,9,66,66,4,5
Graduate,84906.0,98,997,15,414,99,30,76,1,0,0,Partner,2,268,51,1631,11,23
Graduate,61286.0,34,356,0,107,19,9,117,2,0,1,Partner,3,331,57,608,0,16
Postgraduate,82333.0,60,1311,0,359,46,89,17,1,0,0,Partner,2,456,37,1822,11,17
Postgraduate,65220.0,3,890,63,292,0,25,12,4,0,0,Partner,2,664,58,1282,6,19
Graduate,33590.0,65,4,0,2,0,0,2,1,0,3,Partner,5,238,49,8,0,3
Graduate,30992.0,83,17,0,14,7,3,2,1,0,1,Alone,2,433,47,43,0,4
Postgraduate,72309.0,64,960,0,883,50,38,0,1,0,0,Alone,1,475,47,1931,7,19
Postgraduate,156924.0,85,2,1,2,1,1,1,0,0,0,Partner,2,304,74,8,0,0
Undergraduate,16005.0,69,1,3,2,20,30,47,3,0,1,Partner,3,684,43,103,0,5
Postgraduate,65487.0,48,240,67,500,199,0,163,3,0,0,Alone,1,170,66,1169,0,14
Graduate,58692.0,21,301,11,61,4,7,11,1,0,1,Partner,3,84,58,395,0,14
Graduate,40590.0,30,154,0,50,6,11,37,5,0,2,Alone,3,270,54,258,3,10
Graduate,20587.0,39,2,3,6,4,1,9,1,0,1,Alone,2,49,53,25,0,4
Postgraduate,62637.0,76,104,12,48,4,12,5,1,0,1,Alone,2,120,69,185,0,9
Postgraduate,29435.0,11,70,3,37,4,2,64,4,0,2,Alone,3,692,57,180,6,7
Graduate,19346.0,26,2,0,9,3,6,2,1,0,1,Alone,2,150,49,22,0,4
Graduate,35788.0,34,23,2,11,3,1,4,2,0,2,Partner,4,157,52,44,0,5
Graduate,36997.0,72,43,4,12,8,0,27,5,0,2,Alone,3,513,55,94,0,7
Graduate,23539.0,13,4,24,11,16,1,25,1,0,0,Partner,2,121,66,81,0,6
Graduate,65333.0,58,654,7,92,0,15,30,7,0,1,Alone,2,163,50,798,9,21
Graduate,78499.0,12,912,72,170,47,36,97,1,0,0,Alone,1,218,66,1334,11,18
Postgraduate,29732.0,23,25,0,8,0,1,4,1,0,1,Partner,3,96,52,38,0,4
Postgraduate,41275.0,33,24,4,22,0,2,9,4,0,3,Partner,5,97,63,61,0,7
Postgraduate,63516.0,30,141,11,114,15,14,5,4,0,2,Partner,4,358,50,300,0,12
Postgraduate,42769.0,15,71,0,13,3,1,0,2,0,1,Partner,3,260,61,88,0,6
Postgraduate,49572.0,25,35,1,16,0,1,1,2,0,2,Partner,4,196,65,54,0,5
Graduate,69209.0,4,496,32,849,229,48,128,2,0,0,Partner,2,650,51,1782,1,14
Graduate,17148.0,80,9,9,11,13,10,16,4,0,1,Partner,3,152,47,68,0,7
Graduate,40590.0,30,154,0,50,6,11,37,5,0,2,Alone,3,270,54,258,3,10
Postgraduate,30560.0,6,9,1,5,4,5,7,1,0,1,Partner,3,367,47,31,0,4
Undergraduate,32146.0,16,26,3,23,4,7,3,2,0,1,Partner,3,48,40,66,0,6
Undergraduate,41713.0,57,77,8,44,10,10,25,5,0,2,Alone,3,61,59,174,0,8
Postgraduate,34176.0,9,11,2,7,4,2,2,1,0,1,Partner,3,158,48,28,0,4
Postgraduate,58482.0,59,576,7,115,19,7,7,2,0,1,Partner,3,109,68,731,4,20
Graduate,59686.0,78,89,15,89,34,42,5,1,0,1,Alone,2,155,58,274,0,11
Postgraduate,60896.0,90,1013,30,399,60,46,153,3,0,1,Partner,3,626,59,1701,6,23
Graduate,62994.0,74,224,12,48,4,12,12,1,0,1,Partner,3,117,43,312,0,12
Graduate,47320.0,10,200,19,111,50,15,19,6,0,1,Partner,3,332,66,414,0,14
Undergraduate,74859.0,63,570,73,614,133,102,73,1,0,0,Alone,1,391,74,1565,1,22
Undergraduate,15253.0,13,1,3,3,8,1,13,2,0,1,Alone,2,244,31,29,0,4
Postgraduate,31560.0,98,62,1,20,4,0,7,2,0,1,Alone,2,370,49,94,0,6
Graduate,72071.0,4,531,69,300,150,138,150,3,0,1,Alone,2,500,69,1338,0,17
Postgraduate,91172.0,94,162,28,818,0,28,56,0,0,0,Alone,1,459,33,1092,17,14
Graduate,90000.0,91,675,144,133,94,192,241,1,0,0,Partner,2,188,39,1479,9,17
Graduate,41967.0,66,23,4,10,0,2,15,1,0,2,Alone,3,218,42,54,0,4
Graduate,69263.0,14,492,5,32,13,5,21,1,0,1,Alone,2,116,58,568,4,17
Undergraduate,65706.0,77,918,10,129,13,0,129,1,0,0,Alone,1,366,53,1199,17,26
Graduate,60934.0,41,224,155,155,192,93,54,2,0,1,Partner,3,163,48,873,0,21
Graduate,71965.0,21,572,19,286,50,38,248,3,0,1,Partner,3,335,72,1213,0,14
Graduate,65210.0,25,626,0,70,0,7,28,2,0,1,Partner,3,111,68,731,5,20
Postgraduate,79174.0,2,1074,37,518,193,92,129,1,0,0,Partner,2,534,48,2043,12,18
Postgraduate,81380.0,51,741,68,689,224,68,103,1,0,0,Alone,1,554,56,1893,0,16
Postgraduate,48432.0,3,322,3,50,4,3,42,5,0,1,Alone,2,619,50,424,0,14
Graduate,52914.0,32,254,10,44,30,10,227,2,0,1,Partner,3,538,52,575,3,13
Graduate,38946.0,84,116,6,82,6,6,41,2,0,1,Partner,3,248,68,257,0,10
Graduate,26067.0,49,22,2,18,0,2,12,3,0,1,Partner,3,237,49,56,0,6
Postgraduate,44325.0,69,516,0,21,0,0,5,4,0,1,Partner,3,479,51,542,4,17
Graduate,42523.0,96,14,36,11,3,26,35,1,0,0,Partner,2,67,59,125,0,6
Undergraduate,26487.0,23,2,8,10,12,14,23,3,0,1,Alone,2,405,45,69,0,6
Undergraduate,53233.0,18,28,0,9,3,0,0,1,0,1,Partner,3,103,66,40,0,4
Graduate,67716.0,8,530,142,217,62,9,56,4,0,1,Partner,3,535,63,1016,4,24
Postgraduate,76234.0,21,519,50,167,130,0,41,1,0,1,Partner,3,143,51,907,4,22
Postgraduate,84117.0,60,611,76,749,59,45,26,1,0,0,Partner,2,49,67,1566,5,23
Postgraduate,65487.0,48,240,67,500,199,0,163,3,0,0,Partner,2,170,66,1169,0,14
Undergraduate,25224.0,36,4,9,12,11,2,8,2,0,1,Partner,3,105,51,46,0,5
Postgraduate,89616.0,36,671,47,655,145,111,15,1,0,0,Alone,1,489,40,1644,6,24
Graduate,40851.0,63,23,1,7,0,4,24,1,0,2,Alone,3,493,52,59,0,4
Graduate,27469.0,2,9,1,2,3,2,0,1,0,0,Partner,2,696,76,17,0,3
Undergraduate,82347.0,38,556,54,845,202,133,63,1,0,0,Partner,2,600,66,1853,10,24
Graduate,73803.0,61,833,80,363,52,26,174,2,0,1,Partner,3,697,66,1528,9,20
Postgraduate,8820.0,52,12,0,13,4,2,4,4,0,2,Alone,3,464,71,35,0,6
Graduate,43322.0,25,56,7,48,10,2,18,1,0,0,Alone,1,69,49,141,0,7
Graduate,55593.0,63,293,8,124,11,4,106,2,0,1,Partner,3,312,50,546,3,15
Graduate,50501.0,10,297,0,38,13,0,152,7,0,2,Partner,4,376,69,500,9,13
Graduate,37085.0,65,39,1,16,2,0,3,4,0,2,Partner,4,3,48,61,0,6
Undergraduate,16185.0,71,5,11,16,21,8,45,2,0,1,Alone,2,328,33,106,0,6
Graduate,57731.0,0,266,21,300,65,8,44,4,0,1,Alone,2,583,54,704,0,22
Postgraduate,48432.0,3,322,3,50,4,3,42,5,0,1,Alone,2,619,50,424,6,14
Graduate,73807.0,88,366,124,156,71,78,54,2,0,1,Partner,3,543,45,849,0,21
Graduate,18929.0,15,32,0,8,23,4,18,1,0,0,Partner,2,498,33,85,0,5
Graduate,35893.0,80,158,0,23,0,0,18,6,0,2,Alone,3,622,55,199,0,9
Graduate,61014.0,17,269,129,495,182,43,29,4,0,1,Partner,3,687,43,1147,0,16
Graduate,32144.0,76,41,0,10,0,0,3,4,0,2,Partner,4,98,69,54,4,6
Undergraduate,14918.0,52,3,3,3,15,4,15,1,0,1,Partner,3,569,60,43,0,4
Graduate,45146.0,28,33,0,5,0,0,15,2,0,2,Alone,3,349,60,53,0,4
Undergraduate,41769.0,31,302,29,131,32,0,27,6,0,1,Alone,2,501,68,521,0,16
Graduate,88325.0,42,519,71,860,93,27,53,1,0,0,Partner,2,144,42,1623,0,17
Postgraduate,38054.0,24,23,2,17,2,1,0,2,0,2,Alone,3,59,73,45,0,5
Undergraduate,80617.0,42,594,51,631,72,55,32,1,0,0,Alone,1,625,28,1435,0,18
Graduate,5305.0,12,12,4,7,1,3,5,0,0,1,Partner,3,334,47,32,0,1
Graduate,36807.0,88,4,2,5,0,0,5,1,0,2,Partner,4,556,69,16,0,3
Graduate,28427.0,67,18,3,19,3,3,6,2,0,1,Partner,3,465,40,52,0,5
Postgraduate,82032.0,54,332,194,377,149,125,57,0,0,0,Alone,1,85,75,1234,0,17
Graduate,22775.0,40,5,1,8,0,0,1,1,0,1,Partner,3,375,45,15,0,3
Postgraduate,40101.0,73,171,3,129,26,24,62,4,0,1,Partner,3,623,38,415,0,13
Graduate,58025.0,81,270,31,88,11,48,22,3,0,1,Partner,3,215,44,470,0,15
Postgraduate,75777.0,12,712,26,538,69,13,80,1,0,0,Alone,1,360,41,1438,15,20
Undergraduate,7500.0,7,2,8,11,3,8,21,4,0,1,Partner,3,418,44,53,0,7
Postgraduate,33562.0,33,21,12,12,0,3,3,3,0,3,Partner,5,4,60,51,0,6
Postgraduate,57642.0,24,580,6,58,8,0,27,3,0,1,Alone,2,171,53,679,3,19
Graduate,58554.0,55,368,24,68,38,0,88,6,0,2,Partner,4,641,55,586,0,16
Graduate,63777.0,87,457,5,106,15,17,53,8,0,2,Partner,4,462,44,653,0,18
Graduate,57967.0,39,229,7,137,4,0,91,5,0,1,Alone,2,483,61,468,0,14
Graduate,24434.0,9,3,2,8,20,0,17,2,0,2,Partner,4,42,51,50,0,5
Graduate,11012.0,82,24,3,26,7,1,23,3,0,1,Alone,2,470,39,84,3,6
Postgraduate,44802.0,71,853,10,143,13,10,20,2,0,0,Alone,1,677,53,1049,0,25
Graduate,26816.0,50,5,1,6,3,4,3,1,0,0,Alone,1,681,37,22,0,3
Graduate,34421.0,81,3,3,7,6,2,9,1,0,1,Partner,3,363,49,30,0,3
Graduate,61223.0,46,709,43,182,42,118,247,2,0,1,Partner,3,381,56,1341,0,16
Postgraduate,64014.0,56,406,0,30,0,0,8,7,0,3,Partner,5,19,77,444,1,15
Graduate,56981.0,91,908,48,217,32,12,24,1,0,0,Alone,1,155,42,1241,4,18
Postgraduate,69245.0,8,428,30,214,80,30,61,2,0,1,Partner,3,156,67,843,0,21
Postgraduate,52869.0,40,84,3,61,2,1,21,3,0,2,Partner,4,622,69,172,6,8
