,F1,F2,F3
0,4.846583720649402,-0.35885869550305055,1.2384459032706159
1,-2.516314046867298,-0.269682309620261,0.030098821725135734
2,1.7171199752306798,-0.4666156970454078,-1.0870489026676198
3,-2.439751784872739,-0.7626930210543582,-0.9778100115322791
4,-0.5515052540717553,0.6799401135902561,-1.0473200123475381
5,0.28494464734169084,0.6885830487002952,-0.5645595748518332
6,0.7174169418500981,-0.06227936796889703,1.072346568168838
7,-1.9719347119728412,-0.39547526797744115,-0.22817237827668613
8,-2.145806296935494,-0.7191892877797743,0.17724170533543523
9,-3.407544480895063,0.43021425537404356,-1.037766858295177
10,-1.9907572979029016,-1.829637826758504,0.19648479578265587
11,3.438714828716447,-1.9390160882486127,-1.3570190511182472
12,-1.484635394098806,0.5815648242662628,0.6237633346015862
13,-1.900707296557472,-1.8534341092612834,0.0675184795747021
14,3.7936115521888154,-0.5470849782579087,2.690908019096833
15,-2.6148596289440036,1.225367849903417,-0.30007792912430375
16,-0.02410157030172377,-0.35441680280828175,-0.10527996001302661
17,3.3391695290822874,2.408173539679458,-0.1344275214732258
18,-1.4560323109792919,-1.5704426579325428,1.1399568325427463
19,-0.2423092160649718,-1.157828276993948,-0.11039359072090536
20,1.3236530756856293,3.844335423689834,2.0135045302870087
21,0.14193208351934314,1.6364192985252672,0.9962586985477726
22,-0.3532124207835734,0.8468103524669024,-0.5258581347987948
23,-0.8093008566196888,2.2265940566577633,0.5650473803885033
24,-1.339367327829121,-2.4274979686724074,1.1896896713020257
25,-1.9874003479182973,1.7352426980324354,-0.1181640201083273
26,-1.8795330062644635,-0.47623393550458865,-0.569933656107154
27,4.075313735997376,-0.07406435966316934,-1.190341695238671
28,-1.9395427432835906,-3.5109952006028515,0.582880653660453
29,-0.3574010493558505,-1.0160174096203776,-0.4544259038020961
30,-1.8090865223550352,0.13322415263168816,0.5445328510771502
31,-1.0375033364638218,1.4725859476058794,2.5123059046130014
32,2.5757008898267113,-0.09291774275543269,-0.7256110104729704
33,-2.3330715991203723,-0.28550211391108776,0.3371584464808466
34,0.4068793423423435,1.631481153489387,0.04338573615411397
35,-2.366105370059469,-0.26347276226399075,-0.4064316840192002
36,-1.9496682770074887,-1.6095944460282416,0.08277329013912237
37,2.6196645970090118,-0.9993685016781728,1.8112209948469271
38,3.493488201668676,1.0063536084257725,-1.6702699965976284
39,-2.591358840005442,-0.538392855134806,-0.3189307479781717
40,-2.5382007515776177,-0.2830156851089331,-0.08832303836018177
41,-2.8621697037524103,-0.46515482865384605,-0.22581803591008198
42,3.930534565900205,-2.1043977001582324,-1.8603048819887982
43,-1.3903754616227257,-1.6130111361538748,1.227067132622858
44,-2.122739296378809,-0.31794163002385323,-0.9356054209282997
45,1.064970745978844,4.484834556787936,0.88454886311476
46,0.3875423301746368,-1.0436150583254267,-0.4494516035759135
47,4.393024756285203,0.40078753893038443,-0.3629567467072049
48,-1.7748104176597772,-1.4537506953771595,1.0184284722897476
49,5.506181779822329,-1.4203868769892318,0.01833688637529672
50,-0.6307900028403535,3.0994184206070505,0.12284552040305344
51,6.102352996634787,1.0727407520746237,0.30120019517943397
52,3.5489841616176685,-1.630101852909353,0.5590195043179296
53,-2.2528755253595185,-2.4261977963544377,0.07992980927727127
54,-0.8210809726461776,0.664597720869598,-0.5454520151129767
55,3.7088786759525427,-1.6909412018526369,2.5110223238106726
56,-0.6721844298638299,2.4742806000407622,0.3242425702677204
57,1.2974989828142438,0.9403153723919077,1.7964185142373927
58,0.019704081331810737,-0.48252021330882977,1.2528849134116948
59,2.620312551571935,-0.3760952386488692,-1.939115448151611
60,-2.136119001412759,-0.5187127868399894,-0.16969449684308954
61,-3.193360725536844,0.24092090763920113,-1.419120105511472
62,3.5000975217687977,-0.6014494159074019,0.8492414127478585
63,0.9309804496008567,0.6954059239989809,-1.2308674963827588
64,0.8467355749515015,4.787830088954277,-0.4480998730955162
65,2.864114839987512,0.38827795349373617,-0.24574148342627256
66,1.9720117461350157,1.8319279397710775,-0.7491930037864468
67,-0.7869738794003008,2.63260801879689,0.5711878602146039
68,-1.5535067642436045,-1.5013862689156023,-1.2981033383532516
69,-2.018761816236519,-1.7151787163597707,0.9073377303065268
70,4.3457806320017545,-0.06305214041113844,0.05186653809363963
71,6.235944082845974,-1.156737223511689,1.0368990718393143
72,-2.2745433243829365,-1.9834058193088353,0.08247450546215551
73,0.8509109513188557,-0.043898479461495145,1.550562737701079
74,-1.6551844054512204,-0.8011437565532374,1.658871426210595
75,-2.5742303929507004,-0.6481773908877435,-0.5093371829604452
76,-2.4500036330386936,-0.1582292692816736,-0.27117509429937775
77,-0.3574010493558505,-1.0160174096203776,-0.4544259038020961
78,2.356770616680974,-2.0898447629019494,-0.03296590873037408
79,-2.8751043230390154,1.0595119790501495,-1.139597960605975
80,-2.5988072463555825,1.7025480449779489,0.3364190405920317
81,-0.37208060537392473,-0.5019916709015922,1.902447311354745
82,4.100023998285608,-0.4679364476569233,-2.048972133346068
83,-1.5748110677906628,-0.22632867018845396,-1.3521756831638467
84,-2.068244189255419,-2.0670676731705973,0.04233672786944643
85,-2.6166434054243717,-0.3461602655486155,-1.065782453517244
86,-2.414087981295998,-1.0827186746549318,-1.4209714390082837
87,0.006939202939576501,0.6905450053713703,2.5422365181026043
88,-2.3163978779185257,-0.22182119339373937,0.7553067435750322
89,2.654145096069616,0.12861118893029888,-0.6470710978072975
90,0.3198135360028111,-1.2080391720605579,-0.8515795080761419
91,-1.8442814473911378,-1.4440911085395416,1.195888892221852
92,-2.1002693908006984,-1.6139989465713493,0.38487133944491303
93,4.113682656325808,1.2124043123119903,-2.4935965226901295
94,2.3599065463280815,0.02837391130284942,-0.9991780992990662
95,2.844164688821817,-0.5612488763347729,-1.3675600042105294
96,-2.6540608333460773,-1.0200491646280825,-1.0490370841779881
97,-2.3667292731708804,1.6917412491057995,-0.4288142191685887
98,1.2924673304564283,2.6163592533530027,-1.2326942965920278
99,-1.5553712750662037,-1.3098572577856977,1.386816397028135
100,2.336281239605657,-0.33093474594888833,-0.957902468939539
101,1.9016150453458673,0.6222890177482048,-1.6340538641927163
102,3.670758791442245,-1.3122567635567204,2.874998368813017
103,-0.39440583725613587,0.7405371604418842,-0.15573686032297715
104,2.5841705916381867,-1.727447086977918,2.309955121894445
105,-0.7920998515786961,1.2518651997517602,0.9943447703818942
106,-2.1293014710850695,-0.07920662977377232,0.5260752404695572
107,4.659512124813447,-0.7691117943720612,-1.9505821274314799
108,0.8719352762689442,1.008894555318175,-0.8685062822070009
109,-2.8734978683785006,0.847344483027121,-0.7250787363250075
110,-2.498228993219148,-0.4606231692479731,-0.8471211277661569
111,0.5337150035780269,1.4408810039469513,-0.6681661291592405
112,-1.7639606014496936,-1.5101117954791465,1.3562515588944069
113,-3.3218377158703993,0.3425488744129444,-0.8220605132619866
114,-2.0600258044787,-1.8023168514961454,0.6060132733666802
115,4.426539180266516,-1.1412149840829289,2.261231407040046
116,1.10479967756092,-0.1571821358294907,-0.2583292790325667
117,5.663231394349381,-1.3916427872815242,0.4600816892981705
118,-2.6355212108715587,1.0005083440741256,-1.4407219481980351
119,-0.5555327473673054,2.4047555521174377,-1.0997049727877442
120,0.41768827551837845,1.4112883321367673,-1.0010775616507857
121,-0.6081959032419019,1.678660697338626,1.8170676968710051
122,1.9337099725067564,-0.6521520450897023,-1.5083754294104559
123,-2.2726146887087464,2.0526405268267145,-0.07730045481188526
124,2.6449499904894154,-0.1710015349440371,0.28794323823884477
125,-2.4191099522684985,-1.703091380558962,1.8904459847371795
126,-3.3984022623135095,2.4712141302496744,-0.7171056791390725
127,-2.301308986767983,-0.833665677453679,0.9615448881859341
128,-2.6196139732115937,-0.3428321331399078,0.5260125890906662
129,4.759480909080139,-1.297345526159666,0.9703461932505644
130,0.7135027403239225,0.5897734256065703,0.3222903123343607
131,3.3012987567832073,0.29843589323479924,-0.8245324242496794
132,1.0383882775278057,-0.1660916991884873,0.9436718291689081
133,-0.7046383945764199,0.20591364790565309,-0.40584265481064374
134,-0.2580224567352059,2.212199776243663,-0.07080605926415892
135,-1.920772315075755,-0.4195419200399796,0.3364104604679001
136,-2.599129064270457,-0.6503538665100788,-0.593289430999477
137,-3.0685494154797612,3.6240367917162164,0.6221121094581877
138,-1.1507332138169672,-1.7353015510827574,-1.4946691872068185
139,-1.0978450841993064,1.318135516894186,-1.6911438811825428
140,-0.42213068774435153,0.8891703335484472,-0.6573194121673299
141,-0.7612388532689782,0.9314913309356789,0.5762204640517937
142,-1.8298291624752248,-1.579998833526055,0.48021752399406953
143,0.7519039417720064,1.8906846781702702,0.7762927158377034
144,2.966666153197881,0.40767129525703155,1.6862622353339853
145,-0.9328597578966772,-0.6139409279830232,1.1654213800634903
146,-2.9793123408728626,0.3674155894432989,-0.10541326186028549
147,-1.4258823869015729,-0.4970492500253112,-1.047137077901931
148,3.308529373554849,-1.31081356740572,-0.2128060660552946
149,-3.3989023096124065,0.47517462284491074,0.5601573959698977
150,2.925080271860544,1.1905861174575851,0.9180893949240488
151,-2.3921625573506753,-0.09561798714204564,-0.7899973913197057
152,2.043554131211585,-1.5379399031305114,1.608580015654751
153,2.947732332817584,4.35316031930703,0.25222850046147866
154,-3.2093985985225095,2.4097332076071605,-1.306692741193379
155,1.2114599389215357,-2.0078178450515467,0.2975958823674768
156,-0.27540562067772084,-2.2557013097277028,1.1047986969189338
157,3.7913150123377513,-2.2602642586680197,-1.1624421555053115
158,-2.7672241466866976,1.2260981200881296,-1.3742938984837991
159,-3.0254684587943586,0.6802321841122211,-1.5052340904040769
160,-2.3161012625085844,-0.44674250460855075,-0.7765973185547282
161,-2.361625570173924,0.5829618176416268,-1.4291484286401956
162,-2.6267275102239678,0.9652968137258787,-0.994528941611086
163,-1.3566339370348595,-1.6102972206699293,0.22611719624697751
164,3.5814801968034584,1.5967832581068866,-0.40144287882978186
165,4.122753246213798,0.7634707733385661,0.44445761399276057
166,-3.037987177930279,0.5804917246668778,-1.550435511696369
167,-3.6642948884223983,1.6397924016681735,-2.1953423871642683
168,2.654145096069616,0.12861118893029888,-0.6470710978072975
169,-1.75691112769429,-0.5895628795342793,-1.4361091895444205
170,-2.693439227031828,-0.8369379653714388,-0.9756599294509627
171,2.059182191012617,0.27228779192130614,-0.29878285085893613
172,-2.4867933233668453,-1.0583217016870432,-0.8595475099996644
173,-1.8505438310716953,-1.9328188645758864,-1.250689714471153
174,-2.404007430468558,-0.6340700015327622,-0.2899913552359689
175,-2.2145632199735465,-1.802018174392155,0.3568925000121579
176,-0.014888155896541674,0.8895676808991726,-0.3761571362757318
177,3.596914669420915,-0.13690491443140396,-0.878131969007418
178,-2.7290636904313925,1.0649637676916495,-0.2542290471794713
179,-2.11932204077335,-0.5709807589262461,0.38791318123393004
180,3.5472293059757027,-0.3509781813335769,-1.4237756093684193
181,-1.841779391903009,-0.3990962330601344,0.7584907743287974
182,-2.021409645271832,-0.3715394294780647,-0.795175959331344
183,-1.8422136675299077,1.9449576757402236,-0.07413165789023467
184,-3.1136959540378317,0.5002903148502502,-1.0640652711638618
185,0.9912188915257387,-0.8729476538134873,-1.1434523138872068
186,3.922531575407928,0.011347633698426144,-1.315611251974471
187,3.9178803931652872,0.27935252750224476,-1.242775986826229
188,-1.442614169273923,0.7306316600912076,1.646191972469508
189,0.05014577909337872,-0.2581159435892208,0.774269089056714
190,4.18210909178615,-1.801043309555252,-1.223626359830316
191,2.2698289021477764,0.012032143926561227,0.24846833115702707
192,4.612191780684379,-0.04549487942610313,0.5911061600758223
193,-2.6349140245345426,-0.34052545297525166,0.5569265687181647
194,-1.2759948598058286,-3.2297097366943563,2.595226288037029
195,-2.2628011449074594,-0.970954101732311,-1.0217665689612871
196,-1.4080736221183396,1.0989070875562703,1.1991723089308501
197,-2.2296904471823353,-0.5647700924457116,-1.7150336188045427
198,3.912465165611487,2.0021584063319953,3.3360257650928467
199,-1.1983802405938953,1.085146429416604,-0.04809811025799875
200,2.2131728651564537,-0.319590759597641,-1.4612887831265768
201,-2.339796444719445,3.019839247039348,1.0209655300226812
202,-1.5119046119741837,3.643233570498943,1.4122599869596888
203,3.1843990854597197,-0.8199493357819148,-1.939131660458787
204,-0.7671200959683261,1.1219936164940971,-0.6199480869039613
205,-3.291705276116657,-0.14510469499397927,-0.11591504194606725
206,3.492041926178272,0.4473192366019081,0.10641662254313358
207,-1.0587789761355417,-0.8511791265407164,1.0750761940171363
208,1.6035364719344545,1.4029830021192289,-0.019404375050731698
209,-2.010500916489412,-1.0610916250276736,-1.4885476102765793
210,1.6783966764469092,-0.7452476545490301,-1.3336095354269433
211,-0.49775439819769124,1.6411440613898778,-0.9541906452878421
212,-2.112807640963648,0.33662898728816604,0.44481165092361574
213,1.9391101281279215,1.479447025446329,2.4495036833063435
214,-1.8229296832743698,0.515765374371838,0.10451714141794405
215,-0.07213093499069402,1.034283366044431,0.1141500477656552
216,0.9142609638281427,0.5426796861103352,1.9730503016922112
217,3.6487422464309507,0.01256745579988791,-0.5443865086489288
218,-2.6344909361168884,-1.1524147058072756,-1.2262019046389643
219,-1.1607243597825645,2.076751417810137,2.8019577463683736
220,3.8586571005834807,-0.29463574781519236,0.6331856048330243
221,-2.350745721817751,-0.49110497611646287,-0.7743723762066792
222,-1.7617643101910097,-2.957582068797394,0.3171653966236934
223,1.2730914909000697,1.5773436904545717,-0.17038336529074533
224,-2.444163094535107,-0.6707057484808342,-0.6871872904845082
225,-2.723664586616819,-1.0617754662353969,-0.8887355304077884
226,0.46746218247398263,-0.6744967404752796,0.5158288661894331
227,-2.289455256508063,-1.2880105845212542,0.805656123911956
228,-1.676067565952243,-0.7079934656830318,0.17397344629969727
229,5.790085064662606,-1.239308250386955,-0.7318713524473682
230,2.0808171469084034,1.1338070248310506,-1.731106549790786
231,-2.2544572486201506,-1.8700912925215614,0.4855039453568238
232,5.055088244412787,-0.4766603758504865,-1.3033376801368444
233,1.2261252240981813,3.2902822065873174,1.5881104928267862
234,-3.228556671490041,0.5055128271337098,-1.2992922823270183
235,2.95389503070635,1.453793148404759,1.332311902232304
236,2.432694739255689,1.8786962644437737,-0.6617697642549831
237,5.248297604392878,0.20344416250881817,-0.8877833424272048
238,2.9137899936455858,2.0395669015109505,-0.3213505305088057
239,-2.0603686433355506,-1.7296661593732041,0.7073487929844987
240,-2.20960286882354,-1.9331036325172253,0.5284556660654053
241,5.909898396895257,-1.1988803729275832,1.326979253955035
242,-0.8591054556733657,-0.8416458101018752,0.012518586880962324
243,0.9688715792738325,3.390474636474264,0.045693012290600035
244,-2.162257616625924,-1.4962515256044338,1.5829088850119764
245,0.7479815472322686,1.5927565012269695,1.0153226664298567
246,-0.564502841486638,-0.1697949846821052,1.1655971745556954
247,-2.736188698045839,0.2647905591130415,0.7984055326356495
248,-3.2910336423389994,0.4422684883816361,0.057533417398990705
249,-1.8528295230177376,-1.571388448935947,2.2845749174830456
250,0.3112371802908417,1.1071527541952597,1.0283466139580408
251,-1.581858695179409,0.27320073738325623,-1.0848808963781422
252,-2.4017494993288446,-0.5972966358986167,-0.09540940894303847
253,-1.877485130055872,2.6123907308097167,1.2376863019644087
254,-2.703205562229254,1.584319026394113,0.010053061792297674
255,4.7465344844369985,-0.03555083030871043,-2.260968785476292
256,-1.9712979024252535,1.8480393217009605,1.173826442417278
257,3.157923905146273,-0.6787711371766172,-2.0370460106653905
258,-2.3463614318361423,-0.3866619288666664,-0.5881555862492229
259,4.110489125269984,-0.5465586591907299,1.793573503568082
260,-2.226535522310004,-1.673905068380437,0.9566141675482106
261,-1.4908974735211478,-0.21409896457017064,-0.7129391246533221
262,-3.0039018088729175,1.3135080004852537,-1.1024632077622765
263,-2.357721974842182,0.18515981542700666,1.0865184496218738
264,0.17487241005042037,0.9698211867484733,-0.5943441804851097
265,4.069646418590013,-0.9206928709975097,0.5259326593703751
266,2.1668737260342494,-1.6241403402776906,-2.6874323672879354
267,2.556554096698629,-2.2386023566823154,1.1778181764308515
268,1.172580866118102,-0.18706925532152413,1.1835389191012127
269,-2.0481148226337194,-0.23331161840224504,-0.07647597184125654
270,-0.07213093499069402,1.034283366044431,0.1141500477656552
271,-0.02410157030172377,-0.35441680280828175,-0.10527996001302661
272,-0.44389809722713064,-0.020096276847683957,-1.3372520714449774
273,-2.978642549374786,0.4542505315957078,-1.1765197503079896
274,-2.1760284158717873,-0.4878862979962478,-0.8957386256368617
275,3.1426476383291018,0.05814704769594001,-1.3370785577437958
276,0.5518352487084521,5.200094987399073,0.8546623686307525
277,5.161204872608489,-1.8674948177608435,-1.965609554659107
278,-0.29814370883409846,-1.4523127841002585,1.5204088725117966
279,-1.7140328028343041,-2.1365898825107488,0.1408279985417638
280,-1.9614105296017206,0.03743839770604148,-0.9842126034034124
281,5.556291160733888,0.32639746393877267,-0.5753883666367867
282,-3.0770323937664306,0.8998952640418659,-1.1573098471458911
283,-3.0296597980271045,0.6817857310456108,-0.5224847966458526
284,1.256800526254952,2.1967177905428894,1.7222577645902644
285,-2.1217728375651816,-2.218447963867432,1.2085560596826066
286,-2.0690294498419934,-0.5950066473575316,-0.24006416001299186
287,1.4970106404531078,-2.091637754455822,0.7718901048307667
288,0.5899678117718861,0.38740139010955194,1.916026864476535
289,-2.5644583123783797,0.1881818228084747,0.31686415507052207
290,0.002659048667499059,0.5833331517707889,-0.500273850933745
291,-2.1463670975988594,-0.778377578215689,-1.3857139223576314
292,-1.0873611559098522,-1.4703005175761088,0.2602133435551834
293,-2.4158778605936106,-0.34239461972765267,-0.8008310388608638
294,4.52973282506359,-0.07246142915341527,-2.1327307657639625
295,-0.6019131329492557,-2.516855777639396,1.7432359916803075
296,2.35263971001675,-1.358135682907667,0.5575984346320613
297,-0.4110683665244874,0.4718939490960952,-0.27195862712024116
298,-1.0218202623196484,-1.7596446324606285,-0.09629607758503488
299,-2.2452341042555215,-1.2964408128521814,0.5857851845038193
300,-3.7564568524341784,1.8438158187392926,-1.0975910430570177
301,3.3129084534538475,-1.465615105118658,0.9001493858111058
302,-2.2324799469641885,2.192486264849079,-0.23943683084447925
303,-3.1482124470941812,0.8337379939590007,-1.3254506950402014
304,-2.6119870277573756,0.9852178562639816,-0.89448090179168
305,0.30399136622576534,-0.861728258124187,0.9794913495441506
306,-2.9993854697317057,1.1498910944209044,-0.7310687330325875
307,0.3405294168632403,1.227699402417802,0.05606034558364079
308,-2.3872311292218025,-0.5797860942588988,-0.9361958766439167
309,-2.65290924285716,-0.8715429109205985,0.1865523385885525
310,2.0546598520362083,0.8450689490290564,1.5428629171666282
311,-0.030681268923540332,0.8922748068663231,1.875539995243128
312,2.1888121352605316,0.1752572927088306,-0.3720489746350163
313,-2.2980569702687434,-1.5384304624406322,1.2269566222604078
314,-2.5760434370079173,-1.013398103810716,-0.7899104955668977
315,-3.2609139028768808,2.171180158769141,-0.9463052530988388
316,-1.7617362341068659,-1.1685841937026964,1.677169680062785
317,-2.2869043415809402,-2.012096939030384,0.6821459460418723
318,-1.4629750274757205,-3.362513333747384,0.8130008266260726
319,0.9135644563153329,1.3978793865343004,0.6484887668189984
320,-1.8652193616080222,-0.4983776256492129,0.8406489285114385
321,-2.5733887343714863,-0.5568840087577667,-0.5267577598141495
322,1.851867440631721,1.135763213779447,0.3592017489458745
323,4.931425872128946,-1.2531659883343478,1.8974503186480356
324,-2.2179886881971025,-0.37516565733553797,-0.10422672129756176
325,4.177476940976267,0.4172508912786385,0.8323282489405559
326,5.328510979216047,1.4102012022915664,-1.0423706462654463
327,3.8049974541099227,-1.5290852900753853,0.46830118760415074
328,-0.8512253207137558,-3.2027927669386815,0.4560339985041358
329,0.6166259366560388,1.5662549052661618,1.4609109190088092
330,-0.4516346352804166,0.9044911439326447,-0.4954822776278798
331,-2.253763323959669,-0.9637051610468323,0.4632586488889059
332,3.694846132161748,-1.349626606596668,-0.9322236830289562
333,-2.8436135045252744,1.0439355287960772,-0.8661106560970793
334,4.844178885054979,-1.842439569454632,-0.885961314813523
335,-2.6152454231743754,-0.012105212835030988,1.2336250990903244
336,-2.4767611099657882,-0.8912476212362852,-0.9010104629319569
337,0.688520604773713,1.597079330380186,-0.9428932509345066
338,3.2824781788924424,1.198898372885529,-0.387338520779344
339,1.8280979050545894,-1.5489735794138917,1.4859178281945786
340,2.527598065631003,-0.3705937555561951,-0.6037271244183262
341,0.8947727474365345,0.6834510081677243,2.4360307402679644
342,-2.7465820113668706,-0.47716357010827726,0.5762225045321722
343,-1.6917781836879429,0.0456712270283614,-0.2806514471122968
344,3.7518960174285616,-0.33470191598431415,-0.932162960494072
345,0.7598994402900442,-0.12225586797363468,-0.3297688881863154
346,-1.37041024073518,1.773384628516057,-0.8922979557033148
347,6.6936778679409255,0.5883211456902,-1.9286593459964874
348,-0.11424433395730688,-0.5016623112298194,0.9067666104724504
349,-2.941331218254452,0.7940703851381228,-1.1847046975062892
350,-2.4017494993288446,-0.5972966358986167,-0.09540940894303847
351,-1.2460359175203386,3.168156740317058,0.49972041940166556
352,0.7041811603165383,0.034281071070122494,1.5852854373191072
353,3.2217807552841378,0.034338545806767144,-1.182004557054918
354,-1.9281962171839584,-1.4762845528759303,0.8148318004854034
355,4.9845976964170395,0.6612968327687536,-0.7722664776922835
356,0.3800933698134268,-0.35697677193099503,1.729126891387855
357,-2.5651799243258346,-1.211456789991636,-1.2649244321180535
358,-2.0838592082510985,2.483848428754665,0.41231292799789127
359,-2.03296698006646,-1.9415575422353413,0.9265395779800814
360,1.9542253709135136,0.9511898701414255,2.5385361189548226
361,-2.2367009013550803,-0.2516862691442859,1.6824395919055248
362,-2.174888211391747,0.5408046963806816,1.620529704397572
363,-0.8916452572197853,-2.8472507514246304,2.079728716238881
364,-2.08054982886907,-2.053181420181337,1.1432113186850392
365,1.7029198136878714,1.5380129868809662,-0.08025590013883223
366,-1.9220123769319195,-1.6894809182784734,0.3833957923831918
367,-3.084953132367057,0.6251307080422578,-0.4033043146720846
368,-2.7077278362193193,-1.0233708105991088,-1.135102027956881
369,0.09082869522866734,-1.610511951854987,1.3801758487732807
370,-3.0685494154797612,3.6240367917162164,0.6221121094581877
371,-2.275911907609591,-2.362271104064907,0.2232575131977483
372,-2.3076275747327775,-1.3870544485563985,1.2012703507887061
373,-0.2973530444122069,0.6365251405424222,0.9315924678087193
374,1.708003642788878,2.3221029331094907,0.11832426688822056
375,-1.8397170028698668,0.3506878938958677,-0.08630480854779245
376,1.0093958920966846,1.4449298372029462,1.1139014745384166
377,4.859122346804233,-0.7093170034516313,-1.8160314941660878
378,-1.452219796836468,-0.27563890453264017,-0.6686173378282705
379,3.4412660702996773,-2.443509349083224,-1.3864320293336234
380,-0.8020208942454726,-0.7666884492529248,-0.45576931639904866
381,0.4200644991581579,1.106569946527946,-0.77715749211014
382,2.8436637355588177,-0.4917111958388974,-0.679716662748684
383,-2.2631099106208694,1.8776555029197501,0.33630361466098313
384,-2.2844376370045443,-0.3582254469732767,0.7562721311159778
385,-2.172303525247667,-1.9702679411493853,0.9274009042217872
386,-1.9915180221773143,0.13324283543625356,0.9728759558812664
387,-2.627822111779736,0.371210090270868,1.2648846982179853
388,2.8610650447825914,-0.03882274677018102,-0.6852440801678851
389,-2.14619314938467,0.5365882941603153,0.8152640479453548
390,-0.1487895853885379,-0.87642306255384,-0.407664605382662
391,-1.6344022451835067,3.246121500431866,2.8809684641005013
392,-2.8324321388895703,0.47593352012354956,-1.8032647188313244
393,-1.6766453004353399,-1.1639078963146359,2.455138422351304
394,-1.5258288136818636,-0.08343846602770032,0.24906953762817907
395,-2.4228732263866934,-0.7036199330395352,-0.4254528877255971
396,-1.292865635937533,2.1944041978080264,0.16340983664551254
397,-1.6227831226898168,-1.6443318091878298,1.9602637054632195
398,1.2439437253137302,1.1524603933555013,-0.7649017004032493
399,2.062503588653845,2.2250167883925114,0.7557822019531011
400,0.20657738553609964,-0.8328022207777267,0.5064577232386258
401,1.3582026493444819,1.5700210255609701,-0.304535025167647
402,2.2880247375873624,-0.24678785270870313,-1.5993366868368115
403,-2.2797214345274948,-0.45005612921659527,-0.09431138808261874
404,2.841311649781276,-0.7587628429760442,0.35479326698157815
405,5.795199635201188,-1.0943766381982876,0.9400599817234081
406,-1.0092337553113728,3.644397400970535,1.3763292633791127
407,-2.431739583591532,-0.7000160173915427,-0.99195270345334
408,-2.414087981295998,-1.0827186746549318,-1.4209714390082837
409,-2.8902675568009504,-1.2664596283543705,-1.4349438363951341
410,3.5409754274728296,-0.19158317839941463,0.9239743473147808
411,4.361230979726337,0.7626033639393471,0.07600390247407965
412,-3.42147072199004,1.89080605952371,-1.4033674355262644
413,5.841170335552803,-0.5497802787707865,-1.9809705704247982
414,1.1784874165904606,0.5529842900530042,-0.34349908396783
415,-2.864823045777381,-1.2005851421897729,-0.9566239872897987
416,2.418947101539894,1.2943167308846666,-1.0140150153163503
417,3.740311344732818,-1.1681985894688083,3.34060633329766
418,0.020394821257561216,1.487349530306534,0.7984320131994094
419,1.3988233405989798,5.630038397730051,1.0341155463287404
420,1.963146460541056,1.0171127836581098,-1.2577267175006108
421,-2.1110230596689497,-1.737961591402673,0.4414217929242006
422,-2.1235154618856993,-0.21465816098270038,-0.6508394937451127
423,0.7969180176371162,-0.3660013257605094,0.4802419142692811
424,-0.5588134239644087,-0.5363853239446855,1.1731843993075157
425,-2.2764260419000952,0.01773517839024443,-0.4792796296464758
426,-2.765895354999995,-0.6992875509436384,-0.18379570818232646
427,-2.482690777259643,-0.9183350075576227,-0.8109069846873359
428,-1.513362707956228,0.23477079203762236,-1.1509260747045398
429,-2.033174244970877,-1.4254256949290047,-0.4108279527246367
430,-2.08054982886907,-2.053181420181337,1.1432113186850392
431,-2.08557281978938,-2.149848045264746,-1.0758058494364087
432,-1.600606778834696,-2.7783551511631996,0.6952585397809156
433,-1.3685590167623656,-1.4058681778030926,0.4079379733446895
434,4.722178854599023,-1.734033537530134,-1.308335376656456
435,-2.4379410552857004,-0.4601434406502387,-0.35188408762412926
436,-0.39125597318524136,0.5573431071272167,-1.3503141830465755
437,1.0138947706236203,0.7556623781902381,1.2530196549865662
438,1.2811461844056915,1.4517148548261787,-0.1952678320949097
439,-1.9344450615144482,-1.9538619372876622,0.6199335757780963
440,-0.6247122800225989,1.088501676583192,-1.7858892023160031
441,1.131482313944046,1.3848177121351852,0.20025507262194156
442,-2.3778365853747188,4.029572666106441,0.3439089160038218
443,6.6835916218459195,-0.9764974515677772,1.1243160782719201
444,-1.051323479624191,0.4029816217133667,0.8680496714540734
445,-1.1831150198655593,0.19728692503886444,-1.5168031261446813
446,3.6078010847385187,-0.6622697768913195,-1.5021500087028536
447,0.45068282628537837,1.1158140180303182,0.3708904175704084
448,3.7669681940546496,-1.2972144140493718,-0.9348975240072649
449,-1.598084096661809,-1.3206632196037627,0.5975948784588602
450,4.7465344844369985,-0.03555083030871043,-2.260968785476292
451,-1.9392840463182421,-0.4132632481613994,-1.1758419577339645
452,2.1482830563899844,-1.8026453297459524,0.2616756313717096
453,3.348789412630777,0.2280750174545255,1.6518529434047224
454,-2.1055958805060486,-1.6607741871864152,1.309271898475081
455,-0.9208444087072872,2.0658501927734183,-1.4715612136773217
456,0.3457648318528326,1.5266825733580007,0.6161248437243588
457,3.585336081195765,1.9122826801643233,-1.2484766291644263
458,-2.1925999634125937,-0.8853732481555767,-0.26459093275784856
459,0.6299827153089805,2.3120826050674346,2.365929181941677
460,-2.892104986512566,0.9514175932590103,-0.6102475080202305
461,-2.3916775558034633,-2.4819874847457473,-0.07213296047255398
462,1.676666892780469,2.04256500370671,-0.2768425530822648
463,-2.717969262875743,-0.7518705294458152,-0.09735272152847334
464,-0.8460049215179882,-0.18419117731530948,-0.9155802380189291
465,-0.328914535533343,1.4201773655950396,0.4047949527255028
466,-0.7236879463584949,1.935368755134746,1.1081110162514234
467,-2.218827085482713,-0.6999254738947901,-1.0838821568379389
468,-1.9408725258998916,-1.8820712778303395,0.5706625719429692
469,-0.45335780220475996,-0.910845523418078,2.4837126255230855
470,-1.6974404022097518,0.42261066332532854,-0.283164291907026
471,1.927773623419915,-0.14291395706377397,-0.861039042103888
472,3.4285472229235205,-1.224203698995304,1.318977376826035
473,0.43643581087272265,0.6053427803468093,-0.2804042807266716
474,0.2363650137629721,0.9706058963828539,-0.5081710331153038
475,-2.7750231573015594,-0.8722546916223339,-1.0013445389674986
476,-0.666135042549193,-2.2712543241650365,1.2397790081858633
477,3.9038874790456966,2.1977224641004316,0.14007366795175588
478,-0.9111011795910774,-0.882987439660112,1.059120181667635
479,4.103555362654683,0.4860409998267656,-1.0186942634265361
480,0.36545465034002494,0.43684283437976296,1.9932600600603254
481,0.9495131344303928,-1.5388704695482214,1.132103671293009
482,0.42312852982847193,-0.1629263343608419,0.9304023560587982
483,-1.7916295714022188,-2.047440268720239,0.05249646378877118
484,2.179599462266207,1.3301489822260415,-0.2578627498128279
485,0.9327631931701498,1.2888658500378303,-1.1624912621189796
486,1.3199646393395001,-0.06666739139682129,-0.4382518199350327
487,-2.814829263494603,1.5969901800283224,-0.21728369141733
488,-2.274769527947436,-0.5450483287963307,-0.7519240728577378
489,-0.5131831490499172,-1.7344963418969583,-0.05285165421853687
490,1.9564699589977053,1.5490251216450959,0.48986394434185854
491,-2.1235154618856993,-0.21465816098270038,-0.6508394937451127
492,2.434579409832578,-0.3905595224255058,2.086085445609758
493,2.2247329565491754,0.33420773064896236,-2.5714915737992188
494,3.3971153831278507,-1.7683124433447939,-0.21472675896848567
495,-1.3900080704618103,-1.8505611203051255,-0.643114252934767
496,1.4810278457837962,0.9110833075952395,1.106322937938
497,-1.6853895472632718,0.1276493071136855,0.0009498591286198017
498,2.2072970921561277,-0.6640341165019549,0.22630663756062458
499,-1.5335040098946957,1.7136321702519428,-0.6752786795911973
500,4.712976383806713,0.16541490622371682,-1.4517770665781937
501,-1.1182986712492868,1.339295765637993,0.18713128753049524
502,4.338304125127571,-1.012813165895144,1.032677235765394
503,-2.5798011808074435,1.7914128970988772,0.0995838996728742
504,-2.157566777617998,-2.151288446592196,0.49623040626271714
505,1.3518832458114365,-0.4692395337031214,-0.8476487682769334
506,4.161905390436085,0.13923973855720184,-0.8005917497898882
507,-2.677813445668933,-0.446643666268262,0.08302045438335935
508,3.466570216202316,-1.6952336267449015,0.4691016223312024
509,-0.40837604035668634,-1.4978738235359146,-0.6787717342286141
510,3.106011500357143,0.7732990209552201,1.3332500249441843
511,-1.4273384748720765,0.1781164739912263,0.9517870492276981
512,-2.3133618526713615,-0.6141987858065423,-0.4832407426098955
513,2.042025822456672,-0.19172850223272556,-0.5759096651206261
514,0.0910330941074117,-1.5264644982759228,-1.6427464548461677
515,5.066829024334415,-0.8607776042809039,0.5308700071555242
516,-1.3868247540341416,2.5692823379789473,-0.4293944079645238
517,0.5558167551637023,-0.43476973794134266,0.7478946134737331
518,2.2803671046386533,-0.5443631643622573,-0.3604927943601282
519,-1.5250461086884353,2.4085223990715563,0.07590930288398756
520,-1.6262654199757363,1.653888328524359,-0.7939937783350264
521,-2.1071550123973837,-1.731340593123849,0.7972966104818549
522,-1.2682657772600574,1.0943154304572527,-0.0018114465749868496
523,-2.0904182177782054,-0.5314780919038641,-0.9406338031281017
524,3.4844890163880597,-2.044761956264511,0.3653478635680578
525,-1.0537703054859444,0.26411032576669635,-0.8275485809414659
526,-2.1422572685510315,-1.6577748851222214,0.6813677648414388
527,-2.4632161333050897,-0.4195817585874408,-0.4398831310704284
528,-1.0906459712611107,-0.9134388822170589,1.4348091762081363
529,-0.6701282908465929,-0.9393168239676672,1.6896005525036675
530,3.5309655206707573,-0.1095189250840665,1.7135686422950955
531,0.640043928265021,0.552294752866848,-1.1468246255731416
532,-2.6158640104841204,-0.9938066583730992,-1.098553496378782
533,4.157071651088033,-1.696185810353545,-0.1304738424022301
534,-1.7417834597965662,-0.5986882670611032,-1.3720904481177811
535,-2.6763259789627996,1.1981701988191469,0.1082317005645305
536,-3.301127689352959,0.37579366832317823,-1.1381497118221484
537,-2.588683659164575,-0.5486806446698982,0.03212068394153336
538,-1.585223638755283,-2.1794125438444105,1.2868830807184313
539,-0.36603752306582815,-0.8462438376902967,0.5908832777044519
540,-1.2312220381978793,-1.2657973622927758,-0.5323106575331903
541,3.35802125020302,-0.24420397605280494,-1.0644825125610429
542,-1.9984994820779345,2.797072876604863,0.41899746610421046
543,1.6997741018887407,-0.4971028971903734,0.40707473603511957
544,5.168585301896483,-0.20463901961346864,-1.275120903868462
545,-1.9237822944976324,-1.6662201251185658,-0.07117400794348741
546,3.9519017207245133,1.7692698018425692,1.1900552717165807
547,-2.1461300525042817,-0.7126588398000581,-0.759833985726939
548,4.872121567864894,-2.0317143383195373,-1.2463900796736287
549,1.0713566984301401,0.8675924111253999,-0.6306742525866125
550,2.441098606661302,1.113740314499005,-1.8889401482208863
551,-0.7941275512893083,-0.8817779655453717,0.8829111320594795
552,-1.4485249753311042,0.23477473415965697,-1.0825308256099768
553,1.2734267940871449,0.5976718111719987,1.3716913704861713
554,-3.158485820262657,0.7408889791129838,-1.0134461939979396
555,-1.9706253574229695,-1.9042624212723165,0.5824037865325061
556,-2.957558938794268,0.7295645794590944,-0.3958887884777833
557,-0.7933765920547337,1.2817704698349104,0.6178724851048992
558,-3.0715391403530043,0.6450368934347119,-1.1580582670222443
559,-1.4493375522133731,-1.4442011195750735,0.9026448048906475
560,-1.1546288089852328,-0.06884462526807178,-0.6050371852437884
561,-2.3622694808992195,-0.601133105792361,-0.733584422776087
562,1.205322778127477,1.3084380363644645,2.0252923210745593
563,-2.3094110412804207,1.2114006583181738,-1.028995759994309
564,-3.2071773468116573,1.2239438307052681,-0.5015832778309677
565,-2.718713581129994,0.936914199286749,-0.7848948586397846
566,-2.1076746846833503,2.4749539496512223,-0.25124348245690387
567,-2.230993138758396,2.041844901906644,0.8224063530781445
568,-0.8093008566196888,2.2265940566577633,0.5650473803885033
569,-2.809929021260652,0.4821187376029769,-1.0714009777109161
570,-1.276266020743922,-1.122308426242237,-0.2850142589615221
571,-2.404103527347582,-0.6710919806459321,-1.2315128844000793
572,-3.1451103491765817,0.89444831607326,-0.6070336757410306
573,4.928537335342136,-0.03249488251189869,3.3937021415202393
574,0.37524839466899823,0.6234475189777858,-1.2898024372837424
575,-0.6795576536005493,0.7226990684928747,-0.2755681596604055
576,-1.7018085949239912,-1.4098287195464867,-0.8319601090296652
577,-1.7079511928918671,-1.4144786773149647,2.40663608220194
578,6.565352633321968,-0.2275606869761445,-0.8172478375684417
579,4.8688112537202315,-1.4636809138288378,-1.1526793075921693
580,-2.3420721109132563,-0.8842320802343008,-1.0862241046339038
581,0.023463431800529524,-1.2564664225850561,-0.9513985868891461
582,-2.1989022859467156,-0.32883829622171934,0.36594135219814755
583,-1.9085303749299343,-1.497108527854262,1.007862761107322
584,-2.999983872586135,0.6833755751255027,-0.7955350079816438
585,-2.3849330631275643,-0.3134257689750046,-0.10823939778192519
586,-2.168341696440596,0.158363033692392,0.24678407445744832
587,-2.0595373971098803,-1.5295275638681014,1.0550962474866925
588,0.7507681777970803,1.8440884658961074,0.2387048616757493
589,2.78027242949546,-1.4738006894429214,-0.16409896085280534
590,-0.7798186820791807,2.6572084440421766,0.03441617535957039
591,-2.4825060446432468,1.7820722734595273,-0.1268470355546378
592,-1.3621482212313583,-1.0432413416700401,2.5536554858303853
593,-1.9496682770074887,-1.6095944460282416,0.08277329013912237
594,-3.260055387178113,0.7836145385317446,0.3856819759883125
595,-2.401060157218802,-0.3672602493328801,0.2788282186584898
596,2.389328153828413,-0.6124971343435485,-1.9026463804592455
597,-0.6226678985687609,-2.4137319794379373,0.8619058110812645
598,-0.35153421054034056,-2.0391428377106426,0.6683411676487088
599,-2.543279507905563,-0.6640070680729077,-0.02055617234012648
600,-3.7564568524341784,1.8438158187392926,-1.0975910430570177
601,2.453047404653822,-1.1659814784697127,1.6541310127122781
602,-1.6721012446296075,2.122238853805715,-0.5570603111793213
603,-3.2834447946153116,0.8480093997973988,0.42735286404629674
604,-1.122904263828514,0.9296067905336709,-1.4464915088959625
605,-2.2356534592635597,-0.5974181483507461,0.5569779489651655
606,-1.3979719518974407,1.224967506201119,0.9953862602986643
607,-1.0779792513651496,0.7347673237011153,0.006175951180956475
608,-1.103398556323725,-2.774264735127216,0.5265199653815703
609,2.0596264847847183,-1.6495759719260956,0.9792482266427472
610,-2.1631991824446923,-2.2623277922937923,0.4194378292345666
611,2.26119682261214,-0.13511130539688873,-0.5722235814706086
612,-2.6257382179602278,-0.2776530116435653,-0.3280124418639848
613,3.6847784900346054,-0.29355357070692173,-0.5934865768595994
614,3.725782626300946,3.2426923640111074,1.0606916944636557
615,-2.271545707759794,0.03268994634584884,1.1605987435941718
616,-1.5636778974327465,-1.0346046234274822,1.2571667892241942
617,2.4350400129897882,1.296393083006649,-0.8873056973719797
618,1.198947816220039,-0.7256095760564385,-1.2922018752584248
619,2.441098606661302,1.113740314499005,-1.8889401482208863
620,-0.7540355286870155,-3.03869037157983,1.4803557153482687
621,4.788336192171819,-1.3538290066272143,0.6530623082190454
622,-3.2064581361227433,0.35765841927539,-0.20074311396465686
623,4.1685326619457586,-0.4581061345705067,0.5507033737277826
624,0.06649782756814226,0.35523169144370337,-0.8832989500932266
625,2.8508309618297445,1.4157309552455026,2.471192317351283
626,1.6819564155849023,0.9884164685721507,-0.8610867455598772
627,1.708003642788878,2.3221029331094907,0.11832426688822056
628,2.398006519176468,-0.20311711938514884,-1.3579974346869077
629,1.7325277059048387,0.7488433748954971,1.7773042258710725
630,-0.10316955371098108,-0.4458053747952596,1.6842670680766094
631,5.148418691647554,0.7963406116954432,1.0838058408788382
632,-2.3442728108793394,2.3472277956699372,0.06604770491903675
633,6.525497754710485,0.7642962802135151,-0.20950983672361992
634,-1.0957589154772664,-1.6146524652384622,0.5249236642655606
635,1.6580935876530793,1.0678541886508781,-1.221753360879314
636,0.3464217702456621,1.0373850973579273,-0.6746523063240444
637,5.16014435721396,-1.4128936483665429,-0.020905237675548784
638,-2.3962021057485945,-0.31488966291658715,0.1416897538584442
639,2.057656370716233,2.261368308206604,0.11403818168545508
640,-2.037143532764808,-0.2721142352749219,-1.3826886782808567
641,-0.592909533311119,-0.4128713841892436,1.7266664417001603
642,0.0301728223205062,-2.7728933467544827,-0.5536694291107372
643,-1.5308591873702042,0.3317322960292329,-1.2071038446607092
644,-0.8591054556733657,-0.8416458101018752,0.012518586880962324
645,2.388961082050156,1.2224305694472875,-1.4549613012599776
646,-2.3182373317993528,1.6120474848728097,0.8188715135242127
647,-0.4572663299376193,1.552779573605082,0.3124300674540607
648,-2.7077278362193193,-1.0233708105991088,-1.135102027956881
649,2.6429202949842017,-0.45849392932572036,-0.649029977841904
650,-1.629431942806931,-1.7831787552624827,0.311123284160442
651,-2.0319426359484667,-1.3894947366702446,-0.12371389386227556
652,-1.7320607341333654,-1.2949877546929074,-0.26491302756234003
653,-2.367755272576589,-0.6447996195520673,-0.4584229830966546
654,-2.205703881864808,-2.1646946051789335,0.8661974619998734
655,-2.51604710935535,-0.5648304987524335,-0.43464639801685057
656,-2.1735284926535905,1.2166923946158796,-0.8923725045679701
657,1.6489996274192362,1.232414689358844,-1.1353928693144297
658,-0.5520658502295939,1.343767840842478,0.8442190536894232
659,2.747031437107508,0.3889814601907571,0.5203201019028761
660,1.2374255301081862,0.4507623261708764,-1.8432535899539098
661,0.3800933698134268,-0.35697677193099503,1.729126891387855
662,-3.273888738747006,0.09497075227464429,-1.560859270456058
663,1.554510035044867,1.7817665627927015,1.38844243636025
664,1.58712673162486,-2.202233642613537,-0.30174843597607887
665,-1.6279005220720388,-0.08196766481408235,1.088903729721657
666,1.54518247012538,-2.409801128512235,0.05447892527032938
667,1.4441482544270892,0.1319739125909082,0.7912248645045122
668,6.353303383375137,-0.29119733136464576,0.09473687072555909
669,0.6696805950357582,-1.5959557219161546,-1.2161058689332354
670,-1.4610217747717178,0.3616865366209208,-0.9273163505443534
671,1.7905537502755207,-0.46477069951516375,-1.2413458262642358
672,0.8965285184531533,-0.4130394525056983,0.6994853988446318
673,5.946392479745299,-0.8884563395670764,0.7295823837350671
674,4.396432082105546,3.7597920465113743,1.9765039981605192
675,2.4682038493871543,-0.9022510157382084,-0.5527353847096458
676,2.013865303334209,-0.8551509927842456,-1.1141851091092956
677,-0.190790610265669,0.6662239951175692,3.27517676184288
678,1.9397123602075177,-1.8392494781973125,0.20709718466653793
679,-1.2392738428316867,0.6281060437435102,-0.5519741551558601
680,-2.1446096168634643,-1.7538280057800828,-0.3884066485007864
681,-1.8880771534639467,0.36429092811027425,1.7823303444493024
682,-2.2606939942766706,1.0530608477198318,-1.1752590718179248
683,-1.6698766013845714,-3.6286808401760817,0.15110737155416964
684,-2.407058432802722,0.17146032149195425,1.7645851005852105
685,1.2166129722707621,-1.7815381532571797,0.2715264200592483
686,2.413736650220734,-0.2761085179491331,-1.3705908765370478
687,0.7967065875871658,-0.2680078100075047,0.3313157367051757
688,0.3087478619211703,1.332956861233016,-2.216102334540455
689,2.396609504286885,0.40438593647768617,1.478530238643188
690,3.3965955750463386,-2.007076411113243,2.166392835943256
691,-1.391694739847586,-1.253583759580434,0.6656354843846074
692,3.2824781788924424,1.198898372885529,-0.387338520779344
693,-2.0385917475549173,-2.1336121292114534,0.03440472441198392
694,-0.06871950953938294,-0.07831629100927887,1.119404040182443
695,0.5249920475046661,1.7090010658991786,0.08685954423501915
696,-1.8652193616080222,-0.4983776256492129,0.8406489285114385
697,-2.6164108759623503,-0.961281348524417,-0.6653651569776445
698,1.0786564877655598,0.5638981819935815,1.910118152316395
699,-1.5261175877198854,-1.3982684069032545,1.1249052806912332
700,0.5135175936300148,0.1507755215610511,-0.06734392347379013
701,-1.3529147381583375,0.10768079225035532,-0.8498312064672365
702,3.7072968195389113,-0.12135604158483851,-1.0758606421785926
703,3.8461924432405135,-1.396463224442132,1.9346824463005448
704,-2.385191644460616,-0.32595975944287087,-0.2711023133236613
705,2.871365152257719,1.2816166076607967,0.982082111669623
706,-2.581704745913332,-0.7020366556337105,-0.07244492728908274
707,0.4392595196013201,0.982645042825414,0.26919759378386265
708,1.5237465147055438,0.25975278890638615,-0.31984116556130204
709,-2.876286557278759,-1.0501791284421094,-1.0737008835032888
710,6.152530754175891,0.45773545417310507,-2.299271487199374
711,-2.053781458880209,0.5914144477278358,1.8117405142777683
712,-2.2296904471823353,-0.5647700924457116,-1.7150336188045427
713,3.345853111332011,0.015018901759232034,-1.5025661116388425
714,3.8796208549337425,-1.8442627596926786,-0.8642269266576895
715,-2.2782545727713153,3.8743355514744073,-0.1811840238784971
716,2.6346159873479236,-0.2009114506823998,0.16135247818202017
717,-2.744059510914389,-0.500840346623653,0.4505717821959745
718,-1.4315065714181534,3.722365940468672,1.252458650997317
719,-0.6307900028403535,3.0994184206070505,0.12284552040305344
720,-2.3357689106302777,2.1956935733702645,0.7359372001488961
721,1.7881794912131124,1.2011564627338143,1.7238636569894108
722,3.7573987738205217,0.17669253975002172,0.48133354868041467
723,3.4732214690137364,1.2508947670178552,-1.8956701756311538
724,-0.4537292161716738,0.013906511760199516,-1.7731192923621448
725,-2.8043188007859,-1.1271081512215342,-0.1871147401656744
726,2.609034134751959,1.3528813656004928,-0.5961711574617361
727,1.2820808901045808,0.8771177028354156,2.1048910137965815
728,-2.6746187639474113,1.2403503952666763,-0.2784964304417098
729,-2.9565174388411335,1.3063945269229882,0.09443211566892619
730,-1.9534553129423982,-0.3821765664958032,-0.5807578666339196
731,2.2332261773110207,-0.48727082199827815,-1.7917465524594958
732,3.8139008923261275,0.7887680251508695,0.047339795395287154
733,-2.6897786695049204,-0.5149780319865802,-0.42540634118333837
734,2.8637519473227298,-2.4039806859016815,-0.6509765845317131
735,-1.958225759685602,-1.897458084707927,0.8045428500737617
736,2.8845598356947053,-0.12059626861365054,0.2863187898413714
737,3.337461601219274,-0.2711092214144908,-1.5316727252587778
738,-0.8977965993421938,0.5483799472103297,-0.74810097643621
739,2.6429202949842017,-0.45849392932572036,-0.649029977841904
740,5.151767619119069,0.14638522795941403,0.5482669800638482
741,3.529535240759567,-0.5107998504417723,-2.138882380430727
742,2.6511800871525075,-0.5239947173131174,-0.7190145479657928
743,1.101688198946437,1.9456944046771307,1.574632871603481
744,0.7561483149483318,2.073835326758311,0.46917400593867054
745,-2.1036483782012736,-0.32446899087123493,0.00981367166644598
746,-2.1477229550465573,-0.40965025087216295,-1.3180319871449448
747,-2.303248137711317,-0.7169297641670979,-0.41698741902256475
748,-0.09301057577399147,0.30323453220051044,-0.3515545725071439
749,3.7044725397688945,-0.8080329317666173,-1.8089405003606807
750,-1.5114903887387263,-1.927967356351828,1.997135799987324
751,2.413164730915916,-1.2775760879961695,-0.24193224167969352
752,-1.391011436435137,0.8721264394737612,-0.3434239736557361
753,4.376877978067394,-0.09276038013599905,-0.773455021814195
754,4.328098576898522,0.03074544484395945,-0.8706147124196395
755,-1.4604341310098101,-0.2522014376681971,-1.0008391696064685
756,-0.6796020362950425,1.2996723412785873,0.08852401638135883
757,1.0914575690684507,0.6302931988531447,-0.9066920481092342
758,3.944593176621207,0.4108502403561861,-1.388493924825411
759,-0.1887039268966907,2.2305003036640825,2.7093914512012582
760,-2.8092097263184503,1.1937221449019042,-0.3069818788819073
761,-2.642462096748203,-0.5640139410639303,-0.31034059457645047
762,-2.8807974360388955,1.0796809668645262,-0.8984898709420324
763,-1.8685564978881721,-1.4055956427242757,0.7610266202163202
764,1.6234939992728448,-0.41172015963798314,-1.1339749041311067
765,-2.4670068731337143,-0.21062618724017568,0.13907375695671667
766,3.877285038497179,-0.0386107339344898,-0.42200574020379084
767,3.1588963633101277,-2.1570401344697094,-1.0035951610501745
768,-3.032345782006492,0.46709632998980993,-1.442987586638371
769,-2.318627832103353,-2.1632132952686396,0.02169820419360053
770,-2.5383898455530276,-0.9189609992251012,-1.1662117734220934
771,-2.362447260862715,-0.5859614399212729,-0.7244310921752677
772,-2.4298389402440845,-0.6221799723151098,0.3437683867264012
773,-3.267300395325859,1.5368300240693504,-0.753223126148664
774,1.4756543346133955,0.8187191018962678,2.982203288147475
775,-0.2797078650391937,1.1947749060770985,0.17351183254999444
776,-0.6981271467451686,-0.3256646270587237,1.8706795701398389
777,3.9184332423754276,0.0371955346958872,-1.4335976174064426
778,2.019503860077912,-0.34574673270628875,1.2494141381185706
779,-1.3272914680859955,-2.610483524747534,1.1136774470788537
780,-2.101422655063822,1.5512290337336436,-0.6080499044802659
781,-1.0192262366746054,-0.9289987564378205,0.6665766994579716
782,-0.1427116891091555,-2.2158618710357194,1.8420254283574888
783,0.5831080491834466,1.103231330707063,-1.511886378934138
784,1.911803269880483,0.52342613096438,2.027516812251336
785,4.183478909560588,-0.12326563625077952,-1.6059642785658295
786,-2.4743942285271157,-0.14874902296932624,-0.6674324952685106
787,-0.2981765087659881,0.9085427864000295,-0.7352191495891239
788,-2.350314814246655,-0.1750119258885879,0.46996603920836627
789,-2.0840485569946012,1.8480383574234325,-0.5275085866212972
790,4.034489442200903,-1.0975526134232012,-0.3913711704735638
791,3.5684742892340395,0.6881682890472363,0.7924945753034525
792,-1.812836693559599,2.3328191508985916,-0.029862874382664068
793,-2.055479639102549,-0.6455808177205691,-1.4741706312942382
794,-0.6572512365739976,0.9943050231518599,-0.5615819085859628
795,0.3963459029115149,3.4814912475317548,0.5281993728622654
796,3.628601925044027,0.0640797382168092,-0.07047489966901196
797,-1.6655504165296044,-1.9944490866862716,-0.6194004143633229
798,-1.8713902195467964,-1.6179029309309843,1.8143482682517722
799,2.2338692649463203,-2.537724198696635,-0.9511375584309396
800,0.9352075794942475,2.244233721017752,0.1037662949320035
801,4.212089081344623,-0.9061433375580814,-2.4844222134810003
802,-0.6473432622112322,0.15563792324950199,-0.9356525153862044
803,-3.170913382699532,0.24692650511568945,-1.7020710083819954
804,1.2401441096637562,-1.2871105925737185,0.8375499136395647
805,0.17982865280337312,0.5230677436087895,-1.0227622665912754
806,-2.471601499933886,-0.6907109577394365,-0.4435943204083436
807,4.2644344144192985,-1.6769013354927462,1.9826499478361879
808,-2.388702524577328,-0.38833825309587044,-0.6702255697614274
809,0.790933328013399,-2.1466107450544043,1.3728423069513889
810,-1.2312220381978793,-1.2657973622927758,-0.5323106575331903
811,3.9519017207245133,1.7692698018425692,1.1900552717165807
812,3.9353227629950958,-0.04770133241943809,-0.1805835244569715
813,0.9796211826374676,4.355271586984243,0.3757416270809615
814,-3.137161278292874,1.0802628921036126,0.6025768973527774
815,2.841497152904543,0.15738995978052384,0.43378650061253193
816,-2.7516724044957273,-1.179505442298562,-1.1301842510836284
817,-2.2597822300730517,-0.791555987727325,-0.005275428880841255
818,1.0613379681965422,-1.808357327746641,1.5361054077859884
819,-1.1885530933099753,1.9923881969103971,-0.18019362316026083
820,-2.4845551386753844,-0.778642683934891,-0.3957776525067357
821,-2.9353908616055655,1.0980270415880289,-0.698106065034824
822,2.79568111483674,2.33232750936124,-0.9980766267017116
823,-0.6061365783030731,-0.883555502162071,1.1976692952791632
824,4.396932217598216,-0.6799917570920703,1.063005431246875
825,-2.0034726634470674,-2.0576042746145737,0.8725822401037199
826,0.8074711133937802,-0.5246980153102174,0.9707906005036641
827,-2.665014455383213,1.4873947975707873,-0.5877979188333123
828,-0.8173783150057625,0.4953892201633594,-0.4860732869536435
829,-1.8298291624752248,-1.579998833526055,0.48021752399406953
830,-2.305000616177752,0.2613731686924271,0.09975546804081922
831,2.4511831886623865,-0.5574498528925259,-1.0150816616691747
832,5.382216822407236,-0.044462666869266344,-0.08124487073420293
833,3.1272497562134403,-1.3309080310224741,1.7556782878576154
834,0.4324685065108246,0.3084605264975138,1.8118032919230058
835,-1.2278752215692221,-1.0989710746811174,0.35543624163393694
836,-3.1012359508694054,1.2719914059192727,-0.46678284233555883
837,-0.639100117926895,-0.8630874725117892,1.1978668059368849
838,-0.3532124207835734,0.8468103524669024,-0.5258581347987948
839,5.442869321455644,0.30499057577833844,-0.869960298502695
840,-3.0518469227121297,0.5118581891105497,-1.0080496397238075
841,-0.7327439782147313,0.22844447359730805,0.7848347322085442
842,3.803409037586378,1.0461650105387552,0.28106949489652955
843,-2.473948109828492,-0.9290425438484449,-0.9459302709775601
844,0.16492996058443438,2.0036704882534595,-0.8927584054901571
845,-2.86907548086143,1.1935740016852971,-0.2092480922428105
846,2.2782963864607213,-0.6254025228468806,0.44215769604286714
847,-2.560468814357758,-0.46878729428758326,-1.1019620384306863
848,-2.241833051634429,2.0376239513964256,-0.2840279829127839
849,-2.2520761634935003,-1.9571219899718135,-0.27032337087776853
850,-0.7395436504258438,0.9181106441928221,0.22596802085377563
851,-0.3027606539765953,-1.3174100409079317,0.2652266128406842
852,-0.9271226995735373,0.5033805242302508,-0.13783055892519813
853,-0.7505783976205137,-0.690507454887251,1.5407618871349247
854,-3.107126056016991,-1.2266699731884965,0.26854335950050423
855,0.16473674822745354,0.7034077528680807,-0.8050918457536935
856,-2.117338500951024,-0.15837002035943207,-0.24761606756749222
857,2.327069803574295,-0.44458223639915756,0.6591807541367563
858,1.6169602848389781,-0.46361688606271667,0.1704018140648392
859,-2.5141433856476794,-0.4450791393588602,-1.1799960605207154
860,-2.082602712568807,-0.30300378266165673,0.4391566683448611
861,1.3859286937267117,0.6808189003036228,-0.8151575261101693
862,4.7028417872057515,0.11766174339206358,-1.347048986400939
863,-0.8790104883499549,1.7288725136260152,1.784909579736071
864,-1.7288142040765444,-0.18402220255153887,-0.2889960109206018
865,3.6801472828856854,-1.4087778704290734,-0.26008616433575066
866,-2.1588870837537466,0.09888821339125861,-0.04707981744571865
867,-1.4750972090198424,-1.4961481056002128,1.5016303091063399
868,-2.1663518100918733,-0.07951513040848446,0.15037569272478143
869,-2.7249726654856494,-0.7587046501698965,0.21091028815356053
870,-2.877347117628009,0.3262496946615086,-1.5638900119350092
871,5.946392479745299,-0.8884563395670764,0.7295823837350671
872,4.942446480418742,0.19394667931924242,-1.4482631068727196
873,-2.341820159156671,2.150824237684468,1.2332356256782884
874,-2.835070560147751,0.9925182280379098,-1.065291790771565
875,-0.7086087696732222,3.3855533974752174,0.1466612074504259
876,2.589523817013002,-1.6578906234831128,0.6490803299200388
877,-2.0750633718838234,-0.0987063584433838,-0.04519329841187992
878,-1.2383393904125253,1.5181196195097313,1.9870024487022333
879,2.6506352136760514,-0.36208487678494894,-1.5159843403109903
880,-2.4781371744231953,-2.7234245048647723,0.17818826433208665
881,2.6196645970090118,-0.9993685016781728,1.8112209948469271
882,1.719742914315564,0.5793395124353211,1.9895036059026934
883,1.7324785019804512,0.9103898354660419,-0.5831416895584141
884,4.775254286976595,0.24246098371269623,-1.6536400056302698
885,-1.0176153337955707,0.2488899181851619,-0.5602080561711354
886,-1.957946985074901,-1.3842513911668994,0.8880245974149954
887,2.444968492906663,-0.1698056704314809,-1.2190169581204744
888,-1.2710745505108634,-1.1296318509545735,0.7837591861845071
889,1.766415074426412,-0.6634752640270128,-1.4722509825675434
890,0.08416550490010354,-1.102889989831693,-0.8394321711799414
891,-2.404001215157796,3.3308883316327025,-0.11605449516702715
892,4.403095888589164,-1.415594199612203,-0.8981808102726492
893,3.4427206562207266,-1.7824689818849673,0.890518826177274
894,-1.944711106980535,-1.9112058411056982,0.24751711902952608
895,-2.122530006553645,-0.5735205320673283,-1.4170558034503886
896,-1.1068078235190713,-1.9807824934548743,-0.9426082887369877
897,3.269661368447748,-1.4068496214556216,0.40323033762624966
898,2.250280669536048,-0.8958779782087531,-1.1948260933167456
899,1.6905112193263723,1.5638608527615243,3.5498989369284772
900,-1.5765882554987558,-0.23325848329469842,0.290835344475496
901,5.488895125030259,-1.6077248795837784,1.345822590567144
902,2.1771967241897454,-0.35497414991361753,-1.397198914523725
903,1.1897744189533916,-0.4528455765011113,-0.933321768667591
904,3.5309655206707573,-0.1095189250840665,1.7135686422950955
905,-0.5571428069464364,-1.023825809795854,0.5753548839684158
906,3.888239015776666,-0.9065100115315942,0.6347214454213537
907,-2.646539348662769,0.5805844954925113,-0.8660193442910432
908,3.562807333854867,-1.7542856250096712,0.11165129419668635
909,-1.2749943363065692,-1.532418331005358,1.4944486234182113
910,-2.8858466176045523,1.2416673637750772,-1.210506393205151
911,4.678532184881266,0.6577761932145738,-3.2990199801855806
912,-0.09041015929850366,-0.44696574910737114,0.33074010265749176
913,3.009895768141716,-0.6120080884407337,-2.079177097496983
914,5.408377713432876,-1.5416139881636715,0.14990748185365985
915,3.4412660702996773,-2.443509349083224,-1.3864320293336234
916,2.000602869589407,0.6729750890152026,-0.8577483231714956
917,1.9168386174404735,-0.8459420244911464,-1.3687823217834512
918,-1.4990231847493096,-2.067113607510068,-0.13897228447479887
919,1.2261301426737907,0.5685106112230365,2.6639339704072342
920,-2.530264049279071,-0.900354441392911,-0.2773724637262406
921,2.413164730915916,-1.2775760879961695,-0.24193224167969352
922,-2.4800912475542125,-0.5880310473451337,-1.2649904890496366
923,2.237565648747167,-0.7513936986102732,-1.823042902646976
924,2.703306263260077,1.9746121918781165,0.2417746810692817
925,1.0037985713052444,0.027518485999503458,0.9642501945028114
926,0.8564104698000544,-0.6422457744733744,0.8666172707893719
927,1.6091704138892993,2.567025713911576,1.0842011600251087
928,0.16569621636166762,1.055020644675948,-0.17823858571763637
929,3.66355502362463,-1.992111561958961,0.8134337377679935
930,6.18819024216423,0.8080160608705441,0.6903383438175951
931,-1.595736358625508,-2.692740323972901,1.6638477588135998
932,1.4718270171394028,-0.29602907213676705,1.831053190841351
933,0.5618088097794963,0.4923930535600139,-1.070683296487617
934,-0.9374981907280985,0.03655934972319945,-0.08907802333871796
935,-2.2040795495238257,-0.6505535560290848,-1.341506439269781
936,0.9905010079592962,-0.3770633727391323,1.6845885167433055
937,-2.547657904640019,-1.019360211596633,-1.4144498439276478
938,-2.600766337210356,0.8227541561121384,-0.844332141874453
939,-1.8061664321296569,0.3116960832300074,2.0870952950733335
940,-2.0506410612100896,-0.49056307733663956,0.5246433678826034
941,-2.8975618071516,0.2705881305771645,-1.7045025298208942
942,-3.210089341944968,1.5060497234285244,0.24539022317979198
943,0.8780603054258691,1.2364140706346092,-0.2395898520957515
944,0.8873491490771901,0.6769537955499996,1.3803464014145377
945,-2.5207845797037116,0.7410196737552464,-1.436163727841529
946,-0.7693569818650843,-0.10062023247934432,1.5902019667536678
947,2.8601938486168845,0.4260299193659472,0.6243098239789691
948,-0.3714458987486835,-0.48507242369539094,0.6783162714900931
949,-1.775281604601722,-0.14683508598139466,0.5793933419505338
950,-2.0473680319733987,0.4535928914318512,-0.3747598339953529
951,-2.2426070701892216,1.962130814234878,-0.8327277042077406
952,1.1484835952442618,1.2658854233919687,-1.3694310144833108
953,4.278695207374012,0.08483028424458089,0.47558935885389186
954,-2.084675123980781,0.2906980411893434,0.18746175004351387
955,-2.2180504506908405,-0.6547472316918505,0.1666700705646498
956,0.5104355774036957,1.5612023837745306,0.0020143341412020943
957,3.380087887137293,-0.9655324144348567,-2.393752788830382
958,-3.3412300044857712,2.717283211455687,-0.10815495642955725
959,-2.587683915349752,-0.20821163252191177,0.8994152853879414
960,0.2711359385553944,-0.6572533042802315,0.4369378786316127
961,4.020560563596486,0.1563238508960471,-1.0559525462157444
962,2.2635295437173504,-0.5337301888901288,-1.5432162600783021
963,4.195473051309078,0.5593074765859131,0.2724048844830421
964,-2.2782545727713153,3.8743355514744073,-0.1811840238784971
965,-2.623093840093339,1.4269674175095397,-1.0855429734348783
966,1.2850128855021727,2.5316953745641633,0.5953582133323866
967,-2.6016044026881717,-0.5929913470079382,0.5587773407463206
968,-2.1996306500887046,-3.748967313437084,0.11649232188612943
969,-2.0513297398688866,-1.9780581772518968,0.5569206488768504
970,2.2698289021477764,0.012032143926561227,0.24846833115702707
971,5.3763290338760665,0.5915415530767001,-0.5227117289111186
972,-0.8415708499619544,0.2861881256017311,-0.4717978425423031
973,3.865513038609724,-0.3283985955185592,-1.1101692578869244
974,6.252857103425505,0.8539369872963122,0.7244651207237057
975,3.9616611785662386,-1.4739074158650527,0.2751402688045646
976,-2.7159474155936754,-0.5810596269882035,0.15416042525636806
977,4.367483357536506,-1.0578484224546987,2.3147344561080443
978,-2.6314146997537393,-0.6710584009503971,0.056106847727051046
979,-0.6242938675350882,1.2517214045010745,1.337235239165507
980,1.6280231816682789,-0.5049469918525581,-0.35929313249705414
981,-1.9897341027148228,-0.08891519712946677,-0.27957906900987456
982,-1.6698766013845714,-3.6286808401760817,0.15110737155416964
983,2.8803389591576485,-0.4252676698214172,-0.940837909547732
984,-2.7672241466866976,1.2260981200881296,-1.3742938984837991
985,1.4527718120468653,0.9874354243267365,-0.5351050753403441
986,-0.8823184030301561,-0.2751951379726245,1.0779169465909637
987,1.285258918894818,-0.3835909854125496,2.757597458560209
988,4.029544982649221,-1.7825781293538019,2.0262217844096257
989,0.14379442742838247,2.5516819564108735,1.4925585037426452
990,-2.3426945571478055,-0.5238552153844784,-0.23023465166696516
991,-1.6021104372975867,1.2177143334656237,0.3740448405195705
992,0.5603765600491075,0.4501934182451525,2.1555793176293205
993,1.118228195175847,1.4995211198628535,-0.38156856817602575
994,3.8139008923261275,0.7887680251508695,0.047339795395287154
995,-2.9533929084139996,1.213739553559386,-0.4944628924965018
996,-2.7144734723090433,-0.5803442524956799,0.6285227968214323
997,5.607998757634669,1.7683536675732994,0.02541461176772407
998,-2.0224608511563753,-0.6531384744989934,-1.1236263873236694
999,-1.3288392662636976,0.041945830121582456,1.9217361456132385
1000,-2.1070113071933116,-0.23232283751882415,0.2193157227440251
1001,-3.0325460111032845,0.7747231112619514,-0.9757763926312418
1002,0.4171749485216945,-1.058063348958339,-1.755508892946367
1003,4.06043516974874,-0.5842158020009408,-1.8476628051160198
1004,-0.7316615581457976,-1.1324318571032912,-0.6321532001891644
1005,-2.3034093631775803,-0.49028066899564304,-0.18243091913387832
1006,-0.8858804929754742,-2.878411201764914,0.9549642320300228
1007,-2.322399494145902,-0.25440890613973965,-1.281739270536967
1008,-2.461853497474271,-0.6384331459024486,-0.7543813687276467
1009,0.32870139255933045,5.263184430501132,1.1314427549892014
1010,-2.4405078151760087,-0.794735120117113,-1.3487787227584123
1011,-2.3987555574288666,-0.22941266054713133,-0.20098367145676288
1012,1.143823494128582,0.9308549312790374,-0.836149926083803
1013,-1.3888710844842367,-1.8951439004417556,1.3693871490441607
1014,-2.114805050605843,-1.8677066884982592,1.1328380968215515
1015,-2.1571612209586495,-1.7536427214652663,0.9290910020288881
1016,2.065938506150922,2.2498000276024737,0.2827754963800846
1017,4.469804528340997,-0.4383549892544658,-0.7514991680888324
1018,6.184032435929928,-1.2617563396980134,-0.20782870977536122
1019,2.2900879057184764,-0.9529280051196147,-2.020943727541667
1020,-2.334316278700874,-0.6127515774415773,-0.4393693655681302
1021,4.100023998285608,-0.4679364476569233,-2.048972133346068
1022,-0.0698963716564702,-2.206850342107238,1.273548423616961
1023,-2.877060695933512,1.4048926963749484,-0.7947270102081896
1024,-2.433024370351759,-0.22519936980402927,0.9082396022626943
1025,-1.9025886385182214,-0.8793309951131902,-0.15067879117472396
1026,0.005764147700502427,1.74769063580201,-0.14564355087550873
1027,0.7061727497186007,1.1214410741732124,-0.7911061642585684
1028,-2.9348368935191673,1.8987384949524149,0.03980621172797297
1029,-2.0150799628980987,0.2538196797771247,3.7494119610726138
1030,2.294500701213139,-0.3513829726665003,-1.6552291564119652
1031,-2.1633433147117396,-0.9221278067111277,0.009519333455915789
1032,-1.8260546830028361,-0.9650881252635071,1.949345463321273
1033,-1.9869627865485355,-0.4162614128710498,-1.0647928358383052
1034,2.683835902514861,0.7776026716962997,-1.859912707661038
1035,0.0156774177659355,1.515793424432498,1.0113697695129162
1036,-0.21139908219221967,1.8484961063103118,0.5480635728717993
1037,4.06043516974874,-0.5842158020009408,-1.8476628051160198
1038,-3.1613364957969305,0.13910438932569472,-1.1003242345362814
1039,5.165632782903847,1.3091132507083685,-0.07613173737973085
1040,-2.383195192686872,-0.5112113361231743,1.9652632399268035
1041,-2.540631850027283,-0.7882456945679754,-0.4579931392382526
1042,1.9576743774974226,-1.7565560655488597,1.1238695471902007
1043,-1.497462755631536,0.9379941206746008,0.3128864457840815
1044,-0.76122373593537,-0.8666538678954263,-0.2564990097810806
1045,2.6768553735583964,-0.8202137675325818,1.1232174241765025
1046,2.203001075674252,-0.8149867168847758,-1.468800857473782
1047,-0.15061389324668567,5.065873684197898,2.782723166771144
1048,1.189957682458761,2.971831568385733,0.07184124136686809
1049,1.8709896349881696,-2.2556699987009363,1.2957412275923985
1050,-2.578375916219183,-0.8180963227134399,0.3588502951249017
1051,-0.5575589733342201,0.08530118701045838,-1.0654138629413146
1052,-3.065383293610428,1.433270902555498,0.22029945465090262
1053,5.27404064992906,-1.8815364075526055,0.26560790945737267
1054,3.6428174323106584,2.408312616199428,2.703571778466389
1055,-1.5621950473374848,-2.3934262600895453,1.397208153549976
1056,1.244010516478466,-0.5827275537724461,-1.0537799875168088
1057,-2.4800912475542125,-0.5880310473451337,-1.2649904890496366
1058,3.2358451110914688,2.76784671394936,-0.040833591006103086
1059,0.4867197352227552,1.6853685909216096,-0.03668693411506739
1060,-2.2739238352515945,-0.024113501675947495,-1.2732442468960274
1061,0.051692134329614906,-0.5895066981361863,-0.13662931329126782
1062,5.917659107959437,0.5659968241533223,-1.753134073189285
1063,3.0974602737514263,-0.1021695476930151,0.5189323743469374
1064,-3.2778508730950247,0.3969210528745282,-0.4520252198060742
1065,-0.6143864971558993,-1.1602876196226384,0.6386908120385494
1066,-2.4099569058302253,-0.6744194008149419,-0.5910260352211932
1067,2.785661795963049,-1.9960056267458726,-0.9602149318780621
1068,-0.9552484790271071,1.3158259722726722,1.3200562063685468
1069,3.517664707960725,0.2833671082530351,0.2648270971124681
1070,-2.436850848920956,-0.7387779814736679,-1.0999494026626468
1071,5.182663380719365,-0.95689995459923,1.7300664571151874
1072,0.7946065358043477,1.8017193868748804,0.5788177010531342
1073,-2.8877589008586053,-0.643812659592477,0.5935749271633735
1074,2.6695592248781708,-0.38762422052852036,0.754095602368079
1075,-2.435194575449049,-0.9878783755538946,-1.5993353424020122
1076,3.965168599833523,-2.0624950358666494,-0.4731063605974123
1077,4.028137889022982,-0.2919067616877957,-1.0375613336819094
1078,-1.6803913257047842,-1.7233567195647184,-0.01876414747333613
1079,1.3518832458114365,-0.4692395337031214,-0.8476487682769334
1080,-2.5137678308062803,-0.23611691440404678,1.0797449988444927
1081,-2.5384697369770413,1.1371790867000298,-0.9457221499300913
1082,0.20372407576907545,-1.2974600686388473,-0.05469997095360428
1083,0.6474182855575761,-0.7577277388753155,-0.12822121914371526
1084,2.016663384228722,-2.2333220448205995,0.566784134334061
1085,-2.6648424066260405,-0.8803718554246234,-0.3967550764371191
1086,1.0392576790982804,1.0381602095996816,-0.38731992648238944
1087,6.379459680225073,-1.7870956435430754,-0.19882778167785664
1088,-0.4612011074549602,-0.09015443224549752,-0.6901868584244018
1089,-0.8613877436982803,1.0470052353553063,-0.30068560465719407
1090,-1.3891722776353361,0.14823164326216534,-0.8679040437193953
1091,-2.3278798380929704,-0.7836583715833926,-1.2314415904172307
1092,2.978193374975679,-1.4718905243720402,0.1463354080965368
1093,-2.1648915049197788,-0.48585794594155357,-1.2550116596540044
1094,-1.9237822944976324,-1.6662201251185658,-0.07117400794348741
1095,-0.01394201198766604,0.15162448697919761,-0.44217171802536664
1096,-1.6970828720554043,2.5153066847850263,-0.9455881167221246
1097,2.6558395369761074,-1.3202724089187212,0.31619077375057136
1098,3.111815661885789,-1.9626165170788588,1.4571594852038214
1099,-2.5740091042785997,-0.8813289624314449,-0.17558207643810908
1100,5.16014435721396,-1.4128936483665429,-0.020905237675548784
1101,-2.3866359321079567,-1.7143551266345698,0.9180553713282172
1102,2.0715844346502275,1.7749402097365634,0.8742079373942343
1103,-1.977749036661,-0.9794322797094756,0.23829009880394908
1104,0.6581637830296654,-1.408846102929671,0.11328581038038243
1105,-1.5346847192055997,-1.5377369811805617,0.027849078348990555
1106,-0.6235491749963479,1.1039529037545293,0.037859696626764285
1107,1.1251273710983087,-0.551855723314638,0.35027694830431033
1108,-2.17928149763583,-0.24543385813494972,0.25283236931913655
1109,-1.4111615755053648,0.8997390750301518,1.2850659426909221
1110,-1.2138802122885672,-1.9273663468393825,-0.06439413626256835
1111,-0.8774062209852591,0.7192618552087396,-0.19596714809524035
1112,-1.096689718195755,1.718514775446879,2.4691516719702022
1113,2.6701520697970857,2.228333673903991,1.138840186100522
1114,-3.3466856283055875,1.792513408414306,-1.8792511162728491
1115,-1.8502176159457209,-3.3379584698110834,1.496454240288311
1116,2.9831296988827067,-1.503577537532863,1.1275601129809778
1117,0.412748557108034,1.9501318336009095,1.0031298455392659
1118,-2.8635342659250713,-0.7313114690382411,0.04502748490464509
1119,-2.244538282722315,-0.9298266965973646,-1.4798510435420071
1120,4.329106947132249,1.6942675469074542,-1.1161867359816566
1121,5.001898010883952,-1.5017152463277117,1.7160039133060092
1122,-1.3346809795770072,-0.21320807060599323,-1.246742049741795
1123,-2.7451650090390025,1.4589336257475793,0.13946819884282272
1124,3.4067608705690247,-1.3315183245412654,0.9183595010691487
1125,-1.9395427432835906,-3.5109952006028515,0.582880653660453
1126,-1.196673861579365,0.6376743923955742,-0.28584404067396013
1127,0.5337150035780269,1.4408810039469513,-0.6681661291592405
1128,-2.0988741876816204,-0.651004271079394,-0.5167202912485706
1129,-2.305274400894453,-2.128404471661455,0.25108409883781213
1130,-1.9354369974728165,-1.3459968365954966,0.7777553812086347
1131,3.33105704947763,-0.9167310605535252,-0.1814137796431425
1132,-2.613502681304098,-0.1012960410215872,-0.4956601827858811
1133,-1.4858911401956156,-0.41822320559809434,0.07259732110556018
1134,-0.9187755163806269,4.833933731837109,1.9773052099024968
1135,-0.9976094538578532,0.6325825658211769,-0.7289020726777569
1136,-1.7885935254830756,-1.9442121436484476,2.174416931720187
1137,2.1708829540370624,-0.7742421537734193,1.0935392248875513
1138,3.1439814058084057,1.9741534740713047,-0.9922230631680528
1139,-2.784628381301659,-0.6043236781566491,-0.03390815335098544
1140,5.172998613238005,0.4939032261194397,0.725924384704751
1141,-1.4654256992946804,-0.018270999053593,-0.9502415890610885
1142,-2.9414622100979604,-0.10479968697338388,0.2038544888061553
1143,-1.2514062182943528,3.3903280204901813,1.3794434120285017
1144,3.3552797457292374,-0.8261694681670002,-2.3380286101298338
1145,2.5123866512572572,-0.7397675792545224,-1.939839538390802
1146,2.111925797577572,1.52946658728668,-1.0995882600589384
1147,-1.3337223932406543,-0.10113649617647315,-1.328288421759522
1148,-0.9187755163806269,4.833933731837109,1.9773052099024968
1149,-0.43296544119551983,0.7130368372643022,0.3513219128513837
1150,2.1843530468276104,-0.568789125760795,-0.38843200702376396
1151,-1.8902812827749125,-0.17211689262235177,-0.5158131531861299
1152,-0.07646421747695942,1.197367693537769,-0.2676574047875158
1153,-1.9942256859891587,-0.5779116860806527,-0.5243392677910377
1154,-3.138266228204953,2.6293149971454475,-0.17454176461326015
1155,2.7965565503270375,0.11425659392566713,-1.4610681351730894
1156,2.9734370320259917,-1.916120144525357,-0.7617798806741031
1157,-2.2560126903355453,-2.649957314909302,-0.5647489789050429
1158,-2.08557281978938,-2.149848045264746,-1.0758058494364087
1159,3.680281745909022,-0.44410683666057615,-0.45218665310974604
1160,-1.1691373919230925,1.9716288837777596,-0.39873701750578244
1161,-2.286556928582282,-0.4575439975450062,-0.1547459627377768
1162,-1.6622697774834667,0.4082482000782628,-0.7377880766191032
1163,-3.007020054342335,0.9877541069911824,-0.19184567996732482
1164,-0.36337748806324516,0.23390558094630062,-0.5659191062656307
1165,-2.5347810250946528,-0.17127156330769602,0.8617354742015974
1166,6.617562688161318,-1.529615288110176,-0.2076364779791354
1167,-0.782544784302086,1.4135175528170985,0.48893751679483466
1168,-1.4548814050786272,0.27563063074634375,-0.41664777010561876
1169,1.2313250596972014,0.42616394070467045,3.1765749825597664
1170,-2.591044606839584,0.5341264158480757,1.3522135100702082
1171,-2.3458789992823394,-2.2183171857068142,0.10990281578394512
1172,-2.2831401499866737,-2.109267474149339,0.3816575046868171
1173,-2.7217538067233864,1.0662518176573632,-1.108664081343269
1174,0.9571649695023043,-0.052487045826765284,1.4510065841033983
1175,-1.9978817130308306,0.11796885582102416,0.1794391422322476
1176,-2.92519317919222,0.18414004964651481,-1.125028087896212
1177,5.0387682844409385,-1.2396353593201712,0.9085114377470791
1178,2.4050522975760638,0.9415791329836717,3.736648597600938
1179,-1.2886204479560759,-1.5918825525119296,-0.31050606531941066
1180,-1.088648195375706,-1.20839059960586,-0.2489804309643393
1181,-2.518381146227018,1.3362354055720262,-0.34298892560008515
1182,1.172580866118102,-0.18706925532152413,1.1835389191012127
1183,-1.4604341310098101,-0.2522014376681971,-1.0008391696064685
1184,0.9508622411247789,1.0716215149365749,0.6046639452195499
1185,1.3835640209469544,-0.7400565752303652,-1.1962214803482596
1186,3.8830460476690334,0.12232160937690469,-0.14403200005775219
1187,-2.1730984170575565,1.4302716779997235,-0.53931822846625
1188,1.5025658517796507,1.5109430765987895,-0.9444003109622249
1189,-1.6577620830874864,0.07545447738454918,-0.8053657703104442
1190,-1.8528295230177376,-1.571388448935947,2.2845749174830456
1191,1.6518814006600993,-0.5859996089981531,-1.0253603752721654
1192,-0.08622788943985103,1.3677964220056877,0.41895878182295926
1193,4.075313735997376,-0.07406435966316934,-1.190341695238671
1194,-1.9230878768512951,-2.2708448202240032,-0.6289098451294455
1195,-2.791473936792167,0.6129404707848991,-1.0468782556215108
1196,-2.001869364868118,0.05042109815623571,-0.45925271201249884
1197,-1.079524806075025,0.5286934322629175,-0.3976722035978003
1198,0.7412562054354106,1.0214391213231384,-1.1933400565961896
1199,2.0523110745805035,1.2753576893779939,-0.49352962402987643
1200,4.1520171923906695,0.34295736581165787,-0.01798803711811138
1201,-1.648027333612438,2.439882249376746,0.1979243767818878
1202,-1.8522909884892,0.17302769916186553,1.5338778211061008
1203,0.5287886879291723,-0.9200006312029418,0.3021862879207806
1204,-2.7043265546894055,2.1430223225677634,0.6895679767680697
1205,2.8436637355588177,-0.4917111958388974,-0.679716662748684
1206,-1.7170979235043933,-1.0757611670319145,1.1925693629823424
1207,-1.89484455319326,-1.489935938259002,1.910449463255668
1208,-2.5403883651650565,-0.7341787384083598,-0.940358813862652
1209,2.5940227903342366,-1.4109639386966986,0.4830742404142833
1210,-2.619322989695726,0.7330439001864295,-0.44511019255511713
1211,-2.5452115826738146,0.3237228436206884,0.7765269927596719
1212,1.0983132884833793,1.399970642471537,-0.23131403803860862
1213,1.4574313597666253,-1.4850491385614366,1.2668190398561416
1214,-1.942169719632803,-0.37023431980474514,0.9775499471751349
1215,-1.06910582521333,1.0504408029768721,0.08041555662459676
1216,-2.927857176860374,1.1715154970020702,-1.1035619492185325
1217,-2.0374795731918574,0.7587696161056229,1.3753630359839186
1218,-2.423127644037297,-0.8327770279395333,-0.7997093211644982
1219,-1.821960370814534,-1.5108037286399176,0.5786093976208477
1220,-2.3976996997772875,-0.3983658558093419,-0.42823532587386326
1221,-2.4734878640001465,-0.9663224052906869,-1.272793524031109
1222,1.1233774772888139,0.9491579817241075,-1.7552763117758168
1223,-1.8455077216804905,-0.2599311057152861,-1.4031659344371117
1224,3.9120411833513278,0.2151519711345862,0.07367473718271768
1225,-2.482690777259643,-0.9183350075576227,-0.8109069846873359
1226,-2.117135030568077,0.5504974167668509,0.5750430560257167
1227,-2.3529744035775044,-2.517420919650585,0.5423101344904949
1228,-3.170078239188614,2.110929112958491,-1.2779395107793268
1229,2.6262789300541844,-0.5758769433316439,-0.9642377661469913
1230,0.9037675334437476,-0.8963868335606439,-1.6045005187195043
1231,-1.3505907213407307,0.7882614214779097,0.4982835852003523
1232,-2.7513332402856387,-0.06437346350375453,2.579146308310499
1233,-2.0040212427280295,-1.394166918099949,1.7289217048224201
1234,-2.9295411143136096,0.7683268782042538,-0.9430386914436986
1235,-2.8378634411793895,-1.0305581013266765,-1.2031173528137689
1236,0.7147839584625896,1.0439517390778221,-0.3816382025432073
1237,2.823117145195131,-0.33773161067869073,0.5446632477827607
1238,0.7599064439202252,3.0783068432348597,-0.1404532590310428
1239,3.6234364344893906,1.857933031950503,0.09527717849200636
1240,1.7325863365601175,0.6822953998204758,-2.110465794887142
1241,1.4441482544270892,0.1319739125909082,0.7912248645045122
1242,-1.2231296402495133,2.3024965863757796,1.0229703556787857
1243,0.4635155914026861,1.3516828560268583,1.268798392329469
1244,1.5870945857157837,0.2739955121429174,-2.72442493850122
1245,-2.9262384913752113,0.2058037020811864,-1.1203907898807728
1246,6.737215998395171,0.31451116709390087,-1.9999114111567644
1247,-2.578375916219183,-0.8180963227134399,0.3588502951249017
1248,3.941124239969646,-1.4005531901707229,1.9377924233346664
1249,3.9884736029212378,-0.09683460568721829,-0.8178498058312544
1250,-2.980079910511942,1.3038788246391404,-0.5359396933457388
1251,-2.0368254987081387,-0.18341221873494756,0.8526153467641363
1252,6.379459680225073,-1.7870956435430754,-0.19882778167785664
1253,-0.20241745311277212,4.438668306214145,2.340740611290377
1254,-2.2785969654130986,0.2204835565578343,-0.23752049511929632
1255,-1.7480159077310078,0.02467527106713281,-0.4898524624007873
1256,2.783372141363624,-1.641250420197997,0.010730923507919248
1257,1.2807051094358655,-0.08678394752168293,-0.40570819924207274
1258,1.4149134247649775,-0.03445455406237252,0.9159516805357659
1259,-0.6693185647768805,-0.4675465314214521,2.7769769844150516
1260,-1.0956877084377628,3.5027779144993536,0.8982780061518004
1261,-1.921365939859067,-1.0586132866728688,1.2841945104982686
1262,1.2126720575438235,1.9477502135567866,0.9209927663239856
1263,-2.331136967961427,-0.9333169362066892,-0.5234538670192778
1264,-3.1699153178411854,2.5648513641564814,-0.5903013849051882
1265,3.318163770806144,-1.0319559015857291,1.2042366735608914
1266,-1.3330996873639178,0.83017155591281,-0.18166548153435189
1267,6.538815437131715,0.4492474769211487,0.15817634197263616
1268,3.9351255821877746,-0.9264057107551337,2.4058265395719807
1269,-2.877582328379991,1.2770212350533834,-0.07034140831466508
1270,0.3609054475782778,-0.5836910156282259,-0.5717019981585503
1271,0.5320295336215435,-0.3820800299192353,-0.3860924315104267
1272,-1.994001728815997,-1.6806642425763976,0.87860099700417
1273,-0.33648398292336307,0.676043097495552,1.148246662022927
1274,-2.652106898574989,0.9559415407175588,-0.6907544055289869
1275,6.873204186188755,0.6981919888781546,0.3214496859238292
1276,2.1511688112603147,-0.07659037543486878,-0.8680534914982516
1277,-2.098645864712767,-1.6557310123123672,-0.4577125900690279
1278,-2.2544572486201506,-1.8700912925215614,0.4855039453568238
1279,-2.2431175589980037,-0.6603326793440746,-0.7787814714337408
1280,-2.716849810364904,-0.9456025298124616,-0.04687527828702768
1281,-2.509450959908472,-0.5198343050635987,0.18640706736574808
1282,-1.3613383992435688,0.11784168711201458,-1.071497323631455
1283,-2.440642309829111,-0.7841839618141969,-1.0879784205337175
1284,0.5681388164827255,1.8166199887869576,0.5092242910641954
1285,5.493815241117104,-0.07559327600097604,-1.6731931242261324
1286,-2.8277486222885133,-0.012418895457462057,1.6004525111525425
1287,-0.6041771851932325,-0.10981421458285147,-1.2425476712532795
1288,6.18819024216423,0.8080160608705441,0.6903383438175951
1289,-2.0456767523846047,-2.3068284470452904,-0.936846967379664
1290,-1.606807208270942,0.9973272556262901,1.4846694644154625
1291,3.6931843357397844,-0.1824182906979634,-0.9946497530000094
1292,0.2199105864693207,1.8777693179452872,0.2474131123845173
1293,-1.5999241439999312,2.5827670664205717,0.1394392791550857
1294,2.926525949674577,-0.177564159207631,-0.029438673945861978
1295,2.3446798979461345,-0.2912412188607389,1.6165497064291057
1296,1.7130278260652994,2.71817238758641,0.4487235954124765
1297,0.23305083345701652,0.614908269429396,-1.1989512790988033
1298,3.685106942385027,-1.0704969745094493,0.670341904907613
1299,-1.3880803559739454,0.46017991505641054,-0.45763195296938286
1300,2.2880779979483066,1.4787008562804238,-1.6763876662906172
1301,-0.9164701432391542,-0.271570602835714,-1.299887360575558
1302,-2.7124465410456673,-0.013080363360012285,1.1560503482924773
1303,-0.34806061948519246,1.0075519887541076,-0.910858863690517
1304,-2.9638739911245087,0.14334721821784846,-1.593646013271393
1305,-2.6119870277573756,0.9852178562639816,-0.89448090179168
1306,-2.297516615639336,-0.8899903694024119,-1.337788186544407
1307,4.200492450727018,0.5259966113043145,-0.5332147101736517
1308,-0.8158235051757597,0.8135245802984953,-0.14565435054072934
1309,2.94112514322865,1.2263067975438873,-1.2565879416313823
1310,-0.6102284926040356,1.2139506276209246,3.159933254273714
1311,-2.619996796193204,-0.8923636077816043,-0.7218296265571856
1312,2.351260236265719,3.183493305766551,1.4567553726487479
1313,-1.8369875025690339,-2.079934964048487,-1.3387496112910224
1314,-1.8102015911745883,-0.4759447158815699,-0.8251212045150624
1315,-0.5632032028611287,-3.152302678106594,1.0188419775453128
1316,3.274511027114825,-0.239050500995503,-0.4887456162076548
1317,-2.1057987403806386,-0.4927637877598191,-1.3269496210584983
1318,-0.9955103233916937,2.1021502807433676,0.31763009934377195
1319,3.268714006293367,1.6791796959745389,-0.6658907520405272
1320,5.240971837246199,-0.5996340218960082,-0.7736550303421178
1321,2.3170627417083343,0.7007796473692125,1.1250431086326496
1322,-0.6247738103530452,0.04852032386520205,-1.2894927988389646
1323,3.139433956882614,-0.816257376546695,-1.8471730269230662
1324,-1.5846013353576167,-2.122014502943341,-0.8594155162713021
1325,-1.910460755871742,-1.5380872916837551,0.44982669397177705
1326,-0.6115113937762893,-0.7924961489272876,2.2723798111058016
1327,-1.1403067321123044,-0.05523014971729551,-1.1053895411903571
1328,-0.8491066541864911,0.6989024077557314,0.6431453107589105
1329,0.12645303620451429,5.050304329457659,3.385417759832176
1330,-1.7717220338985291,-1.962104100507366,-0.08027060067753486
1331,-2.3096434043530905,-2.1766597318127925,1.0253456217803625
1332,-1.5261175877198854,-1.3982684069032545,1.1249052806912332
1333,-2.4659941472405285,-0.44587625051461344,-0.10759748154436667
1334,0.3198135360028111,-1.2080391720605579,-0.8515795080761419
1335,0.42440907198758954,1.0356437656192632,0.2837293721025136
1336,3.4067608705690247,-1.3315183245412654,0.9183595010691487
1337,2.84494782205516,0.2447383652849497,-0.589915920821618
1338,3.5349141706130003,-2.1142025084173106,0.5910810208297449
1339,-2.612822519663406,-0.7915352983552973,-0.07684150665137068
1340,-1.0060860704541308,-0.17677470734775563,-1.4177871457081426
1341,3.6867863704303296,-0.08942758047986742,0.9780067270929255
1342,2.7040253771099136,-0.23727634329513303,-0.45085477343425645
1343,-1.72590867814469,-0.17388527987047359,-0.3524042425856244
1344,1.505095249633997,-1.919061848888588,-0.42602993712446424
1345,5.139802251342841,-1.5047143543633137,-1.303109958061883
1346,-2.4531873578852035,-0.2128779135650337,0.784693309263857
1347,-0.6785292306196846,3.174074124657061,0.5125042393816628
1348,-2.5102597772709285,-1.0980516621027407,-0.14604065249257595
1349,-1.0474418030876071,1.7176602730864483,1.6865562473676512
1350,2.111558607579137,0.12357387843094637,0.03618161105898403
1351,-0.0754794868233484,-0.4631583380235616,2.204595383731065
1352,3.059698078811576,-0.06176912294173563,0.7839290071484243
1353,-0.7012608621726306,-0.8562830419040929,0.7466704770403337
1354,-2.3423963991680643,-0.6237075661379661,-1.3271642631685638
1355,-1.391694739847586,-1.253583759580434,0.6656354843846074
1356,-1.0901103629234599,-0.08615282571560268,-1.3326158715432657
1357,-1.073887068449791,-1.3599757700192305,-0.14569322707553106
1358,-2.6438989449591577,0.9370133546504361,-1.198199468775526
1359,-3.2834447946153116,0.8480093997973988,0.42735286404629674
1360,-0.46785753971686894,0.6817933498578084,2.6724821687818476
1361,0.6065969505093078,2.047467169454117,0.6580853105475925
1362,-0.7033759100572748,-0.06966900478689547,1.9080538139170065
1363,-2.085672003660347,2.1289472045894224,0.9264958060077833
1364,-1.97096920819118,-0.6716892600901133,0.4244384617937646
1365,-1.1119391962666147,0.4760356853021541,0.4209737153717881
1366,-1.1693069655335318,-1.457036700712651,0.0028357041421303527
1367,-2.1862602430202323,1.8365954134160007,-0.4281262499793915
1368,-2.4351969243450626,-0.41966173929830697,0.00436073808309059
1369,4.323588046100305,0.35076499823812823,-0.10186718454177643
1370,-3.2778508730950247,0.3969210528745282,-0.4520252198060742
1371,-2.783496424892755,0.6392423910809353,-0.5234185428502859
1372,3.529535240759567,-0.5107998504417723,-2.138882380430727
1373,-1.8239957609475415,2.2117647965364053,0.043157242995418
1374,-2.2071000512581844,-0.061021994262422725,-0.5939293687210174
1375,-2.443428851727151,-0.8829152734890299,-1.0182654872700412
1376,-2.3842713430378137,-0.3804759436028022,1.331485186062578
1377,-2.6414853248576233,-0.7433991017955512,-0.9784490762110492
1378,-0.39287340023582457,2.1539117652912254,-0.281005858097793
1379,-2.764604901493624,-0.9854798999899075,-0.48885067162100765
1380,-2.0745971439178024,-1.7303109698638182,0.23644174307309734
1381,1.172580866118102,-0.18706925532152413,1.1835389191012127
1382,-0.7388575834520339,1.6208511732135769,-0.47915923467828275
1383,-1.6873416803698273,2.4763534133009255,0.0918343880261336
1384,0.17982865280337312,0.5230677436087895,-1.0227622665912754
1385,-1.800260698512024,0.03206100669166525,-0.926466506015694
1386,-0.4617945383267593,-0.13198364074529575,2.4403944798920367
1387,-0.17429142398260006,1.843473587881877,0.9633911808417294
1388,-2.5577271807062085,1.8478373195291846,0.4602526139628887
1389,-1.2682657772600574,1.0943154304572527,-0.0018114465749868496
1390,1.1418287706530517,0.8752834609676557,-1.4470724045470693
1391,-0.5318944633482289,1.3651351535905711,0.28264216717284696
1392,-1.9167250164162628,0.8213511500977699,2.4223678668767596
1393,0.8452837078452778,0.6046206849494199,-0.2036073923960707
1394,2.95389503070635,1.453793148404759,1.332311902232304
1395,-3.017214833121835,0.3813022131469129,-1.55613340754824
1396,4.308650560507949,-0.07913835441677627,-1.6526631774385454
1397,-1.2103763565700671,-1.2044066559741071,1.0668782875454865
1398,0.4538925973022882,-0.22870803357443764,0.6863005249566869
1399,-1.5346847192055997,-1.5377369811805617,0.027849078348990555
1400,-0.47366994311732386,-1.0385266482582476,-1.3352515078890042
1401,-3.456163714501373,1.7549127771523716,-1.5329492241554348
1402,-3.1272391778377076,0.7780934974521084,-0.8363974785257058
1403,-3.8178234858069438,1.2181127372272276,-1.4603404716466295
1404,3.000400384472432,-1.6359207860556333,0.3528075183252577
1405,1.9542253709135136,0.9511898701414255,2.5385361189548226
1406,-2.202694388156772,-0.624756709943394,-1.3380524633989934
1407,-1.7320607341333654,-1.2949877546929074,-0.26491302756234003
1408,-2.141952545218871,0.028184484245954208,-0.2819992126662743
1409,-2.4951173801420405,-0.6391778769516113,-0.43602452249638246
1410,-2.4207764480708724,-0.6898112033736175,-0.8895753979209005
1411,-2.518318285937529,-0.515094308237189,0.08572220947186059
1412,1.2158471086941014,-2.335408409925516,-0.06326646256043122
1413,-2.540631850027283,-0.7882456945679754,-0.4579931392382526
1414,-2.1933770217811293,-2.2279414100095463,0.31599175877834623
1415,3.4013010766589598,-0.4637996247745481,-1.3955406261419354
1416,-2.655237517082632,-0.5625565067582092,0.05425890288731791
1417,-0.9246940064977376,0.8213770885520943,0.46392359454580345
1418,-2.960983220270795,0.5978477992860958,-0.22506789802909058
1419,-1.6873416803698273,2.4763534133009255,0.0918343880261336
1420,-2.113476911181552,-2.138392708132666,0.22971150788298297
1421,-1.0241002531093693,-1.537624501086722,-1.6892638709413947
1422,-1.7288142040765444,-0.18402220255153887,-0.2889960109206018
1423,-2.7622433440686796,1.5116393003693618,-0.7278495563672582
1424,-3.005502163956886,0.7525565705334369,-0.8725546005635502
1425,-2.075450429068521,0.1253266976640685,0.8006118631698456
1426,4.998811843865309,0.11777410449243601,2.2541990604685376
1427,6.965139946395614,0.8016352010123706,-2.1725233893646103
1428,-0.12334436470096999,-1.0099119344027656,-1.3911061330587788
1429,3.1566897230567315,-0.383563617956438,-1.2093329490759646
1430,0.43544096062959975,2.0559804211350663,0.7994121355525754
1431,2.580183379809652,-0.5994697485546912,-1.140835020733033
1432,-0.08458064695691002,0.6500119984649438,-0.7576937371119659
1433,-1.4601651265007978,0.3905342381472606,-0.22567712998218623
1434,3.0509718569069455,-0.9015725511590371,-2.6980319487110767
1435,3.907298760080746,-1.1545725882169158,0.6714587508595996
1436,-1.9672783012560204,-1.7622978400884608,0.4099183029638662
1437,0.295337347567912,-0.4665316080580203,0.2682897261544366
1438,2.2900879057184764,-0.9529280051196147,-2.020943727541667
1439,-1.0978956440614918,-0.6990731475145396,2.016296721378392
1440,-2.816848016168858,1.5221962855627316,-0.09845684670661385
1441,6.6326832317165625,-1.1456799732834044,1.2403314003083974
1442,1.1890501653642003,-0.7442556803675031,-0.016992425495824054
1443,-0.06801579758332743,-0.012352263148930346,1.6104575364262117
1444,0.07901375799532795,2.12094125897312,0.15087081459285506
1445,-2.646539348662769,0.5805844954925113,-0.8660193442910432
1446,-2.586529559878555,-0.554180980969082,-1.1541065113982742
1447,-2.5685207590135835,-1.0001550460480848,-0.421719021355534
1448,1.162346858785689,0.35764919346775403,1.3505414705326213
1449,-0.4105543470705526,1.632119097855271,0.3419570646567085
1450,3.8139008923261275,0.7887680251508695,0.047339795395287154
1451,-3.0291115367960373,0.6421940935807141,-1.2151706259916244
1452,2.576843046113508,1.8901592364561808,-0.38105246262980996
1453,-3.0956740688769724,0.8046888502507231,-0.9079042594892817
1454,-1.9027607938291933,0.40263836266352904,-0.184036258610579
1455,-2.01557933479369,-1.6032653192050548,0.7121480976193179
1456,2.5882395551780695,2.235630226126834,0.23540651286597603
1457,1.6452983202892195,1.6085237008944346,0.08658893706171905
1458,-1.789423058556979,0.3096461240285015,-0.20819419386352314
1459,3.685106942385027,-1.0704969745094493,0.670341904907613
1460,-1.9408413576794492,-0.49816898145104765,-0.8490203934886178
1461,-0.8008249773912381,-3.0210797434515593,0.6615902952376628
1462,0.5790590086935474,1.2300317003146126,-0.048631850921086954
1463,3.803409037586378,1.0461650105387552,0.28106949489652955
1464,0.7507681777970803,1.8440884658961074,0.2387048616757493
1465,-2.725570236111315,-1.127668071345695,-0.6301972469927906
1466,-2.547784780015996,-0.5852038702885409,-0.6862565704360124
1467,3.2399460013465093,0.7951411391915559,-1.727514887514613
1468,1.3634908805168429,-0.08747227612881123,0.7829393627487673
1469,3.0343672616689226,-0.6205898013843677,-2.010215637818313
1470,-2.203958435178893,4.10524856403925,-0.47882991267721864
1471,3.9541805260466525,2.5852540282216285,0.20781537906538106
1472,-1.004458925317823,0.801951923180788,-0.44582897182810355
1473,0.09179749154396319,3.634729515206437,0.9603494162998859
1474,-1.8177784382708027,0.9281174214175193,1.7158031066842914
1475,7.408822672228496,0.26229097760307846,-0.6020922339526317
1476,-0.22455450204101068,1.6335154674488406,-0.07015160765776103
1477,-2.2675772164573047,-0.638587655432882,-1.1054857686307473
1478,3.759652335914116,-0.1994255483092585,-2.856336638526814
1479,-2.0682004872591517,-2.034769789824927,0.36660005442673393
1480,0.5858295608165872,2.1328807073787774,2.3294887880617514
1481,2.5736368774087404,2.1419815676901646,-0.21586334030975077
1482,3.1137887420425443,0.05732057632029323,-0.2553850814681881
1483,-1.3144069423345317,2.916363469115411,0.5319995709962257
1484,-2.1933770217811293,-2.2279414100095463,0.31599175877834623
1485,-0.6240559017867894,1.5540408060119206,1.4432590696708687
1486,-0.8388037291726956,4.947862169631056,2.0106382146385338
1487,2.5263169757899537,-0.6102006778350529,3.336945099612876
1488,0.7803703531249999,-0.9305527920123201,-0.26246978589735476
1489,-0.33484199519490754,3.501831554149484,0.16102534671529553
1490,2.8224779905287263,1.8384041756562737,-0.7148715589907414
1491,3.559824595820213,-0.6726369088568322,-2.4031503448331577
1492,0.5619391086258576,2.073929259017499,0.42407272741198837
1493,3.380087887137293,-0.9655324144348567,-2.393752788830382
1494,-2.174888211391747,0.5408046963806816,1.620529704397572
1495,3.8403406529695068,2.160001037853392,-1.0801608788418446
1496,4.741174234444527,-0.43831526267998966,-2.1894778999080837
1497,-1.429492690668298,-1.9239420487406658,0.576677395285446
1498,-0.6426941573564179,-1.4391415439525137,-0.21779741551772835
1499,0.29071421620514637,2.2496103881310385,0.7216922416322269
1500,-2.1461300525042817,-0.7126588398000581,-0.759833985726939
1501,-2.121111381584926,-0.5741594325194823,-0.7971698102924385
1502,-1.3856804408832704,-1.3212637864618746,2.0247611921346556
1503,4.926475906636569,-1.434170263931066,0.6945635293256857
1504,5.076064745476351,-0.0333588100855739,-1.8707429075837756
1505,-1.8029065864310887,-1.9365176358016065,-0.07420998538347016
1506,-2.431739583591532,-0.7000160173915427,-0.99195270345334
1507,-2.717307464861065,-2.3384563433503156,0.6959873355910431
1508,-0.7892111295805767,4.480808674145529,1.6778205995789026
1509,4.582278500046714,-1.9061884689957542,-1.9976689403860952
1510,-2.669793872889841,1.6430526676715222,-0.2903103084915881
1511,4.393504801182523,-2.194213531076074,0.8588704459148858
1512,-2.323189439724511,-4.5678695175960456e-05,-0.43951768399745156
1513,1.6940605727256333,1.8464720448392022,1.2353671649730547
1514,-1.9636433827372057,2.4580448524599765,0.6549390484682541
1515,0.6687125531968872,1.0515931222134145,-0.8958994849311694
1516,-1.897821281940547,0.5252353416404426,2.223224297458604
1517,-2.0607218607388234,-0.36536536580878465,0.01609043365577506
1518,-1.444509722030506,-0.5084162575916664,1.9847462728152485
1519,-2.5612125223359277,-2.4008169396807433,0.1715043464192598
1520,2.996013892614499,-1.7802672812969647,0.8187578308595908
1521,0.5173445527493961,1.4988820774313063,1.1837200373445063
1522,2.019956871616654,0.24958878174770055,1.4836198874064415
1523,-2.3462441886752834,-0.8457111787072911,-0.9607811030314558
1524,0.8882568900952571,2.9343466788448715,-0.43225338104887057
1525,3.8785675882626767,-0.3379740372091818,-1.831685253252097
1526,-3.0642526498900775,0.8439865687055736,0.1836409242310412
1527,0.4082469900434768,0.37636994325342915,1.8166567340122017
1528,-2.0690294498419934,-0.5950066473575316,-0.24006416001299186
1529,-1.6907545691178265,-2.2198919971455675,-0.33550598004067406
1530,-0.5625110094712421,-2.3330260375234544,1.9982083419915897
1531,1.1467971873862106,-0.041158456788514104,0.5649338697000889
1532,-3.08043182975217,0.39645782810263264,-0.5172508567881853
1533,-1.4920025797272614,-1.3420494580944953,0.3210024621477584
1534,1.2213565104822373,-0.9721170659607157,-1.3318571070349439
1535,2.3660098469446664,1.0121289995094056,-1.447091150016219
1536,2.294500701213139,-0.3513829726665003,-1.6552291564119652
1537,2.057656370716233,2.261368308206604,0.11403818168545508
1538,-3.0436156832935066,0.8168309985160491,-1.0155985785662796
1539,-1.8287858489189102,2.8274454020056248,1.5630250501639913
1540,-2.145911443475396,-1.889806228823122,0.5079546186079535
1541,-2.9305236601351115,1.6565811707917708,1.058060816614806
1542,2.346516933299254,0.03711438768053398,0.7099739229849582
1543,-1.7288142040765444,-0.18402220255153887,-0.2889960109206018
1544,-1.812836693559599,2.3328191508985916,-0.029862874382664068
1545,-2.581362368953705,-0.7985786810568596,-0.0748123809241458
1546,2.831798504296613,-0.8755395205410574,-1.8742164150256757
1547,-2.2234534247849487,-0.7516333880858239,-1.273583523358961
1548,-0.5127734396653656,-0.442563679292063,1.4026809955126684
1549,1.6799534835071739,0.6552006557688088,2.0519518898660385
1550,1.1897309172240222,0.9377538130178661,-1.5482763378243305
1551,-0.6801362595685349,3.1581390029654384,1.3587848797266624
1552,-0.7923432594260674,5.74677159658384,1.1848560229501268
1553,3.7936115521888154,-0.5470849782579087,2.690908019096833
1554,-2.9348368935191673,1.8987384949524149,0.03980621172797297
1555,6.894629617612518,-1.5451846428504152,0.39505811508189675
1556,-2.530125173994358,-1.0649788172449082,-0.8509340659956437
1557,-0.6240559017867894,1.5540408060119206,1.4432590696708687
1558,-1.7235278570561103,0.7968015198803049,0.43497522470032707
1559,-2.1425381414966562,0.297948588912024,-0.8219933936905677
1560,3.193775608809815,0.2000455118938592,-0.123895082943659
1561,-1.3900080704618103,-1.8505611203051255,-0.643114252934767
1562,0.20817971034539498,-0.9938272039673928,0.6446527409180173
1563,-3.664414739017404,1.727697791704664,-1.5500367104644774
1564,1.8796208048264424,-0.359622579120292,-1.214041877448472
1565,2.2058685839197927,-1.6660511114394816,-0.32743530358477696
1566,-2.128681027594781,-0.37027697550334576,-1.3434111614245465
1567,2.6338375461321735,-2.1054141176421886,0.5697286843306582
1568,-2.301308986767983,-0.833665677453679,0.9615448881859341
1569,-1.87224750625709,2.0919168175921024,0.7331438863158201
1570,0.21182962684654227,-1.3554436708343935,-1.9717145307157204
1571,-1.945484471674947,1.099234518597332,0.6967531403150599
1572,4.119414316576599,-0.46512714930941423,-1.6586910617452304
1573,-1.9978817130308306,0.11796885582102416,0.1794391422322476
1574,2.691504091599505,-0.3562056801943241,-1.9917833862326506
1575,-2.395211310717232,-0.8559714750233924,0.5003873000179252
1576,-1.3880803559739454,0.46017991505641054,-0.45763195296938286
1577,-1.7281773212074802,-1.8186476113097971,0.11727212695882507
1578,-0.44910094607546786,-0.027654459896443172,3.016348409971569
1579,-3.267300395325859,1.5368300240693504,-0.753223126148664
1580,-0.8712428440669443,-1.1220679600304413,1.014375988480784
1581,3.143739063408147,1.1030010038747655,-1.0856175130154315
1582,-2.4378168887786726,-0.9423203335344685,-1.2422409067074078
1583,-0.4962747862157538,1.2299750606489508,0.06232725454775764
1584,6.9159274545345,0.9369877748916153,-1.354944438303964
1585,2.4622243705020304,-0.991017858634685,1.7754796863641418
1586,-2.857918184995609,1.0572774851351239,-0.9881318050653429
1587,-3.078631169535634,0.8151538336513954,-1.4217203433836223
1588,-2.7394913950408384,0.7776305790003046,-1.0561323019479867
1589,1.712474932515644,1.6044251694799625,-0.3918679642588854
1590,0.5352088937416888,-0.32510368820997887,1.9490639665654172
1591,-1.176881880390865,0.8709043803425618,-0.378084556129197
1592,-0.5575589733342201,0.08530118701045838,-1.0654138629413146
1593,3.8049974541099227,-1.5290852900753853,0.46830118760415074
1594,-1.9716861325456487,-1.8897752243532018,0.24037026578142734
1595,4.477669713020213,-1.8207511549533304,1.0055466236285275
1596,-1.280326400659228,-0.7827870967165924,0.8326307858042228
1597,-2.8366290245866317,0.48472096011001115,-0.4613706781028296
1598,2.0533468735857343,0.6372066999402489,-1.8730797716575014
1599,-2.630370060013327,-0.9774123342879082,-0.9328874595765989
1600,-0.8300862291374781,-1.64241244552562,0.1561995951518912
1601,-1.0060860704541308,-0.17677470734775563,-1.4177871457081426
1602,1.187721739861024,3.3500036145419925,1.4857720392708724
1603,-1.714088917078889,-0.2944963687961247,-0.35246799456721073
1604,-2.238148775615706,0.06439269010111648,0.06560156776468112
1605,3.6078010847385187,-0.6622697768913195,-1.5021500087028536
1606,-0.7158703332412538,2.742620727488529,2.3396512260372617
1607,-1.803607386963346,2.0161624951219492,-0.3787195420801235
1608,-1.5889462142576796,0.17393460084350557,-0.700808652467286
1609,1.9179959117023977,0.607541621162413,1.3268911601873157
1610,1.772868893241186,-2.070035068647085,0.378337210305409
1611,-2.2955914167730302,-0.5243077464151595,-0.04424436665750839
1612,-2.2128967612252435,-0.8183059892255256,-0.8444247408965647
1613,2.388961082050156,1.2224305694472875,-1.4549613012599776
1614,-1.6827446431421795,0.23314215203271602,-0.5007565605408164
1615,-2.5822300669715665,0.9811792316888274,-1.2129265436608916
1616,-2.672295698452928,-0.7956633265912575,-0.6397269390254968
1617,-1.37041024073518,1.773384628516057,-0.8922979557033148
1618,-0.22436383070106897,2.1548972521395737,1.0244699992601731
1619,0.22706674148610068,-0.19431100757914735,1.1649566653916075
1620,2.4640997884686007,-0.07631419877012496,-1.4257627869966831
1621,-2.900233350393829,0.5980683534954875,-1.4463932492073115
1622,-2.4724596088845123,-0.8017685842420534,-0.43518785406185645
1623,-3.0480711025373006,0.3093836768542049,-1.4620405267122316
1624,2.231262762134752,2.4493291967683684,3.5619474904016575
1625,-0.48547870366840473,3.305412011309866,0.49471664451656355
1626,-2.6540608333460773,-1.0200491646280825,-1.0490370841779881
1627,1.509849665518996,-0.06914659594568837,-2.0547623656545744
1628,-1.4664132912806769,-2.8245121985896047,1.2526247250231373
1629,-1.0274265836037588,0.15012778898648865,-0.7241417047305931
1630,1.6119598821983028,-2.1477821444826652,0.42615450101017666
1631,3.421498834436985,-1.600769252247262,0.9331224141733436
1632,-2.010248962646852,0.1549448520075705,0.09464638262492661
1633,-2.4569231628698462,-0.4093908031215623,-1.1040580601848795
1634,4.231397120048003,-0.733829298164145,1.4952332925769758
1635,-1.973242837096186,0.31906449237028317,2.229310800476552
1636,4.691440428737234,-0.11309145739673888,-1.1756808582710971
1637,-2.2128906947050493,-1.2355900040021361,0.9107511873859938
1638,-2.0428970783362215,-2.1554509478291894,0.05167707119003981
1639,-1.3811588799783951,0.6473493405909145,0.1530445312689731
1640,0.9159090770547144,0.7144345442668957,-1.4491816455204878
1641,0.24661171068932014,1.541762388962789,0.2763603686067957
1642,4.229299513930987,-1.892050574678433,0.7400542578583332
1643,-0.9321732655988392,2.3130455655009325,1.9201631688609726
1644,-2.070841910381228,1.7802324686657187,-0.6681088113994016
1645,1.154795527707044,-0.5506058002300659,-0.06368922454694982
1646,-2.3402981410147947,-0.09989297570920479,0.2776459391469548
1647,-1.4629750274757205,-3.362513333747384,0.8130008266260726
1648,-1.851623040373292,-2.089509158351038,0.6387390944738129
1649,-0.21132178470247567,1.7052218508479202,-1.0102716883108211
1650,-2.888093791532538,1.1639852662335815,-1.0224981088658438
1651,2.4350400129897882,1.296393083006649,-0.8873056973719797
1652,3.6234364344893906,1.857933031950503,0.09527717849200636
1653,-0.31199572307149054,-2.6725916447142133,2.3118611522361077
1654,4.541876674025193,0.07476644823755253,-2.3924515509403426
1655,4.827551641027297,0.003998160930943184,0.8006539186544687
1656,2.26119682261214,-0.13511130539688873,-0.5722235814706086
1657,3.7912546478896427,2.5234096518920106,-0.47440351705449
1658,-1.7315896652304386,-2.0847431030135293,0.22522807020431845
1659,-1.5502239501536883,0.43001793541633515,-0.20005359882937268
1660,-2.3550396899871666,-2.266525820568266,0.9894341653768199
1661,-1.1161155263469607,0.27732135890074167,0.2899663460858644
1662,-2.3211747590331377,-0.8925182768820159,-1.1352987028105566
1663,4.1040649177016,-0.2458629725277627,-1.6786657179075104
1664,-2.607745516296918,1.4127526130353132,-1.0523849382506212
1665,-3.099145550983632,1.7370674104768458,0.35021852444277324
1666,-2.845470688472965,-1.278721285850542,-1.3322320757348527
1667,-1.2130528451072193,0.5924051872793767,-0.8892668679795742
1668,-2.927677321384832,0.49937604104522876,-1.788492934911755
1669,4.221312068776188,-1.3972393608090818,1.8822230914950473
1670,0.6228572540087721,1.494477058442596,1.42587816834885
1671,2.0852349011175186,0.41058774506419254,1.1412156415242207
1672,3.3971153831278507,-1.7683124433447939,-0.21472675896848567
1673,0.21887879611530878,0.22897324087362692,1.3586873603088916
1674,2.998273466942607,-1.9030806456448954,0.2978814671759496
1675,-2.7623009487433743,-0.9178813338666483,-0.21699565758885128
1676,-2.2188742769082257,-1.9208094455954823,1.376363493767778
1677,-1.8137653640079459,-1.8708033787363822,-0.22862925860665154
1678,1.4970677146476912,-0.20399614092521975,-0.21970672977187872
1679,-2.939211531962627,0.7483174677613371,-0.3342943668451601
1680,1.0634817003217396,-1.0795391860744834,-0.08152705925652949
1681,-2.5052970085410857,-0.25408334793883997,1.337020334468439
1682,4.190862957526667,1.3656745470892087,-1.6486581969439742
1683,2.2306330802729306,2.275158920230605,-0.020085509952897485
1684,-2.927857176860374,1.1715154970020702,-1.1035619492185325
1685,-2.157126249369852,-1.7860107013335564,0.6304069740008496
1686,-0.6855863208835534,1.4420554212697259,-0.10087952434663593
1687,-2.0309645601110224,0.19687449055084114,1.4018161032571448
1688,-2.076184537802156,-0.3168638867636147,-0.27782639421437677
1689,1.4942174699097543,2.289977207470683,1.5393163740113551
1690,-1.0644550178683538,0.5863506225228486,-0.026086101621485985
1691,1.330036249659575,0.2285127951723362,-2.2678331024623284
1692,-1.3798212982325466,-0.3288949656676007,-1.411404305116637
1693,5.221992566916765,-0.25132540042416274,0.24755830415803218
1694,3.19832427550937,1.2631774567361351,0.6873189922196674
1695,-2.147289529919918,-0.4241937975961597,-0.8083955954868326
1696,4.546543387496683,0.13546654845135253,-0.9716541957876913
1697,-2.2495239962726057,-2.4431306634888172,0.32035628444450215
1698,-0.26138951168526436,1.531362779172737,0.408675176451884
1699,1.5158646430675076,-0.1031079938736721,0.35911861798691835
1700,-3.2076377608468567,0.3748828405785302,-1.431594823225988
1701,-2.250227702257843,1.8436556701119438,-0.5600006972593997
1702,1.4648806770497655,1.4616878899430759,1.2561397896160893
1703,-2.847383073551214,-0.504006735259761,-0.16935386281933285
1704,4.813709482117069,0.04915151745473469,1.0743884944856814
1705,6.193932144991817,-1.7162596772151386,0.854601301645422
1706,4.42162163282152,-1.4658824442909633,0.35822033563658484
1707,-1.0139687994744895,-0.8958319643860568,1.7792873401872442
1708,-1.99138362487363,-1.923783359472477,1.2210365406727304
1709,-1.9274452608686137,2.4294712868519404,1.1749614530333237
1710,-2.1171927235742154,-1.7047815314135975,1.197317122194741
1711,0.8882568900952571,2.9343466788448715,-0.43225338104887057
1712,3.92120382989024,2.122498230990085,-1.4804864020291069
1713,-2.8349115188945238,0.7529432897973323,-1.1947428915817566
1714,-1.7320607341333654,-1.2949877546929074,-0.26491302756234003
1715,-2.289088077841406,-0.18308203937818412,0.6892865720088233
1716,4.597172911065825,-0.2847083451769566,-2.0229053036914513
1717,1.3861211419150716,-0.7992611127009511,-0.08181876952741073
1718,2.4444717853829854,1.0480182136002172,1.392990682069587
1719,-0.09301057577399147,0.30323453220051044,-0.3515545725071439
1720,2.3793432118319067,-0.215400525907864,-0.6528824879679131
1721,-0.9826225012999631,0.6874829676686356,-0.9900288665928035
1722,-2.337176613795235,-0.7674962058735415,-0.8881593921880375
1723,-1.453084921051872,0.05380283813717759,-0.9947770149320033
1724,-0.9644383662521233,0.9871023570315195,0.32511700692290463
1725,-0.5062614835345104,-2.631116454480192,0.8869941909010459
1726,3.8038089177919763,0.6191550796314129,0.3144200885375075
1727,0.2972016027041088,-0.16480772986178527,1.5758633139521903
1728,4.1955097414518345,0.4448373785457798,-1.4173745442931391
1729,-1.828919476375733,-1.2544502151196564,0.17187867960241046
1730,2.059182191012617,0.27228779192130614,-0.29878285085893613
1731,2.1599549658632524,0.23266794847049874,0.16862416102051192
1732,4.780533537078323,0.9046923541363387,0.6256929958604992
1733,1.0250484766834684,1.5771871464867304,1.6180172594908893
1734,-0.7933765920547337,1.2817704698349104,0.6178724851048992
1735,-2.136676455353657,-2.435167449573984,0.45931496905823704
1736,-0.08110985576348487,0.1805024470965898,2.882540864472029
1737,-2.6152454231743754,-0.012105212835030988,1.2336250990903244
1738,-2.9042806768914042,-0.2306996079943324,1.432430457481223
1739,-2.6809897921116392,1.2304768032254927,-1.0584859347539295
1740,-1.2994861809523046,-1.4854960086883633,1.6432268672592956
1741,-2.9685218064024377,0.8305687963086649,-1.3527600755348348
1742,1.6319650080763897,1.018760929413955,-1.758730391497417
1743,1.1843791241311672,0.7364834128007406,-1.6526642291622053
1744,-2.3547986542590014,-1.8494346085387952,1.393564545165935
1745,-0.05188823096508442,0.2891899465548427,-1.3030636197016652
1746,1.6856649421969359,0.8594253567285698,-0.9857199315233073
1747,-2.485770584827507,-0.7804372791343172,-0.6684165715289094
1748,1.7858661493365307,1.6989120557488795,-0.890543580994084
1749,-2.248683286731073,-2.4049292606431383,0.09447763514104147
1750,3.139433956882614,-0.816257376546695,-1.8471730269230662
1751,-1.8505438310716953,-1.9328188645758864,-1.250689714471153
1752,-1.4598114278791627,-0.10934617035169016,-0.18654684615381006
1753,-1.647976844902125,-1.1965773827326747,2.470397762080808
1754,-0.8020208942454726,-0.7666884492529248,-0.45576931639904866
1755,1.9576743774974226,-1.7565560655488597,1.1238695471902007
1756,3.028096972791669,-0.1661852225951469,-1.5153692016767495
1757,-2.369228230063056,-0.6655465053118638,-1.3141610934058783
1758,-1.9274452608686137,2.4294712868519404,1.1749614530333237
1759,-1.6551844054512204,-0.8011437565532374,1.658871426210595
1760,-1.1725423010802314,-1.0081719553096151,0.4847812628130767
1761,-2.1654844146430605,-0.5834170805437341,-0.501299227196387
1762,1.1775715142151253,-1.419116470967335,-1.2010720025550332
1763,-2.163326313275217,-1.7177789939315276,1.3827933863385602
1764,-2.327152094554629,-0.27589174627838936,0.31733970914867554
1765,3.036805480244629,0.2614292956290336,-0.7088171714192714
1766,0.8748233891978746,1.2306158923754411,-1.0606908879759502
1767,-1.6740175042609151,2.091286462941707,0.877613721758332
1768,-1.6901437223610496,0.7841618902332994,1.6252542894677675
1769,-0.6878734352714245,1.5095680100225675,1.0022068297195215
1770,-2.0768825832097226,-0.7361393282559171,-1.1068343554261597
1771,1.8347878900824677,4.904511435884063,0.6715511810139577
1772,1.9016150453458673,0.6222890177482048,-1.6340538641927163
1773,-2.665014455383213,1.4873947975707873,-0.5877979188333123
1774,-2.509450959908472,-0.5198343050635987,0.18640706736574808
1775,3.526613714878881,0.15993771911287183,-0.4255721751724762
1776,-1.8029065864310887,-1.9365176358016065,-0.07420998538347016
1777,-2.0701923909351057,2.3658326081011776,0.07042720789454461
1778,-3.0076677550879745,0.7269395094574971,-0.7743916658073846
1779,0.10706521475976112,-0.9046804130914274,0.19297692229233937
1780,-2.003326783283179,-1.8694408968634812,0.14455847519685808
1781,-0.32769230580158665,1.7774764040987157,-1.6443194058881732
1782,1.509849665518996,-0.06914659594568837,-2.0547623656545744
1783,2.819251356765325,1.1244924318937721,-2.3030860351728877
1784,3.8071431861999425,1.7165080310860459,-0.020913347623341978
1785,-2.0703169501733516,1.6895307122890075,-0.6520276603759538
1786,-1.1607243597825645,2.076751417810137,2.8019577463683736
1787,-2.695509126831755,1.1541257908592935,-1.072456295854288
1788,0.5619391086258576,2.073929259017499,0.42407272741198837
1789,-0.49696333526831815,0.31831799522610793,0.4793474031250487
1790,-2.736188698045839,0.2647905591130415,0.7984055326356495
1791,4.192571155438316,-0.5589196586168413,-1.811993665346955
1792,3.870865327891018,-1.3089292064649074,1.1876151095476464
1793,-2.86907548086143,1.1935740016852971,-0.2092480922428105
1794,1.161258477117731,1.116147790153788,2.2202405270548193
1795,1.2026663535712667,-0.9285397869880151,-1.4478420599070818
1796,4.160084074669199,-0.8486924319795816,-2.125490568313779
1797,3.6535653482367176,0.5989338303580072,0.20952941325866814
1798,-2.70547878668582,-0.9203172072971454,-0.7378148943759142
1799,1.0761656706497809,0.24884491516424434,-0.6290636734545647
1800,4.2972398470260265,-0.8794524273990896,0.49972554439209915
1801,-1.1458378496074637,2.2033938449313917,-0.8192784289364311
1802,-3.2344534496309483,0.24609656146601885,-1.4143308335470437
1803,0.8414086444195021,0.902638341930182,-1.556086014473368
1804,-2.53178858453114,-0.516258825801756,0.589291668109538
1805,-2.4531873578852035,-0.2128779135650337,0.784693309263857
1806,1.6597243986778176,1.4097797821441937,-1.0277920081747907
1807,3.5308335524437475,0.27801273186796055,-0.5066302893524587
1808,-2.514949827836174,-0.6135212518585007,-0.8698287560206883
1809,-0.6317615734277329,-0.7754846298994271,0.7113452867527226
1810,3.9352101785215545,-0.45752317628016426,-0.46380467299678024
1811,3.6384453518277855,0.36846299831890844,-0.8496709126516904
1812,-1.529558689234956,-0.06972835765068182,0.3095051221608027
1813,-1.8544176083051291,-1.8728865552439908,0.608463133533948
1814,-1.6214102257440905,0.6376814981235325,0.12040728710769869
1815,0.4579745738758833,2.7720959625232617,0.9684951676925099
1816,-1.586418888106153,0.04544808696401812,-0.9608110561572852
1817,-1.8960314876063566,1.4147023232594844,0.06337636459478235
1818,-2.6841636582892567,1.222613057319942,-0.050645734765119736
1819,3.3760742364972063,-0.5083888352690172,-1.757017683674331
1820,-1.1633916785351566,0.8056941297133722,0.2587966460252204
1821,0.18644866195148624,1.3672522107670975,0.6661037992684367
1822,3.1775046194762915,3.1487295793741406,3.75777138780312
1823,-2.081916549506044,-0.015972274114647463,0.020565483250893985
1824,3.682952642796835,-1.4811418300533072,1.6008064490676914
1825,-2.2608029937800294,-1.8168351358617378,0.11528102701764219
1826,2.0679237957853496,-0.36689621560681035,-1.3020540378248422
1827,-1.4940977233846557,2.158586576588114,-0.49029614129399973
1828,1.8990403105071894,-0.4181151340029708,1.7459594024051779
1829,-4.268442824846053,3.4278275206363698,0.988307158462244
1830,-1.6727506677230257,-2.038939933734747,-0.4779245074659666
1831,-0.8189322023211412,0.6112766873801077,-0.3234806660918652
1832,-2.2625689849482242,-2.0914620131388455,0.19842484180177367
1833,4.209139646470987,-1.431593827679283,2.817721114815521
1834,-2.6419346829257035,-0.6523512112161041,-0.7860527816987662
1835,2.9355931454528856,-0.3340422194459031,-0.5302361632483533
1836,3.414356479400524,-0.294723248218276,-0.2111308825141936
1837,3.2130499177209653,-1.8746431017601608,1.0837131356531473
1838,1.6330263796198154,0.7103399769015685,2.2329619729148376
1839,-2.540175109246284,1.2730260936862392,0.5833164901653561
1840,-1.795808887749596,-1.7624898977236725,-0.5266377670457898
1841,3.2689518776633446,-0.08274707509350102,-0.7469097186786898
1842,0.34470914269717706,0.6077626218108292,-0.29072196496473557
1843,0.6261055993365121,0.7081380061254042,-0.12278619600955971
1844,-2.0313247787872486,-3.555486764722074,0.9448160974841364
1845,0.20372407576907545,-1.2974600686388473,-0.05469997095360428
1846,1.6313247455896291,0.38158191897944,-2.093183775712535
1847,3.6867863704303296,-0.08942758047986742,0.9780067270929255
1848,-0.06093432792965319,3.059009967020306,4.050105501533235
1849,-2.971831796720544,1.0956318821234596,-0.7421000436184498
1850,-2.199527959587555,-2.3379590341858774,-0.09611539823139585
1851,-1.4835345469349144,0.8440378902208023,0.8263629741525071
1852,6.691828643686997,-0.06684167948038755,-0.37496863031738903
1853,-2.221472381669182,-1.7613953079405273,0.3256975581825008
1854,3.4997336223999724,-0.02588379568991387,-1.1138102075938479
1855,-2.5397140549773867,-0.5434629935371486,-0.2178629656680767
1856,0.19182490025531154,0.977129239906805,2.4033918122877185
1857,-1.7700798245443474,-1.5862082583139714,-0.25458842297260526
1858,-1.6989238356762837,-3.7091675862692273,0.7790743783113391
1859,2.9738691880875825,-0.9154585631372407,1.892402718221401
1860,5.1273570766636904,0.05893855731131175,-2.676478353351434
1861,1.2891229288059194,1.5918577544075099,0.12466218380010276
1862,2.874950524337441,0.455186042329844,0.5829804440077333
1863,4.180207558911379,-0.041522143957157094,-0.0331946129798118
1864,-2.1794061107774882,-0.6869728948931035,-0.04618678312142466
1865,-1.6209669232046109,-1.5223922744268286,0.2925892889761408
1866,1.6985460772912662,-0.30380659464975307,1.1399385383987721
1867,-1.660010780143315,-3.580722586650574,0.24729562213376854
1868,0.04350541788859461,-0.90992450432563,0.8041470160678814
1869,-2.8504730079723224,0.631205671415194,-1.179890905000558
1870,4.626295100832944,-1.7379507904553582,0.36182578308887037
1871,1.0481581353692058,2.3448432833725996,-1.5812638228273939
1872,-0.7684752684109076,0.1858360318030463,-0.30521235208174197
1873,5.248297604392878,0.20344416250881817,-0.8877833424272048
1874,5.787996070277947,-0.2727990449861173,-1.5115575122275766
1875,-2.2488887349992077,-0.37764348767543293,-0.36721931900459887
1876,0.19804233123798845,0.8603922931441663,2.102217883234005
1877,2.0139043475858736,-2.469364369101792,-1.2637104752145947
1878,-0.910185376121027,-0.8653352769741945,0.45734355500592644
1879,-2.11932204077335,-0.5709807589262461,0.38791318123393004
1880,3.827183948633525,-1.1444942342953353,0.422631423064557
1881,2.6268199895528213,-1.8721395787621242,-1.2164929037229097
1882,-0.4516346352804166,0.9044911439326447,-0.4954822776278798
1883,-2.7290636904313925,1.0649637676916495,-0.2542290471794713
1884,-1.6820041756276092,-3.507816519711401,0.38767858316028964
1885,-0.16031123268913727,-1.4446926607805235,-1.2579148452545346
1886,-2.1173911138558656,-1.3399746760132203,0.6146767523744383
1887,-1.3248084210824198,0.05703115874944437,-0.2993712664945116
1888,2.1771967241897454,-0.35497414991361753,-1.397198914523725
1889,1.0808202656108348,1.599575887275374,-0.30576837876856294
1890,-2.354180183299553,-0.9110487139608824,-1.2850389464390484
1891,-1.6481989464911115,-1.3423053448516462,-0.27767605553900426
1892,-2.3049584164076324,-0.8008550909856675,-0.6946220012259484
1893,3.9149214034296635,-0.8097695187835308,-2.6932028977686175
1894,3.2940688028519842,0.38889286792386935,1.35142405800043
1895,4.020560563596486,0.1563238508960471,-1.0559525462157444
1896,3.626060899020576,2.2038592417763314,0.9846525745689207
1897,1.4134442898751722,1.5794302075017634,2.947204343867445
1898,0.37211538514396797,1.0186165899526682,3.7995587657959162
1899,-1.7717220338985291,-1.962104100507366,-0.08027060067753486
1900,-2.0214759107011195,-1.662975516743502,0.8581832173971494
1901,-0.8858804929754742,-2.878411201764914,0.9549642320300228
1902,-3.0478589474041056,0.7691714929596687,-0.5244412181126267
1903,-2.0775608910050654,-2.3997555068340026,0.26211039528595004
1904,3.1484590273252473,0.7299449682369684,-2.6425440700341403
1905,4.938238338483793,-0.6307393736530843,2.630536103449238
1906,4.371679640072666,-0.6101823567472562,0.9402137691404809
1907,2.4113417498417467,1.8424463107245654,0.42690444350345225
1908,-2.632782472367309,-0.9511305763442097,-0.5376254185968257
1909,0.6166259366560388,1.5662549052661618,1.4609109190088092
1910,2.359976635731226,-0.6406190894279573,-1.2231643354352497
1911,3.7359962534761153,-0.9848032609036215,1.3681487496303542
1912,0.10843646673712622,2.7917515801597097,-0.2994830927017402
1913,-2.4536785891228625,0.6095573035171687,-1.4238905626705554
1914,-0.3323445730744855,0.8561332731333399,-1.0321404396884777
1915,-2.6348856665798177,-0.5452750180923929,-0.6066464439344511
1916,-2.9716751069661633,0.6139849941940871,-1.229624521972573
1917,2.2547600058581194,1.4854748184041533,-1.4222294993854783
1918,-2.9804776827662,0.832004467545632,0.09690321467949688
1919,0.14725687147035887,0.04592372178068669,2.1356490962947094
1920,0.6064222765890883,0.4026852170264641,2.4593040163573336
1921,-2.568449926955592,-0.7268329888193142,-1.0988437996921285
1922,-2.363568493891703,-0.6732016494213676,-0.9455338533755923
1923,3.065789455138453,-0.2929019219795548,1.1165987786033673
1924,-2.326298127442989,0.001389169534920972,-0.44268266137439327
1925,-2.1018167420947376,-1.643924264535122,1.3047347792302335
1926,3.9364878242300354,-0.5002110008665136,-2.6289759700129824
1927,-1.8564673095701603,0.09443650297869169,0.017183166747514043
1928,3.1541211720608575,-0.7854489416968767,0.6275753657552906
1929,4.232462790647709,-0.3108319593750169,-0.8502776878661465
1930,1.583751701869053,0.0543965432581171,-2.3503491713965494
1931,-2.4068972710651537,0.04710538802182617,0.8614000571914741
1932,-1.789423058556979,0.3096461240285015,-0.20819419386352314
1933,-0.8093697922906561,-2.0286943372392225,0.8029748842034392
1934,0.19448996400003263,0.33363788787500975,-1.0982332005681554
1935,3.410517427158677,-1.324492715896709,-0.500527558743295
1936,4.255058326025209,0.2588319922787145,0.9448345012145272
1937,0.2062089210464819,-2.254163540255018,0.8801585333371053
1938,2.331068929908076,-1.6589054194939274,-0.051273329069897296
1939,-2.5588181850308693,-0.8507784130337824,-1.2172664098633224
1940,-0.22129850681346092,0.26221591036936787,1.8527890127298492
1941,4.548841494507314,-1.5452666685076,1.4003718651194756
1942,-2.010248962646852,0.1549448520075705,0.09464638262492661
1943,2.459849679769341,1.4281269659061144,-1.3189756204351832
1944,3.6522921812492775,-0.8303991991077361,3.733561967420253
1945,-2.881981743397584,0.7029412795475543,-1.3106414096402066
1946,-1.6645341903345925,0.4723898032364757,1.5185460520773209
1947,-1.4999672239412984,-1.5947027137961587,0.34864543649372476
1948,4.96255382026334,0.3074287297881823,-2.228845364017337
1949,1.279155460048277,0.8524157089885924,-1.3917303903040683
1950,2.3082588274316413,1.1225930219681175,-1.7668451617768903
1951,4.428416216004593,-1.0059063581688676,0.6137694764525146
1952,2.635005587912705,-0.49268444919674664,0.1394290670838047
1953,0.9326922757694212,-0.30750266079459526,1.5048938946045718
1954,-1.9354805141150162,-2.243985871991927,0.4381167900958362
1955,-1.6740175042609151,2.091286462941707,0.877613721758332
1956,-0.7712572489236026,0.34554061721621404,-0.24414908798911128
1957,-2.1735284926535905,1.2166923946158796,-0.8923725045679701
1958,-0.2150412561532834,0.42734723053220947,-0.23785508223955545
1959,1.4532289126695852,-0.6351789355117367,-0.6232281354591612
1960,-2.5200136565257276,0.06728534328435501,1.1293697415171717
1961,-2.0445460786421115,-0.9285050968912739,-0.6078682903248429
1962,-1.7589387830805039,-1.9965739727143352,2.071578117121391
1963,-1.6876342244916207,0.08001421387191919,-0.5097207028933223
1964,-1.647976844902125,-1.1965773827326747,2.470397762080808
1965,6.5995814199779135,0.36180345413715365,-2.020569859097808
1966,-1.6177540528337653,-0.16282780806262984,-0.4488627512235417
1967,-1.3006342005924154,1.8232022806214445,1.9846487747611952
1968,-2.5382007515776177,-0.2830156851089331,-0.08832303836018177
1969,-1.995067190104325,2.385424139569549,0.30244572007026443
1970,0.13444573292988915,-1.3377547902621518,-0.6992010432678006
1971,-2.13735135120657,-0.3255413844545442,-0.6162597621637335
1972,-0.6000174957471008,0.49164402294413445,-1.1661467494890745
1973,4.501324408646701,-1.3179591205457675,1.0831570251247966
1974,-1.6891236084588157,0.020824714541976336,-0.5332604642694171
1975,5.591633482939365,-0.6089811425565561,1.6432872940875125
1976,3.771860750200036,-0.16842021288918874,0.08427807060360545
1977,-3.255376359836011,1.0189339144618692,-0.7075573579291254
1978,2.7830914529142996,-1.211101439615533,-0.08981811202317515
1979,2.3566110651407666,-0.3232352233840204,-0.0027130354545730592
1980,-0.3046665445197615,0.7009412286952673,-0.14668527659675318
1981,-1.167185465519935,0.7553508679912091,0.7939277489703742
1982,-0.1571194680201837,-1.609286760498004,-0.11924157917129674
1983,-2.168079528484499,-1.721059868651605,0.8193392771761855
1984,-2.3250721933489156,-2.0777329815079333,0.4275025548619513
1985,-1.6323900539530747,0.2763697874058032,0.7771198295744898
1986,-1.6532521828447873,-3.2206037390282294,0.1617223893983622
1987,-2.433024370351759,-0.22519936980402927,0.9082396022626943
1988,-2.469541323372495,-0.4430229713238497,-1.030621440534381
1989,3.387450828591309,1.591385034869169,-1.3308666351562108
1990,-0.4958499143014296,0.02578125710097287,1.985990001455822
1991,-0.6543329140424675,-1.0795000976671258,0.3629403784773589
1992,0.09732988776545862,1.010078886564155,-0.8178039702487073
1993,4.583043125016402,-1.1155343971064706,-0.1734679411585101
1994,-1.5244223716594683,-1.279507116740569,1.4374781186240297
1995,5.651345615992073,0.10040694281954804,-0.20149144738713493
1996,2.487314039313404,0.17973708783845538,-1.0895652968884628
1997,4.332525488497939,-0.6444028672493548,1.8140909073208735
1998,-3.08043182975217,0.39645782810263264,-0.5172508567881853
1999,-1.1810938714375687,-1.783503820595795,0.320448418758266
2000,-3.0356436453213393,1.2636742003064847,-0.6064716212809645
2001,-3.0774158739587048,-0.2622740937887639,0.45629742980195903
2002,-3.6045645549860144,1.9179741475557752,-0.6779653611363504
2003,-2.310784273842451,-0.3372141732175577,-0.9137073520882553
2004,-2.0427151305080136,-0.6276576991444337,-0.5695806498042421
2005,-1.818870017446837,2.303832061512634,-0.8886594657826302
2006,1.1876609734872843,1.0868504204179112,-0.9085249685381518
2007,2.511502253048274,1.936403568237647,-0.05744871997504439
2008,-2.4279541296952423,-0.7034751780304059,-0.9921218164884169
2009,-3.0296597980271045,0.6817857310456108,-0.5224847966458526
2010,-1.5288720951198942,-2.7494037303936296,0.733467520936935
2011,1.079381428519745,1.9138757919551976,1.6436055833730951
2012,-2.417350307898432,0.0993424979530354,0.49762583678711036
2013,1.7045943295911032,0.33145238740023786,2.0020257883762502
2014,1.1506920301818078,1.4414127604009173,-0.6398869929545354
2015,-2.628477843351109,-0.2836245915127978,-0.7199995040129931
2016,3.1241248063168645,1.9430863218325811,-0.7894845718872461
2017,-0.44673766978485785,-0.09928059029032658,-0.8471092291769688
2018,-0.5406218765803206,0.6296935062260877,-1.014213020384926
2019,1.7806570726342876,3.0459199049738737,-0.8189242950966386
2020,0.8984358123736395,0.17387671291696064,0.6929728475872857
2021,-2.0980030745918934,-0.5497461083018402,-0.8380938099008945
2022,4.701826697439056,-0.13895785409342903,-1.151044821759777
2023,1.6810343078465702,-2.0957170724447383,0.3965289564596037
2024,1.9270198847427673,4.546133279855872,1.2245844964182855
2025,-2.423622536797117,-0.6771796868750717,-0.8321859484084256
2026,-2.2844834709912565,-0.7671835318183834,-1.1206593567677958
2027,-0.3799593320339537,2.239395375349104,0.6943456518246595
2028,-1.1394369860421163,-1.0127574096771497,0.3860483518039346
2029,-1.781263876563723,-0.28673834168850326,-1.4671537177336984
2030,2.9908763622082826,-0.18627925787203656,-0.5245685047950936
2031,4.187366492243244,-0.023678860232269016,0.47070328783370813
2032,2.7918286674813255,-0.27723356823903866,-1.2363793750921308
2033,-2.872174379278886,1.0332553895891576,-0.6087160844009849
2034,-0.8285097994617079,1.4004059517276797,1.5107052676280701
2035,1.290860298988121,-0.5783469872050517,-0.4963019293251265
2036,-2.6008216320510247,-0.41854511167145153,0.03134968597680654
2037,-2.730642483102054,0.7872527611357842,-2.000236807405078
2038,-1.0399938132713178,-2.5998822565915587,1.0214192186726563
2039,3.20874601038187,0.6733551035461098,1.0004255255742172
2040,2.346516933299254,0.03711438768053398,0.7099739229849582
2041,1.4358468309830927,2.0880872009763722,0.4768550875037515
2042,-1.9614105296017206,0.03743839770604148,-0.9842126034034124
2043,2.580183379809652,-0.5994697485546912,-1.140835020733033
2044,-2.824597081224408,0.996088965662166,-0.6359216934718066
2045,2.057656370716233,2.261368308206604,0.11403818168545508
2046,2.001202014765872,0.2806147563229726,0.3265810127720731
2047,-1.2326642612467573,-1.1643572041497932,-0.793889241014352
2048,2.022498623998643,1.8929755749441752,0.17803043408195657
2049,-2.1086046560131795,-0.5802193415730114,-1.451518997660498
2050,-2.373861204059507,-0.7275930463035767,-1.1396684392009728
2051,-0.5656164237241054,1.2053029887397608,-0.39673893490539075
2052,1.8411531747810748,0.5493111256491939,-2.774607919254292
2053,-2.514949827836174,-0.6135212518585007,-0.8698287560206883
2054,1.8709896349881696,-2.2556699987009363,1.2957412275923985
2055,3.8410238046513774,-0.3191180338552579,-1.890905393673517
2056,1.0659486956800812,-0.8860194716899772,0.5366063529370247
2057,-2.573258504002143,-0.7896750051846617,-0.5510832607978075
2058,-1.3077846985540642,-3.046487009814961,0.3091039597979469
2059,-1.544674683154494,0.11356333740955102,-0.08301219212554156
2060,-0.6775393919177904,1.4508341923819725,0.5376170467167224
2061,3.1137887420425443,0.05732057632029323,-0.2553850814681881
2062,1.2811461844056915,1.4517148548261787,-0.1952678320949097
2063,1.8941802423970602,-0.9087168507213099,-0.4768570107534725
2064,3.228464630800998,1.021721625719835,-1.520777478014741
2065,-1.9843758623818648,-1.7876726410769872,0.7203712380348639
2066,-2.5405336262916838,-0.799710368515327,-0.8694406490981533
2067,-1.1690204896402077,1.172814391444109,2.274471385110206
2068,-2.1036051907029347,-2.0256235335320314,-0.5374592549664408
2069,-0.5692886321491699,-0.24765536554681153,-1.63286230818846
2070,5.112365666499216,-1.339383151800079,1.2415784611073843
2071,1.079381428519745,1.9138757919551976,1.6436055833730951
2072,-2.734177439412285,1.0732003985427228,-0.9847291196927619
2073,5.127175128514022,-0.5439350319184738,-3.274559352511784
2074,-1.5847740543142537,1.1517824254339462,1.3280219711245658
2075,3.9945317075687075,2.1682269690762945,1.9960107875116813
2076,1.4385044642777358,1.0777894544783926,0.5883457398774246
2077,-2.821334038609494,0.28023103758718154,-1.4376856758211871
2078,0.9327631931701498,1.2888658500378303,-1.1624912621189796
2079,-2.382413762650851,-0.6302208478769382,1.1701057139130284
2080,1.6232714676410676,0.9301155698364594,-0.058263392870196995
2081,-1.7725406136683008,-1.7744658921932104,0.012945048137076922
2082,-2.4298389402440845,-0.6221799723151098,0.3437683867264012
2083,-1.6177540528337653,-0.16282780806262984,-0.4488627512235417
2084,0.971997405398606,-0.30867795375352075,2.300367825617408
2085,-1.406828106772553,0.7869586690018022,0.005294749310697414
2086,5.2336208320076505,-0.7490229074301945,1.7088413625706818
2087,-0.03039876960258892,1.8044967084844923,0.9939796315554527
2088,1.5184386406343506,-0.24290290588623903,0.9015902920536337
2089,-3.0533499518897593,0.8912041462247615,-1.5776638441810358
2090,-1.824133684322266,-0.5030985262525081,-0.8796324310597802
2091,-0.94165240784065,1.3783676992434637,-0.11570359724329707
2092,0.966019437723508,1.1028562648417821,-0.703329427345727
2093,-2.4005426964084307,-0.7493767054139505,-0.3885293036070878
2094,1.2389245041842185,1.2934807988518946,-0.9113569876773487
2095,3.806000663448671,-0.8038658339375002,0.7889120115343261
2096,-2.1332555489515523,-1.635867686763788,1.1873422538819374
2097,-1.9457214408987178,-0.10143097195608677,0.21348593922998454
2098,-3.3378639171151563,0.21466098104770012,-0.889345834519329
2099,-1.9161508531954383,0.2821943572833025,0.39837256448589725
2100,1.55342405491301,1.994411550682287,-0.026452026052639598
2101,-2.5675941877769826,0.9400243694686569,-1.2689021831761307
2102,3.9120411833513278,0.2151519711345862,0.07367473718271768
2103,-0.014888155896541674,0.8895676808991726,-0.3761571362757318
2104,3.631302036085835,-0.1364114891135196,0.8619440478708525
2105,2.1855597938095657,0.7124229349438824,1.5942344284723242
2106,-3.729488125369248,1.5014477243425761,-1.5216904675744212
2107,-2.0600258044787,-1.8023168514961454,0.6060132733666802
2108,3.870527611739377,-1.3749286513435761,1.7989371276098907
2109,-0.17373791316587409,-0.9439199006406125,-1.4655814759602281
2110,-2.2113261447418533,-0.0479410794829152,0.36672135589713084
2111,3.1440025161455023,-1.2160513921267544,-0.06387873678163723
2112,-0.9085865327731912,-0.011674680559089542,-1.1777656120594224
2113,-1.7396999935385982,0.6709109898139927,1.3541027283077671
2114,-2.318627832103353,-2.1632132952686396,0.02169820419360053
2115,-1.0718166181748618,-1.3350618781822354,-0.06193971112247491
2116,-1.874021479152559,0.5860959948819343,2.661841539866818
2117,-2.3433422509160704,-2.18925361224432,0.29020306378832755
2118,-2.9667195321461683,0.6648104417538917,-1.1796319582356571
2119,-2.334373598011041,0.7393539633556204,1.3397877509707918
2120,-1.5371244487488367,-1.6322186260943887,-0.9914215501272656
2121,0.7559050806653088,0.7621528773394582,2.3919365063104214
2122,3.585972793796766,-1.177842492248065,1.6038617503566985
2123,-2.5880541198509484,-0.9337414260443605,-1.0500585229855204
2124,-3.4310408777193313,2.4576703812945464,-1.0549397357386514
2125,-1.6715301238295495,1.7211236209229046,-0.430893233911961
2126,-2.1831925697060064,-0.20653559302734398,-0.5137709804258634
2127,-2.774816254734767,0.9347481660493157,-0.9671168981280993
2128,4.298026454627547,0.18858205954415233,-0.5439729888683896
2129,-2.429921163599511,-0.031956819539136545,-0.8506742407039848
2130,-1.7396999935385982,0.6709109898139927,1.3541027283077671
2131,-2.4724596088845123,-0.8017685842420534,-0.43518785406185645
2132,-2.483817597247448,-0.9774328902290679,-0.8885250545826994
2133,-2.2166561856270572,0.289426443567257,0.5945711916332683
2134,-2.5059637709477216,-0.9600905823446108,-0.9162786061999464
2135,0.07332659354914772,0.7925485805242095,-0.42208190325386497
2136,-0.5132803344572036,-1.3754245295520229,-0.39483715650916196
2137,3.1215153036994843,2.2994798932372444,0.8541527672605035
2138,-1.0692494579455507,-0.2831903375650092,-1.457672758774193
2139,-0.7725934730917603,1.4729203041568564,0.0014167560393598016
2140,4.49946361947605,-1.073548248818687,0.04491848705548044
2141,-2.5237650607233597,-2.391832787011235,0.9943043749413398
2142,-1.9842711983944727,-1.5294921518845424,0.76907305396696
2143,3.6535653482367176,0.5989338303580072,0.20952941325866814
2144,3.1331703801955815,-2.3881355379390152,2.0154895521353087
2145,5.452832107808633,-0.07563052753745578,-1.762546423277332
2146,-2.51469951221531,-0.8856851465210634,-0.02314003634888566
2147,0.1827705693485666,-0.9297426120068828,0.8151377667321341
2148,3.0777810832585453,-1.1428605844777824,3.3140737122866066
2149,2.530074845763858,0.4368261049450167,-2.829876974982149
2150,1.9715084093733648,1.9882629102645513,-0.31464564175738796
2151,0.1963219484415202,0.9673774490774629,-0.14418198038167312
2152,5.428113251993368,0.22065523360751685,0.5863982599023143
2153,5.13325150222119,-1.111018583365013,0.10553362259438656
2154,-0.7261678755266678,-0.01208510515620408,2.4136538169105366
2155,0.3152988500255462,1.0420636505544494,0.38138101732856045
2156,-1.4610217747717178,0.3616865366209208,-0.9273163505443534
2157,-2.454552438992894,-0.17913172604447916,-0.6182687675099077
2158,-0.8084737554508409,1.0672081422348656,0.8464914252090634
2159,-1.0241002531093693,-1.537624501086722,-1.6892638709413947
2160,-1.9844054002255787,-1.5528383295480073,1.3472096156334512
2161,-2.248844892456336,-0.6179200024721803,-0.998927108806432
2162,2.1641391305268662,1.889420967056277,0.04311448522471537
2163,1.5343812422208167,0.42240892954903003,-1.0550723807187514
2164,3.752253469535825,-0.17367132199300656,-1.326411980151742
2165,2.8159902006668345,0.037411974596045734,-1.4330397842044875
2166,-2.561191460756381,-0.7727262761509907,-0.8662998229602445
2167,4.899154888121147,-1.5012011135464751,0.7233317351369153
2168,-2.3911973641967497,-0.4304622184000275,0.6162553577114579
2169,-1.8037377773192953,-1.0602208667543156,0.41516199933788733
2170,5.719936250906844,0.28942122103809936,-0.26726570544166245
2171,3.38464151963697,2.184777313914268,0.8424654206256658
2172,-2.982199339375281,0.33292019089981345,1.3824456306986928
2173,-0.9742682380704922,-3.0483084498648214,0.2479419056353246
2174,-0.17294294976403057,0.6287962990507091,-0.27396912953820945
2175,-0.7644708530323547,3.3385712198912656,1.4965542412826889
2176,-3.0148608330113635,1.0365318687144398,-1.2865959109004779
2177,-2.0030560576963317,-2.035756766830495,0.8421770082879859
2178,0.8464020667952827,0.18480738960270532,1.627982246813514
2179,-0.44910094607546786,-0.027654459896443172,3.016348409971569
2180,1.9825199848769228,0.9985658554291355,-1.4717930432570274
2181,-1.7717220338985291,-1.962104100507366,-0.08027060067753486
2182,-2.1853073512231895,1.2191948144567952,1.8456923463592678
2183,2.391788484080152,1.1744685909284303,-0.9358892115705205
2184,-2.8367129432050753,1.493719093238344,-0.6812175744033258
2185,-2.5591203620145833,-0.4822066617756869,-0.03960592385498042
2186,-2.447971510729926,-0.20253271092168604,0.6345427927872329
2187,-0.39149538171223874,0.3891804827886183,2.099735564893263
2188,3.5630552671972437,-0.6109121064146247,-1.8120917375190209
2189,-2.6322005367898034,-0.3808717124717259,0.14136355090945132
2190,3.264490843693353,-1.9307464089242088,1.0221369413827857
2191,-2.9161769058656466,-1.2390099907990038,-0.738254764051418
2192,-2.9011516968213105,1.1107581497144745,-0.7314681813242206
2193,-2.3976996997772875,-0.3983658558093419,-0.42823532587386326
2194,4.582278500046714,-1.9061884689957542,-1.9976689403860952
2195,-2.672295698452928,-0.7956633265912575,-0.6397269390254968
2196,-0.9077032497917749,0.7434961704720998,0.3176948008359588
2197,-0.3873970825068449,0.4674567136076542,-1.1600191430942945
2198,3.7088786759525427,-1.6909412018526369,2.5110223238106726
2199,-2.6883323028656005,-0.17729058333469508,0.40730386033496196
2200,-3.5805397481864576,1.965086173408883,-1.4591125140264172
2201,0.09351344093861573,-0.4748891472910149,1.4234887595113366
2202,-0.6785292306196846,3.174074124657061,0.5125042393816628
2203,-0.7757924779429549,3.4244696656069347,0.42359862620026684
2204,-0.23760244487946078,0.35656251817197576,1.7660246256617487
2205,-3.051350919224293,0.4514931187938112,-1.3237850730681453
2206,-2.0614862827130014,-1.4334736193492816,1.46363891374146
2207,1.499733730548211,-0.9973433694067441,2.2174839847590926
2208,-1.5827814767928858,-2.995300380683294,1.5174459425433335
2209,-2.3872311292218025,-0.5797860942588988,-0.9361958766439167
2210,2.612709661698833,1.5972105375252965,-0.8263187313307803
2211,-2.203958435178893,4.10524856403925,-0.47882991267721864
2212,2.1285056122681696,-1.8962303930615865,0.7057069590350914
2213,1.054601849551754,0.9128482467514126,-1.0584105626921931
2214,-1.9163091929361737,1.8705844952937998,0.7068743680550561
