Education,Income,Recency,Wines,Fruits,Meat,Fish,Sweets,Gold,NumDealsPurchases,Complain,Total_Offsprings,Living_With,Family_Size,Days_since_enrollment,Age,Total_Amount,Frequency,Total_purchases
3.228957994755305,2.6210117310885295,2.6445205619032683,3.312186508419967,3.883381004866269,4.024121556122852,4.788339423347077,3.8187480647614294,3.1840409084781367,2.6864955791288763,2.236573295278567,1.0699201826570324,0.986050802712511,0.5762544040474584,3.863289484158731,3.3204235787003618,4.009418732242767,3.449016008844124,3.644880783350982
3.228957994755305,2.0730005915966467,1.9535089182264127,1.462032504576814,1.6970695803064892,1.6162120357701815,1.6832292072925563,1.7003268704580115,1.601364217550025,2.16657905409441,2.236573295278567,3.739929444462023,0.986050802712511,2.7845387336497502,1.1463413707813417,3.5707512290330436,1.371680588372309,1.8274347021965223,1.1461450459877132
3.228957994755305,3.247130953121183,1.5389019320202992,2.692503516748142,2.9033103662705058,2.155762131997354,3.6741528164098667,2.1873202484587972,2.296197886737976,1.646662529059944,2.236573295278567,1.0699201826570324,3.076051077177556,1.6803965688486042,2.1293825972578877,2.6528831778132096,2.614237739164116,1.8274347021965223,3.367243479199508
3.228957994755305,1.1577281288434584,1.5389019320202992,1.462032504576814,1.7724596294292403,1.6786393196311766,1.8293520409892396,1.74902620825809,1.5820632822948042,2.16657905409441,2.236573295278567,2.404924813559527,3.076051077177556,2.7845387336497502,1.274778917959182,1.0674747257062231,1.4148134133664172,1.8274347021965223,1.4237823501391875
1.7655687494345969,2.6282138445887195,3.8883415205216085,1.9423609478822481,2.7525302680250037,2.115630306658143,2.4869047926243146,2.3334182618590327,1.775072634847013,3.726328629197808,2.236573295278567,2.404924813559527,3.076051077177556,2.7845387336497502,1.3834568424942775,1.317802376038905,2.0269677373212596,1.8274347021965223,2.5343315667450845
1.7655687494345969,2.824297192787443,1.1933961101818715,2.9712126134809247,2.7274002516507534,2.0264484725710066,1.6466984988683855,2.698663295359622,1.755771699591792,2.16657905409441,2.236573295278567,2.404924813559527,3.076051077177556,2.7845387336497502,2.0355243897048507,2.485998077591421,2.514700450716174,1.8274347021965223,3.367243479199508
3.228957994755305,2.5047092143725567,1.8153065894910416,2.1261903521102536,3.3053906282585115,2.3207485250585553,2.5599662094726563,2.869110977659897,2.006683857909663,3.206412104163342,2.236573295278567,2.404924813559527,0.986050802712511,1.6803965688486042,3.517496087910699,2.1522278771478454,2.3056721449754964,1.8274347021965223,2.950787522972296
1.7655687494345969,1.4740635398711621,1.7462054251233559,1.6547568799771426,1.9232397276747424,1.8391666209880213,1.7014945615046417,1.7003268704580115,1.9294801168887799,2.16657905409441,2.236573295278567,2.404924813559527,3.076051077177556,2.7845387336497502,2.6480726916299346,0.984032175595329,1.6072521710324381,1.8274347021965223,1.7014196542906617
1.7655687494345969,1.3298818741221954,1.2970478567333998,1.470927475749137,1.671939563932239,1.696475686448604,1.7014945615046417,1.74902620825809,1.5241604765291417,1.646662529059944,2.236573295278567,2.404924813559527,3.076051077177556,2.7845387336497502,2.504815427470036,1.9019002268151632,1.4032007297141575,3.449016008844124,1.2849636980634502
1.7655687494345969,0.18205084318544973,2.9900263837416965,1.512437341219977,1.671939563932239,1.6162120357701815,1.664963853080471,1.7003268704580115,1.736470764336571,1.646662529059944,2.236573295278567,3.739929444462023,3.076051077177556,3.888680898450896,1.1216418424779109,3.9045214294766195,1.4081775941365544,2.6382253555203232,0.7296890897605017
0.3021795041138886,0.2681044832006241,2.679071144087111,1.4472075526229427,2.0740198259202445,1.6385074942919655,1.847617395201325,1.7003268704580115,1.7943735701022336,1.646662529059944,2.236573295278567,1.0699201826570324,3.076051077177556,1.6803965688486042,3.517496087910699,1.735015126593375,1.4280850518261428,1.8274347021965223,1.2849636980634502
3.228957994755305,2.848459121949371,3.4737345343154953,2.004625746088508,3.20487056276151,3.729821503635303,5.756403196587605,4.403140118362372,2.064586663675326,1.646662529059944,2.236573295278567,1.0699201826570324,0.986050802712511,0.5762544040474584,1.704550710438878,3.1535384784785734,3.155057006397933,1.8274347021965223,2.6731502188208216
1.7655687494345969,2.6775134731287302,2.4717676509840545,2.120260371328705,1.7221995966807397,1.825789345874951,1.7014945615046417,1.7977255460581685,1.755771699591792,2.6864955791288763,2.236573295278567,3.739929444462023,0.986050802712511,2.7845387336497502,1.704550710438878,3.7376363292548316,1.8411647988851014,1.8274347021965223,2.2566942625936104
3.228957994755305,0.7245326181191221,1.9535089182264127,1.43831258145062,2.023759793171744,1.6652620445181063,1.756290624140898,1.7003268704580115,1.5820632822948042,1.646662529059944,2.236573295278567,1.0699201826570324,3.076051077177556,1.6803965688486042,3.6854528803740285,0.817147075373541,1.4032007297141575,1.8274347021965223,1.1461450459877132
1.7655687494345969,3.766937686841354,1.435250185468771,4.412197943397226,2.2247999241657466,2.1022530315450725,2.724354397381425,3.3317546867606436,2.354100692503639,1.646662529059944,2.236573295278567,1.0699201826570324,0.986050802712511,0.5762544040474584,3.4631571256431517,4.238291629920196,3.5084143803881265,5.070597315491726,4.061336739578193
3.228957994755305,1.8641857653395228,2.402666486616369,1.586562100989334,1.7975896458034906,1.6741802279268199,1.6832292072925563,1.9925228972584828,1.5627623470395833,2.6864955791288763,2.236573295278567,3.739929444462023,3.076051077177556,3.888680898450896,3.314959955822567,1.4012449261497992,1.4861484700874423,1.8274347021965223,1.4237823501391875
3.228957994755305,1.6741428994312813,1.3315984389172426,1.6784768031033368,1.7975896458034906,1.7589029703095989,4.386501630681198,1.9681732283584434,2.0259847931648842,2.16657905409441,2.236573295278567,1.0699201826570324,3.076051077177556,1.6803965688486042,3.883049106801475,4.238291629920196,1.8527774825373613,1.8274347021965223,2.1178756105178733
1.7655687494345969,3.4972069199471383,3.78468977397008,4.429987885741872,3.682340873872267,3.8100851543137253,1.6466984988683855,2.0655719039586007,4.882523210937572,2.16657905409441,2.236573295278567,2.404924813559527,3.076051077177556,2.7845387336497502,2.8506088237180673,3.987963979587514,4.283146275474607,2.097698253304456,3.922518087502456
0.3021795041138886,1.4906980987941818,3.6119368630508664,1.4412775718413942,2.0991498422944947,1.6741802279268199,2.194659125230948,2.260369255158915,2.2382950809723137,2.16657905409441,2.236573295278567,2.404924813559527,0.986050802712511,1.6803965688486042,3.5668951445175607,0.984032175595329,1.547529797963673,1.8274347021965223,1.4237823501391875
3.228957994755305,1.6406879205916887,2.0571606647779412,1.6844067838848855,1.7221995966807397,1.914971179962087,2.907007939502279,2.601264619759465,2.4120034982693017,1.646662529059944,2.236573295278567,1.0699201826570324,3.076051077177556,1.6803965688486042,3.996666936997257,1.234359825928011,1.8511185277298956,1.8274347021965223,2.1178756105178733
3.228957994755305,0.03331558309442739,2.091711246961784,1.4323826006690714,1.6970695803064892,9.281390675559516,1.664963853080471,1.7003268704580115,1.5048595412739207,8.925493879542469,2.236573295278567,2.404924813559527,3.076051077177556,2.7845387336497502,3.2507411822336465,1.4846874762606932,4.196880625486391,1.8274347021965223,4.477792695805405
1.7655687494345969,2.642803932582653,2.817273472822482,4.000064279079601,1.671939563932239,1.9729393721187254,1.6466984988683855,1.6759772015579721,1.8522763758678964,2.6864955791288763,2.236573295278567,2.404924813559527,3.076051077177556,2.7845387336497502,3.3198998614832527,3.987963979587514,2.9393928814273926,2.908488906628257,2.5343315667450845
1.7655687494345969,2.9549110060070194,0.640586795240387,2.567973920335622,1.671939563932239,2.044284839388434,2.0302709373221792,2.4551666063592292,1.5820632822948042,2.6864955791288763,2.236573295278567,2.404924813559527,3.076051077177556,2.7845387336497502,1.4229760877797668,3.5707512290330436,2.2293602238320744,1.8274347021965223,2.950787522972296
3.228957994755305,1.8102396119606796,3.0245769659255393,2.2299650157873536,1.74732961305499,1.7098529615616742,2.3590473131397167,1.8220752149582078,3.3963511962855657,4.76616167926674,2.236573295278567,2.404924813559527,3.076051077177556,2.7845387336497502,2.900007880324929,3.821078879365726,2.063464743085505,1.8274347021965223,2.3955129146693475
3.228957994755305,0.7833576225787391,3.7155886096023947,1.4472075526229427,1.7724596294292403,1.7009347781529607,1.9206788120496667,1.9681732283584434,1.736470764336571,2.16657905409441,2.236573295278567,1.0699201826570324,0.986050802712511,0.5762544040474584,3.270500804876391,2.3191129773696333,1.4513104191306625,1.8274347021965223,1.4237823501391875
3.228957994755305,2.3989543090407333,0.7787891239757581,1.9423609478822481,1.7724596294292403,1.7232302366747447,1.7014945615046417,1.8220752149582078,2.2768969514827555,3.206412104163342,2.236573295278567,3.739929444462023,3.076051077177556,3.888680898450896,2.5542144840768977,1.735015126593375,1.7532401940894196,1.8274347021965223,1.979056958442136
3.228957994755305,1.7020220484642752,1.5389019320202992,1.5361572643461712,1.7221995966807397,1.7767393371270264,2.012005583110094,2.1873202484587972,1.6785679585709086,2.16657905409441,2.236573295278567,2.404924813559527,3.076051077177556,2.7845387336497502,2.534454861434153,0.6502619751517529,1.5442118883487417,1.8274347021965223,1.5626010022149246
1.7655687494345969,3.851411508411325,3.957442684889294,3.457471037567907,4.184941201357273,5.161189940733834,2.0302709373221792,3.283055348960565,1.4855586060186998,1.646662529059944,2.236573295278567,1.0699201826570324,3.076051077177556,1.6803965688486042,1.6699713708140749,2.6528831778132096,4.10066124665338,3.1787524577361905,4.061336739578193
1.7655687494345969,0.4297570823436003,1.8153065894910416,1.4531375334044911,1.7724596294292403,1.6340484025876088,1.6832292072925563,1.7246765393580508,1.5627623470395833,2.16657905409441,2.236573295278567,1.0699201826570324,0.986050802712511,0.5762544040474584,0.7758484462298796,0.6502619751517529,1.3766574527947064,1.8274347021965223,1.4237823501391875
1.7655687494345969,1.7141030130452393,2.575419397535583,1.7614965340450168,2.0991498422944947,1.78565752053574,2.2677205420792896,2.2116699173588366,3.2033418437333574,1.646662529059944,2.236573295278567,1.0699201826570324,3.076051077177556,1.6803965688486042,2.6332529746478763,2.8197682780349975,1.854436437344827,1.8274347021965223,1.979056958442136
3.228957994755305,1.8036880119379262,1.711654842939513,1.7555665532634683,1.671939563932239,1.6117529440658247,1.6832292072925563,1.6759772015579721,1.5434614117843624,2.16657905409441,2.236573295278567,2.404924813559527,3.076051077177556,2.7845387336497502,3.6854528803740285,2.2356704272587393,1.525963385466619,2.908488906628257,1.5626010022149246
1.7655687494345969,2.0853603476679408,0.9169914527111291,1.7140566877926282,1.9734997604232432,2.017530289162293,2.249455187867204,2.2116699173588366,2.3154988219931973,4.246245154232274,2.236573295278567,3.739929444462023,0.986050802712511,2.7845387336497502,3.5915946728209915,3.7376363292548316,1.8278931604253756,3.449016008844124,2.1178756105178733
1.7655687494345969,3.1097796788853005,0.7787891239757581,2.858542978631502,2.5263601206567508,3.6896896782960917,3.82027565010655,3.3317546867606436,1.910179181633559,1.646662529059944,2.236573295278567,1.0699201826570324,3.076051077177556,1.6803965688486042,3.0284454275027692,4.238291629920196,3.310998758299709,1.8274347021965223,2.950787522972296
1.7655687494345969,2.2144872729390905,2.54086881535174,1.5480172259092684,1.671939563932239,1.6741802279268199,1.6832292072925563,1.7003268704580115,1.5434614117843624,1.646662529059944,2.236573295278567,3.739929444462023,0.986050802712511,2.7845387336497502,2.0898633519723986,3.821078879365726,1.4347208710560055,1.8274347021965223,1.2849636980634502
1.7655687494345969,3.049188994986927,1.91895833604257,3.5108408646018443,2.0991498422944947,2.262780332901917,1.6466984988683855,1.8707745527582864,2.1610913399514304,3.726328629197808,2.236573295278567,2.404924813559527,3.076051077177556,2.7845387336497502,1.4773150500473147,2.2356704272587393,2.8415145477869164,1.8274347021965223,3.783699435426719
0.3021795041138886,1.0216778815624483,3.2664310412124387,1.4472075526229427,1.74732961305499,1.651884769405036,1.9206788120496667,1.846424883858247,2.180392275206651,2.6864955791288763,2.236573295278567,2.404924813559527,3.076051077177556,2.7845387336497502,2.070103729329654,1.735015126593375,1.4612641479754567,1.8274347021965223,1.4237823501391875
3.228957994755305,1.891089144156362,4.061094431440822,1.5924920817708825,1.671939563932239,1.6162120357701815,1.6832292072925563,1.6759772015579721,1.5627623470395833,2.16657905409441,2.236573295278567,2.404924813559527,0.986050802712511,1.6803965688486042,1.2698390122984957,1.9853427769260572,1.438038780670937,1.8274347021965223,1.2849636980634502
1.7655687494345969,2.19399609839984,2.4717676509840545,2.725118411046659,1.8729796949262416,2.508030376641541,4.569155172802052,2.869110977659897,2.296197886737976,2.16657905409441,2.236573295278567,1.0699201826570324,0.986050802712511,0.5762544040474584,3.122303635055806,4.488619280252878,2.823266044904794,4.259806662167925,3.644880783350982
3.228957994755305,3.637346109086321,0.7442385417919153,2.6776785647942707,3.5818208083752654,3.9795306390792837,3.1444575442593896,6.010218265764966,3.4542540020512287,2.16657905409441,2.236573295278567,2.404924813559527,3.076051077177556,2.7845387336497502,2.6925318425761104,1.4012449261497992,3.641130764985382,1.8274347021965223,3.2284248271237703
1.7655687494345969,0.8748941619037356,3.681038027418552,1.4679624853583628,1.6970695803064892,1.718771144970388,1.7014945615046417,1.6759772015579721,1.620665152805246,2.16657905409441,2.236573295278567,2.404924813559527,3.076051077177556,2.7845387336497502,2.929647314289046,0.984032175595329,1.4148134133664172,1.8274347021965223,1.2849636980634502
3.228957994755305,0.9415717933409793,0.7787891239757581,1.4561025237952654,1.671939563932239,1.6162120357701815,1.7014945615046417,1.7003268704580115,1.5434614117843624,1.646662529059944,2.236573295278567,2.404924813559527,3.076051077177556,2.7845387336497502,3.314959955822567,3.3204235787003618,1.3633858143349806,1.8274347021965223,1.007326393911976
1.7655687494345969,0.2681044832006241,1.2970478567333998,1.43831258145062,1.6970695803064892,1.6340484025876088,1.7014945615046417,1.7246765393580508,1.7171698290813504,2.6864955791288763,2.236573295278567,2.404924813559527,3.076051077177556,2.7845387336497502,1.9219065595090692,1.8184576767042693,1.378316407602172,1.8274347021965223,1.2849636980634502
3.228957994755305,3.634093541699138,3.1282287124770676,1.794111428343534,5.793262249309295,2.7755758789029485,5.792933905011775,2.4064672685591506,4.843921340427132,1.646662529059944,2.236573295278567,1.0699201826570324,0.986050802712511,0.5762544040474584,0.5930719367844917,1.735015126593375,2.959300339116981,1.8274347021965223,2.6731502188208216
0.3021795041138886,0.2681044832006241,1.4698007676526137,1.43831258145062,2.124279858668745,1.651884769405036,1.9206788120496667,2.2116699173588366,2.4506053687797436,2.6864955791288763,2.236573295278567,1.0699201826570324,3.076051077177556,1.6803965688486042,3.5372557105534437,0.0661641243754949,1.5292812950815504,3.449016008844124,1.5626010022149246
3.228957994755305,1.8585170050361475,3.819240356153923,1.4679624853583628,1.8227196621777408,1.6563438611093928,1.7014945615046417,1.7977255460581685,1.736470764336571,1.646662529059944,2.236573295278567,2.404924813559527,3.076051077177556,2.7845387336497502,2.5690342010589564,2.4025555274805273,1.4181313229813486,1.8274347021965223,1.1461450459877132
1.7655687494345969,3.290668890861042,1.9880595004102555,3.8784996730578554,2.928440382644756,3.0029895558251454,2.5599662094726563,2.601264619759465,2.218994145717093,5.805994729335672,2.236573295278567,3.739929444462023,3.076051077177556,3.888680898450896,3.54219561621413,3.5707512290330436,3.5150501996179893,1.8274347021965223,3.2284248271237703
3.228957994755305,2.962438376245928,1.6425536785718275,2.1558402560179966,2.1494098750429953,2.14684394858864,2.322516604715546,3.3074050178606043,1.755771699591792,1.646662529059944,2.236573295278567,2.404924813559527,0.986050802712511,1.6803965688486042,0.8252475028367412,3.3204235787003618,2.1679788959558435,1.8274347021965223,2.811968870896559
1.7655687494345969,3.5970142734852564,0.7096879596080725,3.3566613642815817,2.6017501697795016,5.067549014942342,2.1398630625946917,5.742371907864533,2.103188534185768,1.646662529059944,2.236573295278567,1.0699201826570324,3.076051077177556,1.6803965688486042,3.981847220015198,2.7363257279241036,4.13549929761016,1.8274347021965223,4.477792695805405
3.228957994755305,1.582606360106285,2.5063182331678973,1.4649974949675884,1.8227196621777408,1.6786393196311766,2.194659125230948,1.7003268704580115,1.5434614117843624,2.16657905409441,2.236573295278567,2.404924813559527,0.986050802712511,1.6803965688486042,3.270500804876391,1.6515725764824811,1.4463335547082656,1.8274347021965223,1.2849636980634502
3.228957994755305,3.7568082626926995,2.5063182331678973,2.9415627095731818,4.687541528842281,4.041957922940279,4.49609375595371,2.6499639575595433,6.1370840025269295,1.646662529059944,2.236573295278567,1.0699201826570324,0.986050802712511,0.5762544040474584,0.6968099556589011,1.6515725764824811,4.009418732242767,4.5300702132758595,3.367243479199508
3.228957994755305,3.00365305156637,2.6099699797194256,2.401934458452262,1.898109711300492,2.1423848568842834,1.8658827494134105,2.260369255158915,3.5893605488377744,4.76616167926674,2.236573295278567,3.739929444462023,3.076051077177556,3.888680898450896,2.475175993505919,1.5681300263715872,2.3322154218949476,1.8274347021965223,2.811968870896559
1.7655687494345969,3.747608143511812,2.54086881535174,4.346968154800193,2.9535703990190063,3.515785101826177,4.93446225704376,4.5979374695626865,5.152736304510665,1.646662529059944,2.236573295278567,1.0699201826570324,3.076051077177556,1.6803965688486042,3.487856653946582,3.4873086789221497,4.5734633667811035,4.800333764383792,4.20015539165393
3.228957994755305,3.185518033758267,1.6771042607556703,2.3040897755567107,2.551490137031001,3.7387396870440166,3.856806358530721,4.5979374695626865,2.257596016227535,1.646662529059944,2.236573295278567,1.0699201826570324,0.986050802712511,0.5762544040474584,2.8259092954146365,2.5694406277023156,3.140126413130742,3.449016008844124,3.367243479199508
3.228957994755305,1.2177612297611717,1.711654842939513,1.4679624853583628,1.671939563932239,1.625130219178895,1.6832292072925563,1.7003268704580115,1.5820632822948042,1.646662529059944,2.236573295278567,2.404924813559527,0.986050802712511,1.6803965688486042,0.8944061820863476,0.7337045252626471,1.3749984979872405,1.8274347021965223,1.2849636980634502
1.7655687494345969,2.5195316286084317,2.817273472822482,2.754768314954402,1.671939563932239,1.7143120532660312,1.6466984988683855,1.6759772015579721,2.3154988219931973,2.6864955791288763,2.236573295278567,2.404924813559527,3.076051077177556,2.7845387336497502,1.1710408990847725,2.4025555274805273,2.1862273988379664,1.8274347021965223,2.811968870896559
1.7655687494345969,3.4406122474101606,1.0551937814465004,3.540490768509587,2.325319989662748,3.9884488224879973,2.907007939502279,1.9925228972584828,3.0296334264363693,1.646662529059944,2.236573295278567,1.0699201826570324,0.986050802712511,0.5762544040474584,2.3664980689708237,1.234359825928011,3.7124658217064073,5.8813879688155275,3.367243479199508
3.228957994755305,3.016663321115101,1.262497274549557,2.7695932669082732,2.124279858668745,2.044284839388434,1.9389441662617521,2.1142712417586793,1.601364217550025,3.206412104163342,2.236573295278567,3.739929444462023,3.076051077177556,3.888680898450896,3.848469767176672,1.8184576767042693,2.3421691507397417,1.8274347021965223,3.0896061750480333
3.228957994755305,2.7922361713995003,1.5389019320202992,2.9801075846532474,1.8478496785519913,2.1869757739278515,2.322516604715546,2.016872566158522,4.747416664151027,3.206412104163342,2.236573295278567,2.404924813559527,0.986050802712511,1.6803965688486042,3.0383252388241417,3.7376363292548316,2.7934048583704114,1.8274347021965223,3.367243479199508
1.7655687494345969,3.0643831312099086,0.9169914527111291,3.048302363641056,1.671939563932239,1.803493887353167,1.6466984988683855,1.8220752149582078,1.601364217550025,1.646662529059944,2.236573295278567,2.404924813559527,0.986050802712511,1.6803965688486042,2.4801158991666052,3.821078879365726,2.3322154218949476,1.8274347021965223,3.0896061750480333
3.228957994755305,3.2031283628974414,1.6425536785718275,2.609483785806462,2.677140218902253,3.225944141042985,3.82027565010655,4.646636807362765,2.064586663675326,1.646662529059944,2.236573295278567,1.0699201826570324,3.076051077177556,1.6803965688486042,1.6008126915644687,4.071406529698407,3.111924181403825,1.8274347021965223,2.6731502188208216
3.228957994755305,1.1147477740842595,3.231880459028596,1.4323826006690714,1.74732961305499,1.6162120357701815,1.7014945615046417,1.8220752149582078,1.775072634847013,1.646662529059944,2.236573295278567,2.404924813559527,3.076051077177556,2.7845387336497502,2.5838539180410147,2.1522278771478454,1.3832932720245692,3.449016008844124,1.1461450459877132
3.228957994755305,1.4285275964506055,0.640586795240387,1.4590675141860399,1.671939563932239,1.5939165772483976,1.6466984988683855,1.6759772015579721,1.4855586060186998,1.646662529059944,2.236573295278567,3.739929444462023,3.076051077177556,3.888680898450896,0.8301874084974274,2.485998077591421,1.345137311452858,1.8274347021965223,1.007326393911976
0.3021795041138886,4.017571236647969,1.2970478567333998,3.4693309991310044,2.023759793171744,2.967316822190291,5.318034695497555,2.260369255158915,2.218994145717093,1.646662529059944,2.236573295278567,2.404924813559527,0.986050802712511,1.6803965688486042,1.092002408513794,1.4846874762606932,3.440397233282033,4.5300702132758595,4.894248652032616
3.228957994755305,3.130177922927774,0.7787891239757581,2.161770236799545,2.9033103662705058,2.2984530665367715,1.7745559783529834,3.6726500513611935,3.5893605488377744,1.646662529059944,2.236573295278567,2.404924813559527,3.076051077177556,2.7845387336497502,1.9466060878125,3.236981028589468,2.4101862978458355,1.8274347021965223,2.950787522972296
3.228957994755305,3.3977248231477386,3.7501391917862374,3.967449384781084,3.1546105300130094,3.761035145565801,2.7060890431693396,2.3821175996591113,2.894526879649823,4.76616167926674,2.236573295278567,5.074934075364517,3.076051077177556,4.992823063252041,2.7962698614505195,2.2356704272587393,3.918176217832154,1.8274347021965223,2.2566942625936104
1.7655687494345969,3.032368575070354,0.6751373774242297,2.900052844102342,2.5766201534052513,3.6406396695481673,5.09885044495253,3.1369573355603295,1.7171698290813504,2.6864955791288763,2.236573295278567,1.0699201826570324,3.076051077177556,1.6803965688486042,3.828710144533927,3.5707512290330436,3.405559182325254,1.8274347021965223,3.0896061750480333
3.228957994755305,2.9412966882292406,1.6425536785718275,2.194385131098062,4.360851315977026,2.8870531715118686,3.1809882526835604,2.576914950859426,3.1454390379676944,3.206412104163342,2.236573295278567,2.404924813559527,3.076051077177556,2.7845387336497502,2.904947785985615,3.1535384784785734,2.7585668074136316,1.8274347021965223,4.20015539165393
1.7655687494345969,2.736849595320619,3.681038027418552,3.1046371810657676,1.8227196621777408,1.8792984463272324,1.6466984988683855,1.8220752149582078,1.8522763758678964,3.726328629197808,2.236573295278567,3.739929444462023,3.076051077177556,3.888680898450896,2.8110895784325782,1.8184576767042693,2.423457936305561,2.908488906628257,3.2284248271237703
3.228957994755305,1.236068537626171,2.6445205619032683,1.470927475749137,1.9232397276747424,1.6474256777006793,1.7197599157167271,2.0412222350585614,1.6592670233156877,1.646662529059944,2.236573295278567,1.0699201826570324,3.076051077177556,1.6803965688486042,0.8845263707649753,3.7376363292548316,1.4347208710560055,1.8274347021965223,1.5626010022149246
3.228957994755305,1.7896555069246527,2.9900263837416965,1.4353475910598457,1.6970695803064892,1.6162120357701815,1.6832292072925563,1.7003268704580115,1.5048595412739207,1.646662529059944,2.236573295278567,2.404924813559527,0.986050802712511,1.6803965688486042,3.3396594841259972,1.6515725764824811,1.3484552210677894,1.8274347021965223,1.007326393911976
1.7655687494345969,3.416171526757903,1.8153065894910416,3.567175682026556,4.461371381474027,5.714117312074078,3.418437857440671,2.1142712417586793,1.8329754406126755,1.646662529059944,2.236573295278567,1.0699201826570324,3.076051077177556,1.6803965688486042,3.90280872944422,2.0687853270369514,4.462313394680902,3.449016008844124,3.0896061750480333
3.228957994755305,3.4428425793328,2.0226100825940985,4.489287693557358,4.310591283228526,5.063089923237985,4.149052025924087,4.232692436062097,2.4699063040349643,1.126746004025478,2.236573295278567,1.0699201826570324,0.986050802712511,0.5762544040474584,3.6755730690526565,1.735015126593375,4.99151997826246,4.259806662167925,3.644880783350982
0.3021795041138886,1.142859249359195,1.0551937814465004,1.4323826006690714,1.671939563932239,1.6117529440658247,1.6466984988683855,1.74902620825809,1.6592670233156877,1.646662529059944,12.555767160837407,1.0699201826570324,3.076051077177556,1.6803965688486042,2.0602239180082815,1.735015126593375,1.3567499951051178,1.8274347021965223,1.007326393911976
3.228957994755305,2.523806431460158,0.9515420348949719,3.140217065755059,1.671939563932239,1.8748393546228757,1.6466984988683855,1.6759772015579721,2.4699063040349643,2.16657905409441,2.236573295278567,1.0699201826570324,3.076051077177556,1.6803965688486042,3.270500804876391,2.6528831778132096,2.4748855353369974,4.259806662167925,3.2284248271237703
3.228957994755305,1.3024209123246966,3.646487445234709,1.6191769952878512,1.7724596294292403,1.892675721440303,1.7745559783529834,1.7977255460581685,1.8136745053574548,3.206412104163342,2.236573295278567,2.404924813559527,0.986050802712511,1.6803965688486042,3.8929289181228475,0.984032175595329,1.6006163518025753,1.8274347021965223,1.7014196542906617
3.228957994755305,1.1418370138946519,0.8133397061596008,1.4412775718413942,1.6970695803064892,1.6117529440658247,1.6832292072925563,1.6759772015579721,1.5627623470395833,1.646662529059944,2.236573295278567,2.404924813559527,3.076051077177556,2.7845387336497502,2.4208370312383716,2.3191129773696333,1.3534320854901865,1.8274347021965223,1.007326393911976
0.3021795041138886,1.014289907068705,3.646487445234709,1.5035423700476542,1.7975896458034906,1.6741802279268199,1.7745559783529834,1.6759772015579721,1.9294801168887799,2.6864955791288763,2.236573295278567,2.404924813559527,3.076051077177556,2.7845387336497502,2.37143797463151,1.9853427769260572,1.4579462383605253,1.8274347021965223,1.4237823501391875
1.7655687494345969,1.7141030130452393,2.575419397535583,1.7614965340450168,2.0991498422944947,1.78565752053574,2.2677205420792896,2.2116699173588366,3.2033418437333574,1.646662529059944,2.236573295278567,1.0699201826570324,3.076051077177556,1.6803965688486042,2.6332529746478763,2.8197682780349975,1.854436437344827,1.8274347021965223,1.979056958442136
3.228957994755305,3.700074194410557,1.262497274549557,1.9127110439745052,2.249929940539997,3.4801123681913224,2.1398630625946917,3.2587056800605256,2.952429685415486,1.646662529059944,2.236573295278567,1.0699201826570324,0.986050802712511,0.5762544040474584,1.2006803330488895,0.817147075373541,2.6175556487790477,1.8274347021965223,4.20015539165393
3.228957994755305,1.287552032840433,3.9228921027054513,1.4798224469214598,1.8729796949262416,1.651884769405036,1.8293520409892396,1.7733758771581294,1.5434614117843624,2.16657905409441,2.236573295278567,3.739929444462023,3.076051077177556,3.888680898450896,2.1787816538647493,3.0700959283676794,1.4197902777888145,1.8274347021965223,1.2849636980634502
1.7655687494345969,1.5987762665454213,2.2990147400648406,1.814866361078954,1.671939563932239,1.6608029528137496,1.6466984988683855,1.6759772015579721,1.5820632822948042,3.726328629197808,2.236573295278567,3.739929444462023,3.076051077177556,3.888680898450896,2.3072192010425896,2.2356704272587393,1.5773909844980556,2.908488906628257,1.7014196542906617
3.228957994755305,2.2609060560790253,0.7442385417919153,2.295194804384388,1.8227196621777408,1.754443878605242,1.6466984988683855,1.74902620825809,2.1417904046962093,3.206412104163342,2.236573295278567,2.404924813559527,0.986050802712511,1.6803965688486042,0.7462090122657628,3.3204235787003618,1.9440199969479746,4.800333764383792,2.3955129146693475
3.228957994755305,3.6179236352600017,3.059127548109382,2.4671642470492965,3.1797405463872597,4.122221573618701,3.6558874621977813,4.9144831652631975,4.284194218025726,1.646662529059944,2.236573295278567,1.0699201826570324,3.076051077177556,1.6803965688486042,0.8252475028367412,1.9853427769260572,3.593021075568877,3.1787524577361905,3.0896061750480333
3.228957994755305,2.43700934747077,3.370082787763967,1.8296913130328254,1.898109711300492,1.7633620620139558,1.7197599157167271,1.6759772015579721,1.620665152805246,1.646662529059944,2.236573295278567,2.404924813559527,3.076051077177556,2.7845387336497502,1.3735770311729052,2.485998077591421,1.6487260412190805,1.8274347021965223,1.840238306366399
1.7655687494345969,1.8894628604627706,3.0245769659255393,1.4738924661399113,1.7221995966807397,1.6340484025876088,1.6466984988683855,1.7003268704580115,1.5627623470395833,1.646662529059944,2.236573295278567,2.404924813559527,0.986050802712511,1.6803965688486042,1.0722427858710493,2.0687853270369514,1.3799753624096378,1.8274347021965223,1.1461450459877132
1.7655687494345969,1.0174030787107227,3.542835698683181,1.5094723508292027,1.7221995966807397,1.651884769405036,1.6466984988683855,1.6759772015579721,1.4855586060186998,2.6864955791288763,2.236573295278567,2.404924813559527,3.076051077177556,2.7845387336497502,0.7659686349085073,2.2356704272587393,1.3982238652917602,1.8274347021965223,1.5626010022149246
3.228957994755305,1.318033235783173,1.6771042607556703,1.4442425622321684,1.74732961305499,1.6385074942919655,1.8658827494134105,1.7977255460581685,1.6592670233156877,1.646662529059944,2.236573295278567,2.404924813559527,3.076051077177556,2.7845387336497502,0.7758484462298796,1.1509172758171171,1.4015417749066916,1.8274347021965223,1.2849636980634502
3.228957994755305,2.1460439620630907,3.1282287124770676,2.9267377576193105,1.671939563932239,1.7053938698573174,1.6466984988683855,1.6759772015579721,2.933128750160265,3.726328629197808,2.236573295278567,2.404924813559527,0.986050802712511,1.6803965688486042,3.4730369369645238,3.0700959283676794,2.3322154218949476,2.908488906628257,2.950787522972296
3.228957994755305,2.327119035032386,1.91895833604257,1.5806321202077855,1.7221995966807397,1.6206711274745382,1.6466984988683855,1.7003268704580115,1.5241604765291417,2.16657905409441,2.236573295278567,3.739929444462023,0.986050802712511,2.7845387336497502,2.781450144468461,2.0687853270369514,1.4314029614410742,1.8274347021965223,1.2849636980634502
0.3021795041138886,3.5669977230263994,2.1608124113294696,2.043170621168574,2.325319989662748,3.5826714773915285,3.0166000647747917,1.6759772015579721,5.789667167932954,1.646662529059944,2.236573295278567,1.0699201826570324,3.076051077177556,1.6803965688486042,1.6255122198678995,3.821078879365726,2.949346610272187,2.097698253304456,3.922518087502456
1.7655687494345969,2.2498473269626045,1.7462054251233559,1.8296913130328254,2.827920317147755,1.999693922344866,2.8339465226539375,3.1613070044603684,1.6978688938261293,2.16657905409441,2.236573295278567,1.0699201826570324,3.076051077177556,1.6803965688486042,2.43565674822043,1.1509172758171171,2.007060279631671,1.8274347021965223,2.5343315667450845
0.3021795041138886,2.1417226939629765,0.640586795240387,1.586562100989334,1.6970695803064892,1.6117529440658247,1.6832292072925563,1.7003268704580115,1.6785679585709086,2.16657905409441,2.236573295278567,2.404924813559527,0.986050802712511,1.6803965688486042,2.2726398614177867,3.0700959283676794,1.4463335547082656,1.8274347021965223,1.2849636980634502
1.7655687494345969,1.5251753130983174,2.126261829145627,1.5509822163000426,1.6970695803064892,1.6162120357701815,1.6832292072925563,1.6759772015579721,1.5820632822948042,2.16657905409441,2.236573295278567,2.404924813559527,0.986050802712511,1.6803965688486042,1.0376634462462462,3.1535384784785734,1.4181313229813486,1.8274347021965223,1.2849636980634502
3.228957994755305,3.9013616504287727,2.679071144087111,2.5739039011171707,5.994302380303298,2.4054712674413343,5.025789028104188,4.890133496363157,3.6279624193482163,2.16657905409441,2.236573295278567,2.404924813559527,3.076051077177556,2.7845387336497502,2.736990993522286,1.4846874762606932,3.266206978498135,1.8274347021965223,4.061336739578193
1.7655687494345969,2.979165865665724,2.9900263837416965,3.0957422098934444,3.707470890246517,2.8201667959465166,3.107926835835219,2.6499639575595433,3.0489343616915905,1.646662529059944,2.236573295278567,1.0699201826570324,3.076051077177556,1.6803965688486042,2.6036135406837593,4.32173418003109,3.184918192932316,1.8274347021965223,2.6731502188208216
3.228957994755305,3.971152453508034,1.8498571716748844,2.0728205250763168,3.5818208083752654,4.6662307615502305,2.5599662094726563,2.3090685929589934,2.218994145717093,1.646662529059944,2.236573295278567,1.0699201826570324,3.076051077177556,1.6803965688486042,0.845007125479486,3.1535384784785734,3.146762232360605,3.449016008844124,3.2284248271237703
0.3021795041138886,1.0623814391506194,3.8883415205216085,1.4323826006690714,1.74732961305499,1.6162120357701815,1.8293520409892396,1.6759772015579721,1.6592670233156877,1.646662529059944,2.236573295278567,2.404924813559527,3.076051077177556,2.7845387336497502,1.581053068921724,1.4846874762606932,1.3749984979872405,1.8274347021965223,1.1461450459877132
3.228957994755305,2.200872955161312,1.1588455279980288,1.8563762265497938,1.6970695803064892,1.7321484200834583,1.6832292072925563,1.7003268704580115,1.620665152805246,3.206412104163342,2.236573295278567,3.739929444462023,3.076051077177556,3.888680898450896,1.9614258047945583,2.7363257279241036,1.6371133575668206,1.8274347021965223,1.840238306366399
3.228957994755305,2.35499818406538,2.575419397535583,2.3040897755567107,4.335721299602776,2.797871337424733,3.0166000647747917,4.0622447537618225,2.7401193976080562,3.206412104163342,2.236573295278567,3.739929444462023,3.076051077177556,3.888680898450896,3.1173637293951204,2.3191129773696333,2.8365376833645195,1.8274347021965223,3.644880783350982
3.228957994755305,1.7111757023967749,1.2279466923657143,1.6547568799771426,1.74732961305499,1.7276893283791015,1.7197599157167271,1.7733758771581294,2.006683857909663,2.16657905409441,2.236573295278567,2.404924813559527,0.986050802712511,1.6803965688486042,3.3396594841259972,1.5681300263715872,1.5674372556532614,1.8274347021965223,1.5626010022149246
1.7655687494345969,4.05771721125548,1.262497274549557,2.7755232476898217,6.547162740536805,2.062121206205861,2.2129244794430334,2.2116699173588366,2.3154988219931973,1.646662529059944,2.236573295278567,1.0699201826570324,3.076051077177556,1.6803965688486042,3.3989383520542313,3.0700959283676794,2.7370003949165778,1.8274347021965223,2.3955129146693475
3.228957994755305,3.5112858902088,2.229913575697155,2.6895385263573677,4.561891446971028,2.8915122632162253,2.06680164574635,2.528215613059347,3.0103324911811487,1.646662529059944,2.236573295278567,2.404924813559527,3.076051077177556,2.7845387336497502,1.768769484027798,1.4846874762606932,2.9344160170049953,1.8274347021965223,3.783699435426719
1.7655687494345969,3.085106631991101,2.0226100825940985,5.378784810789643,2.0991498422944947,2.976235005599005,2.06680164574635,2.9178103154599757,3.1454390379676944,1.646662529059944,2.236573295278567,1.0699201826570324,0.986050802712511,0.5762544040474584,3.5323158048927574,0.48337687492996495,4.346186558158303,4.5300702132758595,2.811968870896559
1.7655687494345969,2.581516269958455,1.573452514204142,2.991967546216345,1.671939563932239,1.6830984113355334,1.6466984988683855,1.6759772015579721,2.643614721331952,2.6864955791288763,2.236573295278567,2.404924813559527,3.076051077177556,2.7845387336497502,0.6078916537665502,2.8197682780349975,2.335533331509879,2.908488906628257,2.950787522972296
3.228957994755305,3.9173456958743555,3.9228921027054513,2.882262901757696,2.7776602843992544,2.14684394858864,2.1763937710188626,2.162970579558758,1.910179181633559,1.646662529059944,2.236573295278567,1.0699201826570324,0.986050802712511,0.5762544040474584,3.270500804876391,0.48337687492996495,2.537925818020694,5.8813879688155275,3.922518087502456
1.7655687494345969,1.9628779529163212,1.2970478567333998,2.5501839779909763,1.671939563932239,2.0398257476840773,1.6466984988683855,1.6759772015579721,2.8752259443946024,3.726328629197808,2.236573295278567,2.404924813559527,3.076051077177556,2.7845387336497502,3.3742388237508005,1.4012449261497992,2.240972907484334,1.8274347021965223,2.811968870896559
3.228957994755305,2.2793527596891896,1.573452514204142,1.6191769952878512,1.6970695803064892,1.6830984113355334,1.6466984988683855,1.7003268704580115,2.006683857909663,2.16657905409441,2.236573295278567,3.739929444462023,0.986050802712511,2.7845387336497502,2.0305844840441645,2.9032108281458915,1.5160096566218249,1.8274347021965223,1.4237823501391875
3.228957994755305,4.137033390254348,1.5043513498364565,3.0512673540318302,4.159811184983023,5.2102399494817595,4.404766984893284,3.6726500513611935,2.1224894694409886,1.126746004025478,2.236573295278567,1.0699201826570324,3.076051077177556,1.6803965688486042,1.3587573141908467,2.2356704272587393,4.186926896641596,3.449016008844124,2.6731502188208216
0.3021795041138886,1.6179199488814104,3.197329876844753,1.5687721586446883,3.93364103761477,2.0086121057535795,3.8933370669548917,4.183993098262018,3.8016708366452043,3.726328629197808,2.236573295278567,2.404924813559527,3.076051077177556,2.7845387336497502,3.0333853331634555,1.5681300263715872,2.2841057324784426,1.8274347021965223,2.6731502188208216
0.3021795041138886,1.3485609039743012,3.5773862808670236,1.4649974949675884,1.7975896458034906,1.7009347781529607,1.6466984988683855,1.8951242216583257,2.064586663675326,2.16657905409441,2.236573295278567,3.739929444462023,3.076051077177556,3.888680898450896,2.3319187293460204,2.485998077591421,1.4612641479754567,1.8274347021965223,1.2849636980634502
3.228957994755305,0.9380404344634667,1.91895833604257,1.4323826006690714,1.8227196621777408,1.6206711274745382,1.847617395201325,1.7977255460581685,1.5434614117843624,2.16657905409441,2.236573295278567,2.404924813559527,3.076051077177556,2.7845387336497502,1.7094906160995642,2.3191129773696333,1.3816343172171033,1.8274347021965223,1.2849636980634502
1.7655687494345969,2.5276630470763886,2.8863746371901677,2.3782145353260677,2.8781803498962555,2.1825166822234947,2.3590473131397167,3.4291533623608004,2.4120034982693017,3.206412104163342,2.236573295278567,2.404924813559527,3.076051077177556,2.7845387336497502,2.43565674822043,3.6541937791439376,2.421798981498095,1.8274347021965223,3.0896061750480333
1.7655687494345969,1.4323842120668362,1.0897443636303432,1.5302272835646227,1.74732961305499,1.718771144970388,1.6466984988683855,1.7733758771581294,1.6785679585709086,2.6864955791288763,2.236573295278567,2.404924813559527,0.986050802712511,1.6803965688486042,1.2056202387095758,2.485998077591421,1.4596051931679912,3.449016008844124,1.4237823501391875
1.7655687494345969,0.8261521163443846,2.817273472822482,1.4561025237952654,1.671939563932239,1.6206711274745382,1.7014945615046417,1.7733758771581294,1.620665152805246,2.16657905409441,2.236573295278567,3.739929444462023,3.076051077177556,3.888680898450896,2.0602239180082815,0.984032175595329,1.3766574527947064,1.8274347021965223,1.1461450459877132
3.228957994755305,1.3596660983391105,3.508285116499338,1.4798224469214598,1.671939563932239,1.651884769405036,1.7745559783529834,1.74902620825809,1.5241604765291417,1.646662529059944,2.236573295278567,2.404924813559527,0.986050802712511,1.6803965688486042,2.7271111822009133,1.735015126593375,1.3982238652917602,1.8274347021965223,1.1461450459877132
3.228957994755305,4.6576764984455075,3.0245769659255393,3.57014067241733,2.3504500060369984,2.044284839388434,2.450374084200144,3.4291533623608004,4.728115728895806,1.126746004025478,2.236573295278567,1.0699201826570324,0.986050802712511,0.5762544040474584,2.929647314289046,1.1509172758171171,3.2098025150443013,6.151651519923461,4.338974043729667
0.3021795041138886,3.241322797072643,3.646487445234709,1.909746053583731,2.5012301042825005,2.1423848568842834,2.377312667351802,2.357767930759072,4.8053194699166895,2.16657905409441,2.236573295278567,1.0699201826570324,3.076051077177556,1.6803965688486042,3.0383252388241417,2.6528831778132096,2.2542445459440597,1.8274347021965223,2.5343315667450845
3.228957994755305,3.618574148737438,1.91895833604257,2.7636632861267247,5.014231741707535,5.830053696387354,4.806604777559163,1.6759772015579721,5.654560621146407,1.646662529059944,2.236573295278567,1.0699201826570324,0.986050802712511,0.5762544040474584,2.7320510878615996,1.0674747257062231,4.51705890332727,3.449016008844124,2.6731502188208216
1.7655687494345969,2.444908439696785,2.402666486616369,1.636966937632497,1.671939563932239,1.6608029528137496,1.6466984988683855,1.6759772015579721,1.5627623470395833,2.16657905409441,2.236573295278567,3.739929444462023,3.076051077177556,3.888680898450896,0.6918700499982149,3.6541937791439376,1.4761947412426482,1.8274347021965223,1.4237823501391875
1.7655687494345969,3.5149101795830893,3.1282287124770676,2.8881928825392444,2.1494098750429953,2.079957573023288,1.9389441662617521,1.9681732283584434,1.7171698290813504,3.206412104163342,2.236573295278567,3.739929444462023,3.076051077177556,3.888680898450896,0.8351273141581137,3.4038661288112557,2.423457936305561,1.8274347021965223,3.2284248271237703
3.228957994755305,2.84683283825578,0.9860926170788147,1.785216457171211,3.129480513638759,1.914971179962087,2.8339465226539375,3.8430977336614687,2.6050128508215105,3.726328629197808,2.236573295278567,2.404924813559527,3.076051077177556,2.7845387336497502,1.9317863708304415,3.7376363292548316,2.094984884427353,1.8274347021965223,2.5343315667450845
1.7655687494345969,2.7693752691924454,2.091711246961784,3.0127224789517646,1.7975896458034906,1.7990347956488102,1.6466984988683855,1.7977255460581685,2.2768969514827555,3.726328629197808,2.236573295278567,3.739929444462023,0.986050802712511,2.7845387336497502,2.9395271256104185,3.236981028589468,2.3753482468890557,1.8274347021965223,3.0896061750480333
3.228957994755305,3.332394683913756,0.9860926170788147,2.129155342501028,4.335721299602776,2.4322258176674754,2.06680164574635,2.6743136264595826,3.994680189197413,1.646662529059944,2.236573295278567,1.0699201826570324,3.076051077177556,1.6803965688486042,1.274778917959182,2.3191129773696333,2.5296310439833656,1.8274347021965223,3.0896061750480333
1.7655687494345969,1.8502926560714141,2.402666486616369,2.0817154962486395,1.671939563932239,1.736607511787815,1.7014945615046417,1.6759772015579721,1.9294801168887799,3.726328629197808,2.236573295278567,3.739929444462023,3.076051077177556,3.888680898450896,2.163961936882691,2.7363257279241036,1.7897371998536649,1.8274347021965223,2.1178756105178733
1.7655687494345969,2.846042929033178,1.3661490211010854,3.789549961334627,2.023759793171744,4.22032159111455,2.3407819589276313,2.7473626331597005,1.4855586060186998,1.646662529059944,2.236573295278567,1.0699201826570324,3.076051077177556,1.6803965688486042,2.904947785985615,2.485998077591421,3.7854598332348983,2.908488906628257,3.644880783350982
0.3021795041138886,0.36326531189990985,1.711654842939513,1.429417610278297,1.6970695803064892,1.6028347606571112,1.8293520409892396,1.8220752149582078,1.6592670233156877,2.16657905409441,2.236573295278567,2.404924813559527,0.986050802712511,1.6803965688486042,3.996666936997257,1.735015126593375,1.3749984979872405,1.8274347021965223,1.1461450459877132
1.7655687494345969,1.4883748363747655,2.7481723084547967,1.586562100989334,1.6970695803064892,1.7410666034921718,1.6832292072925563,1.6759772015579721,1.7943735701022336,2.6864955791288763,2.236573295278567,5.074934075364517,3.076051077177556,4.992823063252041,2.351678351988765,3.1535384784785734,1.5027380181620993,1.8274347021965223,1.4237823501391875
1.7655687494345969,1.5858589274934674,1.91895833604257,1.4738924661399113,1.671939563932239,1.625130219178895,1.7197599157167271,1.7246765393580508,1.8715773111231173,2.16657905409441,2.236573295278567,3.739929444462023,0.986050802712511,2.7845387336497502,0.7906681632119381,1.9853427769260572,1.4081775941365544,4.259806662167925,1.1461450459877132
1.7655687494345969,1.6351585560334783,3.197329876844753,1.4798224469214598,1.6970695803064892,1.6429665859963223,1.7014945615046417,1.7003268704580115,1.5627623470395833,2.16657905409441,2.236573295278567,3.739929444462023,0.986050802712511,2.7845387336497502,2.247940333114356,2.6528831778132096,1.389929091254432,1.8274347021965223,1.2849636980634502
1.7655687494345969,4.234331620379496,2.229913575697155,4.281738366203158,3.20487056276151,5.6962809452566505,2.596496917896827,3.1613070044603684,1.8715773111231173,1.646662529059944,2.236573295278567,1.0699201826570324,0.986050802712511,0.5762544040474584,3.640993729427853,0.399934324819071,4.772537943676987,1.8274347021965223,3.506062131275245
1.7655687494345969,2.9446886513615884,0.7787891239757581,3.6175805186697185,1.671939563932239,2.6239667609548176,1.884148103625496,2.162970579558758,2.4506053687797436,2.16657905409441,2.236573295278567,2.404924813559527,3.076051077177556,2.7845387336497502,1.7094906160995642,1.735015126593375,3.073768220832114,3.449016008844124,2.6731502188208216
3.228957994755305,3.920784124255092,3.1627792946609103,2.6124487761972364,2.3755800224112487,4.960530814037779,2.3042512505034605,2.6499639575595433,3.9174764481765294,1.646662529059944,2.236573295278567,1.0699201826570324,3.076051077177556,1.6803965688486042,2.741930899182972,2.9032108281458915,3.6245412169107256,1.8274347021965223,3.644880783350982
1.7655687494345969,3.095607778126862,2.264464157880998,3.2499217102137075,2.0740198259202445,2.178057590519138,2.4321087299880584,2.4795162752592685,2.1224894694409886,2.6864955791288763,2.236573295278567,2.404924813559527,0.986050802712511,1.6803965688486042,2.094803257633085,1.9019002268151632,2.771838445873357,1.8274347021965223,3.644880783350982
3.228957994755305,1.8657191185363375,1.0897443636303432,1.524297302783074,2.5263601206567508,1.7722802454226694,2.980069356350621,2.0655719039586007,3.7244670956243207,2.6864955791288763,2.236573295278567,2.404924813559527,3.076051077177556,2.7845387336497502,2.8950679746642427,0.7337045252626471,1.8444827085000328,1.8274347021965223,1.840238306366399
3.228957994755305,2.6986551611454175,1.8844077538587272,3.202481863961319,2.0740198259202445,2.2181894158583493,2.231189833655119,2.6743136264595826,2.4313044335245224,2.6864955791288763,2.236573295278567,3.739929444462023,3.076051077177556,3.888680898450896,3.6459336350885394,1.735015126593375,2.7817921747181513,1.8274347021965223,2.2566942625936104
3.228957994755305,1.0327830759272576,2.264464157880998,1.4353475910598457,1.6970695803064892,1.669721136222463,2.012005583110094,1.9438235594584041,1.7943735701022336,1.646662529059944,2.236573295278567,2.404924813559527,3.076051077177556,2.7845387336497502,3.596534578481678,1.8184576767042693,1.4396977354784029,3.449016008844124,1.2849636980634502
3.228957994755305,1.7107110499128915,2.3335653222486834,1.4472075526229427,1.6970695803064892,1.6340484025876088,1.6466984988683855,1.7003268704580115,1.5627623470395833,1.646662529059944,12.555767160837407,2.404924813559527,3.076051077177556,2.7845387336497502,2.094803257633085,1.317802376038905,1.3633858143349806,1.8274347021965223,1.007326393911976
0.3021795041138886,1.577866904770676,3.8883415205216085,1.6458619088048199,1.74732961305499,1.9907757389361525,1.8658827494134105,1.7003268704580115,2.103188534185768,4.76616167926674,2.236573295278567,5.074934075364517,3.076051077177556,4.992823063252041,3.9275082577476503,1.9853427769260572,1.6769282729459973,1.8274347021965223,1.840238306366399
1.7655687494345969,2.2245237665909685,2.8863746371901677,1.5539472066908169,2.0740198259202445,1.718771144970388,1.8658827494134105,2.162970579558758,1.6399660880604667,1.646662529059944,2.236573295278567,1.0699201826570324,3.076051077177556,1.6803965688486042,0.6276512764092947,2.5694406277023156,1.537576069118879,1.8274347021965223,1.5626010022149246
1.7655687494345969,2.6775134731287302,2.679071144087111,2.3040897755567107,2.1996699077914963,1.9372666384838708,2.3590473131397167,1.9925228972584828,1.736470764336571,1.646662529059944,2.236573295278567,3.739929444462023,3.076051077177556,3.888680898450896,0.9141658047290921,3.6541937791439376,2.08834906519749,1.8274347021965223,2.6731502188208216
3.228957994755305,2.97456580607528,3.957442684889294,2.455304285486199,2.0991498422944947,1.803493887353167,2.06680164574635,1.9925228972584828,1.736470764336571,3.206412104163342,2.236573295278567,2.404924813559527,3.076051077177556,2.7845387336497502,1.151281276442028,2.3191129773696333,2.090008020004956,2.908488906628257,2.6731502188208216
0.3021795041138886,2.0730005915966467,1.6080030963879848,2.120260371328705,2.174539891417246,1.8436257126923783,1.7928213325650688,2.162970579558758,3.2419437142437992,3.206412104163342,2.236573295278567,2.404924813559527,3.076051077177556,2.7845387336497502,3.3643590124294285,2.0687853270369514,2.038580420973519,1.8274347021965223,2.3955129146693475
3.228957994755305,1.5076114492075314,1.0551937814465004,1.4442425622321684,1.8478496785519913,1.696475686448604,1.9937402288980084,2.016872566158522,1.8715773111231173,3.206412104163342,2.236573295278567,2.404924813559527,0.986050802712511,1.6803965688486042,0.8252475028367412,0.7337045252626471,1.4745357864351822,1.8274347021965223,1.5626010022149246
1.7655687494345969,2.7544599244597934,2.6099699797194256,4.062329077285861,1.671939563932239,1.8436257126923783,1.6466984988683855,1.6759772015579721,2.952429685415486,2.16657905409441,2.236573295278567,2.404924813559527,3.076051077177556,2.7845387336497502,3.6903927860347148,3.7376363292548316,3.020681666993212,1.8274347021965223,3.922518087502456
3.228957994755305,3.1430023314829514,0.9860926170788147,4.385513029880258,2.325319989662748,2.788953154016019,2.2677205420792896,1.9925228972584828,2.296197886737976,1.646662529059944,2.236573295278567,1.0699201826570324,3.076051077177556,1.6803965688486042,3.0333853331634555,3.987963979587514,3.617905397680863,5.8813879688155275,3.367243479199508
3.228957994755305,2.2413441865075416,0.7787891239757581,2.057995573122445,1.8227196621777408,1.8971348131446597,1.7197599157167271,1.9681732283584434,1.5434614117843624,2.6864955791288763,2.236573295278567,2.404924813559527,0.986050802712511,1.6803965688486042,2.346738446328079,3.236981028589468,1.8345289796552386,1.8274347021965223,2.2566942625936104
3.228957994755305,2.7167766080168634,2.3335653222486834,1.4531375334044911,1.6970695803064892,1.6206711274745382,1.6832292072925563,1.6759772015579721,1.4855586060186998,1.646662529059944,2.236573295278567,5.074934075364517,0.986050802712511,3.888680898450896,2.0207046727227924,1.5681300263715872,1.3567499951051178,1.8274347021965223,1.007326393911976
3.228957994755305,2.4926282497915926,0.7442385417919153,1.5539472066908169,1.9483697440489927,1.8436257126923783,1.8293520409892396,2.357767930759072,1.755771699591792,1.646662529059944,2.236573295278567,2.404924813559527,3.076051077177556,2.7845387336497502,1.8478079745987768,1.6515725764824811,1.5956394873801782,1.8274347021965223,1.7014196542906617
3.228957994755305,3.6515644750931475,2.851824055006325,3.018652459733313,1.9483697440489927,3.315125975130121,4.368236276469112,3.8917970714615473,2.5857119155662893,1.646662529059944,2.236573295278567,1.0699201826570324,0.986050802712511,0.5762544040474584,2.134322502918574,3.4873086789221497,3.369062176561008,1.8274347021965223,2.950787522972296
1.7655687494345969,1.337873896844987,0.640586795240387,1.4442425622321684,1.671939563932239,1.6028347606571112,1.6466984988683855,1.6759772015579721,1.5820632822948042,1.646662529059944,2.236573295278567,5.074934075364517,0.986050802712511,3.888680898450896,2.381317785952882,3.236981028589468,1.3484552210677894,1.8274347021965223,1.007326393911976
1.7655687494345969,3.1887241358970613,1.3315984389172426,5.429189647432806,2.0740198259202445,2.699771319928883,2.4321087299880584,2.0655719039586007,2.1224894694409886,2.16657905409441,2.236573295278567,1.0699201826570324,3.076051077177556,1.6803965688486042,3.5570153331961887,4.32173418003109,4.157065710107214,1.8274347021965223,4.061336739578193
3.228957994755305,0.9989099098521699,3.78468977397008,1.586562100989334,1.74732961305499,1.8079529790575237,1.7745559783529834,1.7733758771581294,1.5820632822948042,3.206412104163342,2.236573295278567,2.404924813559527,3.076051077177556,2.7845387336497502,1.4526155217438839,1.0674747257062231,1.5276223402740845,1.8274347021965223,1.5626010022149246
1.7655687494345969,3.365710267008184,0.9515420348949719,4.397372991443355,1.9734997604232432,2.6596394945896717,1.9389441662617521,1.9681732283584434,1.7171698290813504,1.646662529059944,2.236573295278567,1.0699201826570324,0.986050802712511,0.5762544040474584,2.682652031254738,1.8184576767042693,3.4719173746238816,1.8274347021965223,3.2284248271237703
1.7655687494345969,7.22595017261329,4.02654384925698,1.4887174180937826,1.7221995966807397,8.643740561836493,1.664963853080471,1.7246765393580508,1.5048595412739207,8.925493879542469,2.236573295278567,2.404924813559527,3.076051077177556,2.7845387336497502,1.180920710406145,1.9853427769260572,3.9944881389755755,1.8274347021965223,3.644880783350982
3.228957994755305,1.9400170507092662,3.508285116499338,1.482787437312234,1.6970695803064892,1.7321484200834583,1.756290624140898,1.74902620825809,2.0259847931648842,2.6864955791288763,2.236573295278567,5.074934075364517,3.076051077177556,4.992823063252041,1.7144305217602502,2.5694406277023156,1.4728768316277168,1.8274347021965223,1.4237823501391875
3.228957994755305,2.8260628722261996,1.573452514204142,1.8000414091250825,2.0740198259202445,2.0264484725710066,4.094255963287831,2.1873202484587972,2.006683857909663,1.646662529059944,2.236573295278567,1.0699201826570324,0.986050802712511,0.5762544040474584,1.6897309934568194,3.6541937791439376,2.0253087825137936,2.6382253555203232,2.950787522972296
3.228957994755305,2.3512344989459257,2.817273472822482,2.057995573122445,1.7975896458034906,1.736607511787815,1.7745559783529834,1.6759772015579721,1.5241604765291417,1.646662529059944,2.236573295278567,1.0699201826570324,0.986050802712511,0.5762544040474584,2.094803257633085,3.1535384784785734,1.756558103704351,2.908488906628257,2.1178756105178733
3.228957994755305,3.0305099651348213,2.229913575697155,2.250719948522774,5.743002216560795,2.9494804553728637,4.806604777559163,3.5265520379609576,3.8788745776660876,1.646662529059944,2.236573295278567,1.0699201826570324,0.986050802712511,0.5762544040474584,1.768769484027798,0.7337045252626471,3.1799413285099187,1.8274347021965223,2.5343315667450845
3.228957994755305,1.131939915987939,3.542835698683181,1.4738924661399113,1.9232397276747424,1.6741802279268199,1.7928213325650688,2.08992157285864,1.8715773111231173,2.6864955791288763,2.236573295278567,3.739929444462023,3.076051077177556,3.888680898450896,1.2006803330488895,3.3204235787003618,1.4745357864351822,1.8274347021965223,1.4237823501391875
3.228957994755305,1.4741564703679386,2.6445205619032683,1.450172543013717,1.74732961305499,1.6340484025876088,1.7928213325650688,1.7003268704580115,1.620665152805246,2.16657905409441,2.236573295278567,3.739929444462023,3.076051077177556,3.888680898450896,0.9289855217111507,2.6528831778132096,1.3866111816395006,1.8274347021965223,1.1461450459877132
3.228957994755305,1.2540041235040638,3.335532205580124,1.4649974949675884,1.7724596294292403,1.6162120357701815,1.847617395201325,1.8707745527582864,1.7943735701022336,2.16657905409441,2.236573295278567,2.404924813559527,3.076051077177556,2.7845387336497502,2.3220389180246483,1.234359825928011,1.42144923259628,1.8274347021965223,1.2849636980634502
3.228957994755305,2.2636475057339367,0.7787891239757581,1.6814417934941113,1.8478496785519913,1.696475686448604,1.6832292072925563,1.74902620825809,2.006683857909663,1.646662529059944,2.236573295278567,3.739929444462023,3.076051077177556,3.888680898450896,0.9289855217111507,2.2356704272587393,1.5724141200756585,1.8274347021965223,1.5626010022149246
1.7655687494345969,2.407225123253855,1.2279466923657143,1.6695818319310138,1.671939563932239,1.6162120357701815,1.6466984988683855,1.6759772015579721,1.601364217550025,2.16657905409441,2.236573295278567,3.739929444462023,3.076051077177556,3.888680898450896,1.3291178802267298,3.1535384784785734,1.481171605665045,1.8274347021965223,1.4237823501391875
3.228957994755305,2.339246464861738,3.3009816233962814,1.6043520433339797,1.671939563932239,1.6429665859963223,1.6466984988683855,1.6759772015579721,2.4120034982693017,1.646662529059944,2.236573295278567,2.404924813559527,0.986050802712511,1.6803965688486042,1.0129639179428154,2.485998077591421,1.524304430659153,2.6382253555203232,1.4237823501391875
1.7655687494345969,3.6566756524158635,2.575419397535583,4.836191569277949,3.4561707265040136,3.591589660800242,2.907007939502279,3.4048036934607615,1.9873829226544424,1.646662529059944,2.236573295278567,2.404924813559527,3.076051077177556,2.7845387336497502,3.8237702388732413,1.8184576767042693,4.371070880270288,1.8274347021965223,4.338974043729667
1.7655687494345969,3.815122149420045,3.370082787763967,3.9407644712641154,3.3305206446327618,2.1200893983624995,3.2175189611077313,3.8430977336614687,3.6279624193482163,1.646662529059944,2.236573295278567,1.0699201826570324,3.076051077177556,1.6803965688486042,3.354479201108056,4.071406529698407,3.513391244810524,4.800333764383792,3.922518087502456
1.7655687494345969,1.7249294159197186,3.7501391917862374,1.5154023316107512,1.671939563932239,1.651884769405036,1.6466984988683855,1.6759772015579721,1.5241604765291417,2.16657905409441,2.236573295278567,3.739929444462023,3.076051077177556,3.888680898450896,0.7709085405691936,2.2356704272587393,1.4015417749066916,1.8274347021965223,1.2849636980634502
3.228957994755305,1.6985371548351509,3.957442684889294,1.4353475910598457,1.671939563932239,1.6117529440658247,1.6832292072925563,1.6759772015579721,1.5048595412739207,1.646662529059944,2.236573295278567,5.074934075364517,3.076051077177556,4.992823063252041,0.6128315594272364,3.1535384784785734,1.3434783566453923,1.8274347021965223,1.007326393911976
0.3021795041138886,3.5669977230263994,2.1608124113294696,2.043170621168574,2.325319989662748,3.5826714773915285,3.0166000647747917,1.6759772015579721,5.789667167932954,1.646662529059944,2.236573295278567,1.0699201826570324,3.076051077177556,1.6803965688486042,1.6255122198678995,3.821078879365726,2.949346610272187,2.097698253304456,3.922518087502456
1.7655687494345969,2.319545199545089,3.4391839521316525,1.880096149675988,1.74732961305499,1.6875575030398902,1.6832292072925563,1.7977255460581685,1.620665152805246,1.646662529059944,2.236573295278567,2.404924813559527,3.076051077177556,2.7845387336497502,0.8301874084974274,1.735015126593375,1.6437491767966834,1.8274347021965223,1.840238306366399
0.3021795041138886,0.6745824761016748,3.3009816233962814,1.4649974949675884,1.9483697440489927,1.6340484025876088,1.7014945615046417,1.9681732283584434,1.6592670233156877,2.6864955791288763,2.236573295278567,2.404924813559527,3.076051077177556,2.7845387336497502,0.8351273141581137,0.7337045252626471,1.42144923259628,1.8274347021965223,1.4237823501391875
1.7655687494345969,3.0251199963217754,1.3661490211010854,3.267711652558353,2.325319989662748,2.458980367893616,2.2677205420792896,2.08992157285864,4.206990477004842,1.646662529059944,2.236573295278567,1.0699201826570324,3.076051077177556,1.6803965688486042,1.9416661821518137,4.238291629920196,3.0405891246828003,1.8274347021965223,3.783699435426719
1.7655687494345969,1.3357364954191242,1.1933961101818715,1.5687721586446883,1.6970695803064892,1.6162120357701815,1.6466984988683855,1.6759772015579721,1.7171698290813504,1.646662529059944,2.236573295278567,2.404924813559527,3.076051077177556,2.7845387336497502,1.368637125512219,1.0674747257062231,1.4363798258634715,1.8274347021965223,1.2849636980634502
0.3021795041138886,1.2322119220099403,3.4046333699478097,1.4323826006690714,1.898109711300492,1.6206711274745382,1.6832292072925563,2.016872566158522,1.6785679585709086,1.646662529059944,2.236573295278567,1.0699201826570324,3.076051077177556,1.6803965688486042,0.6572907103734118,2.9866533782567855,1.3982238652917602,1.8274347021965223,1.2849636980634502
3.228957994755305,1.0938384123095142,2.1953629935133123,1.4590675141860399,1.6970695803064892,1.669721136222463,1.8293520409892396,1.7733758771581294,1.620665152805246,1.646662529059944,2.236573295278567,2.404924813559527,3.076051077177556,2.7845387336497502,3.408818163375604,1.1509172758171171,1.4098365489440203,1.8274347021965223,1.1461450459877132
1.7655687494345969,1.4205820389762023,2.817273472822482,1.533192273955397,1.671939563932239,1.5983756689527544,1.6466984988683855,1.6759772015579721,1.5241604765291417,2.16657905409441,2.236573295278567,2.404924813559527,0.986050802712511,1.6803965688486042,1.1463413707813417,2.2356704272587393,1.3915880460618975,1.8274347021965223,1.2849636980634502
3.228957994755305,2.767284333014971,1.8153065894910416,2.484954189393942,1.671939563932239,2.066580297910218,1.9937402288980084,1.8951242216583257,3.743768030879542,2.16657905409441,2.236573295278567,2.404924813559527,3.076051077177556,2.7845387336497502,2.223240804810925,2.5694406277023156,2.335533331509879,1.8274347021965223,2.811968870896559
3.228957994755305,3.361203137914517,1.124294945814186,3.7510050862545614,2.425840055159749,3.9839897307836405,4.203848088560344,3.5265520379609576,1.775072634847013,1.646662529059944,2.236573295278567,1.0699201826570324,3.076051077177556,1.6803965688486042,2.8950679746642427,1.735015126593375,3.949696359174002,1.8274347021965223,3.783699435426719
1.7655687494345969,2.0458184212894777,1.0897443636303432,1.5539472066908169,1.6970695803064892,1.669721136222463,1.7014945615046417,1.6759772015579721,1.5627623470395833,2.16657905409441,2.236573295278567,3.739929444462023,3.076051077177556,3.888680898450896,3.013625710520711,2.7363257279241036,1.4396977354784029,1.8274347021965223,1.2849636980634502
0.3021795041138886,1.0757634306864563,2.4372170688002117,1.4323826006690714,1.7724596294292403,1.6340484025876088,2.1763937710188626,1.6759772015579721,2.180392275206651,1.646662529059944,2.236573295278567,2.404924813559527,3.076051077177556,2.7845387336497502,3.8385899558552996,1.5681300263715872,1.4596051931679912,2.6382253555203232,1.1461450459877132
1.7655687494345969,3.031532200599364,4.02654384925698,2.811103132379113,2.2247999241657466,3.515785101826177,4.331705568044942,4.427489787262411,3.4542540020512287,1.646662529059944,2.236573295278567,1.0699201826570324,3.076051077177556,1.6803965688486042,2.6036135406837593,0.6502619751517529,3.4536688717417587,1.8274347021965223,4.338974043729667
0.3021795041138886,1.6221018212363596,4.061094431440822,1.4738924661399113,1.8227196621777408,1.625130219178895,1.7745559783529834,1.7733758771581294,1.9680819873992217,1.646662529059944,12.555767160837407,2.404924813559527,0.986050802712511,1.6803965688486042,1.951545993473186,8.076648935021321,1.4347208710560055,1.8274347021965223,1.2849636980634502
3.228957994755305,1.7258122556390965,3.8537909383377658,1.4976123892661055,1.74732961305499,1.6830984113355334,1.7014945615046417,2.1386209106587186,1.910179181633559,2.16657905409441,2.236573295278567,2.404924813559527,3.076051077177556,2.7845387336497502,2.5393947670948394,0.7337045252626471,1.4778536960501136,1.8274347021965223,1.4237823501391875
3.228957994755305,2.296219644854151,1.9535089182264127,2.1261903521102536,1.8227196621777408,1.7901166122400967,1.7928213325650688,1.8951242216583257,1.7171698290813504,3.206412104163342,2.236573295278567,3.739929444462023,3.076051077177556,3.888680898450896,3.0383252388241417,1.9853427769260572,1.84945957292243,1.8274347021965223,2.2566942625936104
3.228957994755305,1.376440053007295,1.4698007676526137,1.4590675141860399,1.671939563932239,1.6340484025876088,1.7014945615046417,1.7003268704580115,1.620665152805246,2.16657905409441,2.236573295278567,3.739929444462023,3.076051077177556,3.888680898450896,1.487194861368687,1.6515725764824811,1.378316407602172,1.8274347021965223,1.1461450459877132
1.7655687494345969,3.1564307882671767,3.4046333699478097,3.374451306626227,2.0740198259202445,2.062121206205861,2.231189833655119,2.0655719039586007,1.6399660880604667,1.646662529059944,2.236573295278567,1.0699201826570324,3.076051077177556,1.6803965688486042,0.8203075971760552,1.4012449261497992,2.7104571179971266,1.8274347021965223,3.644880783350982
3.228957994755305,3.639948162996067,3.4737345343154953,2.9682476230901504,2.0991498422944947,5.214699041186116,2.1398630625946917,5.888469921264769,2.4699063040349643,1.646662529059944,2.236573295278567,1.0699201826570324,3.076051077177556,1.6803965688486042,1.986125333097989,3.5707512290330436,3.98121650051585,3.1787524577361905,2.811968870896559
3.228957994755305,3.9489885300268037,1.3315984389172426,2.4493743047046506,6.421512658665554,3.7387396870440166,2.5599662094726563,2.4795162752592685,4.8053194699166895,1.646662529059944,2.236573295278567,1.0699201826570324,3.076051077177556,1.6803965688486042,3.1964022199660986,3.5707512290330436,3.4337614140521704,1.8274347021965223,2.811968870896559
1.7655687494345969,2.0966978682746915,3.4391839521316525,1.7140566877926282,1.6970695803064892,1.9417257301882276,1.7745559783529834,1.7003268704580115,3.0103324911811487,4.246245154232274,2.236573295278567,3.739929444462023,0.986050802712511,2.7845387336497502,1.0327235405855602,1.9853427769260572,1.7631939229342137,4.259806662167925,1.840238306366399
3.228957994755305,3.132315324353637,2.368115904432526,2.7577333053451762,1.7724596294292403,1.7410666034921718,1.756290624140898,1.7733758771581294,2.2382950809723137,2.6864955791288763,2.236573295278567,2.404924813559527,0.986050802712511,1.6803965688486042,0.5881320311238056,3.7376363292548316,2.214429630564883,2.908488906628257,2.811968870896559
3.228957994755305,3.4473497084264677,2.713621726270954,2.2151400638334824,5.139881823578786,4.055335198053349,5.738137842375519,2.236019586258876,3.26124464949902,1.646662529059944,2.236573295278567,1.0699201826570324,0.986050802712511,0.5762544040474584,1.5859929745824102,2.4025555274805273,3.4752352842388126,1.8274347021965223,2.950787522972296
3.228957994755305,2.8791261858856645,2.817273472822482,3.1698669696628015,2.7525302680250037,3.092171389912281,2.413843375775973,3.79439839586139,2.527809109800627,2.6864955791288763,2.236573295278567,2.404924813559527,0.986050802712511,1.6803965688486042,1.862627691580835,1.5681300263715872,3.2346868371562865,1.8274347021965223,4.20015539165393
1.7655687494345969,4.666504895639289,2.5063182331678973,3.6917052784390756,2.400710038785499,2.2048121407452785,3.034865418986877,5.961518927964887,2.6050128508215105,1.126746004025478,2.236573295278567,1.0699201826570324,3.076051077177556,1.6803965688486042,3.571835050178247,1.6515725764824811,3.3839927698281995,6.151651519923461,4.20015539165393
1.7655687494345969,1.807823419044487,3.1282287124770676,1.4946473988753313,1.671939563932239,1.6474256777006793,1.6466984988683855,1.6759772015579721,1.5434614117843624,2.16657905409441,2.236573295278567,3.739929444462023,0.986050802712511,2.7845387336497502,2.3022792953819033,2.6528831778132096,1.389929091254432,1.8274347021965223,1.1461450459877132
1.7655687494345969,0.7973436623436243,0.8133397061596008,1.4472075526229427,1.7724596294292403,1.5939165772483976,1.7745559783529834,1.7246765393580508,1.775072634847013,1.646662529059944,2.236573295278567,1.0699201826570324,0.986050802712511,0.5762544040474584,3.5323158048927574,1.0674747257062231,1.3849522268320347,4.259806662167925,1.007326393911976
3.228957994755305,1.295172333576118,3.681038027418552,1.450172543013717,1.8227196621777408,1.6474256777006793,1.7745559783529834,1.8220752149582078,1.755771699591792,1.646662529059944,2.236573295278567,2.404924813559527,3.076051077177556,2.7845387336497502,1.5909328802430962,0.7337045252626471,1.4148134133664172,2.6382253555203232,1.1461450459877132
1.7655687494345969,2.1834484870156907,2.368115904432526,1.6695818319310138,2.124279858668745,2.093334848136359,2.5051701468364,1.9925228972584828,1.890878246378338,4.246245154232274,2.236573295278567,3.739929444462023,0.986050802712511,2.7845387336497502,2.623373163326504,2.8197682780349975,1.8129625671581846,1.8274347021965223,2.1178756105178733
3.228957994755305,2.000979456594746,4.061094431440822,1.5895270913801083,1.671939563932239,1.6206711274745382,1.6466984988683855,1.6759772015579721,1.5627623470395833,1.646662529059944,2.236573295278567,2.404924813559527,3.076051077177556,2.7845387336497502,0.6918700499982149,2.5694406277023156,1.4347208710560055,1.8274347021965223,1.2849636980634502
3.228957994755305,2.916484245589876,1.2279466923657143,4.89845636748421,2.8781803498962555,3.0163668309382157,2.413843375775973,2.4551666063592292,5.191338175021107,3.726328629197808,2.236573295278567,2.404924813559527,0.986050802712511,1.6803965688486042,3.8336500501946134,3.5707512290330436,4.319643281238852,4.259806662167925,3.922518087502456
3.228957994755305,2.061523675244731,1.0206431992626577,1.6428969184140454,2.275059956914247,1.892675721440303,2.8339465226539375,1.7733758771581294,1.6399660880604667,3.726328629197808,2.236573295278567,2.404924813559527,3.076051077177556,2.7845387336497502,2.835789106736009,3.4038661288112557,1.7266969171699684,1.8274347021965223,1.979056958442136
3.228957994755305,3.5426034676225298,1.262497274549557,3.246956719822933,2.2247999241657466,3.011907739233859,2.249455187867204,4.15964342936198,1.7171698290813504,1.646662529059944,2.236573295278567,1.0699201826570324,3.076051077177556,1.6803965688486042,1.09694231417448,3.5707512290330436,3.1533980515904676,1.8274347021965223,3.2284248271237703
1.7655687494345969,1.9816034480168154,3.059127548109382,2.0935754578117365,1.671939563932239,1.7232302366747447,1.6466984988683855,1.6759772015579721,1.6785679585709086,5.286078204301206,2.236573295278567,3.739929444462023,3.076051077177556,3.888680898450896,3.7101524086774598,2.4025555274805273,1.7648528777416792,1.8274347021965223,2.1178756105178733
1.7655687494345969,2.0576670596285003,1.3661490211010854,2.6450636704957535,1.671939563932239,1.8525438961010918,1.9937402288980084,1.8951242216583257,2.334799757248418,6.325911254370139,2.236573295278567,3.739929444462023,3.076051077177556,3.888680898450896,3.176642597323354,1.9019002268151632,2.224383359409677,1.8274347021965223,2.811968870896559
3.228957994755305,3.2163709586881133,2.9209252193740105,2.138050313673351,1.9232397276747424,4.059794289757706,6.286098468738082,3.79439839586139,2.527809109800627,1.646662529059944,2.236573295278567,1.0699201826570324,3.076051077177556,1.6803965688486042,2.6678323142726796,0.984032175595329,3.3143166679146403,1.8274347021965223,2.811968870896559
3.228957994755305,1.8452744092454754,3.370082787763967,1.9364309671006996,1.8478496785519913,2.351962166989053,2.103332354170521,2.1386209106587186,3.2033418437333574,4.246245154232274,2.236573295278567,2.404924813559527,3.076051077177556,2.7845387336497502,1.027783634924874,1.6515725764824811,2.1265050257692013,1.8274347021965223,2.5343315667450845
0.3021795041138886,2.3448687599167255,0.7096879596080725,1.4649974949675884,1.671939563932239,1.607293852361468,1.6466984988683855,1.6759772015579721,1.5048595412739207,1.646662529059944,2.236573295278567,5.074934075364517,0.986050802712511,3.888680898450896,0.8252475028367412,1.5681300263715872,1.3550910402976521,1.8274347021965223,1.007326393911976
1.7655687494345969,3.812938282745794,3.4391839521316525,4.619747270751427,2.0740198259202445,3.448898726260825,2.413843375775973,2.8447613087598578,1.7943735701022336,1.646662529059944,2.236573295278567,1.0699201826570324,3.076051077177556,1.6803965688486042,1.704550710438878,4.071406529698407,4.006100822627836,4.259806662167925,3.922518087502456
1.7655687494345969,1.9896884012363836,1.4698007676526137,1.9690458613992168,1.7724596294292403,1.736607511787815,1.6466984988683855,1.6759772015579721,2.7594203328632774,2.16657905409441,2.236573295278567,2.404924813559527,0.986050802712511,1.6803965688486042,2.079983540651026,3.5707512290330436,1.799690928698459,1.8274347021965223,1.979056958442136
3.228957994755305,3.149321605263763,2.2990147400648406,3.872569692276307,2.47610008790825,2.311830341649842,2.413843375775973,2.4551666063592292,2.3154988219931973,2.16657905409441,2.236573295278567,2.404924813559527,3.076051077177556,2.7845387336497502,3.5125561822500133,1.4012449261497992,3.2098025150443013,1.8274347021965223,4.20015539165393
0.3021795041138886,2.0200302084339583,3.8537909383377658,1.5183673220015255,1.9483697440489927,1.7009347781529607,2.1763937710188626,1.7003268704580115,1.8329754406126755,1.646662529059944,2.236573295278567,2.404924813559527,3.076051077177556,2.7845387336497502,0.9783845783180123,0.7337045252626471,1.5160096566218249,1.8274347021965223,1.4237823501391875
3.228957994755305,3.286487018506093,2.575419397535583,2.547218987600202,1.9232397276747424,3.997367005896711,3.107926835835219,2.4064672685591506,1.6785679585709086,1.646662529059944,2.236573295278567,1.0699201826570324,3.076051077177556,1.6803965688486042,1.7094906160995642,2.3191129773696333,3.06381449198732,1.8274347021965223,2.6731502188208216
1.7655687494345969,3.526340630686617,0.7442385417919153,2.9712126134809247,1.8478496785519913,2.2761576080149872,1.9937402288980084,1.6759772015579721,1.755771699591792,2.16657905409441,2.236573295278567,3.739929444462023,3.076051077177556,3.888680898450896,0.9635648613359538,2.2356704272587393,2.5113825411012427,1.8274347021965223,3.367243479199508
1.7655687494345969,1.3475851337581466,2.1608124113294696,1.888991120848311,1.6970695803064892,1.7009347781529607,1.6466984988683855,1.7003268704580115,1.5434614117843624,3.206412104163342,2.236573295278567,2.404924813559527,3.076051077177556,2.7845387336497502,3.2556810878943327,1.4012449261497992,1.6337954479518892,1.8274347021965223,1.840238306366399
3.228957994755305,2.888140444072999,1.9535089182264127,4.08901399080283,2.249929940539997,2.5124894683458976,1.9206788120496667,1.9438235594584041,3.26124464949902,3.726328629197808,2.236573295278567,2.404924813559527,0.986050802712511,1.6803965688486042,3.843529861515986,2.9032108281458915,3.3922875438655278,1.8274347021965223,4.338974043729667
3.228957994755305,1.8716666703300429,2.229913575697155,1.8178313514697282,1.671939563932239,1.6608029528137496,1.6832292072925563,1.7003268704580115,2.2382950809723137,3.206412104163342,2.236573295278567,2.404924813559527,3.076051077177556,2.7845387336497502,2.86048863503944,1.5681300263715872,1.640431267181752,1.8274347021965223,1.7014196542906617
3.228957994755305,2.3064884647479706,3.542835698683181,2.310019756338259,1.8478496785519913,1.9417257301882276,1.6466984988683855,1.9438235594584041,4.998328822468898,2.16657905409441,2.236573295278567,2.404924813559527,3.076051077177556,2.7845387336497502,3.6113542954637365,1.735015126593375,2.2824467776709767,1.8274347021965223,2.5343315667450845
3.228957994755305,2.3142946264772086,1.573452514204142,3.7628650478176584,2.174539891417246,2.4991121932328273,1.6466984988683855,1.6759772015579721,3.26124464949902,2.6864955791288763,2.236573295278567,2.404924813559527,0.986050802712511,1.6803965688486042,3.389058540732859,3.7376363292548316,3.156715961205399,1.8274347021965223,2.6731502188208216
1.7655687494345969,3.6335824239668666,3.1282287124770676,3.77768999977153,3.8331209721177686,4.88918534676807,2.8704772310781084,2.9178103154599757,1.8136745053574548,1.646662529059944,2.236573295278567,1.0699201826570324,3.076051077177556,1.6803965688486042,3.996666936997257,2.0687853270369514,4.235036586058102,1.8274347021965223,2.811968870896559
1.7655687494345969,1.5143024449754499,2.9209252193740105,1.4412775718413942,1.6970695803064892,1.6295893108832518,1.7014945615046417,1.6759772015579721,1.4855586060186998,1.646662529059944,2.236573295278567,2.404924813559527,3.076051077177556,2.7845387336497502,1.245139483995065,0.900589625484435,1.3550910402976521,1.8274347021965223,1.007326393911976
3.228957994755305,1.6420818780433384,1.6771042607556703,2.1143303905471567,1.8478496785519913,2.2003530490409218,1.7197599157167271,2.0412222350585614,2.2382950809723137,5.805994729335672,2.236573295278567,3.739929444462023,0.986050802712511,2.7845387336497502,2.890128069003557,2.5694406277023156,2.045216240203382,3.449016008844124,2.5343315667450845
0.3021795041138886,3.728603856920987,0.7096879596080725,4.344003164409418,3.5818208083752654,2.4099303591456915,4.93446225704376,5.036231509763393,2.006683857909663,1.646662529059944,2.236573295278567,2.404924813559527,0.986050802712511,1.6803965688486042,3.2556810878943327,2.9032108281458915,3.9613090428262616,3.1787524577361905,2.3955129146693475
3.228957994755305,1.7127090555935895,2.8863746371901677,1.43831258145062,1.6970695803064892,1.625130219178895,1.7197599157167271,1.74902620825809,1.5434614117843624,1.646662529059944,2.236573295278567,2.404924813559527,3.076051077177556,2.7845387336497502,2.6134933520051318,2.1522278771478454,1.3633858143349806,1.8274347021965223,1.007326393911976
3.228957994755305,0.618127199309862,1.91895833604257,1.429417610278297,1.7724596294292403,1.6117529440658247,1.756290624140898,1.6759772015579721,1.5627623470395833,1.646662529059944,2.236573295278567,1.0699201826570324,0.986050802712511,0.5762544040474584,0.9536850500145815,3.821078879365726,1.3584089499125835,1.8274347021965223,1.1461450459877132
1.7655687494345969,2.8350771304135343,3.7155886096023947,3.0957422098934444,2.1996699077914963,3.6584760363655944,2.158128416806777,1.9194738905583648,2.103188534185768,2.6864955791288763,2.236573295278567,2.404924813559527,3.076051077177556,2.7845387336497502,2.875308352021498,2.6528831778132096,3.1799413285099187,1.8274347021965223,4.20015539165393
0.3021795041138886,0.9517012174896338,2.3335653222486834,1.4442425622321684,1.898109711300492,1.6786393196311766,1.756290624140898,1.8707745527582864,1.890878246378338,2.16657905409441,2.236573295278567,2.404924813559527,3.076051077177556,2.7845387336497502,1.5859929745824102,1.8184576767042693,1.4413566902858683,1.8274347021965223,1.4237823501391875
1.7655687494345969,1.0190293624043139,2.229913575697155,1.482787437312234,1.671939563932239,1.607293852361468,1.6466984988683855,1.6759772015579721,1.5048595412739207,1.646662529059944,2.236573295278567,2.404924813559527,3.076051077177556,2.7845387336497502,1.610692502885841,1.234359825928011,1.3650447691424463,1.8274347021965223,1.1461450459877132
1.7655687494345969,3.62572979698924,1.7462054251233559,2.6598886224496248,1.7975896458034906,2.1423848568842834,1.9206788120496667,2.528215613059347,1.6978688938261293,1.646662529059944,2.236573295278567,2.404924813559527,0.986050802712511,1.6803965688486042,1.9120267481876967,3.236981028589468,2.330556467087482,1.8274347021965223,3.0896061750480333
3.228957994755305,0.2681044832006241,2.5063182331678973,1.4442425622321684,1.74732961305499,1.6340484025876088,1.8658827494134105,1.846424883858247,1.8715773111231173,3.206412104163342,2.236573295278567,2.404924813559527,0.986050802712511,1.6803965688486042,1.5020145783507455,1.9853427769260572,1.42144923259628,1.8274347021965223,1.5626010022149246
0.3021795041138886,2.715986698794262,1.435250185468771,1.4531375334044911,1.671939563932239,1.6117529440658247,1.7745559783529834,1.6759772015579721,1.5241604765291417,1.646662529059944,2.236573295278567,2.404924813559527,0.986050802712511,1.6803965688486042,0.8005479745333104,8.66074678579758,1.3633858143349806,1.8274347021965223,1.007326393911976
3.228957994755305,3.3327199406524746,4.02654384925698,4.1008739523659266,3.20487056276151,4.964989905742136,5.044054382316274,5.644973232264376,1.8715773111231173,1.646662529059944,2.236573295278567,1.0699201826570324,0.986050802712511,0.5762544040474584,1.793469012331229,2.4025555274805273,4.79078644655911,2.908488906628257,3.506062131275245
3.228957994755305,2.9380441208420582,3.991993267073137,2.5620439395540733,4.536761430596778,2.8201667959465166,3.0166000647747917,4.695336145162844,2.218994145717093,2.16657905409441,2.236573295278567,2.404924813559527,3.076051077177556,2.7845387336497502,3.3198998614832527,3.236981028589468,3.0007742093036236,1.8274347021965223,2.5343315667450845
3.228957994755305,0.979208644535521,3.231880459028596,1.470927475749137,1.6970695803064892,1.6206711274745382,1.6832292072925563,1.7003268704580115,1.5048595412739207,1.646662529059944,2.236573295278567,2.404924813559527,0.986050802712511,1.6803965688486042,2.233120616132297,2.1522278771478454,1.3700216335648436,1.8274347021965223,1.1461450459877132
3.228957994755305,3.3434998782785654,0.9169914527111291,3.0868472387211217,5.516832069192542,3.832380612835509,5.628545717103007,1.9925228972584828,4.979027887213677,1.646662529059944,2.236573295278567,1.0699201826570324,3.076051077177556,1.6803965688486042,1.6403319368499578,0.5668194250408589,4.0260082803174235,3.719279559952058,3.506062131275245
3.228957994755305,2.7574337003566463,1.91895833604257,3.7687950285992073,1.671939563932239,2.1825166822234947,1.6466984988683855,2.357767930759072,4.419300764812272,4.76616167926674,2.236573295278567,2.404924813559527,3.076051077177556,2.7845387336497502,3.9522077860510816,3.236981028589468,3.155057006397933,1.8274347021965223,3.922518087502456
1.7655687494345969,1.3919129807206068,1.711654842939513,1.462032504576814,1.671939563932239,1.6117529440658247,1.6466984988683855,1.6759772015579721,1.5048595412739207,2.16657905409441,2.236573295278567,3.739929444462023,3.076051077177556,3.888680898450896,0.7066897669802734,2.7363257279241036,1.3550910402976521,1.8274347021965223,1.1461450459877132
3.228957994755305,3.6430613346380847,2.0226100825940985,5.040775906241375,2.0740198259202445,2.8023304291290896,3.5462953369252688,1.6759772015579721,3.0296334264363693,2.16657905409441,2.236573295278567,2.404924813559527,3.076051077177556,2.7845387336497502,2.588793823701701,2.0687853270369514,4.130522433187763,6.151651519923461,2.5343315667450845
3.228957994755305,3.4057633111189185,3.197329876844753,4.172033721744509,3.280260611884261,2.3876349006239073,4.075990609075745,1.9681732283584434,2.971730620670707,2.16657905409441,2.236573295278567,2.404924813559527,3.076051077177556,2.7845387336497502,3.235921465251588,3.6541937791439376,3.632835990948054,1.8274347021965223,3.2284248271237703
1.7655687494345969,3.0581567879258733,3.7501391917862374,3.9911693079072785,5.039361758081785,5.014039914490061,4.386501630681198,2.601264619759465,4.8053194699166895,1.646662529059944,2.236573295278567,1.0699201826570324,3.076051077177556,1.6803965688486042,3.883049106801475,0.7337045252626471,4.853826729242806,1.8274347021965223,3.2284248271237703
1.7655687494345969,2.9480341492455473,2.6099699797194256,4.27580838542161,2.3755800224112487,2.4054712674413343,5.665076425527177,3.380454024560722,2.8366240738841606,3.206412104163342,2.236573295278567,2.404924813559527,3.076051077177556,2.7845387336497502,3.5915946728209915,2.3191129773696333,3.866748618800717,1.8274347021965223,3.506062131275245
1.7655687494345969,1.3674722600683489,2.679071144087111,1.4768574565306856,1.74732961305499,1.7009347781529607,1.756290624140898,1.7003268704580115,1.736470764336571,2.16657905409441,2.236573295278567,2.404924813559527,0.986050802712511,1.6803965688486042,2.000945050080048,1.8184576767042693,1.43306191624854,1.8274347021965223,1.2849636980634502
3.228957994755305,1.310691726537818,2.4372170688002117,1.43831258145062,1.74732961305499,1.6206711274745382,1.6466984988683855,1.7246765393580508,1.6978688938261293,2.16657905409441,2.236573295278567,2.404924813559527,0.986050802712511,1.6803965688486042,1.7984089179919152,0.984032175595329,1.3700216335648436,1.8274347021965223,1.1461450459877132
3.228957994755305,4.691224407781878,0.8133397061596008,1.9275359959283767,5.39118198732129,3.569294202278458,2.231189833655119,5.86412025236473,4.342097023791389,1.646662529059944,2.236573295278567,1.0699201826570324,0.986050802712511,0.5762544040474584,2.8110895784325782,1.9019002268151632,3.1716465544725905,6.692178622139329,4.477792695805405
0.3021795041138886,1.15047955009488,3.819240356153923,1.5628421778631396,2.853050333522005,1.821330254170594,2.0302709373221792,2.162970579558758,1.9680819873992217,2.16657905409441,2.236573295278567,1.0699201826570324,3.076051077177556,1.6803965688486042,3.7743711822663797,3.236981028589468,1.6752693181385316,1.8274347021965223,1.840238306366399
3.228957994755305,3.4371273537810367,3.3009816233962814,3.3566613642815817,2.3755800224112487,3.16351685718199,2.468639438412229,2.698663295359622,2.064586663675326,3.726328629197808,2.236573295278567,3.739929444462023,3.076051077177556,3.888680898450896,3.8929289181228475,2.485998077591421,3.2313689275413555,1.8274347021965223,3.506062131275245
1.7655687494345969,1.3553448302389965,1.8498571716748844,1.5005773796568798,1.671939563932239,1.625130219178895,1.6466984988683855,1.6759772015579721,1.5048595412739207,2.16657905409441,2.236573295278567,2.404924813559527,0.986050802712511,1.6803965688486042,3.67063316339197,1.9019002268151632,1.3816343172171033,1.8274347021965223,1.1461450459877132
1.7655687494345969,2.8628168837013632,2.2990147400648406,4.15127878900909,2.1996699077914963,2.115630306658143,1.884148103625496,1.9194738905583648,1.890878246378338,2.6864955791288763,2.236573295278567,2.404924813559527,3.076051077177556,2.7845387336497502,3.655813446409912,2.9866533782567855,3.1533980515904676,2.908488906628257,2.811968870896559
3.228957994755305,2.056505428418792,3.991993267073137,1.8385862842051481,2.5012301042825005,1.9773984638230822,2.158128416806777,2.260369255158915,1.7171698290813504,3.206412104163342,2.236573295278567,2.404924813559527,0.986050802712511,1.6803965688486042,3.626174012445795,2.7363257279241036,1.8610722565746898,1.8274347021965223,2.2566942625936104
3.228957994755305,0.7885617303982313,3.9228921027054513,1.4649974949675884,1.7724596294292403,1.5983756689527544,1.8293520409892396,1.8220752149582078,1.6785679585709086,3.206412104163342,2.236573295278567,3.739929444462023,0.986050802712511,2.7845387336497502,2.5146952387914085,2.7363257279241036,1.3998828200992262,1.8274347021965223,1.4237823501391875
1.7655687494345969,1.8124699438833192,1.4698007676526137,1.462032504576814,1.671939563932239,1.607293852361468,1.6466984988683855,1.6759772015579721,1.5241604765291417,1.646662529059944,2.236573295278567,5.074934075364517,0.986050802712511,3.888680898450896,1.5909328802430962,3.3204235787003618,1.3550910402976521,1.8274347021965223,1.007326393911976
3.228957994755305,0.6299293724004962,2.713621726270954,1.4323826006690714,1.7221995966807397,1.625130219178895,1.7197599157167271,1.74902620825809,1.736470764336571,2.16657905409441,2.236573295278567,2.404924813559527,0.986050802712511,1.6803965688486042,3.6854528803740285,1.4846874762606932,1.378316407602172,4.259806662167925,1.1461450459877132
1.7655687494345969,3.1570348364962246,2.229913575697155,3.0720222867672504,2.702270235276503,2.548162201980752,1.847617395201325,1.6759772015579721,1.9487810521440008,2.6864955791288763,2.236573295278567,3.739929444462023,0.986050802712511,2.7845387336497502,2.5789140123803285,2.4025555274805273,2.728705620879249,1.8274347021965223,3.644880783350982
1.7655687494345969,1.971474023868161,3.5773862808670236,1.9245710055376024,1.7221995966807397,1.8659211712141621,2.0850669999584355,1.9925228972584828,1.620665152805246,3.206412104163342,2.236573295278567,2.404924813559527,3.076051077177556,2.7845387336497502,0.6474108990520395,2.2356704272587393,1.783101380623802,1.8274347021965223,2.1178756105178733
1.7655687494345969,1.6721448937505834,1.711654842939513,1.4561025237952654,1.671939563932239,1.6162120357701815,1.7197599157167271,1.7003268704580115,1.5820632822948042,1.646662529059944,2.236573295278567,2.404924813559527,3.076051077177556,2.7845387336497502,3.4680970313038375,1.5681300263715872,1.3683626787573777,1.8274347021965223,1.007326393911976
1.7655687494345969,1.953677833735433,0.9515420348949719,1.9542209094453453,1.7221995966807397,1.9060529965533732,1.7014945615046417,1.7246765393580508,1.8715773111231173,4.246245154232274,2.236573295278567,3.739929444462023,3.076051077177556,3.888680898450896,3.112423823734434,3.7376363292548316,1.783101380623802,3.449016008844124,2.1178756105178733
1.7655687494345969,1.6936118385059888,1.6771042607556703,1.5420872451277199,1.7724596294292403,1.6875575030398902,1.7197599157167271,1.7246765393580508,1.8715773111231173,3.206412104163342,2.236573295278567,3.739929444462023,3.076051077177556,3.888680898450896,2.919767502967674,2.5694406277023156,1.4761947412426482,1.8274347021965223,1.5626010022149246
3.228957994755305,3.6425966821542013,2.264464157880998,2.861507969022276,3.782860939369268,3.364175983878046,5.391096112345896,3.721349389161272,6.1370840025269295,1.646662529059944,2.236573295278567,1.0699201826570324,3.076051077177556,1.6803965688486042,0.6029517481058639,2.8197682780349975,3.807026245731952,2.6382253555203232,3.0896061750480333
1.7655687494345969,1.6898016881381461,3.059127548109382,1.6577218703679168,1.7221995966807397,1.7455256951965286,1.6466984988683855,1.7003268704580115,2.81732313862894,3.206412104163342,2.236573295278567,3.739929444462023,3.076051077177556,3.888680898450896,3.660753352070598,2.2356704272587393,1.6321364931444236,4.259806662167925,1.5626010022149246
3.228957994755305,3.3087903377324883,1.0897443636303432,1.9690458613992168,3.5315607756267644,2.918266813442366,4.605685881226223,5.304077867663826,3.7244670956243207,1.646662529059944,2.236573295278567,1.0699201826570324,3.076051077177556,1.6803965688486042,2.440596653881116,2.2356704272587393,2.9543234746945837,1.8274347021965223,2.2566942625936104
3.228957994755305,0.9451031522184918,1.0206431992626577,1.4590675141860399,1.8478496785519913,1.6741802279268199,1.7928213325650688,1.7246765393580508,1.890878246378338,2.16657905409441,2.236573295278567,2.404924813559527,3.076051077177556,2.7845387336497502,1.9120267481876967,2.2356704272587393,1.438038780670937,1.8274347021965223,1.4237823501391875
3.228957994755305,3.1381234804021774,1.711654842939513,3.7361801343006897,2.7776602843992544,3.814544246018082,3.3819071490165,3.4535030312608397,4.303495153280947,2.16657905409441,2.236573295278567,1.0699201826570324,0.986050802712511,0.5762544040474584,3.7743711822663797,3.6541937791439376,4.039279918777149,3.449016008844124,2.2566942625936104
1.7655687494345969,1.3966524360562156,1.1588455279980288,1.4768574565306856,1.8478496785519913,1.692016594744247,1.6466984988683855,1.8707745527582864,1.601364217550025,2.6864955791288763,12.555767160837407,2.404924813559527,0.986050802712511,1.6803965688486042,1.0870625028531078,1.1509172758171171,1.4264260970186773,1.8274347021965223,1.5626010022149246
1.7655687494345969,2.7960463217673426,0.7096879596080725,1.9245710055376024,1.671939563932239,1.7811984288313831,1.756290624140898,1.7246765393580508,1.736470764336571,2.16657905409441,2.236573295278567,2.404924813559527,3.076051077177556,2.7845387336497502,1.304418351923299,1.8184576767042693,1.7101073690953115,1.8274347021965223,1.979056958442136
3.228957994755305,1.2817438767918927,2.54086881535174,1.4679624853583628,1.7221995966807397,1.651884769405036,1.7928213325650688,1.846424883858247,1.5627623470395833,3.206412104163342,2.236573295278567,3.739929444462023,3.076051077177556,3.888680898450896,1.003084106621443,3.0700959283676794,1.406518639329089,1.8274347021965223,1.4237823501391875
3.228957994755305,1.4705321809936494,1.9535089182264127,1.5272622931738482,1.8227196621777408,1.7678211537183126,1.7014945615046417,1.846424883858247,1.6785679585709086,2.6864955791288763,2.236573295278567,3.739929444462023,0.986050802712511,2.7845387336497502,3.0976041067523754,2.8197682780349975,1.4911253345098392,1.8274347021965223,1.4237823501391875
1.7655687494345969,3.000865136663071,3.6119368630508664,3.2825366045122246,1.8478496785519913,2.030907564275364,1.8293520409892396,2.2116699173588366,1.620665152805246,2.16657905409441,2.236573295278567,2.404924813559527,3.076051077177556,2.7845387336497502,2.000945050080048,2.8197682780349975,2.604284010319322,1.8274347021965223,3.506062131275245
3.228957994755305,2.7407062109368496,2.575419397535583,2.0698555346855425,5.743002216560795,2.588294027319963,3.4914992742890125,3.9161467403615866,4.612310117364481,2.16657905409441,2.236573295278567,1.0699201826570324,0.986050802712511,0.5762544040474584,3.1964022199660986,3.4038661288112557,2.914508559315407,3.449016008844124,3.506062131275245
1.7655687494345969,3.538421595267581,1.6425536785718275,1.6310369568509482,4.913711676210534,3.3552578004693325,5.080585090740444,2.2116699173588366,1.775072634847013,1.646662529059944,2.236573295278567,1.0699201826570324,3.076051077177556,1.6803965688486042,0.8845263707649753,1.317802376038905,2.6839138410776755,1.8274347021965223,2.1178756105178733
1.7655687494345969,3.1660026294351713,1.6771042607556703,2.0105557268700567,1.671939563932239,3.8725124381747205,2.249455187867204,4.841434158563079,2.527809109800627,1.646662529059944,2.236573295278567,1.0699201826570324,0.986050802712511,0.5762544040474584,2.8259092954146365,0.900589625484435,2.8614220054765047,3.719279559952058,2.811968870896559
1.7655687494345969,2.886003042647136,2.851824055006325,3.312186508419967,2.048889809545994,2.0353666559797206,2.012005583110094,1.846424883858247,4.013981124452634,1.646662529059944,2.236573295278567,2.404924813559527,0.986050802712511,1.6803965688486042,2.7320510878615996,2.4025555274805273,2.833219773749588,1.8274347021965223,3.506062131275245
0.3021795041138886,1.0570844008343505,2.229913575697155,1.4412775718413942,2.1494098750429953,1.6295893108832518,2.158128416806777,2.284718924058954,1.8136745053574548,2.6864955791288763,2.236573295278567,2.404924813559527,3.076051077177556,2.7845387336497502,3.0729045784489446,1.317802376038905,1.4961021989322365,1.8274347021965223,1.5626010022149246
3.228957994755305,2.3064884647479706,3.542835698683181,2.310019756338259,1.8478496785519913,1.9417257301882276,1.6466984988683855,1.9438235594584041,4.998328822468898,2.16657905409441,2.236573295278567,2.404924813559527,3.076051077177556,2.7845387336497502,3.6113542954637365,1.735015126593375,2.2824467776709767,1.8274347021965223,2.5343315667450845
3.228957994755305,1.6741428994312813,1.3315984389172426,1.6784768031033368,1.7975896458034906,1.7589029703095989,4.386501630681198,1.9681732283584434,2.0259847931648842,2.16657905409441,2.236573295278567,1.0699201826570324,3.076051077177556,1.6803965688486042,3.883049106801475,4.238291629920196,1.8527774825373613,1.8274347021965223,2.1178756105178733
1.7655687494345969,2.9695940244977295,3.197329876844753,2.034275649996251,1.8478496785519913,2.2538621494932034,2.012005583110094,2.0412222350585614,2.7594203328632774,1.646662529059944,2.236573295278567,2.404924813559527,3.076051077177556,2.7845387336497502,1.180920710406145,1.9019002268151632,2.0916669748124215,1.8274347021965223,2.5343315667450845
1.7655687494345969,1.9789084636102925,1.262497274549557,1.5065073604384285,1.671939563932239,1.625130219178895,1.6466984988683855,1.6759772015579721,1.5434614117843624,2.16657905409441,2.236573295278567,3.739929444462023,3.076051077177556,3.888680898450896,0.9487451443538952,1.8184576767042693,1.388270136446966,1.8274347021965223,1.2849636980634502
3.228957994755305,1.3428921436709258,3.231880459028596,1.4738924661399113,1.8227196621777408,1.6786393196311766,1.7197599157167271,1.7977255460581685,1.8715773111231173,1.646662529059944,2.236573295278567,2.404924813559527,3.076051077177556,2.7845387336497502,2.326978823685334,1.9019002268151632,1.4430156450933342,1.8274347021965223,1.4237823501391875
3.228957994755305,3.4174260884643877,1.2279466923657143,2.3307746890736794,4.134681168608773,2.615048577546104,4.386501630681198,3.477852700160879,2.9138278149050443,1.646662529059944,2.236573295278567,1.0699201826570324,3.076051077177556,1.6803965688486042,3.137123352037865,3.7376363292548316,2.8697167795138334,1.8274347021965223,3.644880783350982
1.7655687494345969,2.2846033327570705,3.681038027418552,2.2744398716489678,2.3755800224112487,2.6685576779983857,2.6512929805330834,4.451839456162451,4.091184865473517,7.885660829473537,2.236573295278567,3.739929444462023,3.076051077177556,3.888680898450896,3.240861370912274,3.4038661288112557,2.751930988183769,1.8274347021965223,3.367243479199508
3.228957994755305,3.63432586794108,1.2970478567333998,2.600588814634139,6.270732560420052,4.10884429850563,4.6787472980745655,5.109280516463512,2.0259847931648842,1.646662529059944,2.236573295278567,1.0699201826570324,0.986050802712511,0.5762544040474584,0.8252475028367412,2.5694406277023156,3.7788240140050355,1.8274347021965223,3.506062131275245
1.7655687494345969,1.565228357209052,2.7827228906386394,2.1647352271903193,1.74732961305499,1.9506439135969413,1.7197599157167271,1.74902620825809,2.4699063040349643,2.6864955791288763,2.236573295278567,1.0699201826570324,0.986050802712511,0.5762544040474584,2.470236087845233,3.987963979587514,1.973881183482357,1.8274347021965223,2.3955129146693475
0.3021795041138886,1.425739681547306,1.0206431992626577,1.4887174180937826,1.8227196621777408,1.6117529440658247,1.6466984988683855,1.8951242216583257,1.7171698290813504,1.646662529059944,2.236573295278567,1.0699201826570324,3.076051077177556,1.6803965688486042,2.3664980689708237,1.0674747257062231,1.4131544585589517,2.6382253555203232,1.1461450459877132
3.228957994755305,1.7020685137126637,3.197329876844753,1.5450522355184941,1.671939563932239,1.8391666209880213,2.012005583110094,1.8707745527582864,1.755771699591792,2.6864955791288763,2.236573295278567,2.404924813559527,3.076051077177556,2.7845387336497502,1.4970746726900592,2.3191129773696333,1.5541656171935359,1.8274347021965223,1.5626010022149246
3.228957994755305,3.7528587165796923,1.7462054251233559,3.7332151439099155,4.913711676210534,4.144517032140485,5.592015008678835,2.1873202484587972,5.403648462828537,1.646662529059944,2.236573295278567,1.0699201826570324,3.076051077177556,1.6803965688486042,3.581714861499619,1.4012449261497992,4.5104230840974076,3.1787524577361905,3.0896061750480333
3.228957994755305,0.6921463399924608,3.2664310412124387,1.4531375334044911,1.74732961305499,1.6875575030398902,2.0302709373221792,1.7003268704580115,1.736470764336571,2.6864955791288763,2.236573295278567,3.739929444462023,3.076051077177556,3.888680898450896,1.4032164651370223,2.1522278771478454,1.4396977354784029,1.8274347021965223,1.4237823501391875
3.228957994755305,1.2983319704665242,0.8478902883434436,1.4561025237952654,1.6970695803064892,1.6028347606571112,1.6466984988683855,1.7733758771581294,1.6399660880604667,1.646662529059944,2.236573295278567,3.739929444462023,3.076051077177556,3.888680898450896,2.929647314289046,2.6528831778132096,1.3683626787573777,1.8274347021965223,1.007326393911976
1.7655687494345969,2.5193922328632667,2.7827228906386394,5.108970685229183,1.671939563932239,1.9461848218925843,1.6466984988683855,1.9925228972584828,2.257596016227535,2.6864955791288763,2.236573295278567,2.404924813559527,3.076051077177556,2.7845387336497502,3.9225683520869645,3.7376363292548316,3.6062927140286027,3.449016008844124,3.367243479199508
0.3021795041138886,1.563927330254179,1.3315984389172426,1.4472075526229427,1.7724596294292403,1.6206711274745382,1.7197599157167271,1.74902620825809,1.6399660880604667,1.646662529059944,2.236573295278567,2.404924813559527,0.986050802712511,1.6803965688486042,2.954346842592477,0.7337045252626471,1.3799753624096378,1.8274347021965223,1.1461450459877132
1.7655687494345969,1.889091138475664,2.126261829145627,1.6221419856786254,1.7724596294292403,1.6608029528137496,1.6466984988683855,1.7733758771581294,1.6978688938261293,1.646662529059944,2.236573295278567,2.404924813559527,3.076051077177556,2.7845387336497502,3.2161618426088436,0.900589625484435,1.4927842893173051,1.8274347021965223,1.4237823501391875
3.228957994755305,3.1083857214336508,2.1953629935133123,2.600588814634139,2.048889809545994,2.7621986037898782,2.7426197515935105,2.9908593221600936,2.218994145717093,1.646662529059944,2.236573295278567,1.0699201826570324,0.986050802712511,0.5762544040474584,3.2211017482695294,1.234359825928011,2.695526524729935,1.8274347021965223,2.1178756105178733
1.7655687494345969,2.6105105849527686,1.8153065894910416,3.8043749132884983,1.671939563932239,1.9461848218925843,1.6466984988683855,1.6759772015579721,2.1610913399514304,3.726328629197808,2.236573295278567,2.404924813559527,0.986050802712511,1.6803965688486042,1.1018822198351663,2.6528831778132096,2.8464914122093137,2.908488906628257,3.783699435426719
3.228957994755305,1.557329264983037,2.4717676509840545,1.5361572643461712,1.671939563932239,1.6429665859963223,1.6832292072925563,1.7246765393580508,1.6785679585709086,3.206412104163342,2.236573295278567,3.739929444462023,0.986050802712511,2.7845387336497502,0.9536850500145815,3.236981028589468,1.4297440066336087,1.8274347021965223,1.5626010022149246
0.3021795041138886,2.652747495737754,2.1608124113294696,2.9504576807455045,2.023759793171744,2.2761576080149872,1.9937402288980084,1.6759772015579721,2.0259847931648842,1.646662529059944,2.236573295278567,2.404924813559527,3.076051077177556,2.7845387336497502,1.8725075029022076,3.4038661288112557,2.5346079084057624,1.8274347021965223,3.367243479199508
1.7655687494345969,2.0745339447934614,3.7155886096023947,1.5391222547369456,1.671939563932239,1.7945757039444534,1.7197599157167271,1.74902620825809,1.4855586060186998,1.646662529059944,2.236573295278567,2.404924813559527,3.076051077177556,2.7845387336497502,1.180920710406145,1.5681300263715872,1.4761947412426482,1.8274347021965223,1.4237823501391875
3.228957994755305,1.7664693479788793,2.126261829145627,1.6666168415402396,2.048889809545994,2.0041530140492227,2.012005583110094,1.9925228972584828,2.489207239290185,2.6864955791288763,2.236573295278567,2.404924813559527,0.986050802712511,1.6803965688486042,0.96850476699664,0.7337045252626471,1.7797834710088707,1.8274347021965223,1.979056958442136
3.228957994755305,1.0336659156466357,2.9900263837416965,1.470927475749137,1.6970695803064892,1.6830984113355334,1.6832292072925563,1.74902620825809,1.9680819873992217,2.6864955791288763,2.236573295278567,2.404924813559527,3.076051077177556,2.7845387336497502,1.4970746726900592,1.0674747257062231,1.4363798258634715,1.8274347021965223,1.5626010022149246
1.7655687494345969,3.680976977322956,2.1608124113294696,2.986037565434796,5.36605197094704,2.088875756432002,5.646811071315092,5.255378529863747,2.701517527097615,1.646662529059944,2.236573295278567,1.0699201826570324,3.076051077177556,1.6803965688486042,2.8506088237180673,2.9866533782567855,3.3392009900266255,2.097698253304456,3.644880783350982
3.228957994755305,1.175942506211681,2.851824055006325,1.4323826006690714,2.325319989662748,1.7009347781529607,1.9572095204738376,2.236019586258876,1.775072634847013,1.646662529059944,2.236573295278567,1.0699201826570324,0.986050802712511,0.5762544040474584,3.7941308049091242,2.5694406277023156,1.5043969729695648,3.449016008844124,1.4237823501391875
3.228957994755305,3.5186738647025435,3.5773862808670236,3.4307861240509387,1.9483697440489927,3.3730941672867596,1.9206788120496667,2.77171230205974,1.6978688938261293,1.646662529059944,2.236573295278567,1.0699201826570324,0.986050802712511,0.5762544040474584,1.1611610877634002,4.154849079809302,3.2462995208085466,3.1787524577361905,2.950787522972296
1.7655687494345969,2.8980375419797118,3.8537909383377658,2.9385977191824075,1.671939563932239,1.7098529615616742,1.6466984988683855,1.6759772015579721,1.6785679585709086,1.646662529059944,2.236573295278567,2.404924813559527,3.076051077177556,2.7845387336497502,2.0305844840441645,2.7363257279241036,2.232678133447006,2.908488906628257,2.950787522972296
1.7655687494345969,1.9022872690179478,1.0551937814465004,1.8860261304575368,1.7221995966807397,1.7945757039444534,2.012005583110094,1.7733758771581294,1.775072634847013,1.646662529059944,2.236573295278567,1.0699201826570324,3.076051077177556,1.6803965688486042,2.7024116538974825,0.399934324819071,1.7266969171699684,1.8274347021965223,1.979056958442136
3.228957994755305,0.5037297577778106,3.6119368630508664,1.43831258145062,1.7975896458034906,1.651884769405036,1.6832292072925563,1.9681732283584434,1.8136745053574548,3.206412104163342,2.236573295278567,2.404924813559527,0.986050802712511,1.6803965688486042,1.3883967481549637,1.735015126593375,1.4148134133664172,1.8274347021965223,1.5626010022149246
3.228957994755305,0.9685216374062067,1.6080030963879848,1.5035423700476542,1.671939563932239,1.625130219178895,1.6832292072925563,1.6759772015579721,1.5241604765291417,2.16657905409441,2.236573295278567,5.074934075364517,3.076051077177556,4.992823063252041,1.793469012331229,2.485998077591421,1.388270136446966,1.8274347021965223,1.2849636980634502
1.7655687494345969,3.213675974281591,2.091711246961784,3.7065302303929473,2.7776602843992544,4.091007931688203,3.0531307731989625,2.7473626331597005,1.755771699591792,1.646662529059944,2.236573295278567,1.0699201826570324,0.986050802712511,0.5762544040474584,3.0976041067523754,1.735015126593375,3.828592658229006,1.8274347021965223,3.644880783350982
3.228957994755305,2.4379386524385365,1.0897443636303432,1.9779408325715395,1.671939563932239,1.7143120532660312,1.7014945615046417,1.7246765393580508,1.8136745053574548,4.246245154232274,2.236573295278567,3.739929444462023,3.076051077177556,3.888680898450896,1.5464737292969208,2.5694406277023156,1.7167431883251743,1.8274347021965223,1.979056958442136
1.7655687494345969,1.2596264185590509,3.6119368630508664,1.5005773796568798,1.671939563932239,1.6206711274745382,1.6466984988683855,1.6759772015579721,1.5048595412739207,2.16657905409441,2.236573295278567,3.739929444462023,3.076051077177556,3.888680898450896,1.1315216537992834,3.4038661288112557,1.3799753624096378,1.8274347021965223,1.2849636980634502
3.228957994755305,1.7931404005537768,2.679071144087111,1.5598771874723654,1.7724596294292403,1.6830984113355334,1.756290624140898,1.6759772015579721,2.006683857909663,2.16657905409441,2.236573295278567,3.739929444462023,3.076051077177556,3.888680898450896,2.2430004274536697,2.0687853270369514,1.4961021989322365,1.8274347021965223,1.4237823501391875
3.228957994755305,3.0096935338568525,1.6771042607556703,1.6992317358387568,3.280260611884261,2.160221223701711,2.8339465226539375,1.74902620825809,2.4506053687797436,2.16657905409441,2.236573295278567,2.404924813559527,0.986050802712511,1.6803965688486042,3.96702750303314,0.984032175595329,1.9921296863644797,1.8274347021965223,2.3955129146693475
3.228957994755305,1.3522781238453672,1.7807560073071989,1.462032504576814,1.671939563932239,1.6206711274745382,1.7014945615046417,1.7003268704580115,1.601364217550025,2.16657905409441,2.236573295278567,3.739929444462023,3.076051077177556,3.888680898450896,2.3072192010425896,3.821078879365726,1.373339543179775,1.8274347021965223,1.1461450459877132
3.228957994755305,2.9303308896095963,1.435250185468771,2.650993651277302,1.7975896458034906,2.1200893983624995,2.3407819589276313,2.3821175996591113,2.971730620670707,2.6864955791288763,2.236573295278567,2.404924813559527,3.076051077177556,2.7845387336497502,3.1964022199660986,2.1522278771478454,2.454978077647409,1.8274347021965223,3.0896061750480333
3.228957994755305,1.5189954350626707,3.4391839521316525,1.43831258145062,1.74732961305499,1.6206711274745382,1.756290624140898,1.7246765393580508,1.6592670233156877,1.646662529059944,2.236573295278567,2.404924813559527,3.076051077177556,2.7845387336497502,2.381317785952882,1.9019002268151632,1.3766574527947064,1.8274347021965223,1.007326393911976
1.7655687494345969,2.104643425749095,0.8478902883434436,1.4768574565306856,1.671939563932239,1.6028347606571112,1.6466984988683855,1.6759772015579721,1.5048595412739207,1.646662529059944,2.236573295278567,3.739929444462023,0.986050802712511,2.7845387336497502,1.2797188236198682,2.6528831778132096,1.3600679047200492,1.8274347021965223,1.007326393911976
1.7655687494345969,2.9084922228670846,2.0571606647779412,3.5968255859342984,3.1797405463872597,3.16351685718199,3.071396127411048,1.9681732283584434,2.894526879649823,3.726328629197808,2.236573295278567,2.404924813559527,0.986050802712511,1.6803965688486042,3.092664201091689,2.9866533782567855,3.495142741928401,1.8274347021965223,3.0896061750480333
3.228957994755305,1.7997849310733072,3.335532205580124,2.6865735359665934,2.0991498422944947,2.115630306658143,1.7745559783529834,2.236019586258876,2.2768969514827555,4.246245154232274,2.236573295278567,2.404924813559527,0.986050802712511,1.6803965688486042,3.2260416539302157,3.6541937791439376,2.3720303372741243,1.8274347021965223,3.0896061750480333
3.228957994755305,2.80914952181285,2.3335653222486834,3.77768999977153,1.671939563932239,2.81570770424216,2.468639438412229,2.77171230205974,3.9174764481765294,1.646662529059944,2.236573295278567,1.0699201826570324,3.076051077177556,1.6803965688486042,2.3615581633101375,3.3204235787003618,3.455327826549224,1.8274347021965223,2.950787522972296
1.7655687494345969,0.6095775936064107,1.9880595004102555,1.4916824084845568,1.7221995966807397,1.7143120532660312,1.7014945615046417,1.7246765393580508,1.6592670233156877,2.6864955791288763,2.236573295278567,2.404924813559527,0.986050802712511,1.6803965688486042,2.3763778802921958,1.735015126593375,1.4347208710560055,1.8274347021965223,1.4237823501391875
3.228957994755305,1.186025465111947,0.7442385417919153,1.4946473988753313,1.6970695803064892,1.6385074942919655,1.6466984988683855,1.7003268704580115,1.5241604765291417,1.646662529059944,2.236573295278567,2.404924813559527,3.076051077177556,2.7845387336497502,1.7440699557243673,1.0674747257062231,1.388270136446966,1.8274347021965223,1.1461450459877132
1.7655687494345969,2.4488115205614043,1.91895833604257,1.5272622931738482,1.671939563932239,1.6117529440658247,1.6466984988683855,1.6759772015579721,1.4855586060186998,1.646662529059944,2.236573295278567,5.074934075364517,3.076051077177556,4.992823063252041,2.643132785969249,3.9045214294766195,1.389929091254432,1.8274347021965223,1.1461450459877132
1.7655687494345969,1.3135261066895056,1.4006996032849282,1.6310369568509482,1.8478496785519913,1.8525438961010918,1.8293520409892396,1.7977255460581685,1.6978688938261293,3.206412104163342,2.236573295278567,2.404924813559527,0.986050802712511,1.6803965688486042,3.0630247671275725,0.900589625484435,1.5923215777652469,1.8274347021965223,1.7014196542906617
3.228957994755305,1.0381265794919148,3.370082787763967,1.4561025237952654,1.6970695803064892,1.6162120357701815,1.7014945615046417,1.6759772015579721,1.5627623470395833,1.646662529059944,2.236573295278567,2.404924813559527,0.986050802712511,1.6803965688486042,2.7567506161650304,1.1509172758171171,1.3650447691424463,1.8274347021965223,1.007326393911976
1.7655687494345969,1.4992477044976331,2.229913575697155,1.5480172259092684,1.7221995966807397,1.6563438611093928,1.7928213325650688,1.6759772015579721,1.601364217550025,1.646662529059944,2.236573295278567,1.0699201826570324,0.986050802712511,0.5762544040474584,2.0256445783834787,0.6502619751517529,1.4446745999007997,1.8274347021965223,1.2849636980634502
1.7655687494345969,3.0018409068792256,3.4737345343154953,4.124593875492121,1.9483697440489927,2.5615394770938225,1.6466984988683855,1.6759772015579721,1.9294801168887799,2.16657905409441,2.236573295278567,2.404924813559527,3.076051077177556,2.7845387336497502,2.8209693897539503,3.4038661288112557,3.2529353400384093,3.449016008844124,2.950787522972296
1.7655687494345969,1.5541696280926312,0.9860926170788147,1.4976123892661055,1.6970695803064892,1.6474256777006793,1.6832292072925563,1.7246765393580508,1.8329754406126755,1.646662529059944,2.236573295278567,2.404924813559527,3.076051077177556,2.7845387336497502,3.230981559590902,2.1522278771478454,1.4247671422112114,4.259806662167925,1.1461450459877132
3.228957994755305,0.9423152373151924,2.402666486616369,1.462032504576814,1.7221995966807397,1.6295893108832518,1.7014945615046417,1.6759772015579721,1.6399660880604667,2.16657905409441,2.236573295278567,2.404924813559527,3.076051077177556,2.7845387336497502,2.3862576916135683,1.1509172758171171,1.3816343172171033,1.8274347021965223,1.2849636980634502
3.228957994755305,2.8099394310354513,1.9535089182264127,2.369319564153745,2.827920317147755,2.6908531365201696,4.404766984893284,2.796061970959779,4.168388606494401,1.646662529059944,2.236573295278567,3.739929444462023,0.986050802712511,2.7845387336497502,3.8237702388732413,3.0700959283676794,2.8962600564332845,1.8274347021965223,3.506062131275245
3.228957994755305,3.4367091665455414,0.9860926170788147,3.7925149517254013,5.516832069192542,2.895971354920582,2.9618040021385355,4.037895084861782,2.064586663675326,1.646662529059944,2.236573295278567,1.0699201826570324,0.986050802712511,0.5762544040474584,3.4038782577149176,2.4025555274805273,3.71910164093627,6.151651519923461,3.506062131275245
3.228957994755305,1.3449366146000121,1.124294945814186,1.4590675141860399,1.7221995966807397,1.6608029528137496,1.847617395201325,1.7246765393580508,1.890878246378338,1.646662529059944,2.236573295278567,2.404924813559527,3.076051077177556,2.7845387336497502,3.5224359935713854,2.0687853270369514,1.4297440066336087,1.8274347021965223,1.1461450459877132
3.228957994755305,3.7763701322641836,1.262497274549557,3.967449384781084,3.20487056276151,4.131139757027414,2.377312667351802,2.284718924058954,3.8402727071556457,1.646662529059944,2.236573295278567,1.0699201826570324,3.076051077177556,1.6803965688486042,2.9741064652352214,2.6528831778132096,4.103979156268312,4.800333764383792,3.506062131275245
1.7655687494345969,3.8009502486616062,1.8844077538587272,3.667985355312881,5.290661921824289,4.09546702339256,3.5462953369252688,3.2343560111604863,5.808968103188175,1.646662529059944,2.236573295278567,1.0699201826570324,3.076051077177556,1.6803965688486042,1.951545993473186,8.160091485132215,4.400932066804671,3.1787524577361905,2.5343315667450845
3.228957994755305,3.1096867483885235,3.9228921027054513,2.7814532284713707,2.1494098750429953,5.299421783568896,3.0166000647747917,4.549238131762608,2.218994145717093,1.646662529059944,2.236573295278567,1.0699201826570324,0.986050802712511,0.5762544040474584,3.9867871256758844,0.7337045252626471,3.8783613024529773,1.8274347021965223,3.367243479199508
3.228957994755305,1.843787521297049,1.0206431992626577,1.5391222547369456,2.47610008790825,1.7589029703095989,1.847617395201325,1.74902620825809,1.8329754406126755,1.646662529059944,2.236573295278567,1.0699201826570324,0.986050802712511,0.5762544040474584,1.5958727859037825,0.900589625484435,1.5574835268084672,1.8274347021965223,1.5626010022149246
1.7655687494345969,2.485054414304296,2.8863746371901677,4.6998020113023316,1.671939563932239,1.7901166122400967,1.6466984988683855,1.6759772015579721,2.1417904046962093,2.6864955791288763,2.236573295278567,2.404924813559527,3.076051077177556,2.7845387336497502,3.4680970313038375,2.3191129773696333,3.2877733909951887,3.449016008844124,2.950787522972296
1.7655687494345969,2.6746326277286543,3.093678130293225,2.5501839779909763,2.023759793171744,1.892675721440303,1.9937402288980084,2.016872566158522,1.755771699591792,2.16657905409441,2.236573295278567,2.404924813559527,3.076051077177556,2.7845387336497502,2.470236087845233,3.9045214294766195,2.1679788959558435,1.8274347021965223,2.811968870896559
0.3021795041138886,1.1830052239667062,1.0897443636303432,1.4323826006690714,1.8227196621777408,1.6206711274745382,1.6466984988683855,1.7003268704580115,1.5434614117843624,1.646662529059944,2.236573295278567,2.404924813559527,3.076051077177556,2.7845387336497502,2.1590220312220048,1.9853427769260572,1.3567499951051178,4.259806662167925,1.007326393911976
3.228957994755305,3.758713337876621,2.6445205619032683,2.034275649996251,2.5263601206567508,2.4991121932328273,4.788339423347077,5.401476543263983,4.82462040517191,1.646662529059944,2.236573295278567,1.0699201826570324,0.986050802712511,0.5762544040474584,1.7292502387423088,3.7376363292548316,2.8863063275884904,1.8274347021965223,2.6731502188208216
3.228957994755305,1.9780256238909144,2.8863746371901677,1.5183673220015255,1.671939563932239,1.6295893108832518,1.6466984988683855,1.6759772015579721,1.5434614117843624,2.16657905409441,2.236573295278567,3.739929444462023,3.076051077177556,3.888680898450896,2.4208370312383716,2.6528831778132096,1.3965649104842948,1.8274347021965223,1.1461450459877132
3.228957994755305,3.8614944673115916,0.640586795240387,1.9898007941346367,4.285461266854275,3.2794532414952666,3.6741528164098667,6.278064623665397,5.6931624916568495,1.646662529059944,2.236573295278567,1.0699201826570324,0.986050802712511,0.5762544040474584,0.6523508047127256,2.2356704272587393,3.3010450294549143,3.449016008844124,2.5343315667450845
3.228957994755305,1.3308576443383502,1.7807560073071989,1.4738924661399113,1.671939563932239,1.6429665859963223,1.7745559783529834,1.74902620825809,1.620665152805246,2.6864955791288763,2.236573295278567,3.739929444462023,0.986050802712511,2.7845387336497502,3.3100200501618806,2.1522278771478454,1.3998828200992262,1.8274347021965223,1.2849636980634502
1.7655687494345969,1.4613785270611497,3.7501391917862374,1.4561025237952654,1.671939563932239,1.6028347606571112,1.6466984988683855,1.6759772015579721,1.5627623470395833,1.646662529059944,2.236573295278567,2.404924813559527,3.076051077177556,2.7845387336497502,1.4624953330652561,1.735015126593375,1.3534320854901865,2.6382253555203232,1.007326393911976
3.228957994755305,3.2238983289270218,3.9228921027054513,2.8970878537115676,2.5012301042825005,2.726525870155024,1.847617395201325,2.4795162752592685,1.6399660880604667,3.206412104163342,2.236573295278567,2.404924813559527,3.076051077177556,2.7845387336497502,1.5464737292969208,3.3204235787003618,2.712116072804592,1.8274347021965223,3.644880783350982
3.228957994755305,3.262882672324825,3.8537909383377658,3.374451306626227,3.682340873872267,3.618344211026383,2.596496917896827,4.281391773862175,3.2805455847542406,2.16657905409441,2.236573295278567,2.404924813559527,3.076051077177556,2.7845387336497502,3.230981559590902,0.900589625484435,3.720760595743736,3.9895431110599917,3.367243479199508
1.7655687494345969,3.1609843826092323,1.9535089182264127,2.7695932669082732,2.174539891417246,3.8814306215834344,1.884148103625496,2.4064672685591506,1.4855586060186998,2.6864955791288763,2.236573295278567,1.0699201826570324,0.986050802712511,0.5762544040474584,1.793469012331229,2.5694406277023156,3.0339533054529375,3.449016008844124,2.6731502188208216
3.228957994755305,3.2697130638379086,1.262497274549557,3.048302363641056,3.9587710539890204,3.4176850843303272,3.82027565010655,1.6759772015579721,1.910179181633559,1.646662529059944,2.236573295278567,1.0699201826570324,3.076051077177556,1.6803965688486042,3.601474484142364,1.9019002268151632,3.2977271198399833,1.8274347021965223,2.950787522972296
1.7655687494345969,2.707530023587587,2.6099699797194256,4.536727539809746,1.671939563932239,2.5570803853894657,1.6466984988683855,1.6759772015579721,1.7171698290813504,3.726328629197808,2.236573295278567,2.404924813559527,0.986050802712511,1.6803965688486042,3.324839767143939,1.735015126593375,3.4453740977044305,1.8274347021965223,3.2284248271237703
3.228957994755305,1.7151717137581706,2.1953629935133123,1.4946473988753313,1.7221995966807397,1.651884769405036,1.6466984988683855,1.7003268704580115,1.6785679585709086,2.16657905409441,12.555767160837407,3.739929444462023,0.986050802712511,2.7845387336497502,1.6353920311892718,1.5681300263715872,1.4081775941365544,1.8274347021965223,1.2849636980634502
3.228957994755305,2.27712242776655,2.7481723084547967,1.660686860758691,1.671939563932239,1.6385074942919655,1.6466984988683855,1.6759772015579721,1.6785679585709086,1.646662529059944,2.236573295278567,2.404924813559527,3.076051077177556,2.7845387336497502,2.6332529746478763,3.4873086789221497,1.4911253345098392,2.908488906628257,1.4237823501391875
1.7655687494345969,3.1007189554495773,0.8478902883434436,3.09277721950267,3.280260611884261,5.089844473464126,3.1809882526835604,4.792734820763,2.4120034982693017,1.646662529059944,2.236573295278567,1.0699201826570324,3.076051077177556,1.6803965688486042,3.3742388237508005,2.3191129773696333,4.097343337038449,1.8274347021965223,2.5343315667450845
1.7655687494345969,2.9432482286615502,2.8863746371901677,3.2943965660753216,2.0991498422944947,2.3787167172151937,2.907007939502279,1.6759772015579721,1.6399660880604667,1.646662529059944,12.555767160837407,1.0699201826570324,3.076051077177556,1.6803965688486042,2.134322502918574,4.488619280252878,2.8199481352898625,1.8274347021965223,2.3955129146693475
1.7655687494345969,2.0886593803035116,2.4372170688002117,2.2270000253965794,2.048889809545994,1.8971348131446597,1.9206788120496667,2.1386209106587186,2.218994145717093,2.16657905409441,2.236573295278567,3.739929444462023,3.076051077177556,3.888680898450896,1.8922671255449521,4.071406529698407,2.0319446017436564,1.8274347021965223,2.5343315667450845
3.228957994755305,3.5726200180813867,3.646487445234709,3.61165053788817,5.768132232935045,5.2369944997079,5.518953591830494,5.644973232264376,2.662915656587173,1.646662529059944,2.236573295278567,1.0699201826570324,3.076051077177556,1.6803965688486042,3.7447317483022626,3.3204235787003618,4.898618509044381,2.908488906628257,3.506062131275245
1.7655687494345969,2.80914952181285,1.9535089182264127,2.9474926903547303,1.671939563932239,1.9595620970056549,1.6466984988683855,1.6759772015579721,2.2768969514827555,2.6864955791288763,2.236573295278567,2.404924813559527,0.986050802712511,1.6803965688486042,1.0771826915317355,2.3191129773696333,2.3819840661189184,1.8274347021965223,3.0896061750480333
3.228957994755305,1.2411797149488866,2.4717676509840545,1.4857524277030083,1.74732961305499,1.6340484025876088,1.847617395201325,1.8707745527582864,1.601364217550025,2.6864955791288763,2.236573295278567,3.739929444462023,3.076051077177556,3.888680898450896,1.2056202387095758,1.5681300263715872,1.42144923259628,1.8274347021965223,1.5626010022149246
1.7655687494345969,1.6721448937505834,1.711654842939513,1.4561025237952654,1.671939563932239,1.6162120357701815,1.7197599157167271,1.7003268704580115,1.5820632822948042,1.646662529059944,2.236573295278567,2.404924813559527,3.076051077177556,2.7845387336497502,3.4680970313038375,1.5681300263715872,1.3683626787573777,1.8274347021965223,1.007326393911976
3.228957994755305,2.311599642070686,2.9554758015578533,2.161770236799545,1.8729796949262416,2.3029121582411283,1.756290624140898,1.8707745527582864,2.7401193976080562,4.76616167926674,2.236573295278567,3.739929444462023,3.076051077177556,3.888680898450896,3.295200333179822,2.485998077591421,2.1464124834587897,1.8274347021965223,2.6731502188208216
3.228957994755305,2.466050127713472,2.8863746371901677,2.6272737281511076,1.671939563932239,1.999693922344866,2.158128416806777,2.3334182618590327,4.226291412260063,2.16657905409441,2.236573295278567,2.404924813559527,0.986050802712511,1.6803965688486042,3.9324481634083366,2.3191129773696333,2.4765444901444633,1.8274347021965223,2.950787522972296
3.228957994755305,3.6149963246115373,2.851824055006325,2.4167594104061334,1.671939563932239,5.22361722459483,4.002929192227404,2.698663295359622,2.045285728420105,1.646662529059944,2.236573295278567,1.0699201826570324,3.076051077177556,1.6803965688486042,2.6036135406837593,3.0700959283676794,3.5631598890344947,1.8274347021965223,4.061336739578193
3.228957994755305,1.3886139480850357,3.4737345343154953,1.4353475910598457,1.74732961305499,1.6786393196311766,1.756290624140898,1.9438235594584041,1.6592670233156877,2.16657905409441,2.236573295278567,2.404924813559527,0.986050802712511,1.6803965688486042,2.9098876916463015,1.735015126593375,1.4114955037514858,1.8274347021965223,1.2849636980634502
3.228957994755305,3.2662746354571723,1.573452514204142,3.8992546057932755,2.5012301042825005,4.037498831235922,4.404766984893284,4.9144831652631975,5.982676520485162,1.646662529059944,2.236573295278567,1.0699201826570324,3.076051077177556,1.6803965688486042,3.4977364652679546,2.9032108281458915,4.531989496594461,1.8274347021965223,2.6731502188208216
1.7655687494345969,2.3643376989914326,2.817273472822482,3.7687950285992073,1.671939563932239,2.222648507562706,1.8658827494134105,1.8951242216583257,2.218994145717093,2.16657905409441,2.236573295278567,2.404924813559527,0.986050802712511,1.6803965688486042,3.4285777860183484,1.8184576767042693,2.969254067961775,1.8274347021965223,2.5343315667450845
0.3021795041138886,1.5776810437771225,2.9209252193740105,1.4590675141860399,1.7724596294292403,1.6206711274745382,1.6466984988683855,1.8220752149582078,1.5434614117843624,1.646662529059944,2.236573295278567,2.404924813559527,3.076051077177556,2.7845387336497502,0.9240456160504644,1.0674747257062231,1.3766574527947064,1.8274347021965223,1.1461450459877132
3.228957994755305,2.1582178571408313,3.0245769659255393,1.9008510824114082,1.7724596294292403,1.7901166122400967,1.756290624140898,1.7246765393580508,2.218994145717093,4.246245154232274,2.236573295278567,3.739929444462023,3.076051077177556,3.888680898450896,3.596534578481678,1.8184576767042693,1.7482633296670222,1.8274347021965223,1.979056958442136
1.7655687494345969,1.292570279666372,2.4372170688002117,1.450172543013717,1.6970695803064892,1.6162120357701815,1.7014945615046417,1.7003268704580115,1.6978688938261293,1.646662529059944,2.236573295278567,2.404924813559527,0.986050802712511,1.6803965688486042,2.0898633519723986,2.2356704272587393,1.3749984979872405,2.6382253555203232,1.1461450459877132
3.228957994755305,2.884562619947098,2.1953629935133123,4.326213222064773,1.9734997604232432,2.71760768674631,1.9389441662617521,1.9681732283584434,3.434953066796008,3.206412104163342,2.236573295278567,2.404924813559527,0.986050802712511,1.6803965688486042,3.5273758992320716,2.5694406277023156,3.6013158496062054,2.908488906628257,3.2284248271237703
1.7655687494345969,1.7121514726129297,0.7096879596080725,1.5420872451277199,1.7724596294292403,1.6875575030398902,1.7014945615046417,1.74902620825809,1.5434614117843624,2.6864955791288763,2.236573295278567,3.739929444462023,0.986050802712511,2.7845387336497502,2.4257769368990574,2.0687853270369514,1.447992509515731,3.449016008844124,1.4237823501391875
1.7655687494345969,2.0615701404931195,3.6119368630508664,1.598422062552431,1.671939563932239,1.7098529615616742,1.6466984988683855,1.6759772015579721,2.180392275206651,3.206412104163342,2.236573295278567,3.739929444462023,0.986050802712511,2.7845387336497502,3.9472678803903953,1.8184576767042693,1.525963385466619,1.8274347021965223,1.5626010022149246
3.228957994755305,0.9690327551384783,1.435250185468771,1.43831258145062,1.898109711300492,1.6563438611093928,1.884148103625496,1.7246765393580508,2.2382950809723137,1.646662529059944,2.236573295278567,1.0699201826570324,0.986050802712511,0.5762544040474584,2.900007880324929,2.2356704272587393,1.4612641479754567,4.259806662167925,1.1461450459877132
3.228957994755305,1.3265363762382363,1.0897443636303432,1.4590675141860399,1.7724596294292403,1.651884769405036,1.7197599157167271,1.7733758771581294,1.5048595412739207,1.646662529059944,2.236573295278567,2.404924813559527,0.986050802712511,1.6803965688486042,3.28532052185845,0.6502619751517529,1.388270136446966,1.8274347021965223,1.1461450459877132
1.7655687494345969,3.0061157097309517,1.124294945814186,4.521902587855875,2.275059956914247,2.02198938086665,2.231189833655119,2.260369255158915,4.515805441088377,2.16657905409441,2.236573295278567,2.404924813559527,3.076051077177556,2.7845387336497502,1.9219065595090692,2.9866533782567855,3.611269578451,1.8274347021965223,3.0896061750480333
3.228957994755305,1.3517670061130955,3.819240356153923,1.43831258145062,1.898109711300492,1.6474256777006793,1.6832292072925563,1.9681732283584434,1.7171698290813504,1.646662529059944,2.236573295278567,2.404924813559527,0.986050802712511,1.6803965688486042,2.465296182184547,2.3191129773696333,1.4114955037514858,1.8274347021965223,1.1461450459877132
1.7655687494345969,1.479964626416479,1.9535089182264127,1.462032504576814,1.671939563932239,1.6117529440658247,1.6466984988683855,1.6759772015579721,1.5048595412739207,1.646662529059944,2.236573295278567,3.739929444462023,3.076051077177556,3.888680898450896,3.240861370912274,2.3191129773696333,1.3550910402976521,1.8274347021965223,1.007326393911976
3.228957994755305,0.8482695745772264,3.197329876844753,1.43831258145062,1.8227196621777408,1.6117529440658247,1.6466984988683855,1.7246765393580508,1.601364217550025,1.646662529059944,2.236573295278567,2.404924813559527,3.076051077177556,2.7845387336497502,1.7094906160995642,0.984032175595329,1.3633858143349806,1.8274347021965223,1.007326393911976
3.228957994755305,1.1937386963444088,1.124294945814186,1.5569121970815911,1.9734997604232432,2.017530289162293,3.071396127411048,2.6499639575595433,2.547110045055848,2.6864955791288763,2.236573295278567,1.0699201826570324,0.986050802712511,0.5762544040474584,3.3742388237508005,3.5707512290330436,1.8643901661896212,1.8274347021965223,2.1178756105178733
0.3021795041138886,1.577866904770676,3.8883415205216085,1.6458619088048199,1.74732961305499,1.9907757389361525,1.8658827494134105,1.7003268704580115,2.103188534185768,4.76616167926674,2.236573295278567,5.074934075364517,3.076051077177556,4.992823063252041,3.9275082577476503,1.9853427769260572,1.6769282729459973,1.8274347021965223,1.840238306366399
1.7655687494345969,1.5990085927873627,1.7807560073071989,1.4649974949675884,1.671939563932239,1.5939165772483976,1.6466984988683855,1.6759772015579721,1.601364217550025,1.646662529059944,2.236573295278567,2.404924813559527,0.986050802712511,1.6803965688486042,1.0376634462462462,1.317802376038905,1.3584089499125835,1.8274347021965223,1.007326393911976
3.228957994755305,0.39565159002657113,1.7462054251233559,1.4412775718413942,1.8478496785519913,1.6206711274745382,1.756290624140898,1.7733758771581294,1.736470764336571,2.6864955791288763,2.236573295278567,2.404924813559527,0.986050802712511,1.6803965688486042,2.6134933520051318,2.1522278771478454,1.3949059556768288,1.8274347021965223,1.2849636980634502
1.7655687494345969,1.9545606734548113,1.0206431992626577,2.3604245929814223,1.9483697440489927,1.825789345874951,1.7197599157167271,1.74902620825809,3.550758678327333,2.6864955791288763,2.236573295278567,2.404924813559527,3.076051077177556,2.7845387336497502,1.8527478802594628,2.4025555274805273,2.1430945738438583,4.5300702132758595,2.5343315667450845
3.228957994755305,2.8646290283885074,3.335532205580124,3.122427123410413,2.928440382644756,2.222648507562706,2.249455187867204,2.8934606465599364,4.554407311598818,3.206412104163342,2.236573295278567,2.404924813559527,3.076051077177556,2.7845387336497502,3.7101524086774598,3.0700959283676794,2.994138390073761,1.8274347021965223,3.644880783350982
3.228957994755305,1.7235354584680689,2.575419397535583,1.636966937632497,1.671939563932239,1.6385074942919655,1.6832292072925563,1.8707745527582864,1.9294801168887799,1.646662529059944,2.236573295278567,2.404924813559527,3.076051077177556,2.7845387336497502,3.887989012462161,3.987963979587514,1.5160096566218249,1.8274347021965223,1.4237823501391875
1.7655687494345969,3.807083661448865,2.6099699797194256,3.997099288688827,2.1996699077914963,2.262780332901917,2.158128416806777,2.1873202484587972,3.1454390379676944,2.6864955791288763,2.236573295278567,3.739929444462023,0.986050802712511,2.7845387336497502,2.6480726916299346,2.4025555274805273,3.2728427977279977,1.8274347021965223,2.811968870896559
3.228957994755305,4.1154270497537775,0.8824408705272864,3.1906219023982216,5.039361758081785,5.094303565168483,2.249455187867204,4.938832834163236,2.5857119155662893,1.126746004025478,2.236573295278567,1.0699201826570324,3.076051077177556,1.6803965688486042,1.4624953330652561,1.4846874762606932,4.210152263946116,3.1787524577361905,3.2284248271237703
1.7655687494345969,2.8236466793100066,0.640586795240387,1.8445162649866966,1.7724596294292403,1.8614620795098054,1.6466984988683855,1.9925228972584828,1.5627623470395833,2.16657905409441,2.236573295278567,2.404924813559527,3.076051077177556,2.7845387336497502,1.5859929745824102,1.4846874762606932,1.69517677582812,1.8274347021965223,1.979056958442136
3.228957994755305,3.3716578188018893,2.9209252193740105,2.5412890068186536,5.491702052818292,3.0832532065035676,3.345376440592329,3.8917970714615473,3.0489343616915905,1.646662529059944,2.236573295278567,1.0699201826570324,0.986050802712511,0.5762544040474584,0.8647667481222305,0.3164917747081768,3.1965308765845757,1.8274347021965223,2.6731502188208216
1.7655687494345969,2.289900371073339,3.6119368630508664,1.731846630137274,1.898109711300492,1.8703802629185189,1.6832292072925563,1.8951242216583257,1.9487810521440008,1.646662529059944,2.236573295278567,1.0699201826570324,3.076051077177556,1.6803965688486042,2.746870804843658,4.238291629920196,1.673610363331066,1.8274347021965223,1.840238306366399
1.7655687494345969,3.2082860054685454,3.4046333699478097,3.0720222867672504,2.551490137031001,2.093334848136359,1.6466984988683855,1.846424883858247,2.991031555925928,2.6864955791288763,2.236573295278567,2.404924813559527,3.076051077177556,2.7845387336497502,1.2006803330488895,2.4025555274805273,2.6324862420462387,1.8274347021965223,3.367243479199508
1.7655687494345969,3.1109413100950083,2.575419397535583,4.154243779399864,1.671939563932239,3.8412987962442227,3.4549685658648417,2.4064672685591506,2.354100692503639,1.646662529059944,2.236573295278567,1.0699201826570324,3.076051077177556,1.6803965688486042,1.9021469368663244,0.48337687492996495,3.977898590900919,1.8274347021965223,3.783699435426719
3.228957994755305,1.9559081656580726,1.262497274549557,1.7140566877926282,1.6970695803064892,1.7767393371270264,1.8658827494134105,1.74902620825809,2.103188534185768,3.206412104163342,2.236573295278567,3.739929444462023,3.076051077177556,3.888680898450896,3.808950521891183,2.1522278771478454,1.635454402759355,1.8274347021965223,1.7014196542906617
3.228957994755305,0.6326243568070189,2.402666486616369,1.4442425622321684,1.7221995966807397,1.6608029528137496,1.7014945615046417,1.7246765393580508,1.8522763758678964,2.16657905409441,2.236573295278567,2.404924813559527,3.076051077177556,2.7845387336497502,3.883049106801475,1.0674747257062231,1.404859684521623,3.449016008844124,1.1461450459877132
3.228957994755305,1.0088534730072711,3.093678130293225,1.4353475910598457,1.671939563932239,1.6162120357701815,1.7928213325650688,1.8220752149582078,1.5820632822948042,1.646662529059944,2.236573295278567,2.404924813559527,0.986050802712511,1.6803965688486042,3.314959955822567,0.817147075373541,1.371680588372309,1.8274347021965223,1.1461450459877132
0.3021795041138886,0.5940582006447108,3.093678130293225,1.4472075526229427,1.7724596294292403,1.6295893108832518,1.756290624140898,2.5525652819593865,2.1610913399514304,3.206412104163342,2.236573295278567,2.404924813559527,3.076051077177556,2.7845387336497502,3.5372557105534437,1.4012449261497992,1.4861484700874423,3.449016008844124,1.5626010022149246
0.3021795041138886,1.3783915934396047,3.4046333699478097,1.4976123892661055,1.6970695803064892,1.7009347781529607,1.6466984988683855,1.8707745527582864,1.620665152805246,3.206412104163342,2.236573295278567,3.739929444462023,0.986050802712511,2.7845387336497502,2.875308352021498,3.4038661288112557,1.43306191624854,1.8274347021965223,1.4237823501391875
3.228957994755305,3.4173331579676107,0.7096879596080725,3.23806174865061,4.310591283228526,2.14684394858864,4.149052025924087,2.698663295359622,1.890878246378338,1.646662529059944,2.236573295278567,1.0699201826570324,3.076051077177556,1.6803965688486042,3.749671653962949,2.6528831778132096,3.05220180833506,1.8274347021965223,3.644880783350982
3.228957994755305,1.8884870902466158,3.508285116499338,1.628071966460174,1.7975896458034906,1.8614620795098054,1.7014945615046417,1.8707745527582864,1.8522763758678964,3.726328629197808,2.236573295278567,3.739929444462023,0.986050802712511,2.7845387336497502,2.1590220312220048,1.9019002268151632,1.597298442187644,1.8274347021965223,1.7014196542906617
3.228957994755305,1.337130452870774,1.6425536785718275,1.6221419856786254,2.5766201534052513,1.9194302716664438,2.3407819589276313,2.162970579558758,3.6086614840929956,1.646662529059944,2.236573295278567,1.0699201826570324,3.076051077177556,1.6803965688486042,2.9345872199497323,3.0700959283676794,1.8959103075314694,1.8274347021965223,1.979056958442136
1.7655687494345969,2.499412176056288,1.0206431992626577,2.662853612840399,1.671939563932239,1.7053938698573174,1.6466984988683855,1.6759772015579721,1.5627623470395833,5.805994729335672,2.236573295278567,5.074934075364517,0.986050802712511,3.888680898450896,1.823108446295346,3.4873086789221497,2.0667826527004363,4.5300702132758595,2.6731502188208216
3.228957994755305,2.15022583441804,2.54086881535174,1.4976123892661055,1.671939563932239,1.6385074942919655,1.7014945615046417,1.7246765393580508,1.5241604765291417,1.646662529059944,2.236573295278567,3.739929444462023,3.076051077177556,3.888680898450896,0.6869301443375289,2.6528831778132096,1.3949059556768288,1.8274347021965223,1.1461450459877132
1.7655687494345969,1.1840739246796375,1.2970478567333998,1.4857524277030083,1.74732961305499,1.7053938698573174,1.8293520409892396,1.8951242216583257,1.5434614117843624,2.6864955791288763,2.236573295278567,2.404924813559527,0.986050802712511,1.6803965688486042,3.887989012462161,2.0687853270369514,1.4430156450933342,3.449016008844124,1.4237823501391875
1.7655687494345969,2.977400186226968,0.6751373774242297,1.888991120848311,1.8478496785519913,1.9461848218925843,1.884148103625496,1.846424883858247,1.6785679585709086,2.6864955791288763,2.236573295278567,3.739929444462023,0.986050802712511,2.7845387336497502,0.7363292009443905,2.1522278771478454,1.7781245162014048,1.8274347021965223,2.1178756105178733
1.7655687494345969,1.3298818741221954,1.2970478567333998,1.470927475749137,1.671939563932239,1.696475686448604,1.7014945615046417,1.74902620825809,1.5241604765291417,1.646662529059944,2.236573295278567,2.404924813559527,3.076051077177556,2.7845387336497502,2.504815427470036,1.9019002268151632,1.4032007297141575,1.8274347021965223,1.2849636980634502
3.228957994755305,2.2631828532500533,1.6080030963879848,2.526464054864782,1.898109711300492,1.999693922344866,1.756290624140898,1.8951242216583257,1.5627623470395833,2.6864955791288763,2.236573295278567,3.739929444462023,3.076051077177556,3.888680898450896,3.6508735407492257,2.8197682780349975,2.139776664228927,1.8274347021965223,2.811968870896559
0.3021795041138886,1.0169384262268393,3.2664310412124387,1.4412775718413942,2.2247999241657466,1.6385074942919655,1.7014945615046417,1.846424883858247,2.103188534185768,2.16657905409441,2.236573295278567,2.404924813559527,0.986050802712511,1.6803965688486042,3.4977364652679546,1.234359825928011,1.4579462383605253,3.449016008844124,1.4237823501391875
3.228957994755305,2.4221404679865066,2.368115904432526,2.636168699323431,3.0038304317675073,2.5749167522068928,2.7060890431693396,5.328427536563865,1.9873829226544424,3.206412104163342,2.236573295278567,2.404924813559527,3.076051077177556,2.7845387336497502,3.5372557105534437,1.735015126593375,2.844832457401848,1.8274347021965223,2.3955129146693475
1.7655687494345969,3.007927854418096,0.6751373774242297,4.987406079207438,1.671939563932239,2.4991121932328273,2.3407819589276313,2.3821175996591113,1.755771699591792,2.6864955791288763,2.236573295278567,2.404924813559527,3.076051077177556,2.7845387336497502,2.8407290123966953,3.4873086789221497,3.790436697657295,2.097698253304456,5.033067304108354
3.228957994755305,2.099903970413486,3.7501391917862374,1.6814417934941113,2.7776602843992544,1.8302484375793078,3.509764628501098,3.5752513757610362,1.601364217550025,2.6864955791288763,2.236573295278567,2.404924813559527,0.986050802712511,1.6803965688486042,3.9275082577476503,0.817147075373541,1.9390431325255775,1.8274347021965223,2.3955129146693475
3.228957994755305,3.407854247296393,3.508285116499338,3.1580070080997045,2.5263601206567508,2.967316822190291,1.6466984988683855,2.2116699173588366,3.8981755129213083,2.16657905409441,2.236573295278567,2.404924813559527,3.076051077177556,2.7845387336497502,3.166762786001982,2.9032108281458915,3.106947316981428,1.8274347021965223,2.950787522972296
1.7655687494345969,3.4447011892683332,3.1627792946609103,2.861507969022276,1.671939563932239,4.224780682818907,4.49609375595371,1.6759772015579721,1.7171698290813504,1.646662529059944,2.236573295278567,1.0699201826570324,3.076051077177556,1.6803965688486042,1.0327235405855602,4.488619280252878,3.3873106794431305,1.8274347021965223,3.0896061750480333
0.3021795041138886,0.8391159206447267,1.4698007676526137,1.4353475910598457,1.7975896458034906,1.6295893108832518,2.158128416806777,1.8220752149582078,2.0259847931648842,2.6864955791288763,2.236573295278567,2.404924813559527,3.076051077177556,2.7845387336497502,1.6798511821354472,1.8184576767042693,1.4562872835530598,2.6382253555203232,1.4237823501391875
3.228957994755305,3.6430613346380847,1.0206431992626577,4.293598327766255,2.325319989662748,2.8469213461726577,2.596496917896827,2.3090685929589934,1.9873829226544424,1.646662529059944,2.236573295278567,1.0699201826570324,3.076051077177556,1.6803965688486042,1.2550192953164374,0.23304922459728283,3.6129285332584655,5.070597315491726,3.367243479199508
3.228957994755305,4.150972964770844,1.7807560073071989,3.8666397114947584,4.536761430596778,2.0710393896145747,4.916196902831675,5.011881840863355,3.685865225113879,1.646662529059944,2.236573295278567,1.0699201826570324,0.986050802712511,0.5762544040474584,3.018565616181397,1.317802376038905,3.7721881947751728,5.070597315491726,4.061336739578193
1.7655687494345969,2.219877241752136,0.7787891239757581,3.2202718063059645,1.671939563932239,2.0353666559797206,1.9937402288980084,1.6759772015579721,2.0259847931648842,5.805994729335672,2.236573295278567,3.739929444462023,3.076051077177556,3.888680898450896,2.9642266539138493,2.1522278771478454,2.5727638689774737,1.8274347021965223,3.367243479199508
1.7655687494345969,1.6574618752598733,1.124294945814186,1.4857524277030083,1.74732961305499,1.6741802279268199,1.7014945615046417,1.7003268704580115,1.5434614117843624,2.16657905409441,2.236573295278567,2.404924813559527,3.076051077177556,2.7845387336497502,0.8548869368008583,1.9853427769260572,1.406518639329089,1.8274347021965223,1.2849636980634502
3.228957994755305,1.318033235783173,1.6771042607556703,1.4442425622321684,1.74732961305499,1.6385074942919655,1.8658827494134105,1.7977255460581685,1.6592670233156877,1.646662529059944,2.236573295278567,2.404924813559527,3.076051077177556,2.7845387336497502,0.7758484462298796,1.1509172758171171,1.4015417749066916,1.8274347021965223,1.2849636980634502
1.7655687494345969,0.7788504934850717,3.231880459028596,1.4353475910598457,1.7221995966807397,1.5983756689527544,1.6832292072925563,1.7003268704580115,1.5048595412739207,1.646662529059944,2.236573295278567,2.404924813559527,3.076051077177556,2.7845387336497502,0.7066897669802734,1.234359825928011,1.3434783566453923,1.8274347021965223,1.007326393911976
1.7655687494345969,3.756901193189476,1.5389019320202992,4.619747270751427,3.3807806773812628,2.048743931092791,2.1763937710188626,3.8917970714615473,2.798022203373719,1.646662529059944,2.236573295278567,1.0699201826570324,3.076051077177556,1.6803965688486042,2.5146952387914085,1.9019002268151632,3.70748895728401,5.8813879688155275,2.6731502188208216
1.7655687494345969,4.242137782108735,3.3009816233962814,5.239430262423252,2.7274002516507534,4.782167145863507,2.6512929805330834,1.6759772015579721,1.890878246378338,1.126746004025478,2.236573295278567,1.0699201826570324,3.076051077177556,1.6803965688486042,2.7715703331470887,4.655504380474666,4.842214045590547,3.1787524577361905,3.644880783350982
3.228957994755305,2.1818222033220995,0.9169914527111291,1.4590675141860399,1.671939563932239,1.6206711274745382,1.6832292072925563,1.6759772015579721,1.5048595412739207,1.646662529059944,2.236573295278567,5.074934075364517,3.076051077177556,4.992823063252041,1.610692502885841,3.6541937791439376,1.3600679047200492,1.8274347021965223,1.007326393911976
3.228957994755305,4.2367013480473,2.091711246961784,3.0631273155949277,5.114751807204536,5.121058115394623,4.916196902831675,4.183993098262018,2.1224894694409886,1.646662529059944,2.236573295278567,1.0699201826570324,3.076051077177556,1.6803965688486042,0.9141658047290921,0.900589625484435,4.30471268797166,4.5300702132758595,4.20015539165393
3.228957994755305,3.4246282019645777,1.6080030963879848,3.801409922897724,1.671939563932239,2.913807721738009,1.6466984988683855,2.503865944159308,2.5857119155662893,2.16657905409441,2.236573295278567,2.404924813559527,3.076051077177556,2.7845387336497502,1.0080240122821293,0.6502619751517529,3.2977271198399833,3.1787524577361905,2.950787522972296
0.3021795041138886,0.4030395645203144,2.4372170688002117,1.4353475910598457,1.7221995966807397,1.6385074942919655,1.8293520409892396,1.8220752149582078,1.7171698290813504,2.16657905409441,2.236573295278567,2.404924813559527,3.076051077177556,2.7845387336497502,0.8647667481222305,0.6502619751517529,1.3982238652917602,1.8274347021965223,1.2849636980634502
3.228957994755305,2.7685853599698436,0.6751373774242297,2.5501839779909763,1.671939563932239,2.4322258176674754,3.418437857440671,5.86412025236473,4.8053194699166895,2.16657905409441,2.236573295278567,2.404924813559527,3.076051077177556,2.7845387336497502,2.712291465218855,2.4025555274805273,2.9991152544961577,1.8274347021965223,3.644880783350982
1.7655687494345969,3.8628884247632413,0.6751373774242297,5.129725617964604,2.0740198259202445,3.1456804903645628,2.4321087299880584,2.0655719039586007,1.7943735701022336,1.646662529059944,2.236573295278567,1.0699201826570324,0.986050802712511,0.5762544040474584,2.643132785969249,2.9866533782567855,4.127204523572831,6.692178622139329,2.6731502188208216
3.228957994755305,1.8891376037240524,2.091711246961784,2.1261903521102536,1.671939563932239,2.637344036067888,1.9937402288980084,1.7733758771581294,5.172037239765886,3.726328629197808,2.236573295278567,2.404924813559527,3.076051077177556,2.7845387336497502,3.5915946728209915,0.6502619751517529,2.461613896877272,1.8274347021965223,2.811968870896559
0.3021795041138886,3.047144524057841,3.2664310412124387,2.956387661527053,2.853050333522005,2.396553084032621,4.368236276469112,3.9891957470617045,3.3191474552646825,8.925493879542469,2.236573295278567,3.739929444462023,3.076051077177556,3.888680898450896,3.166762786001982,2.485998077591421,3.121877910248619,1.8274347021965223,3.922518087502456
3.228957994755305,3.415474548032078,1.573452514204142,2.7280834014374333,3.3305206446327618,3.3730941672867596,1.8658827494134105,2.601264619759465,3.685865225113879,1.646662529059944,2.236573295278567,2.404924813559527,3.076051077177556,2.7845387336497502,1.6551516538320163,2.7363257279241036,3.0986525429440994,1.8274347021965223,3.922518087502456
3.228957994755305,1.314269550663719,1.6080030963879848,1.5035423700476542,1.671939563932239,1.6875575030398902,1.6832292072925563,1.74902620825809,1.5820632822948042,2.16657905409441,2.236573295278567,2.404924813559527,0.986050802712511,1.6803965688486042,1.3142981632446713,2.2356704272587393,1.42144923259628,1.8274347021965223,1.2849636980634502
1.7655687494345969,2.2866942689345446,2.3335653222486834,1.5213323123922997,1.671939563932239,1.6206711274745382,1.6832292072925563,1.6759772015579721,1.601364217550025,1.646662529059944,2.236573295278567,2.404924813559527,3.076051077177556,2.7845387336497502,2.4307168425597436,3.4038661288112557,1.4032007297141575,1.8274347021965223,1.1461450459877132
3.228957994755305,3.045425309867473,1.0551937814465004,2.487919179784716,2.551490137031001,2.797871337424733,2.158128416806777,2.357767930759072,1.755771699591792,2.6864955791288763,2.236573295278567,2.404924813559527,0.986050802712511,1.6803965688486042,1.5267141066541763,2.5694406277023156,2.542902682443091,1.8274347021965223,3.367243479199508
1.7655687494345969,2.313922904490102,1.124294945814186,2.6154137665880106,1.7724596294292403,1.7455256951965286,1.756290624140898,1.6759772015579721,1.910179181633559,2.16657905409441,2.236573295278567,2.404924813559527,0.986050802712511,1.6803965688486042,2.0454042010262232,3.987963979587514,2.1016207036572156,1.8274347021965223,2.6731502188208216
1.7655687494345969,1.4070141864468118,3.7155886096023947,1.7229516589649512,1.671939563932239,1.6563438611093928,1.6832292072925563,1.7003268704580115,1.5820632822948042,2.6864955791288763,2.236573295278567,2.404924813559527,3.076051077177556,2.7845387336497502,2.124442691597202,2.1522278771478454,1.5292812950815504,1.8274347021965223,1.5626010022149246
0.3021795041138886,0.2681044832006241,3.957442684889294,1.4323826006690714,1.9483697440489927,1.6117529440658247,1.7197599157167271,1.8220752149582078,1.6592670233156877,2.16657905409441,2.236573295278567,2.404924813559527,3.076051077177556,2.7845387336497502,3.092664201091689,0.900589625484435,1.3866111816395006,1.8274347021965223,1.2849636980634502
3.228957994755305,1.252749561797579,2.575419397535583,1.4442425622321684,1.7724596294292403,1.6474256777006793,1.7928213325650688,1.6759772015579721,1.5627623470395833,1.646662529059944,2.236573295278567,2.404924813559527,3.076051077177556,2.7845387336497502,2.3664980689708237,0.6502619751517529,1.3832932720245692,1.8274347021965223,1.1461450459877132
1.7655687494345969,2.5320307804248907,3.1282287124770676,1.6577218703679168,2.3755800224112487,1.7276893283791015,1.9389441662617521,1.6759772015579721,1.5627623470395833,2.16657905409441,2.236573295278567,2.404924813559527,3.076051077177556,2.7845387336497502,1.5316540123148623,4.071406529698407,1.585685758535384,1.8274347021965223,1.7014196542906617
3.228957994755305,0.7606361161168491,1.124294945814186,1.43831258145062,1.6970695803064892,1.5983756689527544,1.7197599157167271,1.74902620825809,1.5048595412739207,1.646662529059944,2.236573295278567,1.0699201826570324,3.076051077177556,1.6803965688486042,2.20348118216818,4.238291629920196,1.350114175875255,1.8274347021965223,1.007326393911976
3.228957994755305,1.3265363762382363,1.0897443636303432,1.4590675141860399,1.7724596294292403,1.651884769405036,1.7197599157167271,1.7733758771581294,1.5048595412739207,1.646662529059944,2.236573295278567,2.404924813559527,0.986050802712511,1.6803965688486042,3.28532052185845,0.6502619751517529,1.388270136446966,1.8274347021965223,1.1461450459877132
0.3021795041138886,0.854960570345145,4.061094431440822,1.429417610278297,1.8227196621777408,1.6028347606571112,1.7745559783529834,1.8220752149582078,1.7171698290813504,1.646662529059944,2.236573295278567,1.0699201826570324,3.076051077177556,1.6803965688486042,1.1018822198351663,1.9019002268151632,1.3832932720245692,1.8274347021965223,1.1461450459877132
3.228957994755305,1.0020230814941877,3.1282287124770676,1.429417610278297,1.671939563932239,1.5939165772483976,1.6832292072925563,1.9681732283584434,1.5820632822948042,1.646662529059944,2.236573295278567,1.0699201826570324,0.986050802712511,0.5762544040474584,2.3220389180246483,3.1535384784785734,1.3600679047200492,1.8274347021965223,1.007326393911976
1.7655687494345969,1.899871076101755,3.819240356153923,1.6547568799771426,2.023759793171744,1.9194302716664438,1.884148103625496,1.7977255460581685,1.6785679585709086,2.16657905409441,2.236573295278567,2.404924813559527,0.986050802712511,1.6803965688486042,1.8873272198842659,2.0687853270369514,1.6454081316041491,1.8274347021965223,1.840238306366399
3.228957994755305,3.6947306908459,3.646487445234709,2.609483785806462,6.446642675039804,3.9839897307836405,2.760885105805596,5.474525549964101,2.199693210461872,1.646662529059944,2.236573295278567,1.0699201826570324,0.986050802712511,0.5762544040474584,1.487194861368687,2.7363257279241036,3.614587488065931,2.908488906628257,2.811968870896559
3.228957994755305,1.0360356433144402,0.8824408705272864,1.470927475749137,1.8478496785519913,1.6385074942919655,1.847617395201325,1.6759772015579721,1.5820632822948042,2.16657905409441,2.236573295278567,2.404924813559527,3.076051077177556,2.7845387336497502,2.4899957104879777,1.735015126593375,1.406518639329089,1.8274347021965223,1.2849636980634502
1.7655687494345969,2.508054712256516,3.78468977397008,2.046135611559348,1.8478496785519913,1.955103005301298,2.194659125230948,3.283055348960565,2.1610913399514304,2.16657905409441,2.236573295278567,2.404924813559527,3.076051077177556,2.7845387336497502,1.52177420099349,3.6541937791439376,2.0369214661660537,1.8274347021965223,2.5343315667450845
3.228957994755305,2.6126944516270196,3.093678130293225,2.704363478311239,2.0740198259202445,3.025285014346929,2.4321087299880584,2.260369255158915,2.1224894694409886,3.726328629197808,2.236573295278567,2.404924813559527,0.986050802712511,1.6803965688486042,2.6777121255940517,3.4873086789221497,2.7668615814509603,1.8274347021965223,3.644880783350982
3.228957994755305,2.5586553677514,1.4698007676526137,3.374451306626227,2.626880186153752,2.307371249945485,2.7791504600176813,2.8204116398598185,2.199693210461872,2.6864955791288763,2.236573295278567,2.404924813559527,3.076051077177556,2.7845387336497502,3.048205050145514,2.3191129773696333,2.9875025708438976,1.8274347021965223,3.922518087502456
1.7655687494345969,1.603051069397147,1.2279466923657143,1.470927475749137,1.7221995966807397,1.7232302366747447,1.7928213325650688,1.7246765393580508,1.5434614117843624,1.646662529059944,2.236573295278567,2.404924813559527,0.986050802712511,1.6803965688486042,1.8478079745987768,2.1522278771478454,1.4247671422112114,1.8274347021965223,1.4237823501391875
0.3021795041138886,3.210702198384738,3.646487445234709,1.847481255377471,3.4310407101297633,2.062121206205861,2.9618040021385355,2.1386209106587186,1.9294801168887799,2.16657905409441,2.236573295278567,3.739929444462023,3.076051077177556,3.888680898450896,1.6255122198678995,1.4012449261497992,2.0418983305884506,1.8274347021965223,2.5343315667450845
3.228957994755305,2.9859033266820307,1.3661490211010854,2.932667738400859,2.1494098750429953,3.2125668659299147,2.103332354170521,2.8204116398598185,1.6592670233156877,2.6864955791288763,2.236573295278567,2.404924813559527,3.076051077177556,2.7845387336497502,3.848469767176672,1.735015126593375,2.937733926619927,1.8274347021965223,3.922518087502456
3.228957994755305,1.7312022244521421,3.7501391917862374,1.9156760343652794,2.275059956914247,2.048743931092791,1.8658827494134105,1.74902620825809,2.296197886737976,4.76616167926674,2.236573295278567,5.074934075364517,3.076051077177556,4.992823063252041,3.937388069069023,2.0687853270369514,1.9042050815687979,1.8274347021965223,2.2566942625936104
0.3021795041138886,4.081600348927078,2.1608124113294696,3.226201787087513,2.275059956914247,5.93261280558756,5.244973278649213,6.399812968165595,2.7208184623528355,1.646662529059944,2.236573295278567,1.0699201826570324,0.986050802712511,0.5762544040474584,3.808950521891183,2.5694406277023156,4.742676757142605,4.800333764383792,3.783699435426719
1.7655687494345969,1.880773859014154,3.093678130293225,1.7733564956081138,1.9483697440489927,1.9105120882577302,1.7014945615046417,2.08992157285864,2.37340162775886,3.206412104163342,2.236573295278567,2.404924813559527,3.076051077177556,2.7845387336497502,2.830849201075323,1.0674747257062231,1.7665118325491451,4.259806662167925,1.979056958442136
3.228957994755305,2.256817114220853,2.4372170688002117,1.8534112361590196,2.048889809545994,1.8570029878054486,2.0850669999584355,2.236019586258876,1.5820632822948042,2.16657905409441,2.236573295278567,2.404924813559527,3.076051077177556,2.7845387336497502,0.7610287292478213,3.7376363292548316,1.7748066065864734,1.8274347021965223,2.1178756105178733
0.3021795041138886,3.0171744388473725,3.335532205580124,2.609483785806462,4.084421135860272,3.5826714773915285,5.665076425527177,4.013545415961744,2.103188534185768,1.646662529059944,2.236573295278567,1.0699201826570324,3.076051077177556,1.6803965688486042,3.7595514652843214,1.234359825928011,3.465281555394019,1.8274347021965223,3.0896061750480333
3.228957994755305,2.735269776875416,0.7096879596080725,2.977142594262473,1.671939563932239,2.7354440535637377,2.231189833655119,2.0655719039586007,2.7594203328632774,3.206412104163342,2.236573295278567,2.404924813559527,3.076051077177556,2.7845387336497502,1.4723751443866284,2.7363257279241036,2.8083354516376025,3.719279559952058,2.2566942625936104
3.228957994755305,3.1798492734548915,2.713621726270954,1.9067810631929567,1.671939563932239,2.71760768674631,5.281503987073384,6.326763961465476,3.8402727071556457,1.646662529059944,2.236573295278567,1.0699201826570324,0.986050802712511,0.5762544040474584,1.9713056161159308,3.987963979587514,2.8630809602839706,1.8274347021965223,3.506062131275245
1.7655687494345969,2.267039468866284,1.5043513498364565,1.7614965340450168,1.671939563932239,1.6162120357701815,1.6832292072925563,1.7003268704580115,1.755771699591792,2.16657905409441,2.236573295278567,2.404924813559527,0.986050802712511,1.6803965688486042,1.338997691548102,3.236981028589468,1.5508477075786045,1.8274347021965223,1.5626010022149246
3.228957994755305,3.6425966821542013,2.264464157880998,2.861507969022276,3.782860939369268,3.364175983878046,5.391096112345896,3.721349389161272,6.1370840025269295,1.646662529059944,2.236573295278567,1.0699201826570324,3.076051077177556,1.6803965688486042,0.6029517481058639,2.8197682780349975,3.807026245731952,2.6382253555203232,3.0896061750480333
3.228957994755305,1.4614714575579266,2.229913575697155,1.450172543013717,1.7975896458034906,1.7633620620139558,1.9572095204738376,2.0412222350585614,2.199693210461872,2.16657905409441,2.236573295278567,2.404924813559527,3.076051077177556,2.7845387336497502,1.2056202387095758,1.8184576767042693,1.525963385466619,1.8274347021965223,1.5626010022149246
1.7655687494345969,3.0133642884795298,3.508285116499338,3.7687950285992073,2.3001899732884974,3.4622760013738954,1.9389441662617521,2.601264619759465,1.4855586060186998,1.646662529059944,2.236573295278567,1.0699201826570324,0.986050802712511,0.5762544040474584,1.1710408990847725,2.3191129773696333,3.463622600586553,1.8274347021965223,3.2284248271237703
1.7655687494345969,3.4166361792417863,1.2279466923657143,5.1030407044476345,2.0991498422944947,3.4310623594433975,2.06680164574635,2.503865944159308,1.8136745053574548,1.646662529059944,2.236573295278567,1.0699201826570324,3.076051077177556,1.6803965688486042,2.722171276540227,3.4873086789221497,4.218447037983445,5.8813879688155275,2.811968870896559
3.228957994755305,1.4009272389079415,1.0897443636303432,1.4412775718413942,1.6970695803064892,1.6117529440658247,1.6832292072925563,1.6759772015579721,1.5434614117843624,1.646662529059944,2.236573295278567,2.404924813559527,0.986050802712511,1.6803965688486042,3.581714861499619,2.2356704272587393,1.3517731306827208,1.8274347021965223,1.007326393911976
3.228957994755305,2.4189808310961007,3.6119368630508664,2.4226893911876823,2.7274002516507534,2.155762131997354,2.158128416806777,1.7977255460581685,1.5820632822948042,2.6864955791288763,2.236573295278567,3.739929444462023,3.076051077177556,3.888680898450896,1.1562211821027142,3.821078879365726,2.226042314217143,1.8274347021965223,2.950787522972296
1.7655687494345969,2.208911443132492,3.819240356153923,3.3240464699830645,1.8729796949262416,2.329666708467269,1.847617395201325,1.8707745527582864,2.6050128508215105,2.6864955791288763,2.236573295278567,2.404924813559527,3.076051077177556,2.7845387336497502,3.962087597372454,2.1522278771478454,2.8033585872152056,1.8274347021965223,3.644880783350982
3.228957994755305,2.7751834252409857,2.264464157880998,3.0987072002842186,3.5818208083752654,3.3017487000170505,3.1809882526835604,6.351113630365516,3.2033418437333574,3.206412104163342,2.236573295278567,2.404924813559527,3.076051077177556,2.7845387336497502,2.8555487293787536,1.8184576767042693,3.6295180813331225,1.8274347021965223,4.6166113478811415
3.228957994755305,1.657694201501815,1.262497274549557,1.4353475910598457,1.671939563932239,1.625130219178895,1.6832292072925563,1.7246765393580508,1.5434614117843624,1.646662529059944,2.236573295278567,2.404924813559527,3.076051077177556,2.7845387336497502,1.8823873142235799,1.4012449261497992,1.3550910402976521,3.449016008844124,1.007326393911976
1.7655687494345969,2.5652069677741536,3.4391839521316525,3.641300441795913,1.8729796949262416,2.14684394858864,1.847617395201325,1.8707745527582864,1.6399660880604667,4.76616167926674,2.236573295278567,2.404924813559527,3.076051077177556,2.7845387336497502,4.016426559640001,1.317802376038905,2.8299018641346567,4.5300702132758595,3.783699435426719
3.228957994755305,1.704577637125633,3.78468977397008,1.4946473988753313,1.6970695803064892,1.6474256777006793,1.7197599157167271,1.6759772015579721,1.5627623470395833,2.16657905409441,2.236573295278567,3.739929444462023,3.076051077177556,3.888680898450896,3.270500804876391,1.5681300263715872,1.3998828200992262,1.8274347021965223,1.1461450459877132
3.228957994755305,0.8729890867198145,2.6445205619032683,1.4412775718413942,1.6970695803064892,1.6162120357701815,1.7197599157167271,1.7003268704580115,1.6592670233156877,1.646662529059944,2.236573295278567,2.404924813559527,0.986050802712511,1.6803965688486042,0.7956080688726244,0.7337045252626471,1.3683626787573777,1.8274347021965223,1.1461450459877132
3.228957994755305,2.82383254030356,2.0226100825940985,2.846683017068405,1.671939563932239,2.4500621844849024,3.6558874621977813,3.5022023690609183,3.743768030879542,3.206412104163342,2.236573295278567,2.404924813559527,3.076051077177556,2.7845387336497502,3.0383252388241417,3.4038661288112557,2.941051836234858,1.8274347021965223,3.644880783350982
1.7655687494345969,1.8546139241715283,2.9554758015578533,1.4887174180937826,1.74732961305499,1.607293852361468,1.6832292072925563,1.6759772015579721,1.5241604765291417,2.16657905409441,2.236573295278567,3.739929444462023,0.986050802712511,2.7845387336497502,0.8400672198187997,2.0687853270369514,1.378316407602172,1.8274347021965223,1.1461450459877132
1.7655687494345969,2.5143275207889397,1.2970478567333998,2.766628276517499,1.671939563932239,1.7633620620139558,1.6466984988683855,1.7733758771581294,1.9487810521440008,1.646662529059944,2.236573295278567,2.404924813559527,3.076051077177556,2.7845387336497502,0.7709085405691936,1.6515725764824811,2.1862273988379664,1.8274347021965223,2.811968870896559
1.7655687494345969,2.8009251728481166,3.8537909383377658,2.529429045255556,2.2247999241657466,1.7633620620139558,1.756290624140898,1.6759772015579721,3.26124464949902,3.206412104163342,2.236573295278567,2.404924813559527,3.076051077177556,2.7845387336497502,3.6212341067851086,2.0687853270369514,2.2061348565275547,1.8274347021965223,2.6731502188208216
3.228957994755305,1.8304519950096,2.0571606647779412,2.262579910085871,1.8478496785519913,1.9640211887100116,1.9206788120496667,1.6759772015579721,3.782369901389983,4.76616167926674,2.236573295278567,2.404924813559527,3.076051077177556,2.7845387336497502,3.581714861499619,1.6515725764824811,2.166319941148378,1.8274347021965223,2.5343315667450845
1.7655687494345969,1.7299476627456574,2.713621726270954,1.4857524277030083,1.8478496785519913,1.6741802279268199,1.6466984988683855,1.7003268704580115,1.9487810521440008,1.646662529059944,2.236573295278567,2.404924813559527,3.076051077177556,2.7845387336497502,1.4822549557080007,1.9853427769260572,1.4430156450933342,1.8274347021965223,1.2849636980634502
1.7655687494345969,1.6741428994312813,2.5063182331678973,1.5065073604384285,1.74732961305499,1.6474256777006793,1.6832292072925563,1.9194738905583648,1.4855586060186998,1.646662529059944,2.236573295278567,2.404924813559527,0.986050802712511,1.6803965688486042,2.1787816538647493,2.0687853270369514,1.4164723681738831,1.8274347021965223,1.2849636980634502
3.228957994755305,1.4173294715890195,1.5389019320202992,1.8385862842051481,2.048889809545994,1.7455256951965286,2.103332354170521,1.9438235594584041,2.8752259443946024,2.16657905409441,2.236573295278567,2.404924813559527,0.986050802712511,1.6803965688486042,3.942327974729709,1.9019002268151632,1.8179394315805815,4.259806662167925,1.979056958442136
3.228957994755305,1.9202693201442287,1.6771042607556703,2.0609605635132193,1.7221995966807397,1.78565752053574,1.6466984988683855,1.7246765393580508,1.5820632822948042,3.206412104163342,2.236573295278567,2.404924813559527,3.076051077177556,2.7845387336497502,1.7835892010098566,1.8184576767042693,1.7681707873566106,1.8274347021965223,2.1178756105178733
1.7655687494345969,3.7832469890256553,3.8537909383377658,2.636168699323431,2.3755800224112487,2.0353666559797206,3.8385410043186354,3.477852700160879,1.8329754406126755,1.646662529059944,2.236573295278567,1.0699201826570324,3.076051077177556,1.6803965688486042,3.6854528803740285,3.0700959283676794,2.566128049747611,1.8274347021965223,3.0896061750480333
1.7655687494345969,3.5822383244977694,1.8498571716748844,2.861507969022276,3.5315607756267644,2.0977939398407157,4.733543360710821,2.576914950859426,1.8329754406126755,1.646662529059944,2.236573295278567,1.0699201826570324,0.986050802712511,0.5762544040474584,3.8138904275518692,2.7363257279241036,2.811653361252534,3.449016008844124,4.477792695805405
1.7655687494345969,2.9446886513615884,0.7787891239757581,3.6175805186697185,1.671939563932239,2.6239667609548176,1.884148103625496,2.162970579558758,2.4506053687797436,2.16657905409441,2.236573295278567,2.404924813559527,3.076051077177556,2.7845387336497502,1.7094906160995642,1.735015126593375,3.073768220832114,1.8274347021965223,2.6731502188208216
3.228957994755305,2.7118512916877013,3.819240356153923,2.917842786446988,1.9734997604232432,2.0754984813189314,1.9389441662617521,1.8220752149582078,3.222642778988578,2.16657905409441,2.236573295278567,2.404924813559527,3.076051077177556,2.7845387336497502,2.406017314256313,1.9019002268151632,2.5462205920580225,1.8274347021965223,3.2284248271237703
3.228957994755305,0.5722195339021989,1.4698007676526137,1.462032504576814,1.671939563932239,1.6117529440658247,1.6832292072925563,1.7003268704580115,1.5048595412739207,1.646662529059944,2.236573295278567,2.404924813559527,3.076051077177556,2.7845387336497502,1.3488775028694744,2.3191129773696333,1.3600679047200492,1.8274347021965223,1.1461450459877132
0.3021795041138886,1.2418766936747114,3.957442684889294,1.5005773796568798,1.6970695803064892,2.0710393896145747,2.1763937710188626,2.3821175996591113,1.755771699591792,1.646662529059944,2.236573295278567,1.0699201826570324,0.986050802712511,0.5762544040474584,3.596534578481678,3.7376363292548316,1.6669745441012032,1.8274347021965223,1.840238306366399
1.7655687494345969,3.5881394110430866,1.0206431992626577,4.89845636748421,2.1494098750429953,4.238157957931978,3.4549685658648417,3.5265520379609576,4.071883930218297,2.16657905409441,2.236573295278567,2.404924813559527,3.076051077177556,2.7845387336497502,3.764491370945007,3.236981028589468,4.797422265788972,1.8274347021965223,3.2284248271237703
3.228957994755305,2.071420773151444,4.061094431440822,1.9779408325715395,1.7221995966807397,1.981857555527439,1.9206788120496667,1.7977255460581685,1.755771699591792,2.16657905409441,2.236573295278567,2.404924813559527,0.986050802712511,1.6803965688486042,3.418697974696976,1.735015126593375,1.8395058440776357,1.8274347021965223,2.2566942625936104
3.228957994755305,3.4512063240426984,3.1282287124770676,4.344003164409418,2.174539891417246,3.3240441585388347,6.030383509768885,2.8934606465599364,2.257596016227535,1.646662529059944,2.236573295278567,1.0699201826570324,3.076051077177556,1.6803965688486042,3.018565616181397,3.4873086789221497,4.183608987026665,2.097698253304456,3.506062131275245
1.7655687494345969,2.6289108233145444,3.3009816233962814,3.478225970303327,1.671939563932239,1.8971348131446597,1.8293520409892396,1.6759772015579721,3.994680189197413,3.206412104163342,2.236573295278567,2.404924813559527,0.986050802712511,1.6803965688486042,3.2211017482695294,2.7363257279241036,2.8199481352898625,1.8274347021965223,2.1178756105178733
1.7655687494345969,2.503733444156402,3.5773862808670236,2.9237727672285363,1.9986297767974934,2.173598498814781,1.7928213325650688,1.6759772015579721,1.9873829226544424,1.646662529059944,2.236573295278567,1.0699201826570324,0.986050802712511,0.5762544040474584,1.645271842510644,4.405176730141983,2.4582959872623404,2.908488906628257,3.2284248271237703
1.7655687494345969,2.6811377625030195,3.681038027418552,2.369319564153745,2.3001899732884974,2.771116787198592,2.103332354170521,2.1386209106587186,1.7171698290813504,2.6864955791288763,2.236573295278567,2.404924813559527,0.986050802712511,1.6803965688486042,2.7715703331470887,2.9032108281458915,2.4267758459204924,1.8274347021965223,3.2284248271237703
3.228957994755305,2.501363716488598,1.4006996032849282,1.5154023316107512,1.6970695803064892,1.6295893108832518,1.6832292072925563,1.6759772015579721,1.5241604765291417,1.646662529059944,2.236573295278567,2.404924813559527,0.986050802712511,1.6803965688486042,1.0080240122821293,1.5681300263715872,1.3982238652917602,1.8274347021965223,1.2849636980634502
1.7655687494345969,3.5737351840427065,3.508285116499338,5.5685441957991975,1.671939563932239,3.025285014346929,2.4869047926243146,2.528215613059347,1.8136745053574548,1.646662529059944,2.236573295278567,2.404924813559527,3.076051077177556,2.7845387336497502,2.7320510878615996,2.1522278771478454,4.339550738928441,1.8274347021965223,2.950787522972296
1.7655687494345969,3.0751166035876114,2.817273472822482,2.9978975269978934,1.671939563932239,3.17689413229506,2.7974158142297667,2.357767930759072,1.4855586060186998,2.6864955791288763,2.236573295278567,2.404924813559527,3.076051077177556,2.7845387336497502,0.7758484462298796,3.987963979587514,2.9460287006572554,1.8274347021965223,3.922518087502456
3.228957994755305,2.952634208835992,0.9515420348949719,2.579833881898719,2.023759793171744,2.5615394770938225,3.3088457321681584,2.016872566158522,1.890878246378338,1.646662529059944,2.236573295278567,1.0699201826570324,3.076051077177556,1.6803965688486042,2.8209693897539503,4.405176730141983,2.5644690949401454,1.8274347021965223,3.367243479199508
3.228957994755305,1.1836092721957543,3.819240356153923,1.4679624853583628,1.7221995966807397,1.6830984113355334,1.7197599157167271,1.6759772015579721,1.9487810521440008,2.16657905409441,2.236573295278567,3.739929444462023,3.076051077177556,3.888680898450896,4.0065467483186294,3.9045214294766195,1.43306191624854,1.8274347021965223,1.1461450459877132
1.7655687494345969,2.1652805748958563,0.7096879596080725,1.512437341219977,1.671939563932239,1.607293852361468,1.6466984988683855,1.6759772015579721,1.4855586060186998,1.646662529059944,2.236573295278567,2.404924813559527,3.076051077177556,2.7845387336497502,1.704550710438878,2.9866533782567855,1.3799753624096378,1.8274347021965223,1.1461450459877132
0.3021795041138886,1.0477448859082976,0.8478902883434436,1.4768574565306856,2.5766201534052513,1.6830984113355334,2.012005583110094,3.1856566733604077,3.5700596135825537,1.646662529059944,2.236573295278567,1.0699201826570324,3.076051077177556,1.6803965688486042,3.2902604275191356,0.5668194250408589,1.7631939229342137,1.8274347021965223,1.7014196542906617
1.7655687494345969,2.9098861803187344,2.9209252193740105,4.533762549418972,1.671939563932239,2.213730324153992,2.8704772310781084,2.601264619759465,4.438601700067492,2.16657905409441,2.236573295278567,2.404924813559527,3.076051077177556,2.7845387336497502,3.9176284464262783,0.984032175595329,3.7240785053586674,1.8274347021965223,3.2284248271237703
1.7655687494345969,2.2866942689345446,2.3335653222486834,1.5213323123922997,1.671939563932239,1.6206711274745382,1.6832292072925563,1.6759772015579721,1.601364217550025,1.646662529059944,2.236573295278567,2.404924813559527,3.076051077177556,2.7845387336497502,2.4307168425597436,3.4038661288112557,1.4032007297141575,1.8274347021965223,1.1461450459877132
3.228957994755305,2.4126150920669005,1.6425536785718275,3.8458847787593387,1.9232397276747424,2.655180402885315,2.158128416806777,1.9194738905583648,3.5700596135825537,2.16657905409441,2.236573295278567,1.0699201826570324,0.986050802712511,0.5762544040474584,3.547135521874816,3.6541937791439376,3.3342241256042287,1.8274347021965223,4.20015539165393
3.228957994755305,2.9707556557074377,3.3009816233962814,2.0965404482025107,5.743002216560795,3.315125975130121,3.5828260453494396,2.5525652819593865,2.045285728420105,1.646662529059944,2.236573295278567,2.404924813559527,3.076051077177556,2.7845387336497502,1.6205723142072133,1.735015126593375,2.8946011016258186,1.8274347021965223,3.783699435426719
3.228957994755305,3.693383198642638,3.3009816233962814,2.891157872930019,3.4310407101297633,3.0342031977556427,4.313440213832856,2.6499639575595433,3.106837167457253,1.646662529059944,2.236573295278567,1.0699201826570324,0.986050802712511,0.5762544040474584,2.2923994840605313,0.6502619751517529,3.2462995208085466,1.8274347021965223,3.506062131275245
3.228957994755305,1.5428785727342684,3.093678130293225,1.5302272835646227,1.7724596294292403,1.8837575380315894,1.7014945615046417,1.9194738905583648,1.8715773111231173,1.646662529059944,2.236573295278567,1.0699201826570324,3.076051077177556,1.6803965688486042,2.4307168425597436,0.399934324819071,1.5541656171935359,1.8274347021965223,1.5626010022149246
3.228957994755305,2.765611584072991,2.3335653222486834,2.5620439395540733,5.139881823578786,1.8792984463272324,2.7426197515935105,2.3090685929589934,2.624313786076731,4.246245154232274,2.236573295278567,2.404924813559527,0.986050802712511,1.6803965688486042,3.354479201108056,3.1535384784785734,2.537925818020694,1.8274347021965223,3.2284248271237703
1.7655687494345969,1.7626591976110368,3.991993267073137,1.805971389906631,1.6970695803064892,1.8391666209880213,1.6466984988683855,1.7003268704580115,2.0838875989305468,2.6864955791288763,2.236573295278567,2.404924813559527,3.076051077177556,2.7845387336497502,2.56409429539827,1.317802376038905,1.6852230469833258,2.6382253555203232,1.840238306366399
3.228957994755305,2.7145927413426123,0.8478902883434436,2.3930394872799394,3.7577309229950178,2.92718499685108,3.2175189611077313,3.088257997760251,3.2419437142437992,1.646662529059944,2.236573295278567,2.404924813559527,0.986050802712511,1.6803965688486042,2.8506088237180673,1.4846874762606932,2.8912831920108877,1.8274347021965223,3.644880783350982
3.228957994755305,2.1926950714449673,3.8537909383377658,2.1350853232825764,2.0991498422944947,1.892675721440303,1.7928213325650688,1.9194738905583648,1.601364217550025,2.6864955791288763,2.236573295278567,3.739929444462023,3.076051077177556,3.888680898450896,1.8329882576167182,2.7363257279241036,1.9025461267613322,2.908488906628257,2.3955129146693475
1.7655687494345969,4.0605980566555555,3.335532205580124,4.892526386702661,3.983901070363271,3.4087669009216137,2.9618040021385355,4.81708448966304,2.547110045055848,1.646662529059944,2.236573295278567,1.0699201826570324,3.076051077177556,1.6803965688486042,1.1018822198351663,3.1535384784785734,4.518717858134735,3.1787524577361905,3.0896061750480333
1.7655687494345969,1.9698477401745695,2.7827228906386394,2.2714748812581935,1.671939563932239,1.8347075292836645,1.6466984988683855,1.8220752149582078,2.489207239290185,3.206412104163342,2.236573295278567,2.404924813559527,3.076051077177556,2.7845387336497502,2.6332529746478763,4.238291629920196,1.985493867134617,1.8274347021965223,2.3955129146693475
1.7655687494345969,3.6911528667199986,2.264464157880998,5.248325233595574,2.174539891417246,4.322880700314757,3.107926835835219,3.1613070044603684,2.006683857909663,1.646662529059944,2.236573295278567,1.0699201826570324,0.986050802712511,0.5762544040474584,2.766630427486403,1.8184576767042693,4.792445401366576,1.8274347021965223,3.506062131275245
3.228957994755305,1.61294816730386,0.9515420348949719,1.6221419856786254,1.671939563932239,1.7945757039444534,1.7197599157167271,1.74902620825809,1.8715773111231173,3.206412104163342,2.236573295278567,3.739929444462023,3.076051077177556,3.888680898450896,3.112423823734434,2.9866533782567855,1.5558245720010015,1.8274347021965223,1.5626010022149246
3.228957994755305,1.1321257769814923,3.3009816233962814,1.462032504576814,1.8478496785519913,1.6295893108832518,1.7014945615046417,1.7003268704580115,1.6978688938261293,1.646662529059944,2.236573295278567,2.404924813559527,0.986050802712511,1.6803965688486042,2.3862576916135683,0.5668194250408589,1.3965649104842948,1.8274347021965223,1.1461450459877132
3.228957994755305,3.235700502017656,1.4698007676526137,2.1024704289840592,2.249929940539997,3.3240441585388347,2.413843375775973,2.1873202484587972,2.933128750160265,1.646662529059944,2.236573295278567,1.0699201826570324,3.076051077177556,1.6803965688486042,2.1195027859365156,3.1535384784785734,2.6158966939715818,1.8274347021965223,2.811968870896559
1.7655687494345969,3.6453845970575007,1.2970478567333998,4.498182664729681,5.039361758081785,4.577048927463094,2.103332354170521,2.601264619759465,1.4855586060186998,1.646662529059944,2.236573295278567,1.0699201826570324,3.076051077177556,1.6803965688486042,1.180920710406145,4.405176730141983,4.4822208523704905,3.449016008844124,3.2284248271237703
3.228957994755305,1.3428456784225375,2.9554758015578533,1.5094723508292027,1.6970695803064892,1.6429665859963223,1.6832292072925563,1.6759772015579721,1.6785679585709086,2.16657905409441,2.236573295278567,3.739929444462023,0.986050802712511,2.7845387336497502,1.3439375972087881,2.6528831778132096,1.4131544585589517,1.8274347021965223,1.2849636980634502
1.7655687494345969,3.332673475404086,3.9228921027054513,4.341038174018644,3.506430759252514,3.1545986737732763,2.669558334745169,2.016872566158522,4.863222275682352,1.646662529059944,2.236573295278567,1.0699201826570324,0.986050802712511,0.5762544040474584,1.180920710406145,0.817147075373541,4.0658231956966,2.6382253555203232,2.2566942625936104
3.228957994755305,1.9032630392341026,2.2990147400648406,1.9601508902268938,1.7221995966807397,1.8748393546228757,2.3407819589276313,2.08992157285864,2.6050128508215105,1.646662529059944,2.236573295278567,1.0699201826570324,3.076051077177556,1.6803965688486042,2.1540821255613185,0.48337687492996495,1.9207946296434548,1.8274347021965223,2.2566942625936104
3.228957994755305,3.195554527410145,3.1627792946609103,5.518139359156034,2.5012301042825005,2.552621293685109,1.6466984988683855,2.4795162752592685,2.7594203328632774,1.646662529059944,2.236573295278567,1.0699201826570324,3.076051077177556,1.6803965688486042,3.73485193698089,3.6541937791439376,4.191903761063994,4.259806662167925,2.6731502188208216
3.228957994755305,1.1065698903679146,1.8498571716748844,1.524297302783074,1.6970695803064892,1.8748393546228757,1.9389441662617521,1.9681732283584434,3.1261381027124737,2.6864955791288763,2.236573295278567,2.404924813559527,3.076051077177556,2.7845387336497502,3.843529861515986,0.817147075373541,1.6752693181385316,3.449016008844124,1.5626010022149246
3.228957994755305,1.4473924872962645,3.2664310412124387,1.4531375334044911,1.7724596294292403,1.6563438611093928,1.7745559783529834,1.8220752149582078,1.5241604765291417,1.646662529059944,2.236573295278567,2.404924813559527,3.076051077177556,2.7845387336497502,3.41375806903629,0.900589625484435,1.3965649104842948,1.8274347021965223,1.1461450459877132
1.7655687494345969,3.5375387555482027,1.3315984389172426,4.041574144550442,2.626880186153752,3.011907739233859,1.9389441662617521,2.284718924058954,1.7171698290813504,1.646662529059944,2.236573295278567,1.0699201826570324,3.076051077177556,1.6803965688486042,1.645271842510644,3.236981028589468,3.46859946500895,1.8274347021965223,3.2284248271237703
1.7655687494345969,2.259279772385434,3.1282287124770676,1.847481255377471,2.048889809545994,2.2716985163106305,2.8704772310781084,2.43081693745919,2.1610913399514304,1.646662529059944,2.236573295278567,1.0699201826570324,3.076051077177556,1.6803965688486042,0.6918700499982149,1.6515725764824811,2.0601468334705735,1.8274347021965223,2.5343315667450845
3.228957994755305,2.792979615373713,1.3315984389172426,4.394408001052581,5.567092101941043,3.2794532414952666,5.738137842375519,2.08992157285864,3.8016708366452043,1.646662529059944,2.236573295278567,1.0699201826570324,0.986050802712511,0.5762544040474584,3.976907314354512,2.7363257279241036,4.470608168718231,1.8274347021965223,2.811968870896559
1.7655687494345969,2.2035679395678347,3.0245769659255393,2.0402056307777996,1.9232397276747424,1.8882166297359462,2.194659125230948,2.3334182618590327,2.8559250091393817,4.246245154232274,2.236573295278567,3.739929444462023,3.076051077177556,3.888680898450896,1.7638295783671118,3.0700959283676794,2.0087192344391367,1.8274347021965223,2.3955129146693475
0.3021795041138886,2.1351710939402233,3.4046333699478097,1.909746053583731,3.20487056276151,1.9595620970056549,3.418437857440671,3.0639083288602116,2.662915656587173,3.206412104163342,2.236573295278567,2.404924813559527,0.986050802712511,1.6803965688486042,3.0531449558062,1.8184576767042693,2.191204263260363,1.8274347021965223,2.6731502188208216
3.228957994755305,3.2966629079031358,2.8863746371901677,3.2647466621675787,3.0289604481417576,2.748821328676808,3.9663984838032333,2.9908593221600936,2.527809109800627,1.646662529059944,2.236573295278567,2.404924813559527,0.986050802712511,1.6803965688486042,1.9910652387586754,2.3191129773696333,3.2645480236906694,1.8274347021965223,2.811968870896559
1.7655687494345969,2.612462125385078,2.4372170688002117,2.7814532284713707,1.7724596294292403,1.696475686448604,1.6466984988683855,1.6759772015579721,1.6592670233156877,4.76616167926674,2.236573295278567,3.739929444462023,3.076051077177556,3.888680898450896,0.6424709933913533,1.6515725764824811,2.1447535286513237,2.908488906628257,2.811968870896559
3.228957994755305,2.954539284019913,2.8863746371901677,1.7614965340450168,1.8227196621777408,1.999693922344866,1.7014945615046417,1.8951242216583257,2.218994145717093,2.16657905409441,2.236573295278567,3.739929444462023,3.076051077177556,3.888680898450896,2.7172313708795413,2.9032108281458915,1.7582170585118164,1.8274347021965223,1.979056958442136
3.228957994755305,1.2469878709974271,2.6099699797194256,1.462032504576814,1.74732961305499,1.6875575030398902,1.6832292072925563,1.7246765393580508,1.601364217550025,2.16657905409441,2.236573295278567,2.404924813559527,0.986050802712511,1.6803965688486042,2.450476465202488,1.234359825928011,1.4032007297141575,1.8274347021965223,1.2849636980634502
1.7655687494345969,2.1198375619720764,3.059127548109382,1.9393959574914739,1.9734997604232432,2.088875756432002,1.7928213325650688,1.6759772015579721,1.775072634847013,3.206412104163342,2.236573295278567,2.404924813559527,3.076051077177556,2.7845387336497502,2.781450144468461,3.821078879365726,1.8560953921522927,1.8274347021965223,2.2566942625936104
3.228957994755305,2.0073451956239463,0.640586795240387,1.660686860758691,1.671939563932239,1.6385074942919655,1.6466984988683855,1.6759772015579721,1.620665152805246,1.646662529059944,2.236573295278567,2.404924813559527,3.076051077177556,2.7845387336497502,1.3883967481549637,2.485998077591421,1.4861484700874423,1.8274347021965223,1.4237823501391875
3.228957994755305,3.49660287171809,1.2970478567333998,2.8051731515975646,5.466572036444042,2.8915122632162253,2.8339465226539375,3.1369573355603295,2.064586663675326,1.646662529059944,2.236573295278567,1.0699201826570324,0.986050802712511,0.5762544040474584,1.2500793896557512,2.485998077591421,3.0886988140993052,4.800333764383792,2.6731502188208216
0.3021795041138886,2.5796111947745337,2.368115904432526,1.7229516589649512,1.7724596294292403,1.7321484200834583,2.322516604715546,2.9908593221600936,1.601364217550025,2.16657905409441,2.236573295278567,2.404924813559527,3.076051077177556,2.7845387336497502,2.193601370846808,3.7376363292548316,1.711766323902777,1.8274347021965223,1.979056958442136
1.7655687494345969,0.9857137793098862,2.9554758015578533,1.4857524277030083,1.74732961305499,1.6741802279268199,1.7197599157167271,1.7977255460581685,1.9873829226544424,2.6864955791288763,2.236573295278567,2.404924813559527,0.986050802712511,1.6803965688486042,1.5168342953328038,1.317802376038905,1.4529693739381284,1.8274347021965223,1.4237823501391875
0.3021795041138886,1.0958828832386003,2.229913575697155,1.4323826006690714,1.898109711300492,1.625130219178895,1.847617395201325,1.74902620825809,1.910179181633559,2.6864955791288763,2.236573295278567,2.404924813559527,3.076051077177556,2.7845387336497502,1.7440699557243673,1.6515725764824811,1.4164723681738831,1.8274347021965223,1.4237823501391875
3.228957994755305,1.9472656294578445,1.91895833604257,1.616212004897077,1.9232397276747424,1.9595620970056549,1.7745559783529834,2.1386209106587186,1.8522763758678964,2.16657905409441,2.236573295278567,2.404924813559527,0.986050802712511,1.6803965688486042,4.0065467483186294,2.3191129773696333,1.6603387248713404,1.8274347021965223,1.840238306366399
1.7655687494345969,1.9041458789534806,1.9535089182264127,2.1765951887534167,1.74732961305499,1.7767393371270264,1.7197599157167271,1.74902620825809,3.4542540020512287,2.16657905409441,2.236573295278567,2.404924813559527,0.986050802712511,1.6803965688486042,3.4433975030004067,1.0674747257062231,2.0004244604018084,1.8274347021965223,2.2566942625936104
1.7655687494345969,3.8305486118849683,0.9515420348949719,5.811673407842688,2.1494098750429953,3.38647144239983,1.6466984988683855,2.1386209106587186,1.4855586060186998,1.646662529059944,2.236573295278567,1.0699201826570324,3.076051077177556,1.6803965688486042,2.1985412765074943,1.234359825928011,4.5104230840974076,5.8813879688155275,3.2284248271237703
3.228957994755305,2.4314335176641713,2.575419397535583,2.016485707651605,2.124279858668745,2.7131485950419534,2.231189833655119,4.305741442762215,2.527809109800627,2.16657905409441,2.236573295278567,2.404924813559527,3.076051077177556,2.7845387336497502,2.5146952387914085,1.735015126593375,2.4251168911130265,1.8274347021965223,3.0896061750480333
0.3021795041138886,1.0665168462571801,4.02654384925698,1.4531375334044911,1.7724596294292403,1.6340484025876088,1.756290624140898,1.846424883858247,1.601364217550025,2.16657905409441,2.236573295278567,2.404924813559527,3.076051077177556,2.7845387336497502,1.1463413707813417,0.5668194250408589,1.3949059556768288,1.8274347021965223,1.4237823501391875
3.228957994755305,3.897969687296425,2.9900263837416965,2.662853612840399,2.827920317147755,5.714117312074078,2.7426197515935105,4.281391773862175,2.37340162775886,1.646662529059944,2.236573295278567,1.0699201826570324,0.986050802712511,0.5762544040474584,1.4427357104225114,2.7363257279241036,3.98121650051585,3.449016008844124,2.3955129146693475
3.228957994755305,2.1429772556694613,3.1282287124770676,1.5539472066908169,1.8478496785519913,1.7811984288313831,2.012005583110094,1.9681732283584434,1.6785679585709086,1.646662529059944,2.236573295278567,2.404924813559527,3.076051077177556,2.7845387336497502,1.615632408546527,1.4012449261497992,1.5491887527711388,1.8274347021965223,1.5626010022149246
3.228957994755305,0.826337977337938,2.264464157880998,1.470927475749137,1.74732961305499,1.6830984113355334,1.6832292072925563,1.7003268704580115,2.0259847931648842,3.206412104163342,2.236573295278567,3.739929444462023,3.076051077177556,3.888680898450896,1.3488775028694744,2.4025555274805273,1.4413566902858683,4.259806662167925,1.4237823501391875
1.7655687494345969,1.1815648012666682,1.7807560073071989,1.4798224469214598,1.671939563932239,1.6028347606571112,1.6466984988683855,1.6759772015579721,1.5048595412739207,2.16657905409441,2.236573295278567,3.739929444462023,3.076051077177556,3.888680898450896,1.0426033519069324,1.9853427769260572,1.361726859527515,1.8274347021965223,1.1461450459877132
0.3021795041138886,1.7572227635496032,3.646487445234709,1.4738924661399113,1.7724596294292403,1.6340484025876088,1.7014945615046417,1.7733758771581294,1.8329754406126755,2.16657905409441,2.236573295278567,3.739929444462023,0.986050802712511,2.7845387336497502,1.0327235405855602,2.8197682780349975,1.4164723681738831,1.8274347021965223,1.2849636980634502
3.228957994755305,0.9174098641790513,0.640586795240387,1.4472075526229427,2.0740198259202445,1.696475686448604,1.847617395201325,1.6759772015579721,2.1417904046962093,2.16657905409441,2.236573295278567,2.404924813559527,0.986050802712511,1.6803965688486042,0.9932042953000708,0.6502619751517529,1.4778536960501136,4.259806662167925,1.4237823501391875
1.7655687494345969,2.730948508775302,3.1627792946609103,2.787383209252919,1.671939563932239,1.696475686448604,1.756290624140898,1.7733758771581294,2.1417904046962093,2.16657905409441,2.236573295278567,2.404924813559527,0.986050802712511,1.6803965688486042,1.2895986349412405,2.1522278771478454,2.199499037297692,1.8274347021965223,2.811968870896559
3.228957994755305,0.9613195239060166,3.197329876844753,1.5183673220015255,1.74732961305499,1.7990347956488102,1.9937402288980084,2.1873202484587972,2.296197886737976,1.646662529059944,2.236573295278567,1.0699201826570324,3.076051077177556,1.6803965688486042,2.746870804843658,2.8197682780349975,1.5956394873801782,1.8274347021965223,1.5626010022149246
1.7655687494345969,3.715732983117422,0.7787891239757581,1.9601508902268938,2.3755800224112487,3.908185171809575,3.6741528164098667,4.670986476262804,2.3927025630140806,1.646662529059944,2.236573295278567,1.0699201826570324,3.076051077177556,1.6803965688486042,1.7490098613850535,3.987963979587514,2.9991152544961577,3.449016008844124,3.922518087502456
3.228957994755305,1.9390877457414997,2.368115904432526,1.6962667454479825,2.0991498422944947,2.02198938086665,1.9206788120496667,1.8220752149582078,1.775072634847013,4.246245154232274,2.236573295278567,3.739929444462023,3.076051077177556,3.888680898450896,3.8237702388732413,3.7376363292548316,1.7250379623625025,1.8274347021965223,1.979056958442136
1.7655687494345969,2.4696279518393727,2.6099699797194256,2.3426346506367763,3.8079909557435183,2.2003530490409218,3.509764628501098,2.77171230205974,3.7630689661347625,2.16657905409441,2.236573295278567,2.404924813559527,0.986050802712511,1.6803965688486042,2.983986276556594,1.5681300263715872,2.6457578805059643,1.8274347021965223,3.2284248271237703
3.228957994755305,3.6325601885023238,1.6771042607556703,3.080917257939573,4.913711676210534,4.982826272559563,2.1763937710188626,6.18066594806524,3.6279624193482163,1.646662529059944,2.236573295278567,1.0699201826570324,3.076051077177556,1.6803965688486042,2.8110895784325782,1.234359825928011,4.26655672739995,3.1787524577361905,3.0896061750480333
0.3021795041138886,0.6312303993553692,1.573452514204142,1.450172543013717,1.7724596294292403,1.6474256777006793,1.9206788120496667,1.8707745527582864,1.8136745053574548,2.16657905409441,2.236573295278567,1.0699201826570324,3.076051077177556,1.6803965688486042,2.218300899150239,2.2356704272587393,1.43306191624854,1.8274347021965223,1.4237823501391875
3.228957994755305,3.9979164365797084,2.7481723084547967,5.853183273313529,2.626880186153752,2.8692168046944415,2.5599662094726563,3.0639083288602116,2.1224894694409886,1.646662529059944,2.236573295278567,2.404924813559527,3.076051077177556,2.7845387336497502,2.5789140123803285,3.1535384784785734,4.5734633667811035,6.692178622139329,3.2284248271237703
3.228957994755305,1.454780461790008,0.7787891239757581,1.5183673220015255,1.8729796949262416,1.6429665859963223,1.7928213325650688,1.8707745527582864,1.7171698290813504,1.646662529059944,2.236573295278567,2.404924813559527,3.076051077177556,2.7845387336497502,2.0355243897048507,1.5681300263715872,1.4562872835530598,1.8274347021965223,1.4237823501391875
3.228957994755305,3.71773098879812,3.231880459028596,2.1677002175810935,5.516832069192542,5.78100368763943,2.7060890431693396,4.938832834163236,2.218994145717093,1.126746004025478,2.236573295278567,1.0699201826570324,0.986050802712511,0.5762544040474584,2.4554163708631744,1.4012449261497992,3.9347657659068105,1.8274347021965223,3.2284248271237703
1.7655687494345969,3.2418339148049147,1.0551937814465004,2.808138141988339,2.3001899732884974,2.178057590519138,4.130786671712002,1.6759772015579721,2.199693210461872,2.16657905409441,2.236573295278567,2.404924813559527,3.076051077177556,2.7845387336497502,2.410957219916999,2.1522278771478454,2.6457578805059643,1.8274347021965223,3.922518087502456
0.3021795041138886,2.822113326113192,1.0897443636303432,1.8119013706881795,4.913711676210534,2.744362236972451,4.715278006498735,4.622287138462726,3.087536232202032,3.726328629197808,2.236573295278567,2.404924813559527,3.076051077177556,2.7845387336497502,1.4032164651370223,2.2356704272587393,2.8016996324077397,1.8274347021965223,3.506062131275245
1.7655687494345969,2.18707277638998,0.9515420348949719,1.9453259382730224,2.124279858668745,1.9506439135969413,2.158128416806777,1.8220752149582078,1.9487810521440008,2.6864955791288763,2.236573295278567,2.404924813559527,0.986050802712511,1.6803965688486042,1.7539497670457396,2.8197682780349975,1.876002849841881,1.8274347021965223,2.2566942625936104
1.7655687494345969,2.343103080477969,2.2990147400648406,1.9898007941346367,1.7221995966807397,1.718771144970388,1.7014945615046417,1.7246765393580508,2.257596016227535,2.16657905409441,2.236573295278567,2.404924813559527,3.076051077177556,2.7845387336497502,0.6968099556589011,3.9045214294766195,1.7665118325491451,1.8274347021965223,1.979056958442136
3.228957994755305,3.0125743792569284,3.4046333699478097,3.644265432186687,1.9232397276747424,2.307371249945485,2.8339465226539375,2.6499639575595433,2.296197886737976,3.206412104163342,2.236573295278567,2.404924813559527,0.986050802712511,1.6803965688486042,3.408818163375604,2.9032108281458915,3.0936756785217026,1.8274347021965223,2.6731502188208216
1.7655687494345969,1.2809539675692911,2.713621726270954,1.4472075526229427,1.671939563932239,1.5983756689527544,1.6832292072925563,1.6759772015579721,1.5048595412739207,1.646662529059944,2.236573295278567,3.739929444462023,3.076051077177556,3.888680898450896,2.0454042010262232,3.821078879365726,1.345137311452858,1.8274347021965223,1.007326393911976
3.228957994755305,2.1355892811757182,2.126261829145627,1.470927475749137,1.671939563932239,1.6028347606571112,1.6466984988683855,1.6759772015579721,1.5627623470395833,1.646662529059944,2.236573295278567,2.404924813559527,0.986050802712511,1.6803965688486042,2.3615581633101375,1.4846874762606932,1.361726859527515,1.8274347021965223,1.007326393911976
3.228957994755305,1.6945876087221436,1.2970478567333998,1.4649974949675884,1.671939563932239,1.607293852361468,1.6466984988683855,1.6759772015579721,1.5048595412739207,1.646662529059944,2.236573295278567,3.739929444462023,3.076051077177556,3.888680898450896,3.3989383520542313,2.2356704272587393,1.3550910402976521,1.8274347021965223,1.007326393911976
3.228957994755305,2.0100401800304692,1.5389019320202992,1.719986668574177,1.671939563932239,2.062121206205861,2.541700855260571,1.9194738905583648,3.531457743072112,3.726328629197808,2.236573295278567,2.404924813559527,3.076051077177556,2.7845387336497502,3.8237702388732413,1.9019002268151632,1.9390431325255775,1.8274347021965223,2.1178756105178733
1.7655687494345969,1.705878664080506,2.6445205619032683,1.524297302783074,1.671939563932239,1.6117529440658247,1.6466984988683855,1.6759772015579721,1.5048595412739207,2.16657905409441,2.236573295278567,3.739929444462023,3.076051077177556,3.888680898450896,1.3439375972087881,2.4025555274805273,1.389929091254432,1.8274347021965223,1.1461450459877132
0.3021795041138886,1.7128484513387545,2.091711246961784,1.5806321202077855,1.9734997604232432,1.8079529790575237,1.9572095204738376,2.260369255158915,1.9487810521440008,2.6864955791288763,2.236573295278567,2.404924813559527,0.986050802712511,1.6803965688486042,2.015764767062106,1.5681300263715872,1.6205238094921637,1.8274347021965223,1.7014196542906617
1.7655687494345969,2.912581164725257,1.573452514204142,2.0224156884331537,1.7975896458034906,1.78565752053574,1.6466984988683855,1.9194738905583648,1.8715773111231173,1.646662529059944,2.236573295278567,2.404924813559527,3.076051077177556,2.7845387336497502,2.228180710471611,2.2356704272587393,1.7897371998536649,1.8274347021965223,2.1178756105178733
1.7655687494345969,1.6369242354722346,2.575419397535583,1.5035423700476542,1.8227196621777408,1.7009347781529607,1.756290624140898,1.6759772015579721,1.4855586060186998,2.16657905409441,2.236573295278567,2.404924813559527,3.076051077177556,2.7845387336497502,1.9219065595090692,1.317802376038905,1.4297440066336087,1.8274347021965223,1.2849636980634502
1.7655687494345969,2.80027465937068,1.573452514204142,4.542657520591295,1.9734997604232432,2.2315666909714196,1.6466984988683855,1.6759772015579721,1.9487810521440008,2.6864955791288763,2.236573295278567,2.404924813559527,3.076051077177556,2.7845387336497502,3.1272435407164925,1.6515725764824811,3.367403221753542,5.34086086659966,3.0896061750480333
3.228957994755305,2.302678314380128,0.9860926170788147,1.776321485998888,1.671939563932239,1.6875575030398902,1.884148103625496,1.6759772015579721,2.064586663675326,2.6864955791288763,2.236573295278567,3.739929444462023,3.076051077177556,3.888680898450896,1.027783634924874,2.4025555274805273,1.6288185835294922,1.8274347021965223,1.7014196542906617
3.228957994755305,0.5357443139173652,2.2990147400648406,1.4561025237952654,1.7724596294292403,1.6652620445181063,1.8293520409892396,1.7246765393580508,1.620665152805246,3.206412104163342,2.236573295278567,3.739929444462023,3.076051077177556,3.888680898450896,2.1195027859365156,2.2356704272587393,1.4081775941365544,1.8274347021965223,1.4237823501391875
1.7655687494345969,2.1254133917786753,1.9880595004102555,1.5954570721616568,1.671939563932239,1.6385074942919655,1.6466984988683855,1.6759772015579721,1.6399660880604667,2.16657905409441,2.236573295278567,3.739929444462023,3.076051077177556,3.888680898450896,2.000945050080048,2.5694406277023156,1.4513104191306625,1.8274347021965223,1.4237823501391875
1.7655687494345969,2.4567570780358072,3.5773862808670236,1.859341216940568,1.9986297767974934,1.7945757039444534,1.9572095204738376,1.7246765393580508,1.5627623470395833,4.246245154232274,2.236573295278567,3.739929444462023,3.076051077177556,3.888680898450896,2.341798540667393,3.4038661288112557,1.7034715498654487,1.8274347021965223,1.979056958442136
1.7655687494345969,2.0201696041791237,2.851824055006325,2.0313106596054764,1.671939563932239,1.6340484025876088,1.6466984988683855,1.6759772015579721,1.5241604765291417,3.726328629197808,2.236573295278567,3.739929444462023,3.076051077177556,3.888680898450896,3.5323158048927574,1.9019002268151632,1.6835640921758601,2.908488906628257,1.979056958442136
3.228957994755305,1.8102396119606796,3.0245769659255393,2.2299650157873536,1.74732961305499,1.7098529615616742,2.3590473131397167,1.8220752149582078,3.3963511962855657,4.76616167926674,2.236573295278567,2.404924813559527,3.076051077177556,2.7845387336497502,2.900007880324929,3.821078879365726,2.063464743085505,1.8274347021965223,2.3955129146693475
0.3021795041138886,2.1416297634662,2.5063182331678973,1.4561025237952654,1.671939563932239,1.6608029528137496,1.756290624140898,1.8220752149582078,1.6785679585709086,1.646662529059944,2.236573295278567,3.739929444462023,3.076051077177556,3.888680898450896,1.8329882576167182,2.485998077591421,1.404859684521623,1.8274347021965223,1.1461450459877132
1.7655687494345969,1.19508618854767,2.6099699797194256,1.5391222547369456,1.9734997604232432,1.692016594744247,1.7928213325650688,1.9438235594584041,2.489207239290185,1.646662529059944,2.236573295278567,1.0699201826570324,3.076051077177556,1.6803965688486042,2.7616905218257166,3.821078879365726,1.56411934603833,1.8274347021965223,1.4237823501391875
3.228957994755305,1.7528085649527123,2.851824055006325,1.565807168253914,1.671939563932239,1.6206711274745382,1.6466984988683855,1.6759772015579721,1.5241604765291417,2.16657905409441,2.236573295278567,2.404924813559527,3.076051077177556,2.7845387336497502,1.0179038236035016,1.1509172758171171,1.4181313229813486,1.8274347021965223,1.2849636980634502
0.3021795041138886,1.1672070395146763,0.9860926170788147,1.5213323123922997,1.6970695803064892,1.6474256777006793,1.7745559783529834,1.7246765393580508,1.6592670233156877,3.206412104163342,2.236573295278567,3.739929444462023,3.076051077177556,3.888680898450896,0.9438052386932092,2.1522278771478454,1.4314029614410742,1.8274347021965223,1.5626010022149246
3.228957994755305,3.6275419416763848,2.8863746371901677,4.572307424499038,2.1996699077914963,3.9527760888531427,2.231189833655119,1.6759772015579721,5.808968103188175,1.646662529059944,2.236573295278567,1.0699201826570324,0.986050802712511,0.5762544040474584,3.7694312766056934,3.4873086789221497,4.4241574341091905,5.8813879688155275,3.506062131275245
1.7655687494345969,2.7908886791962386,3.197329876844753,2.212175073442708,2.853050333522005,2.4277667259631186,2.633027626320998,2.8204116398598185,1.6978688938261293,2.16657905409441,2.236573295278567,2.404924813559527,3.076051077177556,2.7845387336497502,2.01082486140142,2.9866533782567855,2.3405101959322763,1.8274347021965223,3.0896061750480333
3.228957994755305,2.422372794228448,0.7787891239757581,2.6124487761972364,1.7724596294292403,1.7232302366747447,1.756290624140898,1.7733758771581294,2.064586663675326,2.6864955791288763,2.236573295278567,2.404924813559527,3.076051077177556,2.7845387336497502,0.8005479745333104,3.4873086789221497,2.11157443250201,2.908488906628257,2.6731502188208216
3.228957994755305,1.045049901501775,3.8883415205216085,1.4531375334044911,1.898109711300492,1.6295893108832518,1.6832292072925563,1.7977255460581685,1.910179181633559,1.646662529059944,2.236573295278567,1.0699201826570324,3.076051077177556,1.6803965688486042,2.134322502918574,3.1535384784785734,1.4181313229813486,1.8274347021965223,1.2849636980634502
1.7655687494345969,1.763542037330415,2.0571606647779412,1.4857524277030083,1.671939563932239,1.7455256951965286,1.756290624140898,1.7733758771581294,1.8136745053574548,2.16657905409441,12.555767160837407,2.404924813559527,0.986050802712511,1.6803965688486042,3.6755730690526565,1.0674747257062231,1.4612641479754567,3.449016008844124,1.2849636980634502
1.7655687494345969,4.201991807501223,1.5043513498364565,3.851814759540887,6.270732560420052,5.143353573916407,3.5828260453494396,5.644973232264376,1.8715773111231173,1.126746004025478,2.236573295278567,1.0699201826570324,3.076051077177556,1.6803965688486042,3.3742388237508005,1.8184576767042693,4.7874685369441785,5.070597315491726,3.506062131275245
1.7655687494345969,3.166699608160996,3.8883415205216085,2.295194804384388,4.863451643462033,4.420980717810607,4.05772525486366,4.768385151862962,4.670212923130143,1.646662529059944,2.236573295278567,1.0699201826570324,0.986050802712511,0.5762544040474584,1.7292502387423088,2.6528831778132096,3.7788240140050355,1.8274347021965223,3.2284248271237703
3.228957994755305,1.4612391313159847,0.9515420348949719,1.4649974949675884,1.8227196621777408,1.5983756689527544,1.847617395201325,1.7246765393580508,1.7943735701022336,1.646662529059944,2.236573295278567,2.404924813559527,3.076051077177556,2.7845387336497502,1.3291178802267298,1.6515725764824811,1.4081775941365544,1.8274347021965223,1.1461450459877132
1.7655687494345969,2.7062754618811025,2.264464157880998,1.814866361078954,2.425840055159749,2.3385848918759824,2.012005583110094,2.503865944159308,1.4855586060186998,1.646662529059944,2.236573295278567,1.0699201826570324,3.076051077177556,1.6803965688486042,2.0256445783834787,2.0687853270369514,1.9606095450226315,1.8274347021965223,2.5343315667450845
1.7655687494345969,0.730851891899934,1.0551937814465004,1.4472075526229427,1.7724596294292403,1.6608029528137496,1.7014945615046417,1.9194738905583648,2.064586663675326,2.6864955791288763,2.236573295278567,2.404924813559527,3.076051077177556,2.7845387336497502,1.986125333097989,1.8184576767042693,1.4413566902858683,3.449016008844124,1.4237823501391875
3.228957994755305,1.0305992092530063,3.4046333699478097,1.4768574565306856,1.9734997604232432,1.669721136222463,1.7745559783529834,1.7003268704580115,1.736470764336571,1.646662529059944,2.236573295278567,2.404924813559527,0.986050802712511,1.6803965688486042,3.6064143898030503,2.3191129773696333,1.438038780670937,1.8274347021965223,1.2849636980634502
1.7655687494345969,1.879008179575398,1.3315984389172426,1.4857524277030083,1.671939563932239,1.6295893108832518,1.6466984988683855,1.6759772015579721,1.5241604765291417,2.16657905409441,2.236573295278567,3.739929444462023,3.076051077177556,3.888680898450896,1.8379281632774043,2.3191129773696333,1.3766574527947064,1.8274347021965223,1.1461450459877132
0.3021795041138886,1.138119794023586,1.9880595004102555,1.4412775718413942,1.8478496785519913,1.6563438611093928,1.884148103625496,1.8951242216583257,1.775072634847013,2.6864955791288763,2.236573295278567,2.404924813559527,3.076051077177556,2.7845387336497502,2.5146952387914085,1.5681300263715872,1.4314029614410742,1.8274347021965223,1.4237823501391875
3.228957994755305,1.364173227432778,2.6099699797194256,1.5213323123922997,1.74732961305499,1.7276893283791015,1.6832292072925563,1.8707745527582864,1.5627623470395833,2.6864955791288763,2.236573295278567,2.404924813559527,3.076051077177556,2.7845387336497502,3.9522077860510816,1.317802376038905,1.4579462383605253,1.8274347021965223,1.5626010022149246
3.228957994755305,1.3173362570573481,1.573452514204142,1.5361572643461712,1.671939563932239,1.5983756689527544,1.6466984988683855,1.6759772015579721,1.5627623470395833,1.646662529059944,2.236573295278567,2.404924813559527,0.986050802712511,1.6803965688486042,3.023505521842083,2.9866533782567855,1.3965649104842948,1.8274347021965223,1.1461450459877132
3.228957994755305,2.83795797581361,3.508285116499338,2.9890025558255706,2.3755800224112487,2.1914348656322082,1.8293520409892396,2.1873202484587972,3.3963511962855657,2.6864955791288763,2.236573295278567,2.404924813559527,3.076051077177556,2.7845387336497502,3.883049106801475,3.0700959283676794,2.685572795885141,1.8274347021965223,3.367243479199508
3.228957994755305,3.307210519287285,3.370082787763967,2.6154137665880106,2.47610008790825,3.9037260801052183,2.94353864792645,3.5022023690609183,2.527809109800627,1.646662529059944,2.236573295278567,1.0699201826570324,0.986050802712511,0.5762544040474584,1.9960051444193616,3.4873086789221497,3.2363457919637524,1.8274347021965223,2.811968870896559
1.7655687494345969,2.775694542973257,3.0245769659255393,2.6450636704957535,2.0740198259202445,2.0977939398407157,1.6466984988683855,1.7977255460581685,2.4313044335245224,2.6864955791288763,2.236573295278567,3.739929444462023,3.076051077177556,3.888680898450896,3.389058540732859,4.071406529698407,2.3123079642053592,1.8274347021965223,2.950787522972296
1.7655687494345969,2.225127814820017,3.3009816233962814,1.6666168415402396,1.74732961305499,1.7053938698573174,1.7197599157167271,1.7246765393580508,1.755771699591792,3.206412104163342,2.236573295278567,3.739929444462023,3.076051077177556,3.888680898450896,3.1519430690199233,2.5694406277023156,1.5408939787338103,1.8274347021965223,1.5626010022149246
1.7655687494345969,0.936646477011817,1.1588455279980288,1.690336764666434,1.9232397276747424,1.7945757039444534,1.6832292072925563,1.74902620825809,2.7208184623528355,3.206412104163342,2.236573295278567,2.404924813559527,0.986050802712511,1.6803965688486042,3.2902604275191356,0.900589625484435,1.6802461825609287,3.449016008844124,1.7014196542906617
3.228957994755305,1.891089144156362,4.061094431440822,1.5924920817708825,1.671939563932239,1.6162120357701815,1.6832292072925563,1.6759772015579721,1.5627623470395833,2.16657905409441,2.236573295278567,2.404924813559527,0.986050802712511,1.6803965688486042,1.2698390122984957,1.9853427769260572,1.438038780670937,1.8274347021965223,1.2849636980634502
3.228957994755305,1.13468136564285,2.7481723084547967,1.4442425622321684,1.6970695803064892,1.6474256777006793,1.7014945615046417,1.7977255460581685,1.5048595412739207,1.646662529059944,2.236573295278567,5.074934075364517,0.986050802712511,3.888680898450896,2.9345872199497323,3.4038661288112557,1.373339543179775,1.8274347021965223,1.1461450459877132
0.3021795041138886,1.3507912358969407,1.435250185468771,1.4531375334044911,1.7724596294292403,1.6117529440658247,1.9206788120496667,1.7246765393580508,1.6978688938261293,2.16657905409441,2.236573295278567,2.404924813559527,3.076051077177556,2.7845387336497502,3.6064143898030503,1.8184576767042693,1.4015417749066916,1.8274347021965223,1.1461450459877132
3.228957994755305,3.6911064014716106,3.542835698683181,2.6450636704957535,1.671939563932239,4.229239774523264,4.331705568044942,2.2116699173588366,1.910179181633559,1.646662529059944,2.236573295278567,1.0699201826570324,3.076051077177556,1.6803965688486042,0.849947031140172,2.6528831778132096,3.3060218938773116,2.097698253304456,2.950787522972296
1.7655687494345969,1.168461601221161,3.197329876844753,1.7288816397464997,1.9986297767974934,1.9283484550751573,2.012005583110094,2.1142712417586793,2.257596016227535,2.16657905409441,2.236573295278567,1.0699201826570324,0.986050802712511,0.5762544040474584,2.13926240857926,2.3191129773696333,1.771488696971542,1.8274347021965223,1.979056958442136
1.7655687494345969,2.0108300892530706,3.7501391917862374,1.909746053583731,2.3001899732884974,1.825789345874951,1.9389441662617521,1.6759772015579721,1.6785679585709086,1.646662529059944,2.236573295278567,1.0699201826570324,0.986050802712511,0.5762544040474584,2.2973393897212175,4.405176730141983,1.7681707873566106,1.8274347021965223,2.1178756105178733
0.3021795041138886,0.8014326042017967,2.0571606647779412,1.4353475910598457,1.8729796949262416,1.5939165772483976,1.7197599157167271,1.846424883858247,1.775072634847013,1.646662529059944,2.236573295278567,2.404924813559527,3.076051077177556,2.7845387336497502,3.379178729411487,1.9853427769260572,1.388270136446966,1.8274347021965223,1.1461450459877132
3.228957994755305,0.9685216374062067,1.6080030963879848,1.5035423700476542,1.671939563932239,1.625130219178895,1.6832292072925563,1.6759772015579721,1.5241604765291417,2.16657905409441,2.236573295278567,5.074934075364517,3.076051077177556,4.992823063252041,1.793469012331229,2.485998077591421,1.388270136446966,1.8274347021965223,1.2849636980634502
1.7655687494345969,2.1610987025409076,3.1627792946609103,2.5827988722894935,3.9587710539890204,2.6953122282245263,2.815681168441852,2.869110977659897,2.2768969514827555,2.6864955791288763,2.236573295278567,1.0699201826570324,0.986050802712511,0.5762544040474584,3.5372557105534437,2.3191129773696333,2.79008694875548,3.449016008844124,3.644880783350982
3.228957994755305,2.049442710663767,3.681038027418552,2.0668905442947683,1.9986297767974934,1.9773984638230822,1.9572095204738376,2.08992157285864,1.9487810521440008,3.726328629197808,2.236573295278567,3.739929444462023,3.076051077177556,3.888680898450896,2.257820144435728,1.9019002268151632,1.9456789517554403,1.8274347021965223,2.3955129146693475
1.7655687494345969,1.582652825354673,3.8883415205216085,1.5094723508292027,1.671939563932239,1.6117529440658247,1.6466984988683855,1.6759772015579721,1.5434614117843624,2.16657905409441,2.236573295278567,5.074934075364517,0.986050802712511,3.888680898450896,2.657952502951307,2.6528831778132096,1.3849522268320347,1.8274347021965223,1.1461450459877132
1.7655687494345969,7.465432062806707,1.711654842939513,1.6814417934941113,1.6970695803064892,1.6608029528137496,1.6832292072925563,1.7003268704580115,1.5241604765291417,1.126746004025478,2.236573295278567,3.739929444462023,3.076051077177556,3.888680898450896,2.519635144452095,1.735015126593375,1.5043969729695648,1.8274347021965223,0.7296890897605017
3.228957994755305,2.436265903496557,1.711654842939513,1.4442425622321684,1.8227196621777408,1.6340484025876088,1.756290624140898,1.7977255460581685,1.6785679585709086,1.646662529059944,2.236573295278567,3.739929444462023,0.986050802712511,2.7845387336497502,2.900007880324929,1.5681300263715872,1.3965649104842948,1.8274347021965223,1.1461450459877132
1.7655687494345969,1.3378274315965988,0.8478902883434436,1.9601508902268938,1.8729796949262416,1.9595620970056549,1.9937402288980084,1.9438235594584041,1.9873829226544424,3.726328629197808,2.236573295278567,2.404924813559527,3.076051077177556,2.7845387336497502,3.9522077860510816,3.0700959283676794,1.8677080758045526,1.8274347021965223,2.2566942625936104
1.7655687494345969,2.449926686522724,1.435250185468771,2.473094227830845,1.671939563932239,1.7098529615616742,1.8293520409892396,1.6759772015579721,1.775072634847013,2.6864955791288763,2.236573295278567,2.404924813559527,3.076051077177556,2.7845387336497502,2.3319187293460204,2.9866533782567855,1.9971065507868768,1.8274347021965223,2.5343315667450845
3.228957994755305,1.3894038573076375,3.819240356153923,1.4798224469214598,1.8729796949262416,1.6429665859963223,1.847617395201325,2.0412222350585614,2.103188534185768,1.646662529059944,2.236573295278567,1.0699201826570324,0.986050802712511,0.5762544040474584,2.317099012363962,2.1522278771478454,1.4844895152799764,1.8274347021965223,1.2849636980634502
3.228957994755305,3.278959648267185,2.4372170688002117,3.2825366045122246,2.551490137031001,2.3430439835803396,2.7060890431693396,2.08992157285864,2.1610913399514304,1.646662529059944,2.236573295278567,1.0699201826570324,0.986050802712511,0.5762544040474584,1.1364615594599694,3.987963979587514,2.884647372781025,4.259806662167925,2.3955129146693475
0.3021795041138886,1.6376676794464475,2.368115904432526,1.4590675141860399,1.8227196621777408,1.6385074942919655,1.6466984988683855,1.7733758771581294,1.5241604765291417,1.646662529059944,2.236573295278567,2.404924813559527,0.986050802712511,1.6803965688486042,1.492134767029373,1.5681300263715872,1.3816343172171033,1.8274347021965223,1.1461450459877132
0.3021795041138886,3.2946184369740497,2.5063182331678973,2.5857638626802677,2.2247999241657466,3.029744106051286,3.5462953369252688,2.528215613059347,3.550758678327333,1.646662529059944,2.236573295278567,1.0699201826570324,3.076051077177556,1.6803965688486042,2.519635144452095,3.4873086789221497,2.9543234746945837,2.097698253304456,3.367243479199508
3.228957994755305,0.5526576643307148,3.8537909383377658,1.4590675141860399,1.7221995966807397,1.6563438611093928,1.6832292072925563,1.7003268704580115,1.601364217550025,2.16657905409441,2.236573295278567,2.404924813559527,3.076051077177556,2.7845387336497502,3.1815825029840403,1.735015126593375,1.3866111816395006,1.8274347021965223,1.2849636980634502
3.228957994755305,3.831803173591453,2.575419397535583,2.0668905442947683,3.255130595510011,3.8502169796529366,5.865995321860117,2.43081693745919,5.152736304510665,1.646662529059944,2.236573295278567,2.404924813559527,0.986050802712511,1.6803965688486042,2.519635144452095,1.8184576767042693,3.379015905405802,1.8274347021965223,3.2284248271237703
3.228957994755305,3.21730026365588,1.6080030963879848,4.397372991443355,2.0991498422944947,4.140057940436129,3.345376440592329,4.719685814062883,1.8136745053574548,4.76616167926674,2.236573295278567,2.404924813559527,3.076051077177556,2.7845387336497502,3.7793110879270655,3.0700959283676794,4.354481332195632,3.449016008844124,4.338974043729667
1.7655687494345969,1.5220621414562998,3.8883415205216085,1.4857524277030083,2.124279858668745,1.736607511787815,2.0850669999584355,1.7003268704580115,1.6399660880604667,2.6864955791288763,2.236573295278567,3.739929444462023,0.986050802712511,2.7845387336497502,3.8534096728373584,1.6515725764824811,1.497761153739702,1.8274347021965223,1.4237823501391875
3.228957994755305,1.2563738511718683,3.2664310412124387,1.5509822163000426,1.7975896458034906,2.1646803154060676,1.8293520409892396,1.74902620825809,1.5434614117843624,2.6864955791288763,2.236573295278567,2.404924813559527,0.986050802712511,1.6803965688486042,3.3445993897866835,1.6515725764824811,1.6437491767966834,1.8274347021965223,1.840238306366399
1.7655687494345969,3.129620339947114,2.126261829145627,4.931071261782726,4.360851315977026,2.4768167347110435,2.3590473131397167,2.4064672685591506,2.064586663675326,2.16657905409441,2.236573295278567,2.404924813559527,3.076051077177556,2.7845387336497502,1.6847910877961334,2.2356704272587393,3.9579911332113307,1.8274347021965223,3.783699435426719
1.7655687494345969,2.9625313067427044,2.229913575697155,3.2173068159151903,2.8027903007735047,2.5124894683458976,2.3042512505034605,2.1142712417586793,2.527809109800627,1.646662529059944,2.236573295278567,1.0699201826570324,3.076051077177556,1.6803965688486042,0.6671705216947841,3.236981028589468,2.9244622881602016,1.8274347021965223,2.3955129146693475
0.3021795041138886,2.822113326113192,1.0897443636303432,1.8119013706881795,4.913711676210534,2.744362236972451,4.715278006498735,4.622287138462726,3.087536232202032,3.726328629197808,2.236573295278567,2.404924813559527,3.076051077177556,2.7845387336497502,1.4032164651370223,2.2356704272587393,2.8016996324077397,1.8274347021965223,3.506062131275245
0.3021795041138886,1.4166324928631946,1.573452514204142,1.4590675141860399,2.275059956914247,1.6563438611093928,1.884148103625496,1.7003268704580115,2.064586663675326,1.646662529059944,2.236573295278567,1.0699201826570324,0.986050802712511,0.5762544040474584,1.2500793896557512,3.0700959283676794,1.481171605665045,4.259806662167925,1.4237823501391875
3.228957994755305,3.818839369291111,1.0551937814465004,2.9534226711362788,2.2247999241657466,4.853512613133216,2.413843375775973,6.497211643765752,3.0103324911811487,1.646662529059944,2.236573295278567,1.0699201826570324,0.986050802712511,0.5762544040474584,2.746870804843658,1.9853427769260572,3.959650088018796,3.449016008844124,3.367243479199508
3.228957994755305,2.0617560014866725,0.7442385417919153,1.470927475749137,1.671939563932239,1.5939165772483976,1.6466984988683855,1.6759772015579721,1.5048595412739207,1.646662529059944,2.236573295278567,5.074934075364517,0.986050802712511,3.888680898450896,1.1364615594599694,2.9032108281458915,1.3534320854901865,1.8274347021965223,1.007326393911976
3.228957994755305,3.849367037482239,3.1282287124770676,2.576868891507945,2.174539891417246,4.768789870750437,2.3407819589276313,2.9908593221600936,4.631611052619702,1.646662529059944,2.236573295278567,1.0699201826570324,0.986050802712511,0.5762544040474584,2.5146952387914085,3.7376363292548316,3.607951668836068,1.8274347021965223,4.894248652032616
3.228957994755305,2.530079239992581,0.8478902883434436,1.7881814475619855,4.260331250480025,1.8971348131446597,1.7928213325650688,2.7473626331597005,2.4120034982693017,1.646662529059944,2.236573295278567,2.404924813559527,3.076051077177556,2.7845387336497502,3.240861370912274,2.9032108281458915,1.9788580479047542,1.8274347021965223,2.3955129146693475
1.7655687494345969,2.8525015985591553,2.4717676509840545,4.290633337375481,3.405910693755513,2.833544071059587,2.633027626320998,2.6743136264595826,2.81732313862894,3.726328629197808,2.236573295278567,2.404924813559527,0.986050802712511,1.6803965688486042,3.7447317483022626,3.9045214294766195,3.7771650591975696,3.449016008844124,3.506062131275245
3.228957994755305,3.343685739272119,2.6445205619032683,3.5256658165557155,2.1996699077914963,2.70423041163324,3.199253606895646,2.723012964259661,2.894526879649823,2.16657905409441,2.236573295278567,2.404924813559527,3.076051077177556,2.7845387336497502,1.7490098613850535,2.1522278771478454,3.282796526572792,2.6382253555203232,2.811968870896559
3.228957994755305,2.8646290283885074,3.335532205580124,3.122427123410413,2.928440382644756,2.222648507562706,2.249455187867204,2.8934606465599364,4.554407311598818,3.206412104163342,2.236573295278567,2.404924813559527,3.076051077177556,2.7845387336497502,3.7101524086774598,3.0700959283676794,2.994138390073761,1.8274347021965223,3.644880783350982
1.7655687494345969,3.457479132575122,2.6099699797194256,3.166901979272027,3.3305206446327618,4.501244368489029,1.9572095204738376,1.6759772015579721,1.9873829226544424,1.646662529059944,2.236573295278567,1.0699201826570324,3.076051077177556,1.6803965688486042,0.8203075971760552,4.071406529698407,3.5631598890344947,1.8274347021965223,3.367243479199508
1.7655687494345969,2.840374168729803,1.91895833604257,4.581202395671361,3.90851102124052,2.044284839388434,1.9389441662617521,1.9681732283584434,1.9680819873992217,3.206412104163342,2.236573295278567,2.404924813559527,0.986050802712511,1.6803965688486042,3.28532052185845,3.1535384784785734,3.495142741928401,1.8274347021965223,3.2284248271237703
3.228957994755305,2.0526488128025613,1.3315984389172426,2.3337396794644536,1.74732961305499,1.7098529615616742,1.7197599157167271,1.74902620825809,4.264893282770505,2.16657905409441,2.236573295278567,2.404924813559527,0.986050802712511,1.6803965688486042,2.653012597290621,2.7363257279241036,2.133140844999064,2.6382253555203232,2.3955129146693475
1.7655687494345969,3.5268052831705,3.1627792946609103,4.987406079207438,4.310591283228526,4.969448997446492,1.6466984988683855,2.698663295359622,4.322796088536167,1.646662529059944,2.236573295278567,1.0699201826570324,3.076051077177556,1.6803965688486042,2.9395271256104185,4.154849079809302,5.062855034983484,5.8813879688155275,2.2566942625936104
1.7655687494345969,2.078529956154857,2.575419397535583,1.9127110439745052,1.7221995966807397,1.7678211537183126,1.7928213325650688,1.9438235594584041,1.6978688938261293,4.76616167926674,2.236573295278567,3.739929444462023,3.076051077177556,3.888680898450896,2.1442023142399464,2.1522278771478454,1.7167431883251743,1.8274347021965223,1.979056958442136
3.228957994755305,4.820351333053027,1.8844077538587272,4.42109291456955,6.220472527671552,2.0532030227971476,5.3363000497096404,2.1873202484587972,5.48085220384942,1.126746004025478,2.236573295278567,1.0699201826570324,3.076051077177556,1.6803965688486042,3.176642597323354,2.2356704272587393,4.186926896641596,5.070597315491726,4.755429999956879
1.7655687494345969,2.488306981691479,0.9515420348949719,1.8000414091250825,1.8227196621777408,1.914971179962087,1.7928213325650688,1.7733758771581294,1.8522763758678964,1.646662529059944,2.236573295278567,2.404924813559527,0.986050802712511,1.6803965688486042,1.5662333519396654,2.2356704272587393,1.7167431883251743,1.8274347021965223,1.979056958442136
1.7655687494345969,3.5768948209331124,2.091711246961784,3.567175682026556,1.671939563932239,2.2672394246062737,3.82027565010655,2.8934606465599364,2.4506053687797436,2.6864955791288763,2.236573295278567,2.404924813559527,3.076051077177556,2.7845387336497502,0.7709085405691936,1.6515725764824811,3.138467458323276,1.8274347021965223,4.061336739578193
3.228957994755305,3.02748972398958,1.6080030963879848,2.3633895833721965,1.7724596294292403,1.8659211712141621,2.3955780215638875,2.43081693745919,4.303495153280947,2.16657905409441,2.236573295278567,2.404924813559527,3.076051077177556,2.7845387336497502,2.000945050080048,3.236981028589468,2.320602738242688,1.8274347021965223,2.6731502188208216
1.7655687494345969,4.5093129603415925,1.435250185468771,4.394408001052581,2.1494098750429953,4.7598716873417235,3.9298677753790625,4.47618912506249,2.218994145717093,1.126746004025478,2.236573295278567,1.0699201826570324,0.986050802712511,0.5762544040474584,1.2401995783343789,3.0700959283676794,4.658070061961855,2.908488906628257,3.2284248271237703
3.228957994755305,1.2718932441335682,1.9535089182264127,1.4768574565306856,1.671939563932239,1.6652620445181063,1.756290624140898,1.74902620825809,1.601364217550025,2.16657905409441,2.236573295278567,2.404924813559527,3.076051077177556,2.7845387336497502,3.90280872944422,0.984032175595329,1.406518639329089,1.8274347021965223,1.1461450459877132
3.228957994755305,3.0534637978386527,2.817273472822482,3.6739153360944297,3.682340873872267,2.5570803853894657,2.1763937710188626,3.623950713561115,1.6978688938261293,3.726328629197808,2.236573295278567,2.404924813559527,3.076051077177556,2.7845387336497502,3.976907314354512,1.9019002268151632,3.274501752535463,1.8274347021965223,4.338974043729667
1.7655687494345969,2.271500132711563,3.093678130293225,1.5183673220015255,1.7221995966807397,1.7009347781529607,1.6466984988683855,1.7003268704580115,1.6592670233156877,1.646662529059944,2.236573295278567,2.404924813559527,3.076051077177556,2.7845387336497502,0.96850476699664,3.9045214294766195,1.438038780670937,1.8274347021965223,1.4237823501391875
3.228957994755305,2.2164388133714,0.9515420348949719,2.0787505058578652,1.74732961305499,2.0353666559797206,2.1215977083826063,1.6759772015579721,1.8136745053574548,2.16657905409441,2.236573295278567,2.404924813559527,0.986050802712511,1.6803965688486042,4.021366465300687,3.4873086789221497,1.9324073132957147,1.8274347021965223,2.3955129146693475
3.228957994755305,7.071732013212447,3.4391839521316525,1.4323826006690714,1.6970695803064892,1.5939165772483976,1.664963853080471,1.7003268704580115,1.5048595412739207,1.126746004025478,2.236573295278567,1.0699201826570324,0.986050802712511,0.5762544040474584,1.2895986349412405,1.8184576767042693,1.3368425374155295,1.8274347021965223,0.5908704376847644
3.228957994755305,2.7669126110278643,3.646487445234709,1.7585315436542426,1.74732961305499,1.7143120532660312,1.6832292072925563,1.8220752149582078,1.775072634847013,2.16657905409441,2.236573295278567,2.404924813559527,3.076051077177556,2.7845387336497502,1.45755542740457,3.6541937791439376,1.6006163518025753,1.8274347021965223,1.7014196542906617
0.3021795041138886,1.15047955009488,3.819240356153923,1.5628421778631396,2.853050333522005,1.821330254170594,2.0302709373221792,2.162970579558758,1.9680819873992217,2.16657905409441,2.236573295278567,1.0699201826570324,3.076051077177556,1.6803965688486042,3.7743711822663797,3.236981028589468,1.6752693181385316,1.8274347021965223,1.840238306366399
1.7655687494345969,3.3143197022906987,1.8844077538587272,2.6450636704957535,4.4865013978482775,3.4622760013738954,1.6466984988683855,3.6726500513611935,2.8559250091393817,1.646662529059944,2.236573295278567,2.404924813559527,3.076051077177556,2.7845387336497502,2.079983540651026,4.154849079809302,3.1434443227456734,1.8274347021965223,4.061336739578193
1.7655687494345969,2.091122038468093,3.6119368630508664,1.7259166493557254,1.6970695803064892,1.7633620620139558,1.756290624140898,1.7003268704580115,2.952429685415486,3.206412104163342,2.236573295278567,5.074934075364517,0.986050802712511,3.888680898450896,1.828048351956032,2.5694406277023156,1.696835730635586,2.6382253555203232,1.7014196542906617
3.228957994755305,2.5334247378765404,3.508285116499338,2.9385977191824075,1.671939563932239,1.8792984463272324,1.7745559783529834,1.9438235594584041,1.5820632822948042,3.206412104163342,2.236573295278567,2.404924813559527,3.076051077177556,2.7845387336497502,3.3989383520542313,2.8197682780349975,2.3172848286277565,1.8274347021965223,3.0896061750480333
3.228957994755305,0.8482695745772264,3.197329876844753,1.43831258145062,1.8227196621777408,1.6117529440658247,1.6466984988683855,1.7246765393580508,1.601364217550025,1.646662529059944,2.236573295278567,2.404924813559527,3.076051077177556,2.7845387336497502,1.7094906160995642,0.984032175595329,1.3633858143349806,1.8274347021965223,1.007326393911976
3.228957994755305,2.6299330587790877,3.646487445234709,2.7488383341728535,3.0038304317675073,2.5392440185720386,3.5462953369252688,4.0622447537618225,4.399999829557052,1.646662529059944,2.236573295278567,2.404924813559527,0.986050802712511,1.6803965688486042,1.5069544840114315,1.8184576767042693,3.0920167237142366,1.8274347021965223,3.783699435426719
0.3021795041138886,1.1260852946910103,1.6425536785718275,1.4353475910598457,1.7221995966807397,1.6385074942919655,2.3955780215638875,1.846424883858247,1.6978688938261293,1.646662529059944,2.236573295278567,1.0699201826570324,3.076051077177556,1.6803965688486042,3.848469767176672,1.4012449261497992,1.449651464323197,1.8274347021965223,1.2849636980634502
1.7655687494345969,0.600842126909406,3.681038027418552,1.4412775718413942,1.6970695803064892,1.6385074942919655,1.756290624140898,1.7246765393580508,1.5241604765291417,1.646662529059944,2.236573295278567,1.0699201826570324,3.076051077177556,1.6803965688486042,3.2754407105370773,3.4038661288112557,1.3700216335648436,1.8274347021965223,1.1461450459877132
3.228957994755305,0.7880506126659597,3.3009816233962814,1.4472075526229427,1.6970695803064892,1.6206711274745382,2.06680164574635,1.7733758771581294,1.8522763758678964,1.646662529059944,2.236573295278567,1.0699201826570324,3.076051077177556,1.6803965688486042,3.295200333179822,3.1535384784785734,1.4264260970186773,1.8274347021965223,1.1461450459877132
1.7655687494345969,2.0137109346531465,1.5043513498364565,1.470927475749137,1.671939563932239,1.6028347606571112,1.6466984988683855,1.6759772015579721,1.5434614117843624,1.646662529059944,2.236573295278567,2.404924813559527,3.076051077177556,2.7845387336497502,2.6085534463444455,1.9019002268151632,1.3600679047200492,1.8274347021965223,1.007326393911976
0.3021795041138886,0.8983126470914504,1.8153065894910416,1.4323826006690714,1.9232397276747424,1.6385074942919655,1.9937402288980084,1.74902620825809,1.775072634847013,2.16657905409441,2.236573295278567,2.404924813559527,0.986050802712511,1.6803965688486042,1.9564858991338723,0.817147075373541,1.4247671422112114,1.8274347021965223,1.2849636980634502
1.7655687494345969,1.2757963249981874,2.126261829145627,1.5065073604384285,1.671939563932239,1.6162120357701815,1.6466984988683855,1.6759772015579721,1.5241604765291417,1.646662529059944,2.236573295278567,2.404924813559527,3.076051077177556,2.7845387336497502,2.643132785969249,2.4025555274805273,1.3832932720245692,1.8274347021965223,1.1461450459877132
0.3021795041138886,2.4607995546455914,3.2664310412124387,1.7585315436542426,2.0740198259202445,1.754443878605242,1.7745559783529834,1.8951242216583257,1.8329754406126755,2.6864955791288763,2.236573295278567,3.739929444462023,3.076051077177556,3.888680898450896,1.7440699557243673,2.1522278771478454,1.6553618604489433,1.8274347021965223,1.840238306366399
1.7655687494345969,2.675190210709314,3.4391839521316525,2.6687835936219475,3.20487056276151,3.49794873500875,3.107926835835219,2.9178103154599757,1.6785679585709086,2.6864955791288763,2.236573295278567,2.404924813559527,3.076051077177556,2.7845387336497502,2.2430004274536697,2.7363257279241036,3.0654734467947855,1.8274347021965223,4.061336739578193
1.7655687494345969,2.6725416915511797,3.646487445234709,2.398969468061488,1.898109711300492,2.13346667347557,1.9937402288980084,2.016872566158522,3.087536232202032,3.726328629197808,2.236573295278567,3.739929444462023,0.986050802712511,2.7845387336497502,1.739130050063681,2.9032108281458915,2.2791288680560453,1.8274347021965223,2.811968870896559
3.228957994755305,3.02028761048939,1.7807560073071989,2.529429045255556,5.667612167438044,2.454521276189259,2.7060890431693396,4.257042104962136,4.206990477004842,3.206412104163342,2.236573295278567,2.404924813559527,0.986050802712511,1.6803965688486042,3.8237702388732413,2.2356704272587393,3.0339533054529375,1.8274347021965223,2.3955129146693475
3.228957994755305,3.513841478870158,1.9535089182264127,2.244789967741225,3.1546105300130094,2.066580297910218,2.907007939502279,4.1352937604619395,2.624313786076731,2.16657905409441,2.236573295278567,2.404924813559527,3.076051077177556,2.7845387336497502,1.551413634957607,1.4012449261497992,2.438388529572752,1.8274347021965223,3.0896061750480333
1.7655687494345969,2.3643376989914326,2.817273472822482,3.7687950285992073,1.671939563932239,2.222648507562706,1.8658827494134105,1.8951242216583257,2.218994145717093,2.16657905409441,2.236573295278567,2.404924813559527,0.986050802712511,1.6803965688486042,3.4285777860183484,1.8184576767042693,2.969254067961775,1.8274347021965223,2.5343315667450845
3.228957994755305,1.1626069799242322,1.5389019320202992,1.4323826006690714,1.6970695803064892,1.6117529440658247,1.6466984988683855,1.74902620825809,1.5048595412739207,1.646662529059944,2.236573295278567,3.739929444462023,3.076051077177556,3.888680898450896,0.7758484462298796,1.9019002268151632,1.345137311452858,1.8274347021965223,1.007326393911976
1.7655687494345969,3.6972398142588694,1.2279466923657143,4.4062679626156775,1.9734997604232432,2.2360257826757763,2.231189833655119,1.9681732283584434,2.180392275206651,2.6864955791288763,2.236573295278567,2.404924813559527,3.076051077177556,2.7845387336497502,3.5866547671603053,2.8197682780349975,3.385651724635665,3.719279559952058,3.0896061750480333
3.228957994755305,3.187841296177683,3.231880459028596,1.983870813353088,3.707470890246517,2.2538621494932034,2.103332354170521,2.723012964259661,3.2419437142437992,1.646662529059944,2.236573295278567,1.0699201826570324,0.986050802712511,0.5762544040474584,1.4674352387259422,1.4846874762606932,2.2824467776709767,1.8274347021965223,2.811968870896559
0.3021795041138886,1.5991015232841397,1.0897443636303432,1.5954570721616568,1.7724596294292403,1.9283484550751573,1.9572095204738376,1.7003268704580115,1.8329754406126755,3.206412104163342,2.236573295278567,2.404924813559527,3.076051077177556,2.7845387336497502,2.4554163708631744,0.984032175595329,1.6122290354548352,4.259806662167925,1.7014196542906617
1.7655687494345969,2.953563513803758,1.2970478567333998,2.5116391029109106,2.47610008790825,2.111171214953786,2.2677205420792896,4.354440780562293,1.601364217550025,1.646662529059944,2.236573295278567,1.0699201826570324,0.986050802712511,0.5762544040474584,1.5168342953328038,1.4012449261497992,2.428434800727958,1.8274347021965223,3.2284248271237703
3.228957994755305,3.084734910003994,2.402666486616369,3.193586892788996,2.249929940539997,2.1379257651799266,1.8293520409892396,2.236019586258876,4.457902635322714,2.16657905409441,2.236573295278567,2.404924813559527,0.986050802712511,1.6803965688486042,1.8428680689380905,2.8197682780349975,2.866398869898902,1.8274347021965223,3.506062131275245
3.228957994755305,3.113775690246696,3.4391839521316525,4.7857867326347865,5.039361758081785,3.3017487000170505,4.843135485983334,4.938832834163236,3.7051661603690995,1.646662529059944,2.236573295278567,1.0699201826570324,0.986050802712511,0.5762544040474584,3.887989012462161,2.485998077591421,4.76756107925459,1.8274347021965223,4.6166113478811415
0.3021795041138886,1.8265024488965929,1.7462054251233559,1.5302272835646227,1.9483697440489927,2.2003530490409218,4.916196902831675,3.1613070044603684,2.354100692503639,1.646662529059944,2.236573295278567,1.0699201826570324,3.076051077177556,1.6803965688486042,2.2627600500964142,1.234359825928011,2.1016207036572156,1.8274347021965223,2.5343315667450845
3.228957994755305,1.7292506840198325,3.542835698683181,1.7733564956081138,1.8227196621777408,1.955103005301298,1.756290624140898,1.8220752149582078,2.2768969514827555,2.16657905409441,2.236573295278567,2.404924813559527,3.076051077177556,2.7845387336497502,1.8132286349739735,3.4873086789221497,1.7532401940894196,1.8274347021965223,1.979056958442136
3.228957994755305,2.9759597635269297,3.646487445234709,3.1046371810657676,2.47610008790825,3.5291623769392473,2.158128416806777,2.4551666063592292,2.527809109800627,1.646662529059944,2.236573295278567,1.0699201826570324,3.076051077177556,1.6803965688486042,1.5365939179755486,2.485998077591421,3.2280510179264237,1.8274347021965223,2.811968870896559
1.7655687494345969,3.0084389721503677,4.061094431440822,2.532394035646331,2.124279858668745,2.151303040292997,2.5051701468364,2.8447613087598578,2.991031555925928,2.16657905409441,2.236573295278567,2.404924813559527,0.986050802712511,1.6803965688486042,2.954346842592477,1.735015126593375,2.4699086709146005,1.8274347021965223,3.0896061750480333
1.7655687494345969,3.955447199552781,3.957442684889294,4.094943971584378,4.235201234105775,5.326176333795036,4.075990609075745,4.15964342936198,2.257596016227535,1.646662529059944,2.236573295278567,1.0699201826570324,0.986050802712511,0.5762544040474584,3.8237702388732413,2.0687853270369514,4.833919271553219,3.449016008844124,3.506062131275245
1.7655687494345969,7.391366456875721,1.3661490211010854,1.5924920817708825,2.0740198259202445,8.822104230010765,1.9572095204738376,1.74902620825809,1.5627623470395833,8.925493879542469,2.236573295278567,1.0699201826570324,3.076051077177556,1.6803965688486042,4.016426559640001,1.234359825928011,4.175314212989337,1.8274347021965223,4.6166113478811415
1.7655687494345969,3.536702381077213,2.0226100825940985,3.682810307266753,2.677140218902253,3.729821503635303,1.6466984988683855,2.6499639575595433,1.9873829226544424,1.646662529059944,2.236573295278567,1.0699201826570324,3.076051077177556,1.6803965688486042,0.8054878801939966,0.6502619751517529,3.5598419794195633,3.449016008844124,3.367243479199508
1.7655687494345969,3.147834717315337,0.7442385417919153,2.2003151118796107,3.8331209721177686,4.08208974827949,2.7974158142297667,1.8951242216583257,2.778721268118498,1.646662529059944,2.236573295278567,1.0699201826570324,3.076051077177556,1.6803965688486042,1.9317863708304415,2.3191129773696333,3.0588376275649227,1.8274347021965223,2.5343315667450845
1.7655687494345969,2.2712678064696217,4.02654384925698,2.7903481996436934,1.671939563932239,1.696475686448604,1.756290624140898,1.6759772015579721,1.5627623470395833,4.246245154232274,2.236573295278567,2.404924813559527,0.986050802712511,1.6803965688486042,3.7150923143381456,3.0700959283676794,2.1447535286513237,4.5300702132758595,2.811968870896559
3.228957994755305,2.76370650888907,3.1627792946609103,2.811103132379113,1.671939563932239,2.588294027319963,3.82027565010655,2.869110977659897,3.3963511962855657,1.646662529059944,2.236573295278567,1.0699201826570324,0.986050802712511,0.5762544040474584,2.109622974615143,2.2356704272587393,2.914508559315407,1.8274347021965223,2.2566942625936104
1.7655687494345969,1.885792105840093,3.7501391917862374,1.628071966460174,2.048889809545994,1.9461848218925843,1.9572095204738376,1.9438235594584041,3.0296334264363693,2.6864955791288763,2.236573295278567,2.404924813559527,3.076051077177556,2.7845387336497502,2.326978823685334,3.236981028589468,1.7748066065864734,1.8274347021965223,1.840238306366399
0.3021795041138886,0.5275664302010203,1.6425536785718275,1.4353475910598457,1.671939563932239,1.6206711274745382,1.7014945615046417,1.846424883858247,1.6785679585709086,1.646662529059944,2.236573295278567,1.0699201826570324,3.076051077177556,1.6803965688486042,1.768769484027798,3.7376363292548316,1.3749984979872405,1.8274347021965223,1.1461450459877132
1.7655687494345969,2.129966986120731,0.7442385417919153,1.628071966460174,1.6970695803064892,1.6786393196311766,1.6466984988683855,1.7246765393580508,2.0838875989305468,2.6864955791288763,2.236573295278567,3.739929444462023,0.986050802712511,2.7845387336497502,2.5443346727555256,3.987963979587514,1.5276223402740845,3.449016008844124,1.4237823501391875
1.7655687494345969,2.7968826962383324,3.8883415205216085,1.702196726229531,1.7724596294292403,1.669721136222463,1.7014945615046417,1.74902620825809,1.601364217550025,1.646662529059944,2.236573295278567,3.739929444462023,3.076051077177556,3.888680898450896,2.257820144435728,2.9866533782567855,1.5359171143114132,1.8274347021965223,1.5626010022149246
3.228957994755305,1.5377209301631647,2.8863746371901677,1.4412775718413942,1.7221995966807397,1.6385074942919655,1.6832292072925563,1.6759772015579721,1.5627623470395833,1.646662529059944,2.236573295278567,1.0699201826570324,0.986050802712511,0.5762544040474584,1.057423068888991,0.14960667448638887,1.3650447691424463,1.8274347021965223,1.007326393911976
1.7655687494345969,1.151780577049753,1.7807560073071989,1.4887174180937826,1.6970695803064892,1.7143120532660312,1.7014945615046417,1.74902620825809,1.5241604765291417,2.6864955791288763,2.236573295278567,3.739929444462023,0.986050802712511,2.7845387336497502,2.7962698614505195,3.987963979587514,1.42144923259628,3.449016008844124,1.2849636980634502
3.228957994755305,2.0541357007509875,2.229913575697155,2.2388599869596764,1.9483697440489927,2.3831758089195505,2.7791504600176813,3.696999720261233,2.045285728420105,2.16657905409441,2.236573295278567,1.0699201826570324,0.986050802712511,0.5762544040474584,1.7638295783671118,2.9866533782567855,2.3819840661189184,1.8274347021965223,3.0896061750480333
3.228957994755305,3.565650230823138,1.6425536785718275,2.7162234398743363,2.2247999241657466,3.319585066834478,3.5462953369252688,2.2116699173588366,2.1417904046962093,1.646662529059944,2.236573295278567,1.0699201826570324,3.076051077177556,1.6803965688486042,0.9882643896393846,3.0700959283676794,2.992479435266295,2.097698253304456,4.338974043729667
3.228957994755305,3.585769683375282,4.061094431440822,2.381179525716842,1.9483697440489927,2.967316822190291,2.249455187867204,2.3090685929589934,2.1417904046962093,2.6864955791288763,2.236573295278567,2.404924813559527,0.986050802712511,1.6803965688486042,1.9960051444193616,1.9853427769260572,2.5445616372505566,1.8274347021965223,2.950787522972296
3.228957994755305,3.2384884169209553,1.5389019320202992,2.057995573122445,4.762931577965031,2.3787167172151937,1.9206788120496667,3.2343560111604863,1.9294801168887799,2.16657905409441,2.236573295278567,3.739929444462023,3.076051077177556,3.888680898450896,1.1265817481385971,1.5681300263715872,2.345487060354673,1.8274347021965223,3.0896061750480333
3.228957994755305,3.2196699913236846,1.6771042607556703,4.124593875492121,1.9734997604232432,2.82908497935523,1.6466984988683855,1.9681732283584434,6.15638493778215,2.6864955791288763,2.236573295278567,2.404924813559527,0.986050802712511,1.6803965688486042,1.2698390122984957,1.5681300263715872,3.737350143818393,2.6382253555203232,3.0896061750480333
1.7655687494345969,4.1129643915891965,1.573452514204142,4.939966232955049,2.47610008790825,3.159057765477633,2.0302709373221792,2.0655719039586007,1.7943735701022336,1.646662529059944,2.236573295278567,1.0699201826570324,0.986050802712511,0.5762544040474584,0.8894662764256613,0.7337045252626471,4.01605455147263,6.151651519923461,2.5343315667450845
1.7655687494345969,1.8402561624195364,1.4698007676526137,1.7614965340450168,2.1494098750429953,1.6830984113355334,1.9389441662617521,2.016872566158522,1.5820632822948042,2.6864955791288763,2.236573295278567,2.404924813559527,0.986050802712511,1.6803965688486042,1.5020145783507455,2.4025555274805273,1.6371133575668206,1.8274347021965223,1.840238306366399
3.228957994755305,3.262882672324825,3.8537909383377658,3.374451306626227,3.682340873872267,3.618344211026383,2.596496917896827,4.281391773862175,3.2805455847542406,2.16657905409441,2.236573295278567,2.404924813559527,3.076051077177556,2.7845387336497502,3.230981559590902,0.900589625484435,3.720760595743736,3.9895431110599917,3.367243479199508
1.7655687494345969,1.577588113280346,1.8153065894910416,1.4976123892661055,1.671939563932239,1.625130219178895,1.756290624140898,1.7246765393580508,1.8329754406126755,1.646662529059944,2.236573295278567,2.404924813559527,0.986050802712511,1.6803965688486042,0.5980118424451779,2.2356704272587393,1.42144923259628,1.8274347021965223,1.2849636980634502
3.228957994755305,1.9262168719379342,3.681038027418552,3.0216174501240873,1.8227196621777408,1.7767393371270264,1.9389441662617521,1.8220752149582078,2.064586663675326,2.16657905409441,2.236573295278567,2.404924813559527,0.986050802712511,1.6803965688486042,2.7863900501291474,3.821078879365726,2.3836430209263844,1.8274347021965223,3.0896061750480333
1.7655687494345969,3.0037459820631467,3.957442684889294,3.540490768509587,1.671939563932239,1.7901166122400967,1.6466984988683855,1.6759772015579721,5.172037239765886,2.6864955791288763,2.236573295278567,2.404924813559527,3.076051077177556,2.7845387336497502,1.6749112764747611,4.071406529698407,2.899577966048216,2.6382253555203232,2.1178756105178733
1.7655687494345969,1.5541696280926312,0.9860926170788147,1.4976123892661055,1.6970695803064892,1.6474256777006793,1.6832292072925563,1.7246765393580508,1.8329754406126755,1.646662529059944,2.236573295278567,2.404924813559527,3.076051077177556,2.7845387336497502,3.230981559590902,2.1522278771478454,1.4247671422112114,4.259806662167925,1.1461450459877132
3.228957994755305,1.0929555725901359,1.5389019320202992,1.4323826006690714,1.74732961305499,1.607293852361468,1.6832292072925563,1.7246765393580508,1.601364217550025,1.646662529059944,2.236573295278567,2.404924813559527,3.076051077177556,2.7845387336497502,2.326978823685334,0.900589625484435,1.3567499951051178,1.8274347021965223,1.007326393911976
1.7655687494345969,2.4868200937430522,2.3335653222486834,3.3981712297524216,3.129480513638759,1.9595620970056549,2.231189833655119,1.6759772015579721,2.7594203328632774,3.206412104163342,2.236573295278567,2.404924813559527,0.986050802712511,1.6803965688486042,3.6311139181064807,2.6528831778132096,2.8249249997122594,1.8274347021965223,3.644880783350982
3.228957994755305,1.4645381639515558,1.0206431992626577,1.4472075526229427,1.9232397276747424,1.6830984113355334,1.9937402288980084,2.016872566158522,2.296197886737976,2.16657905409441,2.236573295278567,2.404924813559527,0.986050802712511,1.6803965688486042,3.0284454275027692,1.8184576767042693,1.5126917470068935,1.8274347021965223,1.4237823501391875
3.228957994755305,2.6330926956694936,2.1608124113294696,2.315949737119808,1.7975896458034906,2.485734918119757,2.0302709373221792,2.1873202484587972,2.4313044335245224,2.6864955791288763,2.236573295278567,1.0699201826570324,3.076051077177556,1.6803965688486042,2.618433257665818,3.6541937791439376,2.3156258738202906,1.8274347021965223,2.950787522972296
3.228957994755305,2.25551608726598,3.231880459028596,1.7229516589649512,1.9986297767974934,1.8837575380315894,2.4321087299880584,1.8707745527582864,1.5627623470395833,2.6864955791288763,2.236573295278567,2.404924813559527,3.076051077177556,2.7845387336497502,2.1985412765074943,1.234359825928011,1.7134252787102429,1.8274347021965223,1.979056958442136
1.7655687494345969,3.4796895213047403,2.851824055006325,3.6501954129682357,2.677140218902253,2.900430446624939,3.856806358530721,5.571924225564258,4.322796088536167,1.646662529059944,2.236573295278567,1.0699201826570324,3.076051077177556,1.6803965688486042,3.3989383520542313,1.8184576767042693,3.8335695226514033,1.8274347021965223,1.979056958442136
0.3021795041138886,3.9762636308307497,1.2970478567333998,2.452339295095425,2.3001899732884974,3.8234624294267956,2.7974158142297667,5.036231509763393,3.0296334264363693,1.646662529059944,2.236573295278567,1.0699201826570324,0.986050802712511,0.5762544040474584,3.7694312766056934,3.0700959283676794,3.2380047467712183,4.800333764383792,2.811968870896559
3.228957994755305,1.1207882563747416,2.1953629935133123,1.4561025237952654,1.7724596294292403,1.669721136222463,1.7745559783529834,1.7977255460581685,1.5820632822948042,2.16657905409441,2.236573295278567,2.404924813559527,3.076051077177556,2.7845387336497502,3.0729045784489446,1.5681300263715872,1.406518639329089,1.8274347021965223,1.2849636980634502
3.228957994755305,2.64758985316665,3.3009816233962814,2.734013382218982,3.707470890246517,3.2304032327473418,1.6466984988683855,4.646636807362765,4.843921340427132,4.246245154232274,2.236573295278567,2.404924813559527,0.986050802712511,1.6803965688486042,2.835789106736009,2.2356704272587393,3.292750255417586,1.8274347021965223,4.061336739578193
3.228957994755305,2.017985737504872,0.9515420348949719,1.4531375334044911,1.7221995966807397,1.6117529440658247,1.7014945615046417,1.6759772015579721,1.5434614117843624,1.646662529059944,2.236573295278567,3.739929444462023,0.986050802712511,2.7845387336497502,1.0426033519069324,3.236981028589468,1.361726859527515,1.8274347021965223,1.007326393911976
1.7655687494345969,3.395494491225099,0.6751373774242297,3.4159611720970675,1.898109711300492,2.699771319928883,1.6466984988683855,2.357767930759072,1.6592670233156877,2.16657905409441,2.236573295278567,2.404924813559527,3.076051077177556,2.7845387336497502,3.3396594841259972,2.6528831778132096,2.9277801977751325,1.8274347021965223,2.5343315667450845
3.228957994755305,2.666222417770368,3.7501391917862374,2.9830725750440217,1.671939563932239,2.1869757739278515,2.158128416806777,2.357767930759072,4.4772035705779345,1.646662529059944,2.236573295278567,1.0699201826570324,3.076051077177556,1.6803965688486042,2.6777121255940517,3.5707512290330436,2.7685205362584258,1.8274347021965223,3.367243479199508
1.7655687494345969,0.8018972566856799,2.126261829145627,1.4472075526229427,1.671939563932239,1.6162120357701815,1.6832292072925563,1.7003268704580115,1.5048595412739207,2.16657905409441,2.236573295278567,2.404924813559527,3.076051077177556,2.7845387336497502,0.7709085405691936,1.0674747257062231,1.3534320854901865,1.8274347021965223,1.1461450459877132
3.228957994755305,3.273941401441246,3.370082787763967,3.1995168735705444,5.843522282057796,4.251535233045049,4.788339423347077,5.718022238964494,6.291491484568697,1.646662529059944,2.236573295278567,1.0699201826570324,3.076051077177556,1.6803965688486042,3.0630247671275725,2.6528831778132096,4.556873818706447,1.8274347021965223,2.6731502188208216
3.228957994755305,0.2681044832006241,1.2970478567333998,1.450172543013717,1.671939563932239,1.6429665859963223,1.884148103625496,1.846424883858247,2.103188534185768,3.726328629197808,2.236573295278567,2.404924813559527,3.076051077177556,2.7845387336497502,4.03124627662206,1.735015126593375,1.4446745999007997,4.259806662167925,1.5626010022149246
3.228957994755305,2.000979456594746,4.061094431440822,1.5895270913801083,1.671939563932239,1.6206711274745382,1.6466984988683855,1.6759772015579721,1.5627623470395833,1.646662529059944,2.236573295278567,2.404924813559527,3.076051077177556,2.7845387336497502,0.6918700499982149,2.5694406277023156,1.4347208710560055,1.8274347021965223,1.2849636980634502
3.228957994755305,3.655188764467437,2.7827228906386394,2.7488383341728535,2.3001899732884974,4.73757622881994,3.107926835835219,3.5265520379609576,2.4120034982693017,1.646662529059944,2.236573295278567,1.0699201826570324,3.076051077177556,1.6803965688486042,1.6650314651533886,3.4873086789221497,3.616246442873397,2.097698253304456,3.783699435426719
1.7655687494345969,3.4050663323930936,2.0571606647779412,2.3011247851659364,5.2404018890757875,2.5615394770938225,4.642216589650394,3.088257997760251,4.399999829557052,1.646662529059944,2.236573295278567,1.0699201826570324,0.986050802712511,0.5762544040474584,1.3538174085301606,1.735015126593375,3.030635395838006,1.8274347021965223,3.644880783350982
1.7655687494345969,2.5663685989838614,2.713621726270954,2.295194804384388,1.74732961305499,1.932807546779514,1.8293520409892396,1.74902620825809,1.9873829226544424,4.76616167926674,2.236573295278567,5.074934075364517,3.076051077177556,4.992823063252041,1.8774474085628936,2.6528831778132096,2.0087192344391367,1.8274347021965223,2.5343315667450845
3.228957994755305,4.096422763162953,1.2279466923657143,2.650993651277302,2.2247999241657466,2.178057590519138,2.724354397381425,2.357767930759072,5.017629757724119,1.646662529059944,2.236573295278567,1.0699201826570324,3.076051077177556,1.6803965688486042,2.7616905218257166,0.48337687492996495,2.713775027612058,3.1787524577361905,4.061336739578193
1.7655687494345969,1.589854938854863,1.4698007676526137,1.4531375334044911,1.671939563932239,1.6028347606571112,1.6466984988683855,1.6759772015579721,1.4855586060186998,1.646662529059944,2.236573295278567,3.739929444462023,0.986050802712511,2.7845387336497502,1.9466060878125,3.987963979587514,1.345137311452858,1.8274347021965223,1.007326393911976
1.7655687494345969,2.409827177163601,2.713621726270954,2.4641992566585222,1.7724596294292403,1.9372666384838708,1.756290624140898,1.6759772015579721,2.3154988219931973,5.286078204301206,2.236573295278567,3.739929444462023,3.076051077177556,3.888680898450896,4.001606842657943,3.6541937791439376,2.12318711615427,1.8274347021965223,2.6731502188208216
3.228957994755305,3.00365305156637,2.6099699797194256,2.401934458452262,1.898109711300492,2.1423848568842834,1.8658827494134105,2.260369255158915,3.5893605488377744,4.76616167926674,2.236573295278567,3.739929444462023,3.076051077177556,3.888680898450896,2.475175993505919,1.5681300263715872,2.3322154218949476,1.8274347021965223,2.811968870896559
1.7655687494345969,2.0138967956467,3.197329876844753,1.8563762265497938,1.7221995966807397,2.030907564275364,1.7745559783529834,1.7246765393580508,2.064586663675326,3.726328629197808,2.236573295278567,5.074934075364517,0.986050802712511,3.888680898450896,1.8527478802594628,4.071406529698407,1.7980319738909931,1.8274347021965223,2.1178756105178733
3.228957994755305,4.087269109230453,1.4006996032849282,4.767996790290141,2.3755800224112487,2.5303258351633247,2.322516604715546,2.357767930759072,2.296197886737976,2.6864955791288763,2.236573295278567,3.739929444462023,0.986050802712511,2.7845387336497502,1.8873272198842659,1.9853427769260572,3.768870285160241,4.5300702132758595,2.1178756105178733
3.228957994755305,3.2662746354571723,2.229913575697155,4.2965633181570295,1.671939563932239,4.340717067132184,2.4321087299880584,2.8934606465599364,1.4855586060186998,1.646662529059944,2.236573295278567,1.0699201826570324,3.076051077177556,1.6803965688486042,0.8894662764256613,3.987963979587514,4.108956020690709,6.151651519923461,4.061336739578193
3.228957994755305,3.0528597496096044,3.0245769659255393,2.710293459092788,3.6572108574980167,3.1100077567297086,4.879666194407505,4.9875321719633146,4.766717599406247,2.16657905409441,2.236573295278567,2.404924813559527,3.076051077177556,2.7845387336497502,2.845668918057381,1.9853427769260572,3.5415934765374404,1.8274347021965223,2.950787522972296
1.7655687494345969,3.197506067842454,1.6425536785718275,1.8385862842051481,2.6520102025280026,1.8703802629185189,2.6512929805330834,2.1142712417586793,1.890878246378338,1.646662529059944,2.236573295278567,2.404924813559527,3.076051077177556,2.7845387336497502,0.7165695783016457,3.7376363292548316,1.8809797142642781,1.8274347021965223,2.2566942625936104
0.3021795041138886,0.732152918854807,1.91895833604257,1.429417610278297,1.671939563932239,1.5939165772483976,1.7745559783529834,1.7733758771581294,1.601364217550025,1.646662529059944,2.236573295278567,2.404924813559527,3.076051077177556,2.7845387336497502,2.900007880324929,0.6502619751517529,1.3567499951051178,1.8274347021965223,1.007326393911976
3.228957994755305,2.8414428694427345,1.5389019320202992,2.9385977191824075,5.014231741707535,3.8056260626093685,3.071396127411048,2.260369255158915,3.3577493257751243,2.16657905409441,2.236573295278567,2.404924813559527,3.076051077177556,2.7845387336497502,3.9917270313365707,2.3191129773696333,3.5465703409598377,1.8274347021965223,3.0896061750480333
1.7655687494345969,2.8984092639668186,0.9169914527111291,4.240228500732318,1.9232397276747424,1.9729393721187254,1.884148103625496,2.1873202484587972,1.890878246378338,3.206412104163342,2.236573295278567,2.404924813559527,0.986050802712511,1.6803965688486042,2.875308352021498,3.6541937791439376,3.150080141975536,1.8274347021965223,4.20015539165393
1.7655687494345969,1.5431573642245984,1.5389019320202992,1.5450522355184941,1.7221995966807397,1.7009347781529607,1.7197599157167271,1.74902620825809,1.9487810521440008,2.16657905409441,2.236573295278567,3.739929444462023,3.076051077177556,3.888680898450896,2.959286748253163,3.4038661288112557,1.4878074248949078,1.8274347021965223,1.4237823501391875
1.7655687494345969,2.1855858884415538,3.370082787763967,1.512437341219977,1.6970695803064892,1.6830984113355334,1.7014945615046417,1.6759772015579721,1.6785679585709086,2.6864955791288763,2.236573295278567,5.074934075364517,0.986050802712511,3.888680898450896,1.4723751443866284,3.9045214294766195,1.4314029614410742,1.8274347021965223,1.4237823501391875
0.3021795041138886,1.7179131634130815,3.093678130293225,1.4679624853583628,1.9483697440489927,1.696475686448604,1.884148103625496,1.8707745527582864,2.257596016227535,2.16657905409441,2.236573295278567,2.404924813559527,3.076051077177556,2.7845387336497502,2.228180710471611,1.5681300263715872,1.5077148825844962,1.8274347021965223,1.5626010022149246
3.228957994755305,3.74017370376968,3.508285116499338,2.339669660246002,2.325319989662748,3.1947304991124876,4.167317380136173,2.43081693745919,2.257596016227535,1.646662529059944,2.236573295278567,1.0699201826570324,3.076051077177556,1.6803965688486042,1.3538174085301606,2.7363257279241036,2.823266044904794,2.097698253304456,3.367243479199508
3.228957994755305,3.8154474061587633,2.6099699797194256,4.1008739523659266,2.4509700715339995,3.1278441235471357,3.0166000647747917,2.43081693745919,5.172037239765886,1.646662529059944,2.236573295278567,1.0699201826570324,3.076051077177556,1.6803965688486042,2.62831306898719,3.7376363292548316,3.9380836755217423,3.1787524577361905,3.2284248271237703
0.3021795041138886,0.7096637386348585,1.91895833604257,1.4353475910598457,1.7975896458034906,1.6429665859963223,1.7197599157167271,1.8707745527582864,1.620665152805246,2.6864955791288763,2.236573295278567,2.404924813559527,3.076051077177556,2.7845387336497502,1.5859929745824102,1.8184576767042693,1.389929091254432,1.8274347021965223,1.4237823501391875
3.228957994755305,3.2262215913464383,1.6771042607556703,2.2685098908674193,2.0991498422944947,3.2482395995647693,4.167317380136173,4.257042104962136,2.334799757248418,1.646662529059944,2.236573295278567,1.0699201826570324,0.986050802712511,0.5762544040474584,1.1414014651206557,0.14960667448638887,2.9194854237378043,1.8274347021965223,3.783699435426719
3.228957994755305,1.4853545952295244,1.8153065894910416,1.4412775718413942,1.74732961305499,1.6206711274745382,1.6466984988683855,1.74902620825809,1.6978688938261293,1.646662529059944,2.236573295278567,2.404924813559527,0.986050802712511,1.6803965688486042,2.0058849557407337,2.2356704272587393,1.373339543179775,2.6382253555203232,1.007326393911976
0.3021795041138886,2.8731321688435707,0.640586795240387,3.7094952207837215,3.682340873872267,2.7131485950419534,1.9206788120496667,2.503865944159308,2.7401193976080562,1.646662529059944,2.236573295278567,1.0699201826570324,3.076051077177556,1.6803965688486042,1.3340577858874159,3.5707512290330436,3.342518899641557,4.259806662167925,4.338974043729667
1.7655687494345969,3.7968148415550456,3.7155886096023947,2.965282632699376,2.7274002516507534,4.898103530176783,2.6512929805330834,3.0395586599601723,3.106837167457253,1.646662529059944,2.236573295278567,1.0699201826570324,3.076051077177556,1.6803965688486042,1.4773150500473147,2.0687853270369514,3.8103441553468835,1.8274347021965223,3.506062131275245
1.7655687494345969,2.3134117867578308,3.819240356153923,2.4671642470492965,1.8729796949262416,1.8837575380315894,1.9572095204738376,1.7733758771581294,1.5627623470395833,2.16657905409441,2.236573295278567,2.404924813559527,3.076051077177556,2.7845387336497502,1.916966653848383,3.236981028589468,2.071759517122833,1.8274347021965223,2.6731502188208216
3.228957994755305,2.6299330587790877,3.646487445234709,2.7488383341728535,3.0038304317675073,2.5392440185720386,3.5462953369252688,4.0622447537618225,4.399999829557052,1.646662529059944,2.236573295278567,2.404924813559527,0.986050802712511,1.6803965688486042,1.5069544840114315,1.8184576767042693,3.0920167237142366,1.8274347021965223,3.783699435426719
3.228957994755305,3.681069907819733,1.3315984389172426,3.7361801343006897,6.145082478548801,4.661771669845873,2.3955780215638875,2.3334182618590327,2.334799757248418,1.646662529059944,2.236573295278567,1.0699201826570324,3.076051077177556,1.6803965688486042,2.98892618221728,2.3191129773696333,4.241672405287964,6.151651519923461,3.922518087502456
3.228957994755305,3.4280666303453136,2.575419397535583,3.531595797337264,4.009031086737521,3.257157782973483,3.5462953369252688,3.623950713561115,3.0296334264363693,1.646662529059944,2.236573295278567,1.0699201826570324,3.076051077177556,1.6803965688486042,0.8746465594436028,1.4846874762606932,3.7157837313213387,1.8274347021965223,3.367243479199508
0.3021795041138886,2.886653556124573,1.6080030963879848,2.493849160566265,2.551490137031001,2.989612280712075,3.345376440592329,4.500538793962529,3.2033418437333574,1.646662529059944,2.236573295278567,1.0699201826570324,3.076051077177556,1.6803965688486042,3.082784389770317,1.5681300263715872,2.9957973448812263,1.8274347021965223,3.783699435426719
1.7655687494345969,2.8106828750096646,2.54086881535174,3.79844493250695,1.9734997604232432,3.2616168746778396,1.9389441662617521,1.9681732283584434,1.7171698290813504,3.726328629197808,2.236573295278567,2.404924813559527,3.076051077177556,2.7845387336497502,3.981847220015198,2.0687853270369514,3.3607674025236793,3.449016008844124,3.0896061750480333
3.228957994755305,2.6383897339857625,1.5043513498364565,4.083084010021281,1.9232397276747424,2.0398257476840773,1.884148103625496,1.6759772015579721,4.419300764812272,3.726328629197808,2.236573295278567,2.404924813559527,3.076051077177556,2.7845387336497502,1.986125333097989,2.7363257279241036,3.2695248881130663,1.8274347021965223,2.6731502188208216
1.7655687494345969,1.8089850502541949,0.640586795240387,1.5480172259092684,1.7221995966807397,1.692016594744247,1.6466984988683855,1.7733758771581294,1.9294801168887799,2.16657905409441,2.236573295278567,2.404924813559527,3.076051077177556,2.7845387336497502,2.9148275973069877,1.4846874762606932,1.4795126508575795,1.8274347021965223,1.4237823501391875
1.7655687494345969,1.7238142499583988,3.6119368630508664,1.6547568799771426,1.671939563932239,1.6206711274745382,1.6466984988683855,1.6759772015579721,1.7943735701022336,1.646662529059944,2.236573295278567,2.404924813559527,3.076051077177556,2.7845387336497502,1.003084106621443,3.1535384784785734,1.4911253345098392,1.8274347021965223,1.5626010022149246
0.3021795041138886,1.5702001387866025,0.9169914527111291,1.462032504576814,1.7975896458034906,1.6875575030398902,1.8658827494134105,1.7977255460581685,1.6978688938261293,2.16657905409441,2.236573295278567,2.404924813559527,3.076051077177556,2.7845387336497502,1.916966653848383,1.317802376038905,1.4363798258634715,1.8274347021965223,1.4237823501391875
3.228957994755305,3.5971536692304213,1.7807560073071989,2.1558402560179966,2.0740198259202445,2.5838349356156063,2.0302709373221792,2.723012964259661,1.7943735701022336,2.16657905409441,2.236573295278567,3.739929444462023,0.986050802712511,2.7845387336497502,0.9141658047290921,2.485998077591421,2.2625393199813884,1.8274347021965223,2.950787522972296
1.7655687494345969,3.5571470903680753,1.0897443636303432,3.347766393109259,4.360851315977026,3.3329623419475483,4.843135485983334,3.3074050178606043,2.257596016227535,1.646662529059944,2.236573295278567,1.0699201826570324,3.076051077177556,1.6803965688486042,1.793469012331229,0.7337045252626471,3.6942173188242844,1.8274347021965223,3.367243479199508
1.7655687494345969,1.3891250658173075,1.0551937814465004,1.5450522355184941,1.6970695803064892,1.6295893108832518,1.6832292072925563,1.7003268704580115,2.1417904046962093,1.646662529059944,2.236573295278567,2.404924813559527,0.986050802712511,1.6803965688486042,2.6381928803085626,1.5681300263715872,1.4695589220127854,4.259806662167925,1.2849636980634502
3.228957994755305,3.4104098359577506,3.819240356153923,2.0313106596054764,2.551490137031001,2.9494804553728637,2.4869047926243146,2.08992157285864,5.866870908953837,1.646662529059944,2.236573295278567,1.0699201826570324,0.986050802712511,0.5762544040474584,0.7758484462298796,3.7376363292548316,2.7087981631896607,1.8274347021965223,3.0896061750480333
3.228957994755305,2.1836808132576326,3.7501391917862374,1.8385862842051481,1.74732961305499,1.7589029703095989,1.7197599157167271,1.6759772015579721,2.624313786076731,2.6864955791288763,2.236573295278567,2.404924813559527,3.076051077177556,2.7845387336497502,2.7024116538974825,3.4873086789221497,1.728355871977434,1.8274347021965223,1.840238306366399
3.228957994755305,3.403811770686609,0.9169914527111291,3.1698669696628015,2.9535703990190063,5.593721836056444,6.158240989253484,1.6759772015579721,3.1454390379676944,1.646662529059944,2.236573295278567,1.0699201826570324,3.076051077177556,1.6803965688486042,3.828710144533927,1.6515725764824811,4.427475343724122,1.8274347021965223,2.811968870896559
3.228957994755305,3.052766819112828,0.8478902883434436,3.193586892788996,4.1095511522345225,2.8870531715118686,3.9663984838032333,4.9144831652631975,3.820971771900425,1.646662529059944,2.236573295278567,1.0699201826570324,3.076051077177556,1.6803965688486042,3.8583495784980446,0.817147075373541,3.589703165953946,1.8274347021965223,4.477792695805405
0.3021795041138886,2.0984170824650596,3.78468977397008,1.5569121970815911,1.9734997604232432,1.692016594744247,2.1763937710188626,2.0412222350585614,2.662915656587173,1.646662529059944,2.236573295278567,2.404924813559527,3.076051077177556,2.7845387336497502,2.0750436349903403,2.6528831778132096,1.6304775383369579,1.8274347021965223,1.5626010022149246
1.7655687494345969,2.803155504770756,2.4372170688002117,2.3218797179013566,1.8478496785519913,1.9194302716664438,1.8293520409892396,1.6759772015579721,2.6050128508215105,3.206412104163342,2.236573295278567,2.404924813559527,3.076051077177556,2.7845387336497502,2.559154389737584,3.4038661288112557,2.073418471930299,1.8274347021965223,2.5343315667450845
3.228957994755305,3.268040314895929,0.7442385417919153,1.963115880617668,2.47610008790825,3.141221398660206,3.034865418986877,2.4551666063592292,3.222642778988578,2.16657905409441,2.236573295278567,2.404924813559527,3.076051077177556,2.7845387336497502,2.37143797463151,1.4846874762606932,2.5843765526297338,1.8274347021965223,3.2284248271237703
1.7655687494345969,3.5875353628140383,2.6099699797194256,3.7836199805530786,4.561891446971028,2.6730167697027425,4.386501630681198,1.6759772015579721,5.442250333338978,1.646662529059944,2.236573295278567,1.0699201826570324,3.076051077177556,1.6803965688486042,1.5711732576003516,3.821078879365726,3.8269337034215405,1.8274347021965223,3.2284248271237703
3.228957994755305,1.9046105314373638,0.9515420348949719,2.591693843461816,1.7975896458034906,1.9952348306405092,2.158128416806777,2.3090685929589934,3.647263354603437,5.286078204301206,2.236573295278567,3.739929444462023,0.986050802712511,2.7845387336497502,2.7172313708795413,2.6528831778132096,2.411845252653301,3.449016008844124,2.950787522972296
3.228957994755305,1.4818697016004003,1.4006996032849282,1.5450522355184941,1.6970695803064892,1.6875575030398902,1.7014945615046417,1.7733758771581294,1.7171698290813504,2.6864955791288763,2.236573295278567,3.739929444462023,3.076051077177556,3.888680898450896,2.7715703331470887,2.0687853270369514,1.4612641479754567,1.8274347021965223,1.4237823501391875
1.7655687494345969,0.23720509302238924,3.2664310412124387,1.7466715820911454,1.7221995966807397,1.6429665859963223,1.6832292072925563,1.7246765393580508,1.7171698290813504,1.126746004025478,2.236573295278567,2.404924813559527,3.076051077177556,2.7845387336497502,3.393998446393545,3.3204235787003618,1.5541656171935359,1.8274347021965223,0.7296890897605017
3.228957994755305,1.8456925964809703,3.6119368630508664,1.4679624853583628,1.671939563932239,1.6028347606571112,1.6466984988683855,1.6759772015579721,1.4855586060186998,1.646662529059944,2.236573295278567,3.739929444462023,3.076051077177556,3.888680898450896,2.959286748253163,3.6541937791439376,1.3534320854901865,1.8274347021965223,1.007326393911976
1.7655687494345969,1.8135386445962507,2.851824055006325,1.636966937632497,1.671939563932239,1.6652620445181063,1.6466984988683855,1.6759772015579721,1.601364217550025,2.16657905409441,2.236573295278567,2.404924813559527,0.986050802712511,1.6803965688486042,2.0849234463117123,2.6528831778132096,1.481171605665045,1.8274347021965223,1.4237823501391875
1.7655687494345969,3.3696598131211912,3.7501391917862374,3.44561107600481,1.9483697440489927,3.337421433651905,3.0166000647747917,1.6759772015579721,1.4855586060186998,1.646662529059944,2.236573295278567,1.0699201826570324,3.076051077177556,1.6803965688486042,1.3488775028694744,3.236981028589468,3.247958475616012,1.8274347021965223,2.950787522972296
1.7655687494345969,2.2951044788928314,3.370082787763967,1.5065073604384285,1.6970695803064892,1.6385074942919655,1.6466984988683855,1.7003268704580115,1.5627623470395833,2.16657905409441,2.236573295278567,3.739929444462023,0.986050802712511,2.7845387336497502,1.5415338236362346,3.4873086789221497,1.3982238652917602,1.8274347021965223,1.1461450459877132
3.228957994755305,3.2771010383316517,1.6080030963879848,2.977142594262473,1.671939563932239,3.9171033552182886,5.792933905011775,4.5979374695626865,4.071883930218297,2.16657905409441,2.236573295278567,2.404924813559527,0.986050802712511,1.6803965688486042,2.0207046727227924,2.1522278771478454,3.856794889955923,1.8274347021965223,3.367243479199508
1.7655687494345969,3.2403005616081,3.6119368630508664,2.650993651277302,1.9734997604232432,4.024121556122852,3.071396127411048,6.107616941365123,1.4855586060186998,1.646662529059944,2.236573295278567,1.0699201826570324,0.986050802712511,0.5762544040474584,1.0080240122821293,1.9019002268151632,3.367403221753542,1.8274347021965223,3.0896061750480333
3.228957994755305,1.605513727561728,2.091711246961784,1.4472075526229427,1.7975896458034906,1.6117529440658247,1.7928213325650688,1.6759772015579721,1.5820632822948042,2.16657905409441,2.236573295278567,3.739929444462023,3.076051077177556,3.888680898450896,0.9635648613359538,1.735015126593375,1.3749984979872405,1.8274347021965223,1.1461450459877132
3.228957994755305,0.8761951888586086,1.9880595004102555,1.4353475910598457,1.74732961305499,1.6162120357701815,1.7197599157167271,1.7003268704580115,1.6592670233156877,1.646662529059944,2.236573295278567,2.404924813559527,0.986050802712511,1.6803965688486042,0.8301874084974274,2.2356704272587393,1.3683626787573777,1.8274347021965223,1.1461450459877132
3.228957994755305,1.3352718429352408,0.9169914527111291,1.4323826006690714,1.74732961305499,1.625130219178895,1.6832292072925563,1.7977255460581685,1.5820632822948042,1.646662529059944,2.236573295278567,2.404924813559527,3.076051077177556,2.7845387336497502,1.092002408513794,2.0687853270369514,1.366703723949912,1.8274347021965223,1.007326393911976
3.228957994755305,1.3874523168753279,2.0226100825940985,1.4472075526229427,1.7221995966807397,1.6563438611093928,1.756290624140898,1.8220752149582078,1.5434614117843624,1.646662529059944,2.236573295278567,2.404924813559527,3.076051077177556,2.7845387336497502,2.4455365595418024,2.0687853270369514,1.389929091254432,1.8274347021965223,1.1461450459877132
0.3021795041138886,0.8686678186197003,0.8133397061596008,1.4412775718413942,1.9734997604232432,1.6117529440658247,1.7014945615046417,2.0655719039586007,1.8136745053574548,2.16657905409441,2.236573295278567,2.404924813559527,3.076051077177556,2.7845387336497502,3.5915946728209915,0.900589625484435,1.42144923259628,1.8274347021965223,1.2849636980634502
1.7655687494345969,0.7162153386576122,3.957442684889294,1.482787437312234,1.7221995966807397,1.6741802279268199,1.6466984988683855,1.7246765393580508,1.601364217550025,3.726328629197808,2.236573295278567,3.739929444462023,3.076051077177556,3.888680898450896,1.2500793896557512,3.0700959283676794,1.404859684521623,1.8274347021965223,1.5626010022149246
1.7655687494345969,1.8973619526887855,1.6080030963879848,2.390074496889165,2.8781803498962555,2.418848542554405,2.3590473131397167,2.1142712417586793,5.307143786552432,4.246245154232274,2.236573295278567,2.404924813559527,0.986050802712511,1.6803965688486042,3.270500804876391,2.4025555274805273,2.675619067040347,4.259806662167925,3.0896061750480333
1.7655687494345969,1.9540030904741514,1.4006996032849282,2.398969468061488,1.898109711300492,2.14684394858864,2.103332354170521,1.7733758771581294,4.168388606494401,4.246245154232274,2.236573295278567,2.404924813559527,3.076051077177556,2.7845387336497502,0.7412691066050765,1.5681300263715872,2.370371382466659,2.6382253555203232,2.811968870896559
3.228957994755305,1.8144679495640172,1.6771042607556703,2.108400409765608,2.3504500060369984,1.9060529965533732,1.884148103625496,1.74902620825809,2.1417904046962093,3.206412104163342,2.236573295278567,2.404924813559527,0.986050802712511,1.6803965688486042,3.843529861515986,1.735015126593375,1.952314770985303,1.8274347021965223,2.3955129146693475
1.7655687494345969,2.8398165857491433,2.1953629935133123,2.974177603871699,5.893782314806297,4.73757622881994,3.107926835835219,3.5265520379609576,2.662915656587173,1.646662529059944,2.236573295278567,1.0699201826570324,3.076051077177556,1.6803965688486042,3.206282031287471,4.32173418003109,4.001123958205438,1.8274347021965223,2.3955129146693475
1.7655687494345969,3.7305553973532968,2.6445205619032683,1.9749758421807653,2.249929940539997,3.5782123856871717,2.194659125230948,2.236019586258876,1.9294801168887799,1.646662529059944,2.236573295278567,1.0699201826570324,3.076051077177556,1.6803965688486042,3.547135521874816,3.3204235787003618,2.5362668632132284,6.151651519923461,2.811968870896559
3.228957994755305,0.7008353414410773,2.3335653222486834,1.4412775718413942,1.8729796949262416,1.6385074942919655,1.8658827494134105,1.7246765393580508,1.736470764336571,1.646662529059944,2.236573295278567,1.0699201826570324,0.986050802712511,0.5762544040474584,2.2923994840605313,3.9045214294766195,1.4098365489440203,2.6382253555203232,1.2849636980634502
3.228957994755305,2.3017490094123616,1.91895833604257,1.972010851789991,1.7221995966807397,1.8748393546228757,1.7745559783529834,1.7246765393580508,1.7171698290813504,3.206412104163342,2.236573295278567,3.739929444462023,3.076051077177556,3.888680898450896,1.7885291066705427,1.5681300263715872,1.7748066065864734,1.8274347021965223,2.1178756105178733
3.228957994755305,2.081364336306545,3.059127548109382,1.5213323123922997,2.1494098750429953,1.7455256951965286,2.1215977083826063,2.016872566158522,2.489207239290185,2.16657905409441,2.236573295278567,2.404924813559527,0.986050802712511,1.6803965688486042,2.8110895784325782,2.9866533782567855,1.6205238094921637,1.8274347021965223,1.5626010022149246
1.7655687494345969,2.019054438217804,1.7807560073071989,2.0787505058578652,1.74732961305499,1.8570029878054486,1.8658827494134105,1.8951242216583257,1.7171698290813504,1.646662529059944,2.236573295278567,1.0699201826570324,0.986050802712511,0.5762544040474584,3.1815825029840403,2.9032108281458915,1.84945957292243,2.908488906628257,2.2566942625936104
1.7655687494345969,3.191744377042302,4.02654384925698,2.8496480074591792,2.3755800224112487,2.195893957336565,3.0166000647747917,2.016872566158522,2.1610913399514304,2.6864955791288763,2.236573295278567,2.404924813559527,3.076051077177556,2.7845387336497502,0.5930719367844917,3.5707512290330436,2.599307145896925,1.8274347021965223,3.367243479199508
0.3021795041138886,2.715010928578107,1.2279466923657143,3.1609719984904787,2.7776602843992544,2.5347849268676814,2.4869047926243146,1.8707745527582864,4.901824146192794,2.6864955791288763,2.236573295278567,2.404924813559527,0.986050802712511,1.6803965688486042,3.6212341067851086,2.6528831778132096,3.1036294073664967,1.8274347021965223,3.783699435426719
3.228957994755305,3.3546050726433747,2.5063182331678973,3.288466585293773,3.9587710539890204,4.251535233045049,4.550889818589967,3.8917970714615473,1.775072634847013,1.646662529059944,2.236573295278567,1.0699201826570324,3.076051077177556,1.6803965688486042,2.9790463708959076,1.9853427769260572,3.948037404366536,1.8274347021965223,3.783699435426719
3.228957994755305,0.8177419063860982,1.9880595004102555,1.5005773796568798,1.6970695803064892,1.6608029528137496,1.8658827494134105,1.7246765393580508,1.5820632822948042,2.6864955791288763,2.236573295278567,2.404924813559527,3.076051077177556,2.7845387336497502,1.5612934462789794,2.4025555274805273,1.4264260970186773,1.8274347021965223,1.5626010022149246
1.7655687494345969,2.794512968570528,3.4391839521316525,2.4078644392338107,1.7975896458034906,2.2984530665367715,2.3042512505034605,2.3334182618590327,1.7943735701022336,3.206412104163342,2.236573295278567,2.404924813559527,3.076051077177556,2.7845387336497502,1.5662333519396654,2.2356704272587393,2.27746991324858,1.8274347021965223,2.950787522972296
3.228957994755305,2.1027383505651738,3.093678130293225,1.4857524277030083,1.6970695803064892,1.6340484025876088,1.6832292072925563,1.7003268704580115,1.6399660880604667,1.646662529059944,2.236573295278567,3.739929444462023,0.986050802712511,2.7845387336497502,2.86048863503944,3.4038661288112557,1.3949059556768288,1.8274347021965223,1.1461450459877132
3.228957994755305,1.5383714436406013,2.7827228906386394,1.512437341219977,2.249929940539997,1.718771144970388,2.1763937710188626,2.016872566158522,2.3927025630140806,2.6864955791288763,2.236573295278567,3.739929444462023,3.076051077177556,3.888680898450896,3.1865224086447266,3.821078879365726,1.6089111258399038,1.8274347021965223,1.5626010022149246
1.7655687494345969,3.763034605976735,0.9169914527111291,3.226201787087513,5.39118198732129,2.6061303941373906,1.9206788120496667,5.279728198763786,1.910179181633559,1.646662529059944,2.236573295278567,1.0699201826570324,0.986050802712511,0.5762544040474584,1.7539497670457396,4.405176730141983,3.2628890688832035,1.8274347021965223,4.338974043729667
3.228957994755305,2.158868370618268,3.2664310412124387,4.510042626292778,2.7525302680250037,2.4991121932328273,4.441297693317454,3.088257997760251,2.045285728420105,2.6864955791288763,2.236573295278567,1.0699201826570324,3.076051077177556,1.6803965688486042,2.806149672771892,3.236981028589468,3.858453844763389,5.34086086659966,3.644880783350982
1.7655687494345969,2.2280551254684813,2.9209252193740105,2.6480286608865278,1.671939563932239,1.7053938698573174,1.6466984988683855,1.6759772015579721,1.890878246378338,4.246245154232274,2.236573295278567,3.739929444462023,3.076051077177556,3.888680898450896,1.7588896727064258,1.735015126593375,2.0866901103900246,1.8274347021965223,2.6731502188208216
1.7655687494345969,2.5611644911643694,3.508285116499338,1.5302272835646227,1.6970695803064892,1.6741802279268199,1.6832292072925563,1.846424883858247,1.4855586060186998,1.646662529059944,2.236573295278567,2.404924813559527,3.076051077177556,2.7845387336497502,1.0722427858710493,2.1522278771478454,1.4314029614410742,1.8274347021965223,1.2849636980634502
3.228957994755305,2.487610002965654,1.6080030963879848,1.9067810631929567,2.3755800224112487,2.195893957336565,2.231189833655119,1.74902620825809,2.354100692503639,3.206412104163342,2.236573295278567,2.404924813559527,3.076051077177556,2.7845387336497502,1.828048351956032,3.3204235787003618,1.9987655055943425,1.8274347021965223,2.3955129146693475
3.228957994755305,2.6920106306258873,3.646487445234709,3.276606623730676,3.0038304317675073,2.3831758089195505,2.06680164574635,2.08992157285864,4.052582994963076,4.76616167926674,2.236573295278567,3.739929444462023,3.076051077177556,3.888680898450896,2.8802482576821844,2.0687853270369514,3.030635395838006,2.908488906628257,2.3955129146693475
3.228957994755305,3.2885314894351794,2.126261829145627,3.2202718063059645,2.325319989662748,3.685230586591735,3.8933370669548917,5.596273894464297,3.2998465200094618,2.16657905409441,2.236573295278567,2.404924813559527,0.986050802712511,1.6803965688486042,2.806149672771892,2.0687853270369514,3.7788240140050355,1.8274347021965223,3.367243479199508
3.228957994755305,1.1682292749792194,0.640586795240387,1.43831258145062,1.9232397276747424,1.625130219178895,1.7014945615046417,2.0655719039586007,2.103188534185768,1.646662529059944,2.236573295278567,1.0699201826570324,3.076051077177556,1.6803965688486042,1.8527478802594628,1.317802376038905,1.4463335547082656,1.8274347021965223,1.1461450459877132
3.228957994755305,0.9120663606143942,0.6751373774242297,1.4649974949675884,1.7221995966807397,1.6652620445181063,1.756290624140898,1.7003268704580115,1.6785679585709086,2.16657905409441,2.236573295278567,2.404924813559527,0.986050802712511,1.6803965688486042,2.736990993522286,2.0687853270369514,1.406518639329089,3.449016008844124,1.2849636980634502
3.228957994755305,3.3194773448618022,0.6751373774242297,1.9749758421807653,6.0445624130518,2.730984961859381,2.5599662094726563,2.4064672685591506,2.103188534185768,1.646662529059944,2.236573295278567,1.0699201826570324,0.986050802712511,0.5762544040474584,0.7313892952837042,1.8184576767042693,2.531289998790831,1.8274347021965223,2.6731502188208216
1.7655687494345969,2.370656972772245,3.1282287124770676,2.5946588338525904,1.671939563932239,2.655180402885315,3.290580377956073,3.356104355660683,2.81732313862894,4.246245154232274,2.236573295278567,2.404924813559527,3.076051077177556,2.7845387336497502,3.107483918073748,3.4873086789221497,2.7535899429912347,1.8274347021965223,3.506062131275245
1.7655687494345969,4.186054227304028,3.1282287124770676,2.6450636704957535,3.506430759252514,4.920398988698567,3.034865418986877,5.596273894464297,2.064586663675326,1.126746004025478,2.236573295278567,1.0699201826570324,3.076051077177556,1.6803965688486042,1.6650314651533886,0.900589625484435,3.8103441553468835,1.8274347021965223,3.644880783350982
1.7655687494345969,2.9848346259690994,1.0551937814465004,2.544253997209428,1.898109711300492,1.9595620970056549,1.9937402288980084,1.7733758771581294,1.5627623470395833,2.16657905409441,2.236573295278567,2.404924813559527,3.076051077177556,2.7845387336497502,0.8252475028367412,2.2356704272587393,2.148071438266255,1.8274347021965223,2.811968870896559
3.228957994755305,1.3494437436936795,3.7155886096023947,1.450172543013717,1.7221995966807397,1.607293852361468,1.6832292072925563,1.7003268704580115,1.5627623470395833,1.646662529059944,2.236573295278567,3.739929444462023,3.076051077177556,3.888680898450896,1.1265817481385971,1.735015126593375,1.3600679047200492,1.8274347021965223,1.007326393911976
3.228957994755305,0.965408465764189,2.9554758015578533,1.6310369568509482,1.671939563932239,2.597212210728677,2.5782315636847417,5.498875218864141,2.798022203373719,2.6864955791288763,2.236573295278567,1.0699201826570324,0.986050802712511,0.5762544040474584,3.4631571256431517,3.5707512290330436,2.2724930488261825,1.8274347021965223,2.811968870896559
3.228957994755305,2.971684960675204,2.5063182331678973,3.3329414411553873,2.023759793171744,1.8079529790575237,1.6466984988683855,1.846424883858247,2.5857119155662893,1.646662529059944,2.236573295278567,2.404924813559527,3.076051077177556,2.7845387336497502,1.0426033519069324,2.0687853270369514,2.602625055511856,1.8274347021965223,3.367243479199508
0.3021795041138886,1.1186043897004903,1.8153065894910416,1.4531375334044911,1.8478496785519913,1.6295893108832518,1.884148103625496,1.8220752149582078,1.7171698290813504,2.16657905409441,2.236573295278567,2.404924813559527,3.076051077177556,2.7845387336497502,2.0750436349903403,1.5681300263715872,1.4181313229813486,1.8274347021965223,1.2849636980634502
1.7655687494345969,3.470117680136746,1.1588455279980288,3.9200095385286957,3.0038304317675073,5.1745672158469045,2.06680164574635,3.4048036934607615,1.8136745053574548,1.646662529059944,2.236573295278567,1.0699201826570324,0.986050802712511,0.5762544040474584,2.6628924086119934,1.4012449261497992,4.3262791004687156,5.070597315491726,2.950787522972296
3.228957994755305,0.9447778954797736,2.126261829145627,1.450172543013717,1.9232397276747424,1.6474256777006793,1.7014945615046417,1.9438235594584041,1.6978688938261293,2.16657905409441,2.236573295278567,2.404924813559527,3.076051077177556,2.7845387336497502,2.193601370846808,2.0687853270369514,1.4181313229813486,1.8274347021965223,1.2849636980634502
3.228957994755305,2.572362616025955,0.640586795240387,2.8051731515975646,1.7975896458034906,1.8748393546228757,1.7745559783529834,1.6759772015579721,2.199693210461872,1.646662529059944,2.236573295278567,1.0699201826570324,0.986050802712511,0.5762544040474584,0.6572907103734118,2.9866533782567855,2.2841057324784426,3.9895431110599917,2.950787522972296
3.228957994755305,0.9613195239060166,3.197329876844753,1.5183673220015255,1.74732961305499,1.7990347956488102,1.9937402288980084,2.1873202484587972,2.296197886737976,1.646662529059944,2.236573295278567,1.0699201826570324,3.076051077177556,1.6803965688486042,2.746870804843658,2.8197682780349975,1.5956394873801782,1.8274347021965223,1.5626010022149246
3.228957994755305,3.9979164365797084,2.7481723084547967,5.853183273313529,2.626880186153752,2.8692168046944415,2.5599662094726563,3.0639083288602116,2.1224894694409886,1.646662529059944,2.236573295278567,2.404924813559527,3.076051077177556,2.7845387336497502,2.5789140123803285,3.1535384784785734,4.5734633667811035,6.692178622139329,3.2284248271237703
0.3021795041138886,3.560306727258481,2.402666486616369,3.6590903841405584,4.737801561590781,3.7119851368178756,2.3590473131397167,5.401476543263983,2.1417904046962093,1.646662529059944,2.236573295278567,2.404924813559527,0.986050802712511,1.6803965688486042,2.7567506161650304,3.1535384784785734,3.9414015851366733,1.8274347021965223,3.783699435426719
3.228957994755305,4.259655180751132,3.991993267073137,5.221640320078606,2.048889809545994,2.8692168046944415,2.012005583110094,1.6759772015579721,1.775072634847013,2.6864955791288763,2.236573295278567,5.074934075364517,3.076051077177556,4.992823063252041,2.653012597290621,3.5707512290330436,4.007759777435301,4.259806662167925,2.5343315667450845
3.228957994755305,1.6787429590217253,3.231880459028596,1.4946473988753313,1.6970695803064892,1.625130219178895,1.6832292072925563,1.7003268704580115,1.5241604765291417,2.16657905409441,2.236573295278567,5.074934075364517,0.986050802712511,3.888680898450896,3.2211017482695294,2.9032108281458915,1.3866111816395006,1.8274347021965223,1.1461450459877132
1.7655687494345969,3.6830679135004307,3.508285116499338,3.9793093463441815,2.3755800224112487,3.4132259926259705,2.980069356350621,3.0395586599601723,2.5664109803110686,1.646662529059944,2.236573295278567,2.404924813559527,0.986050802712511,1.6803965688486042,2.6332529746478763,3.236981028589468,3.7854598332348983,1.8274347021965223,3.506062131275245
3.228957994755305,0.6876392108987934,1.435250185468771,1.43831258145062,1.671939563932239,1.6117529440658247,1.884148103625496,1.6759772015579721,1.5048595412739207,1.646662529059944,2.236573295278567,2.404924813559527,3.076051077177556,2.7845387336497502,1.180920710406145,1.0674747257062231,1.3633858143349806,1.8274347021965223,1.1461450459877132
1.7655687494345969,2.4943474639819607,2.8863746371901677,1.4590675141860399,1.7975896458034906,1.7143120532660312,1.847617395201325,1.7003268704580115,1.6399660880604667,1.646662529059944,2.236573295278567,3.739929444462023,0.986050802712511,2.7845387336497502,1.6699713708140749,1.735015126593375,1.4314029614410742,1.8274347021965223,1.2849636980634502
3.228957994755305,2.186608123906097,3.8883415205216085,2.4701292374400707,2.0740198259202445,2.285075791423701,1.7745559783529834,1.7977255460581685,4.284194218025726,1.646662529059944,2.236573295278567,1.0699201826570324,0.986050802712511,0.5762544040474584,3.8336500501946134,0.399934324819071,2.454978077647409,1.8274347021965223,2.950787522972296
1.7655687494345969,2.5483865478575805,2.091711246961784,2.6776785647942707,1.7975896458034906,1.9907757389361525,1.6466984988683855,2.0655719039586007,1.6785679585709086,2.6864955791288763,2.236573295278567,3.739929444462023,3.076051077177556,3.888680898450896,2.6628924086119934,2.485998077591421,2.226042314217143,1.8274347021965223,2.950787522972296
0.3021795041138886,1.0872868122867605,0.9860926170788147,1.4353475910598457,1.7975896458034906,1.6206711274745382,1.6466984988683855,2.1142712417586793,1.8329754406126755,2.16657905409441,2.236573295278567,2.404924813559527,3.076051077177556,2.7845387336497502,1.9219065595090692,1.4012449261497992,1.4098365489440203,1.8274347021965223,1.2849636980634502
3.228957994755305,1.5663899884187602,3.8883415205216085,1.5035423700476542,1.6970695803064892,1.6295893108832518,1.6832292072925563,1.7003268704580115,1.5048595412739207,2.16657905409441,2.236573295278567,3.739929444462023,3.076051077177556,3.888680898450896,3.0580848614668863,2.485998077591421,1.3915880460618975,1.8274347021965223,1.1461450459877132
3.228957994755305,3.2368156679789757,2.368115904432526,2.4256543815784566,4.762931577965031,2.811248612537803,2.4869047926243146,4.670986476262804,4.206990477004842,3.726328629197808,2.236573295278567,2.404924813559527,3.076051077177556,2.7845387336497502,2.845668918057381,3.4038661288112557,3.0571786727574572,1.8274347021965223,3.783699435426719
1.7655687494345969,2.2193661240198646,2.229913575697155,1.9957307749161852,1.898109711300492,2.02198938086665,1.6466984988683855,1.8220752149582078,3.068235296946811,2.16657905409441,2.236573295278567,2.404924813559527,0.986050802712511,1.6803965688486042,2.712291465218855,2.0687853270369514,1.9655864094450286,1.8274347021965223,2.2566942625936104
3.228957994755305,3.715918844110975,4.02654384925698,3.0987072002842186,2.928440382644756,5.0407944647162015,2.158128416806777,2.43081693745919,5.094833498745002,1.646662529059944,2.236573295278567,1.0699201826570324,0.986050802712511,0.5762544040474584,3.7694312766056934,1.4012449261497992,4.035962009162218,1.8274347021965223,4.20015539165393
0.3021795041138886,2.05185890357996,2.091711246961784,1.5213323123922997,1.671939563932239,1.6162120357701815,1.6466984988683855,1.7003268704580115,1.6399660880604667,1.646662529059944,2.236573295278567,2.404924813559527,0.986050802712511,1.6803965688486042,2.3763778802921958,1.4012449261497992,1.4032007297141575,1.8274347021965223,1.1461450459877132
3.228957994755305,2.5508492060221615,1.6771042607556703,2.8496480074591792,1.7975896458034906,1.955103005301298,1.7745559783529834,2.08992157285864,4.786018534661469,2.16657905409441,2.236573295278567,2.404924813559527,0.986050802712511,1.6803965688486042,1.0821225971924218,1.6515725764824811,2.5893534170521306,2.6382253555203232,3.0896061750480333
3.228957994755305,1.5006416619492828,1.0206431992626577,1.482787437312234,1.8227196621777408,1.6563438611093928,1.8658827494134105,1.8707745527582864,1.8136745053574548,2.6864955791288763,2.236573295278567,3.739929444462023,3.076051077177556,3.888680898450896,2.2084210878288664,3.9045214294766195,1.4529693739381284,1.8274347021965223,1.4237823501391875
3.228957994755305,1.780501852992153,2.7481723084547967,1.6992317358387568,3.3053906282585115,1.821330254170594,1.8293520409892396,2.7473626331597005,2.0259847931648842,2.6864955791288763,2.236573295278567,2.404924813559527,3.076051077177556,2.7845387336497502,3.4384575973397205,1.9019002268151632,1.8079857027357873,1.8274347021965223,2.1178756105178733
3.228957994755305,1.5076114492075314,1.0551937814465004,1.4442425622321684,1.8478496785519913,1.696475686448604,1.9937402288980084,2.016872566158522,1.8715773111231173,3.206412104163342,2.236573295278567,2.404924813559527,0.986050802712511,1.6803965688486042,0.8252475028367412,0.7337045252626471,1.4745357864351822,1.8274347021965223,1.5626010022149246
3.228957994755305,0.8219237787410472,3.2664310412124387,1.4353475910598457,2.023759793171744,1.7143120532660312,1.9389441662617521,1.74902620825809,1.620665152805246,3.206412104163342,2.236573295278567,2.404924813559527,3.076051077177556,2.7845387336497502,3.5323158048927574,1.317802376038905,1.4430156450933342,1.8274347021965223,1.5626010022149246
0.3021795041138886,3.7531839733184102,0.7096879596080725,2.502744131738588,2.928440382644756,3.51132601012182,4.094255963287831,2.528215613059347,2.527809109800627,1.646662529059944,2.236573295278567,1.0699201826570324,3.076051077177556,1.6803965688486042,2.2528802387750417,3.0700959283676794,3.095334633329168,1.8274347021965223,2.811968870896559
3.228957994755305,3.6928256156619783,2.126261829145627,3.5760706531988786,3.5315607756267644,5.731953678891505,3.418437857440671,3.015208991060133,3.994680189197413,1.646662529059944,2.236573295278567,1.0699201826570324,3.076051077177556,1.6803965688486042,1.4130962764583945,2.2356704272587393,4.659729016769321,6.151651519923461,3.0896061750480333
0.3021795041138886,2.782710795479894,1.573452514204142,3.223236796696739,3.9587710539890204,3.368635075582403,1.6466984988683855,2.77171230205974,5.442250333338978,2.16657905409441,2.236573295278567,1.0699201826570324,0.986050802712511,0.5762544040474584,3.7397918426415764,0.48337687492996495,3.558183024612098,1.8274347021965223,2.950787522972296
1.7655687494345969,2.4883999121882554,2.713621726270954,3.0512673540318302,1.8478496785519913,2.213730324153992,1.6466984988683855,1.846424883858247,2.701517527097615,2.6864955791288763,2.236573295278567,2.404924813559527,0.986050802712511,1.6803965688486042,3.314959955822567,3.4038661288112557,2.5943302814745275,1.8274347021965223,3.367243479199508
3.228957994755305,2.2419482347365896,3.370082787763967,1.7377766109188224,1.6970695803064892,1.8302484375793078,1.884148103625496,1.8951242216583257,1.755771699591792,2.16657905409441,2.236573295278567,2.404924813559527,0.986050802712511,1.6803965688486042,1.8181685406346597,2.8197682780349975,1.6503849960265462,1.8274347021965223,1.840238306366399
3.228957994755305,0.6199393439970067,3.957442684889294,1.4531375334044911,1.7221995966807397,1.6563438611093928,1.6466984988683855,1.9194738905583648,1.8329754406126755,3.206412104163342,2.236573295278567,3.739929444462023,3.076051077177556,3.888680898450896,2.6381928803085626,1.4012449261497992,1.4148134133664172,1.8274347021965223,1.5626010022149246
3.228957994755305,2.2041255225484946,1.2279466923657143,2.0935754578117365,1.7221995966807397,1.7009347781529607,1.7745559783529834,1.6759772015579721,3.6086614840929956,2.16657905409441,2.236573295278567,2.404924813559527,0.986050802712511,1.6803965688486042,2.470236087845233,1.9019002268151632,1.9373841777181118,1.8274347021965223,2.1178756105178733
1.7655687494345969,2.9549110060070194,0.640586795240387,2.567973920335622,1.671939563932239,2.044284839388434,2.0302709373221792,2.4551666063592292,1.5820632822948042,2.6864955791288763,2.236573295278567,2.404924813559527,3.076051077177556,2.7845387336497502,1.4229760877797668,3.5707512290330436,2.2293602238320744,1.8274347021965223,2.950787522972296
0.3021795041138886,3.7458889293214437,1.9535089182264127,3.077952267548799,3.0289604481417576,5.357389975725534,5.3363000497096404,4.9144831652631975,2.701517527097615,1.646662529059944,2.236573295278567,1.0699201826570324,3.076051077177556,1.6803965688486042,3.5520754275355024,3.3204235787003618,4.400932066804671,2.908488906628257,3.922518087502456
1.7655687494345969,1.3527427763292503,2.126261829145627,1.5005773796568798,1.671939563932239,1.5983756689527544,1.6466984988683855,1.6759772015579721,1.6592670233156877,2.16657905409441,2.236573295278567,3.739929444462023,3.076051077177556,3.888680898450896,0.756088823587135,2.5694406277023156,1.3849522268320347,2.6382253555203232,1.1461450459877132
1.7655687494345969,2.0743945490482965,0.6751373774242297,2.639133689714205,1.671939563932239,1.6830984113355334,1.6466984988683855,1.6759772015579721,1.8136745053574548,2.6864955791288763,2.236573295278567,2.404924813559527,3.076051077177556,2.7845387336497502,1.1018822198351663,1.9019002268151632,2.0667826527004363,4.800333764383792,2.6731502188208216
3.228957994755305,2.7295545513236523,1.5043513498364565,2.2151400638334824,6.6728128224080585,2.94056227196415,5.920791384496374,1.8951242216583257,4.766717599406247,4.76616167926674,2.236573295278567,2.404924813559527,0.986050802712511,1.6803965688486042,2.830849201075323,1.4846874762606932,3.284455481380258,1.8274347021965223,3.922518087502456
1.7655687494345969,1.712058542116153,0.7096879596080725,1.5302272835646227,1.671939563932239,1.6206711274745382,1.6466984988683855,1.6759772015579721,1.4855586060186998,1.646662529059944,2.236573295278567,2.404924813559527,3.076051077177556,2.7845387336497502,1.1661009934240865,1.9853427769260572,1.3949059556768288,1.8274347021965223,1.1461450459877132
3.228957994755305,2.491791875320603,2.9209252193740105,2.5383240164278793,3.280260611884261,2.1067121232494292,3.1809882526835604,2.284718924058954,2.7208184623528355,2.6864955791288763,2.236573295278567,3.739929444462023,3.076051077177556,3.888680898450896,3.0333853331634555,0.984032175595329,2.532948953598297,1.8274347021965223,3.2284248271237703
3.228957994755305,1.6740499689345048,2.3335653222486834,1.5094723508292027,1.7221995966807397,1.6340484025876088,1.6466984988683855,1.6759772015579721,1.5048595412739207,2.16657905409441,2.236573295278567,3.739929444462023,3.076051077177556,3.888680898450896,3.7150923143381456,2.5694406277023156,1.3932470008693634,1.8274347021965223,1.1461450459877132
0.3021795041138886,3.902151559651374,0.8133397061596008,3.2084118447428676,2.174539891417246,3.1501395820689195,2.1763937710188626,2.4064672685591506,2.1224894694409886,1.646662529059944,2.236573295278567,1.0699201826570324,3.076051077177556,1.6803965688486042,2.6628924086119934,0.6502619751517529,3.0886988140993052,3.1787524577361905,4.061336739578193
3.228957994755305,0.9989099098521699,3.093678130293225,1.4679624853583628,1.7221995966807397,1.669721136222463,1.756290624140898,1.7003268704580115,1.4855586060186998,2.16657905409441,2.236573295278567,2.404924813559527,3.076051077177556,2.7845387336497502,1.3488775028694744,2.3191129773696333,1.3932470008693634,1.8274347021965223,1.2849636980634502
1.7655687494345969,1.9920581289041879,1.8498571716748844,1.9245710055376024,1.7221995966807397,1.9863166472317957,1.6466984988683855,1.6759772015579721,2.1417904046962093,4.246245154232274,2.236573295278567,3.739929444462023,3.076051077177556,3.888680898450896,1.2500793896557512,2.3191129773696333,1.8113036123507187,1.8274347021965223,2.1178756105178733
3.228957994755305,0.2681044832006241,3.8883415205216085,1.429417610278297,1.7221995966807397,1.6028347606571112,1.7197599157167271,1.7003268704580115,1.5820632822948042,1.646662529059944,2.236573295278567,1.0699201826570324,3.076051077177556,1.6803965688486042,3.235921465251588,0.817147075373541,1.3517731306827208,1.8274347021965223,1.007326393911976
0.3021795041138886,1.7170303236937037,3.4046333699478097,1.565807168253914,2.551490137031001,1.8971348131446597,3.1809882526835604,2.6743136264595826,2.7594203328632774,4.246245154232274,2.236573295278567,2.404924813559527,3.076051077177556,2.7845387336497502,3.7150923143381456,0.6502619751517529,1.892592397916538,1.8274347021965223,2.1178756105178733
0.3021795041138886,2.2202954289876313,2.7481723084547967,1.690336764666434,2.6520102025280026,1.9372666384838708,2.7060890431693396,1.9925228972584828,3.2805455847542406,2.16657905409441,2.236573295278567,2.404924813559527,0.986050802712511,1.6803965688486042,1.5464737292969208,1.8184576767042693,1.9390431325255775,1.8274347021965223,2.1178756105178733
1.7655687494345969,2.6102317934624386,1.6425536785718275,2.149910275236448,1.9483697440489927,2.1200893983624995,1.8293520409892396,1.74902620825809,1.775072634847013,2.6864955791288763,2.236573295278567,2.404924813559527,3.076051077177556,2.7845387336497502,2.4801158991666052,1.9853427769260572,1.9921296863644797,1.8274347021965223,2.5343315667450845
1.7655687494345969,1.9388089542511697,0.640586795240387,2.244789967741225,1.9483697440489927,1.892675721440303,2.103332354170521,1.846424883858247,1.620665152805246,2.6864955791288763,2.236573295278567,2.404924813559527,0.986050802712511,1.6803965688486042,2.86048863503944,2.5694406277023156,1.9788580479047542,1.8274347021965223,2.5343315667450845
1.7655687494345969,0.8249904851346765,3.4046333699478097,1.4472075526229427,1.671939563932239,1.607293852361468,1.6466984988683855,1.6759772015579721,1.4855586060186998,1.646662529059944,2.236573295278567,3.739929444462023,0.986050802712511,2.7845387336497502,1.9614258047945583,0.900589625484435,1.3434783566453923,1.8274347021965223,1.007326393911976
3.228957994755305,2.390265307592117,2.5063182331678973,1.7881814475619855,3.23000057913576,1.9907757389361525,2.888742585290194,2.162970579558758,3.8981755129213083,2.6864955791288763,2.236573295278567,2.404924813559527,3.076051077177556,2.7845387336497502,2.657952502951307,1.5681300263715872,2.133140844999064,1.8274347021965223,2.3955129146693475
3.228957994755305,1.33889613230953,3.093678130293225,1.4412775718413942,1.9734997604232432,1.6563438611093928,1.9937402288980084,1.846424883858247,1.7171698290813504,2.16657905409441,2.236573295278567,2.404924813559527,3.076051077177556,2.7845387336497502,3.6508735407492257,1.4846874762606932,1.4413566902858683,1.8274347021965223,1.2849636980634502
1.7655687494345969,3.177897733022582,1.573452514204142,5.307625041411061,1.671939563932239,3.3552578004693325,2.06680164574635,1.6759772015579721,1.4855586060186998,1.646662529059944,2.236573295278567,1.0699201826570324,3.076051077177556,1.6803965688486042,1.9416661821518137,1.1509172758171171,4.191903761063994,3.449016008844124,2.811968870896559
3.228957994755305,2.8213698821389785,2.7481723084547967,2.956387661527053,2.853050333522005,2.7800349706073053,2.7791504600176813,3.283055348960565,2.218994145717093,2.16657905409441,2.236573295278567,2.404924813559527,0.986050802712511,1.6803965688486042,1.4476756160831976,3.1535384784785734,2.977548841999104,2.908488906628257,2.5343315667450845
3.228957994755305,0.9267493791051042,2.54086881535174,1.4412775718413942,1.671939563932239,1.6608029528137496,1.9572095204738376,1.7733758771581294,1.5627623470395833,2.6864955791288763,2.236573295278567,2.404924813559527,3.076051077177556,2.7845387336497502,0.6770503330161564,1.735015126593375,1.4015417749066916,1.8274347021965223,1.5626010022149246
0.3021795041138886,1.8895093257111588,1.8498571716748844,1.5717371490354626,1.9986297767974934,1.8436257126923783,2.0850669999584355,2.0412222350585614,1.9680819873992217,3.206412104163342,2.236573295278567,3.739929444462023,0.986050802712511,2.7845387336497502,1.0129639179428154,1.317802376038905,1.6288185835294922,1.8274347021965223,1.7014196542906617
1.7655687494345969,2.7700722479182702,1.8153065894910416,3.0957422098934444,3.129480513638759,2.3385848918759824,2.4321087299880584,2.0655719039586007,4.226291412260063,1.646662529059944,2.236573295278567,2.404924813559527,3.076051077177556,2.7845387336497502,1.9021469368663244,1.5681300263715872,2.9675951131543092,1.8274347021965223,3.644880783350982
3.228957994755305,3.6745647730453674,3.9228921027054513,3.7094952207837215,2.2247999241657466,3.819003337722439,5.482422883406324,5.157979854263591,2.1224894694409886,1.646662529059944,2.236573295278567,1.0699201826570324,3.076051077177556,1.6803965688486042,1.9960051444193616,3.6541937791439376,4.108956020690709,4.259806662167925,2.950787522972296
1.7655687494345969,1.9099540350020212,2.851824055006325,2.5531489683817505,1.7724596294292403,2.0041530140492227,1.8658827494134105,1.8951242216583257,3.3770502610303454,4.76616167926674,2.236573295278567,3.739929444462023,0.986050802712511,2.7845387336497502,2.3862576916135683,2.1522278771478454,2.313966919012825,1.8274347021965223,2.811968870896559
3.228957994755305,1.7746007664468357,1.6771042607556703,1.5154023316107512,1.9734997604232432,1.8525438961010918,1.9937402288980084,1.7003268704580115,2.180392275206651,2.16657905409441,2.236573295278567,2.404924813559527,3.076051077177556,2.7845387336497502,3.0580848614668863,1.1509172758171171,1.585685758535384,1.8274347021965223,1.5626010022149246
1.7655687494345969,3.935327747000637,1.0551937814465004,2.576868891507945,3.3807806773812628,4.126680665323057,3.2723150237439875,2.77171230205974,2.798022203373719,1.646662529059944,2.236573295278567,1.0699201826570324,0.986050802712511,0.5762544040474584,1.0080240122821293,3.4038661288112557,3.3607674025236793,1.8274347021965223,4.338974043729667
0.3021795041138886,0.7149607769511275,3.957442684889294,1.4649974949675884,2.249929940539997,1.7589029703095989,2.194659125230948,2.1142712417586793,1.620665152805246,3.206412104163342,2.236573295278567,2.404924813559527,3.076051077177556,2.7845387336497502,3.1964022199660986,1.5681300263715872,1.5392350239263446,1.8274347021965223,1.5626010022149246
3.228957994755305,1.0701876008798576,1.1933961101818715,1.4472075526229427,1.9232397276747424,1.6429665859963223,1.7014945615046417,2.0412222350585614,2.257596016227535,2.6864955791288763,2.236573295278567,2.404924813559527,0.986050802712511,1.6803965688486042,1.274778917959182,2.0687853270369514,1.4695589220127854,4.259806662167925,1.4237823501391875
3.228957994755305,1.582931616845003,1.1933961101818715,1.5094723508292027,1.6970695803064892,1.651884769405036,1.7197599157167271,1.7003268704580115,1.890878246378338,2.16657905409441,2.236573295278567,2.404924813559527,3.076051077177556,2.7845387336497502,3.655813446409912,1.8184576767042693,1.4396977354784029,1.8274347021965223,1.2849636980634502
3.228957994755305,1.6214977730073112,3.335532205580124,1.4561025237952654,1.6970695803064892,1.6117529440658247,1.6466984988683855,1.6759772015579721,1.5048595412739207,1.646662529059944,2.236573295278567,3.739929444462023,0.986050802712511,2.7845387336497502,2.2726398614177867,1.8184576767042693,1.3534320854901865,1.8274347021965223,1.007326393911976
0.3021795041138886,2.294500430663783,3.508285116499338,1.4946473988753313,1.671939563932239,1.6741802279268199,1.756290624140898,1.7977255460581685,1.5434614117843624,2.16657905409441,2.236573295278567,3.739929444462023,3.076051077177556,3.888680898450896,0.6375310877306672,1.317802376038905,1.4181313229813486,1.8274347021965223,1.2849636980634502
1.7655687494345969,3.955447199552781,3.957442684889294,4.094943971584378,4.235201234105775,5.326176333795036,4.075990609075745,4.15964342936198,2.257596016227535,1.646662529059944,2.236573295278567,1.0699201826570324,0.986050802712511,0.5762544040474584,3.8237702388732413,2.0687853270369514,4.833919271553219,3.449016008844124,3.506062131275245
1.7655687494345969,3.7331109860146547,2.9554758015578533,4.065294067676636,3.054090464516008,4.643935303028446,4.715278006498735,3.9161467403615866,3.975379253942192,1.646662529059944,2.236573295278567,1.0699201826570324,3.076051077177556,1.6803965688486042,2.3763778802921958,2.2356704272587393,4.674659610036511,1.8274347021965223,3.0896061750480333
1.7655687494345969,2.0677500185287663,3.646487445234709,1.9898007941346367,1.7221995966807397,1.8347075292836645,1.6466984988683855,1.7977255460581685,1.7171698290813504,3.206412104163342,2.236573295278567,5.074934075364517,0.986050802712511,3.888680898450896,3.453277314321779,3.6541937791439376,1.7631939229342137,1.8274347021965223,2.1178756105178733
3.228957994755305,1.8824466079561337,1.8153065894910416,1.5717371490354626,1.671939563932239,1.5983756689527544,1.6466984988683855,1.6759772015579721,1.5820632822948042,2.16657905409441,2.236573295278567,3.739929444462023,3.076051077177556,3.888680898450896,1.576113163261038,3.1535384784785734,1.4181313229813486,1.8274347021965223,1.2849636980634502
3.228957994755305,2.2984035115284023,2.229913575697155,2.1113654001563824,2.023759793171744,2.285075791423701,3.1444575442593896,2.260369255158915,2.6050128508215105,5.286078204301206,2.236573295278567,3.739929444462023,3.076051077177556,3.888680898450896,2.830849201075323,2.9032108281458915,2.2625393199813884,1.8274347021965223,2.811968870896559
1.7655687494345969,3.0835268135458977,0.8824408705272864,3.9555894232179867,3.1797405463872597,2.5124894683458976,3.071396127411048,2.5525652819593865,2.4120034982693017,2.16657905409441,2.236573295278567,1.0699201826570324,0.986050802712511,0.5762544040474584,1.551413634957607,1.5681300263715872,3.4520099169342933,1.8274347021965223,3.0896061750480333
3.228957994755305,1.3978605325143123,3.1627792946609103,1.533192273955397,1.74732961305499,1.6786393196311766,1.7197599157167271,1.7003268704580115,1.8715773111231173,2.16657905409441,2.236573295278567,2.404924813559527,3.076051077177556,2.7845387336497502,3.082784389770317,1.9853427769260572,1.464582057590388,2.6382253555203232,1.2849636980634502
1.7655687494345969,2.3074642349641254,2.5063182331678973,2.0372406403870253,2.174539891417246,1.7990347956488102,2.06680164574635,1.7246765393580508,2.5664109803110686,4.246245154232274,2.236573295278567,3.739929444462023,0.986050802712511,2.7845387336497502,3.843529861515986,2.6528831778132096,1.9124998556061263,1.8274347021965223,2.2566942625936104
3.228957994755305,3.4802471042854,3.8537909383377658,2.1854901599257395,2.4509700715339995,3.5782123856871717,2.377312667351802,3.0395586599601723,4.863222275682352,1.646662529059944,2.236573295278567,1.0699201826570324,3.076051077177556,1.6803965688486042,1.4081563707977083,1.1509172758171171,2.9908204804588294,1.8274347021965223,3.922518087502456
0.3021795041138886,1.1680434139856661,2.4372170688002117,1.429417610278297,1.671939563932239,1.5939165772483976,1.7928213325650688,1.74902620825809,1.5241604765291417,1.646662529059944,2.236573295278567,2.404924813559527,0.986050802712511,1.6803965688486042,0.8845263707649753,0.48337687492996495,1.350114175875255,1.8274347021965223,1.007326393911976
1.7655687494345969,2.19399609839984,2.4717676509840545,2.725118411046659,1.8729796949262416,2.508030376641541,4.569155172802052,2.869110977659897,2.296197886737976,2.16657905409441,2.236573295278567,1.0699201826570324,0.986050802712511,0.5762544040474584,3.122303635055806,4.488619280252878,2.823266044904794,4.259806662167925,3.644880783350982
1.7655687494345969,2.4872847462269356,3.4391839521316525,3.875534682667081,1.8729796949262416,1.825789345874951,1.847617395201325,1.6759772015579721,6.15638493778215,2.16657905409441,2.236573295278567,2.404924813559527,0.986050802712511,1.6803965688486042,3.3742388237508005,2.0687853270369514,3.216438334274164,1.8274347021965223,3.783699435426719
3.228957994755305,2.897572889495829,0.9169914527111291,2.3663545737629708,3.129480513638759,2.307371249945485,3.034865418986877,2.9178103154599757,4.091184865473517,1.646662529059944,2.236573295278567,2.404924813559527,3.076051077177556,2.7845387336497502,2.1985412765074943,3.4038661288112557,2.6490757901208957,3.449016008844124,3.2284248271237703
3.228957994755305,3.559284491793938,3.991993267073137,3.6709503457036554,5.139881823578786,3.1679759488863466,4.569155172802052,5.791071245664612,2.662915656587173,2.16657905409441,2.236573295278567,2.404924813559527,0.986050802712511,1.6803965688486042,1.363697219851533,3.236981028589468,4.044256783199547,1.8274347021965223,3.783699435426719
1.7655687494345969,1.64287178726594,2.368115904432526,2.004625746088508,3.054090464516008,2.1869757739278515,1.9206788120496667,1.6759772015579721,1.5434614117843624,2.6864955791288763,2.236573295278567,2.404924813559527,3.076051077177556,2.7845387336497502,2.1787816538647493,1.9019002268151632,1.9921296863644797,1.8274347021965223,2.5343315667450845
3.228957994755305,0.9346949365795074,1.9535089182264127,1.450172543013717,2.0991498422944947,1.669721136222463,1.756290624140898,1.9194738905583648,1.9873829226544424,3.206412104163342,2.236573295278567,2.404924813559527,0.986050802712511,1.6803965688486042,1.823108446295346,0.900589625484435,1.466241012397854,1.8274347021965223,1.5626010022149246
3.228957994755305,3.6981691192266357,2.7481723084547967,1.972010851789991,2.5012301042825005,3.7877896957919415,2.724354397381425,4.183993098262018,2.5857119155662893,1.646662529059944,2.236573295278567,1.0699201826570324,3.076051077177556,1.6803965688486042,3.0976041067523754,3.236981028589468,2.866398869898902,1.8274347021965223,2.950787522972296
3.228957994755305,2.435104272286849,2.229913575697155,1.9364309671006996,1.671939563932239,1.6385074942919655,1.6466984988683855,1.7003268704580115,1.8715773111231173,2.16657905409441,2.236573295278567,2.404924813559527,0.986050802712511,1.6803965688486042,2.1540821255613185,2.2356704272587393,1.6636566344862718,1.8274347021965223,1.840238306366399
3.228957994755305,3.0246553438378925,3.1627792946609103,2.149910275236448,4.2100712177315245,3.3953896258085434,2.1763937710188626,2.6499639575595433,2.257596016227535,1.646662529059944,2.236573295278567,1.0699201826570324,3.076051077177556,1.6803965688486042,2.317099012363962,2.485998077591421,2.7502720333763033,1.8274347021965223,2.6731502188208216
3.228957994755305,2.57278080326145,1.2970478567333998,1.9660808710084423,2.1996699077914963,1.8971348131446597,2.3590473131397167,1.74902620825809,3.338448390519903,1.646662529059944,2.236573295278567,1.0699201826570324,3.076051077177556,1.6803965688486042,1.610692502885841,1.9853427769260572,2.0054013248242053,1.8274347021965223,2.2566942625936104
3.228957994755305,2.6572081595830332,0.9860926170788147,1.8771311592852138,1.8478496785519913,1.9863166472317957,1.6466984988683855,1.846424883858247,2.0259847931648842,3.726328629197808,2.236573295278567,5.074934075364517,3.076051077177556,4.992823063252041,2.8703684463608123,2.3191129773696333,1.7947140642760617,1.8274347021965223,2.1178756105178733
3.228957994755305,3.872506731179624,3.8883415205216085,2.8941228633207934,3.983901070363271,3.3329623419475483,5.190177216012957,1.9438235594584041,6.1370840025269295,1.646662529059944,2.236573295278567,1.0699201826570324,0.986050802712511,0.5762544040474584,0.9882643896393846,1.6515725764824811,3.6875814995944216,1.8274347021965223,2.950787522972296
3.228957994755305,3.935560073242579,0.9860926170788147,2.8051731515975646,2.3755800224112487,5.482244543447524,2.1763937710188626,2.1142712417586793,2.199693210461872,1.126746004025478,2.236573295278567,1.0699201826570324,0.986050802712511,0.5762544040474584,1.6749112764747611,2.9866533782567855,3.73071432458853,3.719279559952058,3.0896061750480333
3.228957994755305,2.042333527660354,1.91895833604257,1.4442425622321684,1.6970695803064892,1.6117529440658247,1.8293520409892396,1.6759772015579721,1.620665152805246,1.646662529059944,2.236573295278567,2.404924813559527,0.986050802712511,1.6803965688486042,1.6205723142072133,2.1522278771478454,1.373339543179775,1.8274347021965223,1.007326393911976
3.228957994755305,2.144789400356606,3.8883415205216085,1.5154023316107512,1.671939563932239,1.718771144970388,1.6466984988683855,1.7977255460581685,1.5627623470395833,1.646662529059944,2.236573295278567,2.404924813559527,3.076051077177556,2.7845387336497502,1.45755542740457,1.9019002268151632,1.438038780670937,1.8274347021965223,1.2849636980634502
1.7655687494345969,2.053345791528386,1.435250185468771,1.731846630137274,1.898109711300492,1.8079529790575237,2.0850669999584355,1.74902620825809,1.7171698290813504,1.646662529059944,2.236573295278567,1.0699201826570324,3.076051077177556,1.6803965688486042,1.1364615594599694,0.900589625484435,1.657020815256409,1.8274347021965223,1.840238306366399
1.7655687494345969,3.5634198989004986,3.231880459028596,3.2202718063059645,2.3755800224112487,4.594885294280521,3.3088457321681584,2.357767930759072,2.0259847931648842,1.646662529059944,2.236573295278567,1.0699201826570324,0.986050802712511,0.5762544040474584,2.3911975972742545,2.5694406277023156,3.737350143818393,1.8274347021965223,3.506062131275245
3.228957994755305,3.4098057877287027,2.0226100825940985,3.122427123410413,1.9734997604232432,3.9215624469226453,2.7974158142297667,3.1369573355603295,1.9487810521440008,1.646662529059944,2.236573295278567,1.0699201826570324,3.076051077177556,1.6803965688486042,1.7440699557243673,0.399934324819071,3.405559182325254,1.8274347021965223,3.0896061750480333
1.7655687494345969,2.3487253755329562,1.4698007676526137,4.255053452686189,1.671939563932239,1.9060529965533732,1.6466984988683855,1.6759772015579721,4.843921340427132,4.246245154232274,2.236573295278567,2.404924813559527,0.986050802712511,1.6803965688486042,3.1568829746806095,2.8197682780349975,3.3143166679146403,3.449016008844124,4.061336739578193
1.7655687494345969,1.5756830380964246,1.0206431992626577,1.616212004897077,1.74732961305499,1.8882166297359462,1.7928213325650688,1.8951242216583257,2.0259847931648842,2.16657905409441,2.236573295278567,2.404924813559527,3.076051077177556,2.7845387336497502,2.317099012363962,2.0687853270369514,1.6221827642996294,3.449016008844124,1.7014196542906617
3.228957994755305,4.358393833576319,1.6425536785718275,3.7124602111744958,2.400710038785499,5.55804910242159,6.21303705188974,2.3334182618590327,1.9487810521440008,1.646662529059944,2.236573295278567,1.0699201826570324,0.986050802712511,0.5762544040474584,3.418697974696976,0.23304922459728283,4.628208875427472,4.800333764383792,2.950787522972296
3.228957994755305,2.838562024042658,2.402666486616369,2.609483785806462,3.20487056276151,2.771116787198592,4.167317380136173,3.1613070044603684,2.508508174545406,1.646662529059944,2.236573295278567,1.0699201826570324,3.076051077177556,1.6803965688486042,2.6332529746478763,3.5707512290330436,2.9460287006572554,1.8274347021965223,2.3955129146693475
1.7655687494345969,3.316828825703668,3.6119368630508664,3.6264754898420417,2.1494098750429953,2.2761576080149872,2.5599662094726563,1.8951242216583257,2.0259847931648842,1.646662529059944,2.236573295278567,1.0699201826570324,3.076051077177556,1.6803965688486042,1.5020145783507455,3.0700959283676794,2.9875025708438976,1.8274347021965223,2.5343315667450845
1.7655687494345969,3.8305486118849683,0.9515420348949719,5.811673407842688,2.1494098750429953,3.38647144239983,1.6466984988683855,2.1386209106587186,1.4855586060186998,1.646662529059944,2.236573295278567,1.0699201826570324,3.076051077177556,1.6803965688486042,2.1985412765074943,1.234359825928011,4.5104230840974076,5.8813879688155275,3.2284248271237703
0.3021795041138886,1.8993599583694833,1.6771042607556703,1.8919561112390852,2.400710038785499,1.8391666209880213,2.194659125230948,2.4551666063592292,2.3927025630140806,2.16657905409441,2.236573295278567,2.404924813559527,0.986050802712511,1.6803965688486042,1.6946708991175057,3.5707512290330436,1.9075229911837293,1.8274347021965223,2.2566942625936104
1.7655687494345969,3.387641864247472,3.1627792946609103,4.27580838542161,3.280260611884261,3.6584760363655944,4.313440213832856,1.6759772015579721,1.7943735701022336,1.646662529059944,2.236573295278567,1.0699201826570324,0.986050802712511,0.5762544040474584,2.598673635023073,3.5707512290330436,4.064164240889135,2.097698253304456,3.922518087502456
1.7655687494345969,2.0577135248768887,1.5043513498364565,1.5420872451277199,1.671939563932239,1.5983756689527544,1.6466984988683855,1.6759772015579721,1.601364217550025,1.646662529059944,2.236573295278567,3.739929444462023,3.076051077177556,3.888680898450896,0.96850476699664,3.4873086789221497,1.4032007297141575,3.1787524577361905,1.1461450459877132
3.228957994755305,3.2815617021769308,2.9554758015578533,2.3633895833721965,2.325319989662748,3.6986078617048053,5.665076425527177,1.9681732283584434,4.998328822468898,1.646662529059944,2.236573295278567,1.0699201826570324,0.986050802712511,0.5762544040474584,2.751810710504344,0.3164917747081768,3.364085312138611,1.8274347021965223,3.0896061750480333
1.7655687494345969,1.7716269905499833,2.9554758015578533,1.4738924661399113,2.174539891417246,1.7009347781529607,1.6832292072925563,1.846424883858247,1.9873829226544424,1.646662529059944,2.236573295278567,2.404924813559527,0.986050802712511,1.6803965688486042,3.1618228803412958,2.3191129773696333,1.4844895152799764,3.449016008844124,1.4237823501391875
1.7655687494345969,1.52122576698531,2.6445205619032683,1.4857524277030083,1.8227196621777408,1.6786393196311766,1.6466984988683855,1.7977255460581685,1.7171698290813504,2.6864955791288763,2.236573295278567,3.739929444462023,3.076051077177556,3.888680898450896,0.8647667481222305,4.071406529698407,1.4297440066336087,1.8274347021965223,1.4237823501391875
3.228957994755305,3.7777640897158333,3.4737345343154953,3.836989807587016,4.159811184983023,3.51132601012182,5.97558744713263,5.304077867663826,2.1224894694409886,1.646662529059944,2.236573295278567,2.404924813559527,3.076051077177556,2.7845387336497502,0.7956080688726244,0.900589625484435,4.248308224517827,2.097698253304456,4.061336739578193
1.7655687494345969,1.053413646211673,4.02654384925698,1.6458619088048199,2.3755800224112487,2.5570803853894657,1.8293520409892396,2.260369255158915,3.7051661603690995,2.6864955791288763,2.236573295278567,1.0699201826570324,3.076051077177556,1.6803965688486042,3.883049106801475,1.4846874762606932,2.1016207036572156,1.8274347021965223,2.3955129146693475
3.228957994755305,3.5245284859994723,3.8537909383377658,2.532394035646331,2.249929940539997,3.3017487000170505,6.21303705188974,1.9681732283584434,3.5700596135825537,1.646662529059944,2.236573295278567,1.0699201826570324,3.076051077177556,1.6803965688486042,1.274778917959182,1.5681300263715872,3.233027882348821,2.097698253304456,3.0896061750480333
0.3021795041138886,3.3634334698371564,2.4717676509840545,4.011924240642698,4.461371381474027,4.728658045411225,4.29517485962077,3.015208991060133,4.689513858385364,1.646662529059944,2.236573295278567,1.0699201826570324,0.986050802712511,0.5762544040474584,1.4822549557080007,1.234359825928011,4.731064073490344,2.908488906628257,3.0896061750480333
3.228957994755305,3.3716578188018893,2.9209252193740105,2.5412890068186536,5.491702052818292,3.0832532065035676,3.345376440592329,3.8917970714615473,3.0489343616915905,1.646662529059944,2.236573295278567,1.0699201826570324,0.986050802712511,0.5762544040474584,0.8647667481222305,0.3164917747081768,3.1965308765845757,1.8274347021965223,2.6731502188208216
1.7655687494345969,3.0976987143043364,0.8478902883434436,3.682810307266753,3.682340873872267,3.667394219774308,1.9572095204738376,1.9925228972584828,3.0296334264363693,1.646662529059944,2.236573295278567,2.404924813559527,3.076051077177556,2.7845387336497502,1.6946708991175057,1.735015126593375,3.675968815942162,1.8274347021965223,3.367243479199508
1.7655687494345969,3.6197357799471463,2.091711246961784,2.825928084332985,1.671939563932239,3.863594254766007,3.4549685658648417,2.1873202484587972,1.7171698290813504,1.646662529059944,2.236573295278567,1.0699201826570324,3.076051077177556,1.6803965688486042,0.9932042953000708,1.9019002268151632,3.173305509280056,1.8274347021965223,3.2284248271237703
3.228957994755305,2.0619883277286144,3.335532205580124,1.5213323123922997,1.898109711300492,1.7098529615616742,1.9389441662617521,1.8951242216583257,2.1224894694409886,1.646662529059944,2.236573295278567,2.404924813559527,0.986050802712511,1.6803965688486042,1.274778917959182,0.6502619751517529,1.5342581595039475,1.8274347021965223,1.4237823501391875
1.7655687494345969,2.9375330031097864,1.6425536785718275,3.8577447403224356,1.671939563932239,1.9105120882577302,1.8658827494134105,1.6759772015579721,2.701517527097615,2.16657905409441,2.236573295278567,2.404924813559527,0.986050802712511,1.6803965688486042,3.976907314354512,3.821078879365726,2.9294391525825985,2.908488906628257,3.783699435426719
0.3021795041138886,1.1018304350323056,3.4737345343154953,1.4323826006690714,1.7724596294292403,1.6028347606571112,1.7928213325650688,1.8951242216583257,1.620665152805246,1.646662529059944,2.236573295278567,2.404924813559527,3.076051077177556,2.7845387336497502,3.324839767143939,0.6502619751517529,1.3799753624096378,1.8274347021965223,1.1461450459877132
3.228957994755305,3.4104098359577506,3.819240356153923,2.0313106596054764,2.551490137031001,2.9494804553728637,2.4869047926243146,2.08992157285864,5.866870908953837,1.646662529059944,2.236573295278567,1.0699201826570324,0.986050802712511,0.5762544040474584,0.7758484462298796,3.7376363292548316,2.7087981631896607,1.8274347021965223,3.0896061750480333
1.7655687494345969,1.4479500702769244,3.335532205580124,1.5065073604384285,1.671939563932239,1.6563438611093928,1.6832292072925563,1.7003268704580115,1.5241604765291417,2.16657905409441,2.236573295278567,2.404924813559527,3.076051077177556,2.7845387336497502,0.7610287292478213,2.1522278771478454,1.4032007297141575,1.8274347021965223,1.4237823501391875
3.228957994755305,3.2556340935762464,2.5063182331678973,2.4790242086123935,2.1996699077914963,2.976235005599005,4.69701265228665,3.5022023690609183,2.103188534185768,1.646662529059944,2.236573295278567,1.0699201826570324,3.076051077177556,1.6803965688486042,1.8132286349739735,2.1522278771478454,2.9194854237378043,1.8274347021965223,2.811968870896559
1.7655687494345969,3.0576921354419904,2.1953629935133123,5.144550569918475,1.671939563932239,3.5826714773915285,2.06680164574635,3.4048036934607615,2.1610913399514304,2.6864955791288763,2.236573295278567,2.404924813559527,3.076051077177556,2.7845387336497502,2.5789140123803285,2.2356704272587393,4.3611171514254945,2.097698253304456,4.338974043729667
3.228957994755305,2.486308976010781,2.679071144087111,2.529429045255556,2.0991498422944947,2.650721311180958,2.06680164574635,2.260369255158915,3.531457743072112,2.6864955791288763,2.236573295278567,2.404924813559527,0.986050802712511,1.6803965688486042,2.317099012363962,2.1522278771478454,2.619214603586513,1.8274347021965223,3.783699435426719
1.7655687494345969,2.733271771194718,0.9169914527111291,3.1728319600535757,1.8478496785519913,1.9283484550751573,3.6558874621977813,2.0412222350585614,1.775072634847013,2.16657905409441,2.236573295278567,2.404924813559527,0.986050802712511,1.6803965688486042,2.188661465186122,1.8184576767042693,2.6723011574254154,1.8274347021965223,3.506062131275245
0.3021795041138886,2.932003638551576,2.402666486616369,2.8526129978499535,3.8331209721177686,2.699771319928883,3.0166000647747917,3.7700487269613507,4.264893282770505,5.286078204301206,2.236573295278567,3.739929444462023,0.986050802712511,2.7845387336497502,2.4850558048272915,3.7376363292548316,3.184918192932316,1.8274347021965223,2.5343315667450845
1.7655687494345969,2.524782201676312,2.402666486616369,2.962317642308602,1.9734997604232432,1.8302484375793078,1.9389441662617521,1.8220752149582078,3.8016708366452043,2.16657905409441,2.236573295278567,2.404924813559527,3.076051077177556,2.7845387336497502,2.287459578399845,2.9032108281458915,2.5296310439833656,1.8274347021965223,3.0896061750480333
3.228957994755305,3.7309271193404037,3.2664310412124387,2.221070044615031,4.134681168608773,4.2916670583842595,2.5234355010484855,3.380454024560722,3.3770502610303454,1.646662529059944,2.236573295278567,1.0699201826570324,0.986050802712511,0.5762544040474584,2.5492745784162114,1.1509172758171171,3.2960681650325174,4.800333764383792,2.1178756105178733
3.228957994755305,4.305191124171689,2.7827228906386394,4.723521934428526,2.275059956914247,5.11213993198591,4.569155172802052,2.77171230205974,4.8053194699166895,1.126746004025478,2.236573295278567,1.0699201826570324,3.076051077177556,1.6803965688486042,2.9691665595745356,3.6541937791439376,5.145802775356769,6.151651519923461,3.0896061750480333
0.3021795041138886,0.6122261127645452,3.6119368630508664,1.450172543013717,1.8478496785519913,1.651884769405036,1.7745559783529834,2.0655719039586007,1.775072634847013,2.6864955791288763,2.236573295278567,1.0699201826570324,0.986050802712511,0.5762544040474584,3.324839767143939,0.900589625484435,1.4363798258634715,1.8274347021965223,1.4237823501391875
1.7655687494345969,2.3155027229353053,2.713621726270954,4.886596405921113,1.671939563932239,1.803493887353167,1.6466984988683855,1.6759772015579721,2.180392275206651,1.646662529059944,2.236573295278567,1.0699201826570324,3.076051077177556,1.6803965688486042,3.729912031320204,0.817147075373541,3.4005823179028565,4.259806662167925,3.0896061750480333
0.3021795041138886,2.611672216162477,2.575419397535583,2.203280102270385,2.7274002516507534,2.2315666909714196,2.6512929805330834,2.8447613087598578,4.052582994963076,2.6864955791288763,2.236573295278567,2.404924813559527,3.076051077177556,2.7845387336497502,1.245139483995065,1.234359825928011,2.4599549420698064,1.8274347021965223,2.950787522972296
3.228957994755305,3.0919834887525726,3.508285116499338,1.8296913130328254,2.3001899732884974,1.8168711624662373,2.06680164574635,2.284718924058954,2.37340162775886,2.16657905409441,2.236573295278567,3.739929444462023,0.986050802712511,2.7845387336497502,1.9317863708304415,1.4846874762606932,1.832870024847773,1.8274347021965223,2.1178756105178733
3.228957994755305,1.767584513940199,3.819240356153923,1.4472075526229427,1.7221995966807397,1.669721136222463,1.6832292072925563,1.8707745527582864,1.755771699591792,1.646662529059944,2.236573295278567,2.404924813559527,3.076051077177556,2.7845387336497502,1.6008126915644687,1.6515725764824811,1.4098365489440203,1.8274347021965223,1.2849636980634502
0.3021795041138886,3.0742802291166216,1.711654842939513,3.537525778118813,2.3755800224112487,2.222648507562706,2.541700855260571,2.1142712417586793,2.3927025630140806,2.16657905409441,2.236573295278567,2.404924813559527,0.986050802712511,1.6803965688486042,3.729912031320204,1.8184576767042693,2.977548841999104,1.8274347021965223,2.5343315667450845
1.7655687494345969,1.2170177857869586,3.4046333699478097,1.462032504576814,1.671939563932239,1.6474256777006793,1.6832292072925563,1.7733758771581294,1.6978688938261293,1.646662529059944,2.236573295278567,2.404924813559527,3.076051077177556,2.7845387336497502,0.8351273141581137,1.4846874762606932,1.3949059556768288,1.8274347021965223,1.2849636980634502
1.7655687494345969,2.3446364336747836,1.9880595004102555,1.5539472066908169,1.671939563932239,1.6652620445181063,1.6466984988683855,1.6759772015579721,1.8329754406126755,2.6864955791288763,2.236573295278567,3.739929444462023,3.076051077177556,3.888680898450896,0.845007125479486,1.735015126593375,1.454628328745594,2.6382253555203232,1.4237823501391875
1.7655687494345969,1.966455777042222,1.3315984389172426,1.6636518511494653,1.8478496785519913,1.848084804396735,1.756290624140898,1.74902620825809,1.8329754406126755,3.206412104163342,2.236573295278567,3.739929444462023,0.986050802712511,2.7845387336497502,3.137123352037865,1.9853427769260572,1.6105700806473695,3.449016008844124,1.7014196542906617
1.7655687494345969,1.906794398111615,2.4717676509840545,1.4887174180937826,1.8227196621777408,1.7811984288313831,1.9937402288980084,1.7977255460581685,2.218994145717093,1.646662529059944,2.236573295278567,3.739929444462023,0.986050802712511,2.7845387336497502,2.6332529746478763,2.1522278771478454,1.5442118883487417,1.8274347021965223,1.4237823501391875
1.7655687494345969,2.061941862480226,3.542835698683181,1.5183673220015255,1.671939563932239,1.625130219178895,1.6832292072925563,1.6759772015579721,1.755771699591792,1.646662529059944,2.236573295278567,3.739929444462023,3.076051077177556,3.888680898450896,0.8301874084974274,1.735015126593375,1.4164723681738831,1.8274347021965223,1.1461450459877132
1.7655687494345969,0.706132379757346,2.368115904432526,1.4887174180937826,1.7221995966807397,1.692016594744247,1.7014945615046417,1.7003268704580115,1.5627623470395833,3.726328629197808,2.236573295278567,3.739929444462023,3.076051077177556,3.888680898450896,3.077844484109631,1.735015126593375,1.4148134133664172,1.8274347021965223,1.5626010022149246
3.228957994755305,2.6960995724840595,3.957442684889294,1.7703915052173396,2.3504500060369984,1.78565752053574,1.7197599157167271,5.231028860963708,4.168388606494401,2.6864955791288763,2.236573295278567,2.404924813559527,3.076051077177556,2.7845387336497502,3.4285777860183484,2.6528831778132096,2.114892342116941,3.449016008844124,2.3955129146693475
3.228957994755305,2.4147989587411516,3.8883415205216085,2.209210083051934,1.7975896458034906,2.6284258526591744,2.907007939502279,2.6743136264595826,3.087536232202032,3.206412104163342,2.236573295278567,2.404924813559527,0.986050802712511,1.6803965688486042,3.9522077860510816,3.7376363292548316,2.478203444951929,1.8274347021965223,3.0896061750480333
3.228957994755305,2.6629698503831856,1.5043513498364565,1.6340019472417224,1.7221995966807397,1.6563438611093928,1.6832292072925563,1.7246765393580508,1.601364217550025,2.16657905409441,2.236573295278567,3.739929444462023,3.076051077177556,3.888680898450896,0.849947031140172,1.9853427769260572,1.4861484700874423,1.8274347021965223,1.4237823501391875
1.7655687494345969,2.439750797125681,2.2990147400648406,2.221070044615031,1.74732961305499,1.7232302366747447,1.7197599157167271,1.6759772015579721,2.5857119155662893,3.206412104163342,2.236573295278567,2.404924813559527,0.986050802712511,1.6803965688486042,2.7024116538974825,3.3204235787003618,1.925771494065852,1.8274347021965223,2.2566942625936104
3.228957994755305,3.202245523178063,2.8863746371901677,3.09277721950267,3.8079909557435183,2.351962166989053,2.103332354170521,4.670986476262804,3.685865225113879,2.16657905409441,2.236573295278567,2.404924813559527,0.986050802712511,1.6803965688486042,3.7793110879270655,2.485998077591421,3.1169010458262223,1.8274347021965223,3.922518087502456
1.7655687494345969,2.3635477897688313,3.0245769659255393,2.8881928825392444,1.671939563932239,1.754443878605242,1.7745559783529834,1.6759772015579721,2.296197886737976,2.6864955791288763,2.236573295278567,2.404924813559527,0.986050802712511,1.6803965688486042,0.849947031140172,2.9032108281458915,2.285764687285908,1.8274347021965223,2.950787522972296
1.7655687494345969,1.825666074425603,1.0551937814465004,1.470927475749137,1.8478496785519913,1.6295893108832518,1.756290624140898,2.0655719039586007,1.7171698290813504,2.16657905409441,2.236573295278567,2.404924813559527,3.076051077177556,2.7845387336497502,3.28532052185845,2.3191129773696333,1.43306191624854,3.449016008844124,1.2849636980634502
1.7655687494345969,1.7890514586956043,3.542835698683181,1.6666168415402396,1.7724596294292403,1.7945757039444534,1.6466984988683855,2.08992157285864,1.5241604765291417,3.726328629197808,2.236573295278567,2.404924813559527,3.076051077177556,2.7845387336497502,1.862627691580835,1.8184576767042693,1.5740730748831242,1.8274347021965223,1.7014196542906617
3.228957994755305,2.251380680159419,2.264464157880998,1.7170216781834027,1.9734997604232432,1.9640211887100116,1.884148103625496,1.9194738905583648,1.775072634847013,4.76616167926674,2.236573295278567,3.739929444462023,3.076051077177556,3.888680898450896,0.6078916537665502,1.4012449261497992,1.7101073690953115,1.8274347021965223,1.979056958442136
3.228957994755305,2.463726865294056,3.646487445234709,2.013520717260831,4.360851315977026,2.601671302433034,1.7745559783529834,3.11260766666029,4.013981124452634,2.6864955791288763,2.236573295278567,2.404924813559527,3.076051077177556,2.7845387336497502,2.0207046727227924,3.1535384784785734,2.5346079084057624,1.8274347021965223,3.0896061750480333
3.228957994755305,4.238792284224775,1.8498571716748844,3.484155951084876,2.1996699077914963,5.714117312074078,2.2129244794430334,2.260369255158915,3.106837167457253,1.646662529059944,2.236573295278567,1.0699201826570324,3.076051077177556,1.6803965688486042,2.13926240857926,1.9853427769260572,4.276510456244744,5.070597315491726,3.644880783350982
3.228957994755305,1.4748534490937635,2.264464157880998,1.5569121970815911,1.7221995966807397,1.7098529615616742,1.6466984988683855,1.8951242216583257,1.7171698290813504,2.6864955791288763,2.236573295278567,2.404924813559527,3.076051077177556,2.7845387336497502,3.6755730690526565,1.9853427769260572,1.481171605665045,1.8274347021965223,1.5626010022149246
1.7655687494345969,1.527126853530627,2.2990147400648406,1.470927475749137,1.671939563932239,1.5983756689527544,1.6466984988683855,1.6759772015579721,1.620665152805246,1.646662529059944,2.236573295278567,2.404924813559527,3.076051077177556,2.7845387336497502,2.7715703331470887,1.9019002268151632,1.3650447691424463,3.449016008844124,1.007326393911976
3.228957994755305,1.9645507018583008,2.229913575697155,1.9809058229623138,2.5766201534052513,2.632884944363531,3.2175189611077313,3.4291533623608004,2.4120034982693017,4.246245154232274,2.236573295278567,2.404924813559527,3.076051077177556,2.7845387336497502,3.67063316339197,1.4012449261497992,2.4251168911130265,1.8274347021965223,3.0896061750480333
3.228957994755305,3.8328718743043844,1.573452514204142,2.7162234398743363,5.114751807204536,3.3730941672867596,2.468639438412229,5.011881840863355,2.354100692503639,1.646662529059944,2.236573295278567,1.0699201826570324,3.076051077177556,1.6803965688486042,1.3142981632446713,0.7337045252626471,3.3143166679146403,1.8274347021965223,2.950787522972296
1.7655687494345969,1.8110295211832812,1.91895833604257,1.6043520433339797,1.671939563932239,1.6385074942919655,1.7197599157167271,1.7246765393580508,1.5820632822948042,3.206412104163342,2.236573295278567,5.074934075364517,3.076051077177556,4.992823063252041,3.1964022199660986,2.4025555274805273,1.4612641479754567,1.8274347021965223,1.5626010022149246
0.3021795041138886,0.6498629639590867,0.9169914527111291,1.4768574565306856,1.7975896458034906,1.7232302366747447,1.7928213325650688,1.846424883858247,1.9873829226544424,2.6864955791288763,12.555767160837407,2.404924813559527,3.076051077177556,2.7845387336497502,3.5224359935713854,0.7337045252626471,1.4795126508575795,1.8274347021965223,1.5626010022149246
0.3021795041138886,2.663480968115457,1.6425536785718275,2.1113654001563824,2.551490137031001,1.9238893633708005,2.7974158142297667,3.0639083288602116,2.0838875989305468,2.6864955791288763,2.236573295278567,2.404924813559527,0.986050802712511,1.6803965688486042,1.6946708991175057,3.1535384784785734,2.1414356190363923,1.8274347021965223,2.6731502188208216
1.7655687494345969,3.663459578680558,3.5773862808670236,3.887394644230178,5.139881823578786,3.5068669184174635,2.7426197515935105,3.9161467403615866,1.775072634847013,1.646662529059944,2.236573295278567,1.0699201826570324,3.076051077177556,1.6803965688486042,3.665693257731284,2.1522278771478454,3.921494127447085,1.8274347021965223,3.783699435426719
3.228957994755305,3.8094533891166695,0.7096879596080725,2.3722845545445193,1.8729796949262416,3.404307809217257,4.386501630681198,2.528215613059347,1.6399660880604667,1.646662529059944,2.236573295278567,1.0699201826570324,3.076051077177556,1.6803965688486042,1.309358257583985,2.9032108281458915,2.8630809602839706,1.8274347021965223,3.783699435426719
1.7655687494345969,3.7565294712023696,2.9209252193740105,5.005196021552083,3.054090464516008,3.573753293982815,4.715278006498735,2.1142712417586793,1.8329754406126755,1.646662529059944,2.236573295278567,1.0699201826570324,3.076051077177556,1.6803965688486042,4.03124627662206,3.1535384784785734,4.495492490830216,3.1787524577361905,3.0896061750480333
1.7655687494345969,2.5663685989838614,2.713621726270954,2.295194804384388,1.74732961305499,1.932807546779514,1.8293520409892396,1.74902620825809,1.9873829226544424,4.76616167926674,2.236573295278567,5.074934075364517,3.076051077177556,4.992823063252041,1.8774474085628936,2.6528831778132096,2.0087192344391367,1.8274347021965223,2.5343315667450845
3.228957994755305,1.578610348744889,2.5063182331678973,1.5183673220015255,1.898109711300492,1.6429665859963223,1.6832292072925563,1.9438235594584041,2.064586663675326,2.6864955791288763,2.236573295278567,3.739929444462023,3.076051077177556,3.888680898450896,1.4624953330652561,3.7376363292548316,1.482830560472511,1.8274347021965223,1.4237823501391875
3.228957994755305,2.3870592054533226,3.059127548109382,3.59089560515275,2.0991498422944947,2.1825166822234947,1.847617395201325,1.6759772015579721,5.2492409807867695,3.726328629197808,2.236573295278567,2.404924813559527,3.076051077177556,2.7845387336497502,2.0207046727227924,3.5707512290330436,3.1268547746710165,2.6382253555203232,3.783699435426719
0.3021795041138886,2.093212974645567,2.54086881535174,1.4649974949675884,1.6970695803064892,1.6028347606571112,1.6466984988683855,1.6759772015579721,1.620665152805246,1.646662529059944,2.236573295278567,3.739929444462023,0.986050802712511,2.7845387336497502,2.326978823685334,3.0700959283676794,1.3650447691424463,1.8274347021965223,1.007326393911976
3.228957994755305,0.1454826927038395,1.3315984389172426,1.4353475910598457,1.6970695803064892,1.5939165772483976,1.664963853080471,1.6759772015579721,1.5048595412739207,1.126746004025478,2.236573295278567,1.0699201826570324,0.986050802712511,0.5762544040474584,0.6227113707486087,2.6528831778132096,1.3368425374155295,1.8274347021965223,0.5908704376847644
1.7655687494345969,1.4744352618582686,3.335532205580124,1.4946473988753313,1.74732961305499,1.669721136222463,1.6466984988683855,1.6759772015579721,1.6978688938261293,1.646662529059944,2.236573295278567,2.404924813559527,0.986050802712511,1.6803965688486042,2.1985412765074943,1.4846874762606932,1.4164723681738831,1.8274347021965223,1.2849636980634502
3.228957994755305,2.8791261858856645,2.817273472822482,3.1698669696628015,2.7525302680250037,3.092171389912281,2.413843375775973,3.79439839586139,2.527809109800627,2.6864955791288763,2.236573295278567,2.404924813559527,0.986050802712511,1.6803965688486042,1.862627691580835,1.5681300263715872,3.2346868371562865,1.8274347021965223,4.20015539165393
3.228957994755305,3.67228797587434,1.2279466923657143,3.4278211336601645,5.893782314806297,2.0710393896145747,5.153646507588785,2.698663295359622,5.944074649974721,1.646662529059944,2.236573295278567,1.0699201826570324,3.076051077177556,1.6803965688486042,2.1590220312220048,3.9045214294766195,3.674309861134696,5.070597315491726,3.644880783350982
1.7655687494345969,2.9562120329618926,2.126261829145627,2.2714748812581935,1.74732961305499,1.9640211887100116,1.7197599157167271,1.846424883858247,1.9294801168887799,2.16657905409441,2.236573295278567,2.404924813559527,3.076051077177556,2.7845387336497502,2.1293825972578877,1.9019002268151632,1.9987655055943425,1.8274347021965223,2.5343315667450845
1.7655687494345969,3.7376645803567103,1.0897443636303432,4.46260278004039,4.009031086737521,4.492326185080316,2.541700855260571,3.015208991060133,2.199693210461872,1.646662529059944,2.236573295278567,1.0699201826570324,3.076051077177556,1.6803965688486042,1.6551516538320163,1.5681300263715872,4.492174581215284,1.8274347021965223,3.0896061750480333
3.228957994755305,3.4397758729391708,2.229913575697155,5.562614215017649,2.2247999241657466,4.746494412228653,3.2723150237439875,3.8917970714615473,4.998328822468898,1.646662529059944,2.236573295278567,1.0699201826570324,3.076051077177556,1.6803965688486042,1.8082887293132874,2.3191129773696333,5.451050459930457,5.8813879688155275,4.061336739578193
0.3021795041138886,3.622384299105281,2.8863746371901677,2.3515296218090995,2.325319989662748,4.4432761763323905,4.93446225704376,2.576914950859426,3.820971771900425,1.646662529059944,2.236573295278567,1.0699201826570324,0.986050802712511,0.5762544040474584,2.62831306898719,1.735015126593375,3.5084143803881265,1.8274347021965223,4.20015539165393
1.7655687494345969,1.5616969983315394,0.6751373774242297,1.5094723508292027,1.671939563932239,1.6429665859963223,1.6466984988683855,1.7003268704580115,1.5820632822948042,2.16657905409441,2.236573295278567,3.739929444462023,0.986050802712511,2.7845387336497502,0.5881320311238056,3.4038661288112557,1.4015417749066916,1.8274347021965223,1.2849636980634502
3.228957994755305,3.9008969979448898,0.8478902883434436,5.272045156721769,2.0991498422944947,2.976235005599005,2.468639438412229,3.356104355660683,2.4699063040349643,1.646662529059944,2.236573295278567,1.0699201826570324,0.986050802712511,0.5762544040474584,1.0821225971924218,3.5707512290330436,4.294758959126867,6.692178622139329,2.811968870896559
0.3021795041138886,1.075856361183233,1.7462054251233559,1.43831258145062,1.8227196621777408,1.6206711274745382,1.6466984988683855,1.6759772015579721,1.5434614117843624,1.646662529059944,2.236573295278567,2.404924813559527,3.076051077177556,2.7845387336497502,3.4384575973397205,2.0687853270369514,1.3584089499125835,1.8274347021965223,1.007326393911976
1.7655687494345969,1.872131322813926,1.8153065894910416,2.5946588338525904,1.7975896458034906,2.195893957336565,1.7745559783529834,1.7977255460581685,2.006683857909663,3.726328629197808,2.236573295278567,2.404924813559527,3.076051077177556,2.7845387336497502,3.883049106801475,1.317802376038905,2.27746991324858,2.6382253555203232,2.950787522972296
3.228957994755305,2.9142539136672365,3.059127548109382,2.075785515467091,3.255130595510011,2.8469213461726577,4.149052025924087,2.528215613059347,2.8366240738841606,3.206412104163342,2.236573295278567,2.404924813559527,0.986050802712511,1.6803965688486042,1.2352596726736926,0.6502619751517529,2.6623474285806212,1.8274347021965223,3.367243479199508
3.228957994755305,2.9206661179448252,2.3335653222486834,1.6251069760693997,1.671939563932239,1.6608029528137496,1.6466984988683855,1.8220752149582078,1.8715773111231173,2.16657905409441,2.236573295278567,3.739929444462023,0.986050802712511,2.7845387336497502,0.6227113707486087,3.5707512290330436,1.5060559277770307,1.8274347021965223,1.4237823501391875
3.228957994755305,1.5377209301631647,2.8863746371901677,1.4412775718413942,1.7221995966807397,1.6385074942919655,1.6832292072925563,1.6759772015579721,1.5627623470395833,1.646662529059944,2.236573295278567,1.0699201826570324,0.986050802712511,0.5762544040474584,1.057423068888991,0.14960667448638887,1.3650447691424463,1.8274347021965223,1.007326393911976
3.228957994755305,3.4248140629581307,1.5043513498364565,3.786584970943853,1.671939563932239,4.019662464418495,3.3819071490165,3.088257997760251,1.4855586060186998,1.646662529059944,2.236573295278567,1.0699201826570324,3.076051077177556,1.6803965688486042,1.734190144402995,1.5681300263715872,3.8037083361170207,2.097698253304456,3.644880783350982
3.228957994755305,1.131939915987939,3.542835698683181,1.4738924661399113,1.9232397276747424,1.6741802279268199,1.7928213325650688,2.08992157285864,1.8715773111231173,2.6864955791288763,2.236573295278567,3.739929444462023,3.076051077177556,3.888680898450896,1.2006803330488895,3.3204235787003618,1.4745357864351822,1.8274347021965223,1.4237823501391875
3.228957994755305,2.3750711713691355,0.8824408705272864,2.567973920335622,2.3001899732884974,2.8915122632162253,4.02119454643949,2.6743136264595826,2.7208184623528355,2.6864955791288763,2.236573295278567,2.404924813559527,3.076051077177556,2.7845387336497502,2.1689018425433773,1.9853427769260572,2.8796705083586276,2.6382253555203232,3.644880783350982
3.228957994755305,2.0610125575124596,1.8153065894910416,2.1528752656272223,1.8729796949262416,1.7321484200834583,1.7745559783529834,1.7246765393580508,2.4506053687797436,3.206412104163342,2.236573295278567,2.404924813559527,0.986050802712511,1.6803965688486042,1.7638295783671118,3.4038661288112557,1.8959103075314694,1.8274347021965223,2.2566942625936104
1.7655687494345969,3.545205521532276,1.9535089182264127,1.897886092020634,2.1494098750429953,2.8736758963987983,2.103332354170521,1.6759772015579721,2.218994145717093,1.646662529059944,2.236573295278567,2.404924813559527,0.986050802712511,1.6803965688486042,3.8336500501946134,3.4038661288112557,2.2028169469126233,5.8813879688155275,3.2284248271237703
1.7655687494345969,4.341666344156522,0.6751373774242297,5.239430262423252,2.1996699077914963,3.591589660800242,3.5828260453494396,2.162970579558758,1.8715773111231173,1.646662529059944,2.236573295278567,1.0699201826570324,0.986050802712511,0.5762544040474584,1.8873272198842659,0.817147075373541,4.480561897563025,5.070597315491726,2.1178756105178733
0.3021795041138886,2.5373278187411596,1.5043513498364565,2.4641992566585222,2.0740198259202445,2.2315666909714196,2.158128416806777,1.7977255460581685,4.998328822468898,3.726328629197808,2.236573295278567,3.739929444462023,3.076051077177556,3.888680898450896,2.8555487293787536,1.317802376038905,2.5279720891758997,4.5300702132758595,2.950787522972296
3.228957994755305,0.9620165026318415,1.5043513498364565,1.4412775718413942,1.9734997604232432,1.6385074942919655,1.7014945615046417,1.9925228972584828,1.775072634847013,2.16657905409441,2.236573295278567,2.404924813559527,3.076051077177556,2.7845387336497502,3.0630247671275725,0.817147075373541,1.423108187403746,1.8274347021965223,1.2849636980634502
1.7655687494345969,1.6355767432689732,2.368115904432526,2.0906104674209622,1.7221995966807397,1.7276893283791015,1.6466984988683855,1.7246765393580508,2.2382950809723137,3.726328629197808,2.236573295278567,2.404924813559527,3.076051077177556,2.7845387336497502,2.6036135406837593,3.5707512290330436,1.8195983863880474,1.8274347021965223,2.1178756105178733
3.228957994755305,1.5984045445583148,2.229913575697155,1.8949211016298595,2.7525302680250037,2.155762131997354,2.888742585290194,3.0395586599601723,2.199693210461872,4.246245154232274,2.236573295278567,2.404924813559527,0.986050802712511,1.6803965688486042,3.1173637293951204,3.5707512290330436,2.1364587546139955,4.259806662167925,2.6731502188208216
1.7655687494345969,2.9662949918621586,3.957442684889294,2.606518795415688,2.827920317147755,2.8736758963987983,2.012005583110094,2.601264619759465,2.8366240738841606,2.16657905409441,2.236573295278567,2.404924813559527,3.076051077177556,2.7845387336497502,3.5570153331961887,3.6541937791439376,2.751930988183769,1.8274347021965223,3.506062131275245
3.228957994755305,3.8154474061587633,2.6099699797194256,4.1008739523659266,2.4509700715339995,3.1278441235471357,3.0166000647747917,2.43081693745919,5.172037239765886,1.646662529059944,2.236573295278567,1.0699201826570324,3.076051077177556,1.6803965688486042,2.62831306898719,3.7376363292548316,3.9380836755217423,3.1787524577361905,3.2284248271237703
3.228957994755305,0.826337977337938,2.264464157880998,1.470927475749137,1.74732961305499,1.6830984113355334,1.6832292072925563,1.7003268704580115,2.0259847931648842,3.206412104163342,2.236573295278567,3.739929444462023,3.076051077177556,3.888680898450896,1.3488775028694744,2.4025555274805273,1.4413566902858683,2.6382253555203232,1.4237823501391875
1.7655687494345969,1.6265624850816385,2.4372170688002117,1.4590675141860399,1.671939563932239,1.6028347606571112,1.6466984988683855,1.6759772015579721,1.5627623470395833,1.646662529059944,2.236573295278567,3.739929444462023,0.986050802712511,2.7845387336497502,2.6381928803085626,2.8197682780349975,1.3550910402976521,1.8274347021965223,1.007326393911976
3.228957994755305,3.5238315072736475,1.6771042607556703,5.076355790930666,1.671939563932239,3.3552578004693325,5.884260676072202,6.010218265764966,4.535106376343597,1.646662529059944,2.236573295278567,2.404924813559527,3.076051077177556,2.7845387336497502,3.9126885407655925,1.4846874762606932,4.9666356561504745,4.5300702132758595,3.367243479199508
1.7655687494345969,2.2051012927646494,2.817273472822482,1.6695818319310138,1.6970695803064892,1.7276893283791015,1.6832292072925563,1.7003268704580115,1.4855586060186998,1.646662529059944,2.236573295278567,2.404924813559527,3.076051077177556,2.7845387336497502,1.4229760877797668,1.735015126593375,1.5193275662367562,1.8274347021965223,1.5626010022149246
3.228957994755305,1.3213787336671323,2.402666486616369,1.8860261304575368,2.174539891417246,1.8837575380315894,1.6466984988683855,1.9681732283584434,2.006683857909663,4.76616167926674,2.236573295278567,2.404924813559527,0.986050802712511,1.6803965688486042,2.954346842592477,1.5681300263715872,1.7897371998536649,1.8274347021965223,2.1178756105178733
1.7655687494345969,1.5018962236557676,1.124294945814186,1.616212004897077,1.671939563932239,1.6830984113355334,1.7745559783529834,1.6759772015579721,1.7171698290813504,1.646662529059944,2.236573295278567,2.404924813559527,3.076051077177556,2.7845387336497502,3.8336500501946134,2.4025555274805273,1.497761153739702,1.8274347021965223,1.4237823501391875
1.7655687494345969,1.6944017477285902,1.3315984389172426,1.5183673220015255,1.671939563932239,1.6385074942919655,1.6466984988683855,1.6759772015579721,1.5434614117843624,2.6864955791288763,2.236573295278567,3.739929444462023,3.076051077177556,3.888680898450896,0.9438052386932092,2.1522278771478454,1.3998828200992262,1.8274347021965223,1.4237823501391875
1.7655687494345969,2.680208457535253,2.575419397535583,1.6962667454479825,3.3556506610070125,2.325207616762912,2.194659125230948,2.723012964259661,1.6978688938261293,1.646662529059944,2.236573295278567,1.0699201826570324,3.076051077177556,1.6803965688486042,0.938865333032523,3.821078879365726,2.0004244604018084,1.8274347021965223,2.5343315667450845
0.3021795041138886,3.215116396981629,2.0571606647779412,3.312186508419967,4.536761430596778,2.722066778450667,4.05772525486366,5.3771268743639435,2.952429685415486,1.646662529059944,2.236573295278567,1.0699201826570324,3.076051077177556,1.6803965688486042,0.9981442009607568,2.6528831778132096,3.58804421114648,3.1787524577361905,3.2284248271237703
3.228957994755305,2.436405299241722,3.1282287124770676,1.805971389906631,1.7724596294292403,1.914971179962087,1.9206788120496667,1.8220752149582078,1.6978688938261293,1.646662529059944,2.236573295278567,1.0699201826570324,3.076051077177556,1.6803965688486042,2.5492745784162114,2.3191129773696333,1.7184021431326397,1.8274347021965223,1.979056958442136
3.228957994755305,1.4204426432310373,0.6751373774242297,1.4679624853583628,1.74732961305499,1.6162120357701815,1.756290624140898,1.7977255460581685,1.601364217550025,1.646662529059944,2.236573295278567,2.404924813559527,3.076051077177556,2.7845387336497502,3.2655608992157052,1.9853427769260572,1.3915880460618975,1.8274347021965223,1.1461450459877132
3.228957994755305,0.8572838327645611,1.573452514204142,1.482787437312234,2.7274002516507534,1.696475686448604,1.9206788120496667,2.162970579558758,1.8329754406126755,1.646662529059944,2.236573295278567,1.0699201826570324,0.986050802712511,0.5762544040474584,3.0284454275027692,1.735015126593375,1.5541656171935359,1.8274347021965223,1.5626010022149246
3.228957994755305,1.544086669192365,3.3009816233962814,1.5628421778631396,1.7221995966807397,1.7053938698573174,1.7197599157167271,1.7003268704580115,1.5048595412739207,2.6864955791288763,2.236573295278567,2.404924813559527,3.076051077177556,2.7845387336497502,0.6375310877306672,1.9853427769260572,1.4579462383605253,1.8274347021965223,1.5626010022149246
1.7655687494345969,1.24108678445211,3.646487445234709,1.5420872451277199,1.6970695803064892,1.696475686448604,1.6466984988683855,1.6759772015579721,1.4855586060186998,1.646662529059944,2.236573295278567,2.404924813559527,3.076051077177556,2.7845387336497502,2.351678351988765,1.9019002268151632,1.4314029614410742,1.8274347021965223,1.2849636980634502
1.7655687494345969,2.9168095023285945,3.4391839521316525,4.352898135581741,2.5766201534052513,2.3385848918759824,1.9389441662617521,1.6759772015579721,3.5700596135825537,4.76616167926674,2.236573295278567,5.074934075364517,3.076051077177556,4.992823063252041,2.9691665595745356,3.6541937791439376,3.506755425580661,3.449016008844124,3.0896061750480333
1.7655687494345969,1.4791747171938776,2.402666486616369,1.6102820241155285,1.671939563932239,1.6028347606571112,1.6466984988683855,1.6759772015579721,1.620665152805246,1.646662529059944,2.236573295278567,2.404924813559527,3.076051077177556,2.7845387336497502,0.6128315594272364,2.5694406277023156,1.4446745999007997,1.8274347021965223,1.2849636980634502
3.228957994755305,0.7255548535836651,3.370082787763967,1.4412775718413942,1.898109711300492,1.6608029528137496,1.9572095204738376,1.6759772015579721,1.7171698290813504,2.16657905409441,2.236573295278567,2.404924813559527,3.076051077177556,2.7845387336497502,3.5668951445175607,1.5681300263715872,1.423108187403746,1.8274347021965223,1.2849636980634502
1.7655687494345969,2.5365379095185583,1.0206431992626577,2.025380678823928,3.0038304317675073,2.35642125869341,3.7654795874702938,3.550901706860997,3.087536232202032,2.6864955791288763,2.236573295278567,2.404924813559527,3.076051077177556,2.7845387336497502,2.7962698614505195,2.485998077591421,2.4914750834116544,1.8274347021965223,3.0896061750480333
3.228957994755305,1.250705090868493,2.5063182331678973,1.4857524277030083,1.8729796949262416,1.718771144970388,1.6466984988683855,1.9681732283584434,1.9873829226544424,1.646662529059944,2.236573295278567,2.404924813559527,0.986050802712511,1.6803965688486042,2.1293825972578877,1.5681300263715872,1.482830560472511,4.259806662167925,1.4237823501391875
0.3021795041138886,0.6183595255518037,3.8537909383377658,1.4412775718413942,1.8729796949262416,1.6385074942919655,1.9937402288980084,1.9681732283584434,1.9873829226544424,2.16657905409441,2.236573295278567,2.404924813559527,0.986050802712511,1.6803965688486042,3.137123352037865,0.817147075373541,1.4596051931679912,1.8274347021965223,1.2849636980634502
1.7655687494345969,1.41454155668572,0.640586795240387,1.482787437312234,1.671939563932239,1.5983756689527544,1.6466984988683855,1.6759772015579721,1.5241604765291417,1.646662529059944,2.236573295278567,2.404924813559527,0.986050802712511,1.6803965688486042,2.228180710471611,3.236981028589468,1.3633858143349806,1.8274347021965223,1.1461450459877132
0.3021795041138886,3.093935029184882,2.5063182331678973,3.81919986524237,3.682340873872267,2.307371249945485,3.8385410043186354,1.9438235594584041,2.1224894694409886,3.726328629197808,2.236573295278567,2.404924813559527,3.076051077177556,2.7845387336497502,3.561955238856875,2.7363257279241036,3.335883080411694,1.8274347021965223,4.338974043729667
3.228957994755305,3.3830418046570285,1.3661490211010854,2.556113958772525,4.134681168608773,4.857971704837572,3.6558874621977813,4.403140118362372,2.0259847931648842,1.646662529059944,2.236573295278567,1.0699201826570324,3.076051077177556,1.6803965688486042,2.3911975972742545,2.1522278771478454,3.7506217822781185,4.800333764383792,3.506062131275245
3.228957994755305,4.1804783974974296,2.6445205619032683,3.1372520753642847,5.994302380303298,5.874644613430922,3.9298677753790625,4.47618912506249,1.8522763758678964,1.646662529059944,2.236573295278567,1.0699201826570324,0.986050802712511,0.5762544040474584,3.1964022199660986,2.1522278771478454,4.591711869663227,3.449016008844124,3.2284248271237703
3.228957994755305,3.1115453583240567,0.7442385417919153,2.787383209252919,3.707470890246517,3.17689413229506,3.5828260453494396,2.8934606465599364,2.257596016227535,1.646662529059944,2.236573295278567,1.0699201826570324,3.076051077177556,1.6803965688486042,0.6078916537665502,2.3191129773696333,3.1368085035158106,1.8274347021965223,2.6731502188208216
0.3021795041138886,1.3626398742359633,4.061094431440822,1.4442425622321684,1.9232397276747424,1.6474256777006793,1.7014945615046417,1.8707745527582864,1.7943735701022336,1.646662529059944,2.236573295278567,2.404924813559527,3.076051077177556,2.7845387336497502,3.171702691662668,1.6515725764824811,1.4181313229813486,1.8274347021965223,1.1461450459877132
3.228957994755305,3.6179236352600017,3.059127548109382,2.4671642470492965,3.1797405463872597,4.122221573618701,3.6558874621977813,4.9144831652631975,4.284194218025726,1.646662529059944,2.236573295278567,1.0699201826570324,3.076051077177556,1.6803965688486042,0.8252475028367412,1.9853427769260572,3.593021075568877,3.1787524577361905,3.0896061750480333
3.228957994755305,1.2239411077968188,2.8863746371901677,1.5450522355184941,2.5012301042825005,2.1691394071104244,2.3955780215638875,2.3090685929589934,2.334799757248418,2.16657905409441,2.236573295278567,1.0699201826570324,0.986050802712511,0.5762544040474584,3.8929289181228475,1.4012449261497992,1.8461416633074985,1.8274347021965223,2.1178756105178733
1.7655687494345969,1.6543487036178557,2.1608124113294696,1.5065073604384285,1.6970695803064892,1.6608029528137496,1.6832292072925563,1.7246765393580508,1.775072634847013,3.206412104163342,2.236573295278567,3.739929444462023,3.076051077177556,3.888680898450896,1.1957404273882033,3.236981028589468,1.4297440066336087,1.8274347021965223,1.5626010022149246
1.7655687494345969,2.0766713462193245,0.8478902883434436,1.6310369568509482,1.671939563932239,1.6608029528137496,1.6466984988683855,1.6759772015579721,1.6399660880604667,2.6864955791288763,2.236573295278567,3.739929444462023,0.986050802712511,2.7845387336497502,1.9910652387586754,2.0687853270369514,1.4795126508575795,1.8274347021965223,1.4237823501391875
1.7655687494345969,1.6446839319530846,0.9515420348949719,1.5628421778631396,1.74732961305499,1.6295893108832518,1.7197599157167271,1.7733758771581294,1.620665152805246,1.646662529059944,2.236573295278567,2.404924813559527,3.076051077177556,2.7845387336497502,1.0376634462462462,2.1522278771478454,1.4463335547082656,4.259806662167925,1.2849636980634502
3.228957994755305,2.136146864156378,3.9228921027054513,2.493849160566265,1.671939563932239,2.1869757739278515,1.884148103625496,2.3090685929589934,3.859573642410867,3.206412104163342,2.236573295278567,2.404924813559527,3.076051077177556,2.7845387336497502,2.5443346727555256,3.6541937791439376,2.413504207460767,1.8274347021965223,2.950787522972296
3.228957994755305,2.7623590166858083,3.059127548109382,2.6243087377603334,2.275059956914247,1.718771144970388,1.756290624140898,2.260369255158915,5.6931624916568495,2.16657905409441,2.236573295278567,2.404924813559527,3.076051077177556,2.7845387336497502,0.9191057103897784,3.1535384784785734,2.4947929930265857,2.6382253555203232,2.811968870896559
3.228957994755305,1.7316668769360253,3.819240356153923,1.5302272835646227,1.6970695803064892,1.651884769405036,1.6466984988683855,1.6759772015579721,1.5820632822948042,2.6864955791288763,12.555767160837407,3.739929444462023,3.076051077177556,3.888680898450896,3.5668951445175607,3.5707512290330436,1.4164723681738831,1.8274347021965223,1.2849636980634502
3.228957994755305,0.2926381343496587,2.7827228906386394,1.6458619088048199,2.124279858668745,1.8837575380315894,1.7745559783529834,1.9681732283584434,1.5241604765291417,8.925493879542469,2.236573295278567,1.0699201826570324,0.986050802712511,0.5762544040474584,3.7941308049091242,0.48337687492996495,1.6221827642996294,1.8274347021965223,0.7296890897605017
3.228957994755305,3.4547376829202108,3.5773862808670236,2.295194804384388,2.425840055159749,3.439980542852111,2.7974158142297667,2.4795162752592685,5.345745657062874,1.646662529059944,2.236573295278567,1.0699201826570324,3.076051077177556,1.6803965688486042,0.7709085405691936,2.9032108281458915,3.0405891246828003,2.097698253304456,2.3955129146693475
3.228957994755305,1.5332602663178858,0.7096879596080725,1.470927475749137,1.671939563932239,1.6608029528137496,1.6466984988683855,1.6759772015579721,1.601364217550025,1.646662529059944,2.236573295278567,2.404924813559527,3.076051077177556,2.7845387336497502,2.2380605217929834,0.900589625484435,1.3866111816395006,3.449016008844124,1.1461450459877132
1.7655687494345969,1.4607744788321018,0.640586795240387,1.6666168415402396,1.6970695803064892,1.754443878605242,1.6466984988683855,1.7003268704580115,1.5434614117843624,2.6864955791288763,2.236573295278567,2.404924813559527,0.986050802712511,1.6803965688486042,3.67063316339197,2.6528831778132096,1.5292812950815504,1.8274347021965223,1.5626010022149246
1.7655687494345969,1.4801504874100324,3.78468977397008,1.5183673220015255,1.9483697440489927,1.736607511787815,1.884148103625496,1.8220752149582078,2.045285728420105,1.646662529059944,2.236573295278567,2.404924813559527,3.076051077177556,2.7845387336497502,1.9564858991338723,2.5694406277023156,1.5292812950815504,1.8274347021965223,1.4237823501391875
1.7655687494345969,3.499158460379448,0.7442385417919153,2.8022081612067904,4.084421135860272,3.074335023094854,4.715278006498735,2.9665096532600543,1.6785679585709086,1.646662529059944,2.236573295278567,2.404924813559527,3.076051077177556,2.7845387336497502,1.8675675972415213,3.0700959283676794,3.189895057354713,1.8274347021965223,4.20015539165393
3.228957994755305,1.555006002563621,2.9900263837416965,1.6517918895863684,1.9734997604232432,2.2181894158583493,2.4321087299880584,2.6256142886595044,5.094833498745002,4.246245154232274,2.236573295278567,2.404924813559527,3.076051077177556,2.7845387336497502,3.517496087910699,1.0674747257062231,2.1513893478811865,3.449016008844124,2.2566942625936104
3.228957994755305,1.9886661657718405,4.02654384925698,3.0245824405148616,1.9986297767974934,1.9952348306405092,1.9572095204738376,1.8220752149582078,1.9873829226544424,4.246245154232274,2.236573295278567,2.404924813559527,3.076051077177556,2.7845387336497502,2.3615581633101375,2.5694406277023156,2.473226580529532,2.908488906628257,3.2284248271237703
0.3021795041138886,3.215116396981629,2.0571606647779412,3.312186508419967,4.536761430596778,2.722066778450667,4.05772525486366,5.3771268743639435,2.952429685415486,1.646662529059944,2.236573295278567,1.0699201826570324,3.076051077177556,1.6803965688486042,0.9981442009607568,2.6528831778132096,3.58804421114648,3.1787524577361905,3.2284248271237703
1.7655687494345969,1.2561415249299266,1.1933961101818715,1.4531375334044911,1.671939563932239,1.6028347606571112,1.6466984988683855,1.6759772015579721,1.5048595412739207,1.646662529059944,2.236573295278567,3.739929444462023,3.076051077177556,3.888680898450896,0.7066897669802734,2.5694406277023156,1.3467962662603237,2.6382253555203232,1.007326393911976
1.7655687494345969,3.130270853424551,3.4737345343154953,5.328379974146481,2.2247999241657466,5.067549014942342,4.29517485962077,1.6759772015579721,4.9211250814480145,1.646662529059944,2.236573295278567,1.0699201826570324,3.076051077177556,1.6803965688486042,3.048205050145514,3.987963979587514,5.374738538787035,1.8274347021965223,3.922518087502456
0.3021795041138886,1.1258065032006803,0.6751373774242297,1.4412775718413942,1.7221995966807397,1.6429665859963223,1.7745559783529834,1.7977255460581685,1.9873829226544424,2.16657905409441,2.236573295278567,3.739929444462023,0.986050802712511,2.7845387336497502,3.0580848614668863,2.2356704272587393,1.4197902777888145,3.449016008844124,1.2849636980634502
1.7655687494345969,1.178823351611757,2.851824055006325,1.4649974949675884,1.671939563932239,1.6474256777006793,1.6832292072925563,1.6759772015579721,1.6785679585709086,1.646662529059944,2.236573295278567,2.404924813559527,3.076051077177556,2.7845387336497502,2.8110895784325782,1.1509172758171171,1.388270136446966,1.8274347021965223,1.1461450459877132
3.228957994755305,3.199875795510259,2.9900263837416965,2.4582692758769733,2.7776602843992544,3.9706124556705698,1.9572095204738376,1.6759772015579721,1.9873829226544424,1.646662529059944,2.236573295278567,1.0699201826570324,0.986050802712511,0.5762544040474584,3.7101524086774598,0.984032175595329,2.93275706219753,1.8274347021965223,3.367243479199508
3.228957994755305,1.8970366959500673,4.02654384925698,1.9986957653069595,1.7975896458034906,1.825789345874951,1.6466984988683855,1.7977255460581685,1.775072634847013,3.206412104163342,2.236573295278567,2.404924813559527,3.076051077177556,2.7845387336497502,3.8929289181228475,1.9019002268151632,1.7748066065864734,1.8274347021965223,2.1178756105178733
1.7655687494345969,2.396770442366482,1.7462054251233559,2.1439802944548996,1.671939563932239,1.6429665859963223,1.6466984988683855,1.6759772015579721,1.9680819873992217,1.646662529059944,2.236573295278567,1.0699201826570324,3.076051077177556,1.6803965688486042,2.188661465186122,3.821078879365726,1.788078245046199,1.8274347021965223,2.1178756105178733
3.228957994755305,3.275707080880002,3.646487445234709,3.30032654685687,2.3755800224112487,3.778871512383228,2.194659125230948,2.016872566158522,2.5664109803110686,1.646662529059944,2.236573295278567,1.0699201826570324,0.986050802712511,0.5762544040474584,3.448337408661093,3.7376363292548316,3.4005823179028565,1.8274347021965223,3.506062131275245
3.228957994755305,3.0608982375807843,3.542835698683181,2.4256543815784566,2.3755800224112487,2.8469213461726577,5.007523673892102,2.9908593221600936,2.527809109800627,1.646662529059944,2.236573295278567,1.0699201826570324,3.076051077177556,1.6803965688486042,2.835789106736009,0.817147075373541,2.882988417973559,1.8274347021965223,2.811968870896559
1.7655687494345969,2.8397236552523664,0.7442385417919153,4.687942049739235,1.671939563932239,1.7901166122400967,1.6466984988683855,1.6759772015579721,2.1417904046962093,6.845827779404605,2.236573295278567,3.739929444462023,3.076051077177556,3.888680898450896,3.729912031320204,3.987963979587514,3.281137571765326,2.908488906628257,2.950787522972296
3.228957994755305,2.948963454213314,1.8153065894910416,3.63240547062359,2.1494098750429953,2.396553084032621,1.8658827494134105,1.6759772015579721,5.345745657062874,2.16657905409441,2.236573295278567,3.739929444462023,3.076051077177556,3.888680898450896,2.2627600500964142,3.236981028589468,3.242981611193615,2.6382253555203232,3.922518087502456
1.7655687494345969,1.8711555525977712,1.435250185468771,1.7970764187343082,3.7577309229950178,2.7800349706073053,3.199253606895646,3.11260766666029,2.1610913399514304,2.16657905409441,2.236573295278567,1.0699201826570324,0.986050802712511,0.5762544040474584,3.230981559590902,0.817147075373541,2.4101862978458355,3.449016008844124,3.0896061750480333
1.7655687494345969,1.5858589274934674,1.91895833604257,1.4738924661399113,1.671939563932239,1.625130219178895,1.7197599157167271,1.7246765393580508,1.8715773111231173,2.16657905409441,2.236573295278567,3.739929444462023,0.986050802712511,2.7845387336497502,0.7906681632119381,1.9853427769260572,1.4081775941365544,2.6382253555203232,1.1461450459877132
1.7655687494345969,2.9642969861814605,1.4006996032849282,2.606518795415688,2.1494098750429953,1.8971348131446597,1.8658827494134105,1.6759772015579721,1.6592670233156877,1.646662529059944,2.236573295278567,2.404924813559527,3.076051077177556,2.7845387336497502,0.9783845783180123,2.7363257279241036,2.166319941148378,1.8274347021965223,2.811968870896559
3.228957994755305,0.7030192081153284,1.2970478567333998,1.4590675141860399,1.7724596294292403,1.607293852361468,1.7014945615046417,1.74902620825809,1.755771699591792,2.6864955791288763,2.236573295278567,3.739929444462023,3.076051077177556,3.888680898450896,3.8237702388732413,2.9866533782567855,1.389929091254432,1.8274347021965223,1.2849636980634502
3.228957994755305,3.8007643876680532,0.8824408705272864,3.0008625173886676,4.612151479719529,4.6127216610979485,4.094255963287831,2.7473626331597005,4.322796088536167,1.646662529059944,2.236573295278567,1.0699201826570324,0.986050802712511,0.5762544040474584,0.8795864651042891,0.399934324819071,4.064164240889135,4.5300702132758595,3.644880783350982
0.3021795041138886,2.9015689008572245,2.4372170688002117,5.0318809350690525,2.5012301042825005,2.699771319928883,2.815681168441852,4.500538793962529,4.361397959046609,5.286078204301206,2.236573295278567,2.404924813559527,0.986050802712511,1.6803965688486042,4.021366465300687,2.6528831778132096,4.356140287003098,1.8274347021965223,4.061336739578193
3.228957994755305,0.9559760203413594,3.78468977397008,1.43831258145062,1.7221995966807397,1.6206711274745382,1.6466984988683855,1.7733758771581294,1.5241604765291417,1.646662529059944,2.236573295278567,1.0699201826570324,0.986050802712511,0.5762544040474584,4.016426559640001,3.4038661288112557,1.3567499951051178,1.8274347021965223,1.007326393911976
3.228957994755305,3.03385546301878,3.8537909383377658,2.7458733437820793,2.7776602843992544,3.292830516608337,1.847617395201325,1.8707745527582864,1.8136745053574548,1.646662529059944,12.555767160837407,1.0699201826570324,3.076051077177556,1.6803965688486042,1.1661009934240865,1.5681300263715872,2.8299018641346567,1.8274347021965223,3.783699435426719
1.7655687494345969,1.4479500702769244,3.335532205580124,1.5065073604384285,1.671939563932239,1.6563438611093928,1.6832292072925563,1.7003268704580115,1.5241604765291417,2.16657905409441,2.236573295278567,2.404924813559527,3.076051077177556,2.7845387336497502,0.7610287292478213,2.1522278771478454,1.4032007297141575,1.8274347021965223,1.4237823501391875
3.228957994755305,3.2053122295716925,1.435250185468771,3.61165053788817,4.536761430596778,2.833544071059587,3.1444575442593896,3.5265520379609576,5.152736304510665,4.246245154232274,2.236573295278567,2.404924813559527,3.076051077177556,2.7845387336497502,3.418697974696976,2.5694406277023156,3.7771650591975696,1.8274347021965223,3.2284248271237703
3.228957994755305,2.704045129958463,3.508285116499338,2.8318580651145333,2.1996699077914963,2.374257625510837,1.9937402288980084,2.1873202484587972,2.5664109803110686,2.6864955791288763,2.236573295278567,2.404924813559527,3.076051077177556,2.7845387336497502,3.433517691679034,3.4873086789221497,2.5976481910894593,1.8274347021965223,3.367243479199508
3.228957994755305,1.7653077167691713,3.819240356153923,1.524297302783074,1.671939563932239,1.6117529440658247,1.6832292072925563,1.6759772015579721,1.6399660880604667,2.16657905409441,2.236573295278567,2.404924813559527,3.076051077177556,2.7845387336497502,1.2056202387095758,3.6541937791439376,1.404859684521623,1.8274347021965223,1.2849636980634502
3.228957994755305,2.0853603476679408,0.7787891239757581,2.283334842821291,1.9232397276747424,1.7232302366747447,1.7197599157167271,1.9194738905583648,3.8981755129213083,1.646662529059944,2.236573295278567,1.0699201826570324,3.076051077177556,1.6803965688486042,2.2973393897212175,3.236981028589468,2.1016207036572156,1.8274347021965223,2.3955129146693475
3.228957994755305,4.024680419651382,1.7462054251233559,4.542657520591295,6.145082478548801,4.064253381462063,3.0531307731989625,5.036231509763393,3.7630689661347625,1.646662529059944,2.236573295278567,1.0699201826570324,3.076051077177556,1.6803965688486042,2.37143797463151,2.9866533782567855,4.83723718116815,2.097698253304456,3.367243479199508
1.7655687494345969,3.970037287546714,1.573452514204142,4.397372991443355,2.7776602843992544,2.066580297910218,2.7060890431693396,2.7473626331597005,2.334799757248418,1.646662529059944,2.236573295278567,1.0699201826570324,3.076051077177556,1.6803965688486042,2.682652031254738,1.317802376038905,3.48021214866121,3.9895431110599917,3.922518087502456
0.3021795041138886,1.1698555586728108,0.9860926170788147,1.4561025237952654,1.6970695803064892,1.6206711274745382,1.6466984988683855,1.74902620825809,1.5241604765291417,2.16657905409441,2.236573295278567,3.739929444462023,3.076051077177556,3.888680898450896,2.134322502918574,1.735015126593375,1.3633858143349806,1.8274347021965223,1.1461450459877132
1.7655687494345969,2.2435280531817927,0.9515420348949719,2.1232253617194794,2.023759793171744,1.932807546779514,1.9937402288980084,1.9194738905583648,2.296197886737976,2.16657905409441,2.236573295278567,2.404924813559527,0.986050802712511,1.6803965688486042,1.368637125512219,2.4025555274805273,1.9838349123271513,1.8274347021965223,2.3955129146693475
1.7655687494345969,1.8253408176868846,2.8863746371901677,1.450172543013717,1.7221995966807397,1.6162120357701815,1.6832292072925563,1.6759772015579721,1.5434614117843624,1.646662529059944,2.236573295278567,2.404924813559527,3.076051077177556,2.7845387336497502,2.7271111822009133,1.5681300263715872,1.3600679047200492,1.8274347021965223,1.007326393911976
3.228957994755305,2.999982296943693,2.9900263837416965,2.173630198362642,4.385981332351276,3.078794114799211,2.8339465226539375,3.9161467403615866,3.743768030879542,1.646662529059944,2.236573295278567,1.0699201826570324,0.986050802712511,0.5762544040474584,1.1018822198351663,2.6528831778132096,2.9310981073900644,1.8274347021965223,2.2566942625936104
3.228957994755305,1.6255867148654837,1.1933961101818715,1.9393959574914739,1.9232397276747424,2.14684394858864,2.0302709373221792,1.9925228972584828,1.7943735701022336,4.246245154232274,2.236573295278567,2.404924813559527,3.076051077177556,2.7845387336497502,3.4977364652679546,2.1522278771478454,1.9191356748359891,3.449016008844124,2.3955129146693475
3.228957994755305,3.6115578962308015,1.0551937814465004,3.1046371810657676,2.7274002516507534,4.033039739531565,2.815681168441852,3.696999720261233,3.3963511962855657,1.646662529059944,2.236573295278567,1.0699201826570324,3.076051077177556,1.6803965688486042,3.9275082577476503,3.4038661288112557,3.6510844938301767,3.449016008844124,2.6731502188208216
3.228957994755305,1.8004819097991318,3.9228921027054513,1.4442425622321684,1.671939563932239,1.625130219178895,1.6832292072925563,1.6759772015579721,1.4855586060186998,1.646662529059944,2.236573295278567,2.404924813559527,3.076051077177556,2.7845387336497502,2.1491422199006327,1.234359825928011,1.3517731306827208,1.8274347021965223,1.007326393911976
1.7655687494345969,3.4205392601064055,1.1933961101818715,4.15127878900909,3.104350497264509,5.344012700612463,3.4549685658648417,2.601264619759465,4.052582994963076,1.646662529059944,2.236573295278567,1.0699201826570324,0.986050802712511,0.5762544040474584,3.1173637293951204,2.2356704272587393,4.789127491751644,3.719279559952058,3.2284248271237703
3.228957994755305,2.4395649361321277,2.229913575697155,3.36259134506313,1.8729796949262416,2.2939939748324147,2.0302709373221792,1.6759772015579721,4.226291412260063,3.206412104163342,2.236573295278567,2.404924813559527,3.076051077177556,2.7845387336497502,3.107483918073748,1.6515725764824811,2.9543234746945837,1.8274347021965223,3.644880783350982
3.228957994755305,1.0423549170952522,0.7442385417919153,1.4412775718413942,1.6970695803064892,1.6206711274745382,1.6832292072925563,1.7003268704580115,1.5241604765291417,2.16657905409441,2.236573295278567,3.739929444462023,0.986050802712511,2.7845387336497502,1.8725075029022076,2.2356704272587393,1.3550910402976521,1.8274347021965223,1.1461450459877132
1.7655687494345969,3.8440699991659706,3.4046333699478097,1.880096149675988,2.3504500060369984,2.048743931092791,3.5828260453494396,2.9908593221600936,3.0489343616915905,1.126746004025478,2.236573295278567,1.0699201826570324,3.076051077177556,1.6803965688486042,3.260620993555019,3.236981028589468,2.1945221728752946,6.692178622139329,3.644880783350982
3.228957994755305,1.953677833735433,3.3009816233962814,1.4531375334044911,1.671939563932239,1.6295893108832518,1.6832292072925563,1.7003268704580115,1.5434614117843624,1.646662529059944,2.236573295278567,2.404924813559527,3.076051077177556,2.7845387336497502,0.8697066537829168,1.1509172758171171,1.3650447691424463,1.8274347021965223,1.007326393911976
1.7655687494345969,3.2507552424954724,0.640586795240387,2.4256543815784566,4.938841692584784,3.422144176034684,6.030383509768885,2.4551666063592292,2.3154988219931973,1.646662529059944,2.236573295278567,1.0699201826570324,0.986050802712511,0.5762544040474584,1.1018822198351663,3.236981028589468,3.304362939069846,3.449016008844124,2.811968870896559
1.7655687494345969,3.9083779029354098,2.7827228906386394,4.2105785968245755,2.1494098750429953,5.34847179231682,2.103332354170521,3.9891957470617045,2.218994145717093,1.646662529059944,2.236573295278567,1.0699201826570324,3.076051077177556,1.6803965688486042,0.7412691066050765,1.9853427769260572,4.5751223215885695,3.1787524577361905,3.2284248271237703
1.7655687494345969,1.7405882046265835,3.78468977397008,1.6310369568509482,1.8729796949262416,1.669721136222463,1.9937402288980084,1.8707745527582864,1.7171698290813504,2.16657905409441,2.236573295278567,2.404924813559527,0.986050802712511,1.6803965688486042,0.9042859934077199,1.9019002268151632,1.547529797963673,1.8274347021965223,1.5626010022149246
3.228957994755305,3.235700502017656,1.4698007676526137,2.1024704289840592,2.249929940539997,3.3240441585388347,2.413843375775973,2.1873202484587972,2.933128750160265,1.646662529059944,2.236573295278567,1.0699201826570324,3.076051077177556,1.6803965688486042,2.1195027859365156,3.1535384784785734,2.6158966939715818,1.8274347021965223,2.811968870896559
1.7655687494345969,1.7121514726129297,0.7096879596080725,1.5420872451277199,1.7724596294292403,1.6875575030398902,1.7014945615046417,1.74902620825809,1.5434614117843624,2.6864955791288763,2.236573295278567,3.739929444462023,0.986050802712511,2.7845387336497502,2.4257769368990574,2.0687853270369514,1.447992509515731,1.8274347021965223,1.4237823501391875
1.7655687494345969,2.5791000770422623,1.4006996032849282,1.7407416013095967,1.671939563932239,1.6295893108832518,1.6832292072925563,1.7003268704580115,1.5627623470395833,2.6864955791288763,2.236573295278567,3.739929444462023,3.076051077177556,3.888680898450896,1.1265817481385971,2.6528831778132096,1.5276223402740845,1.8274347021965223,1.5626010022149246
3.228957994755305,2.792329101896277,2.575419397535583,1.909746053583731,2.928440382644756,2.0353666559797206,2.6512929805330834,2.4064672685591506,2.006683857909663,1.646662529059944,2.236573295278567,2.404924813559527,0.986050802712511,1.6803965688486042,2.1985412765074943,1.4846874762606932,2.030285646936191,1.8274347021965223,2.5343315667450845
3.228957994755305,3.6276813374215493,2.5063182331678973,3.1313220945827362,1.8729796949262416,2.552621293685109,2.0302709373221792,2.0655719039586007,2.1224894694409886,1.646662529059944,2.236573295278567,2.404924813559527,0.986050802712511,1.6803965688486042,0.7215094839623319,3.236981028589468,2.7668615814509603,1.8274347021965223,2.2566942625936104
0.3021795041138886,3.6791183673874235,3.093678130293225,1.9038160728021825,3.682340873872267,3.234862324451699,2.8704772310781084,2.6256142886595044,2.2768969514827555,1.646662529059944,2.236573295278567,1.0699201826570324,0.986050802712511,0.5762544040474584,3.581714861499619,0.900589625484435,2.581058643014802,1.8274347021965223,2.5343315667450845
1.7655687494345969,1.2015913233220354,1.9535089182264127,1.4472075526229427,1.671939563932239,1.6117529440658247,1.6466984988683855,1.6759772015579721,1.5048595412739207,1.646662529059944,2.236573295278567,2.404924813559527,3.076051077177556,2.7845387336497502,2.722171276540227,1.234359825928011,1.3467962662603237,1.8274347021965223,1.007326393911976
3.228957994755305,2.557679597535245,2.7827228906386394,3.2499217102137075,2.551490137031001,2.3029121582411283,2.7060890431693396,2.528215613059347,2.1610913399514304,2.16657905409441,2.236573295278567,2.404924813559527,3.076051077177556,2.7845387336497502,3.270500804876391,1.4846874762606932,2.881329463166093,1.8274347021965223,3.783699435426719
3.228957994755305,3.8147504274329385,3.335532205580124,4.08901399080283,5.7178722001865445,3.5068669184174635,5.044054382316274,5.596273894464297,2.006683857909663,1.126746004025478,2.236573295278567,1.0699201826570324,0.986050802712511,0.5762544040474584,1.8922671255449521,1.8184576767042693,4.415862660071863,5.8813879688155275,2.950787522972296
0.3021795041138886,2.4384962354191964,1.262497274549557,1.636966937632497,3.0289604481417576,2.0754984813189314,3.107926835835219,1.8951242216583257,2.354100692503639,2.16657905409441,2.236573295278567,2.404924813559527,3.076051077177556,2.7845387336497502,2.588793823701701,1.4846874762606932,1.935725222910646,1.8274347021965223,2.2566942625936104
3.228957994755305,1.708898905225747,3.9228921027054513,1.785216457171211,2.1494098750429953,2.508030376641541,2.103332354170521,2.1386209106587186,2.527809109800627,4.246245154232274,2.236573295278567,2.404924813559527,3.076051077177556,2.7845387336497502,2.223240804810925,0.900589625484435,2.061805788278039,1.8274347021965223,2.5343315667450845
3.228957994755305,2.390962286317942,2.9209252193740105,2.055030582731671,1.7221995966807397,1.7232302366747447,1.7745559783529834,1.846424883858247,1.6785679585709086,2.16657905409441,2.236573295278567,2.404924813559527,3.076051077177556,2.7845387336497502,1.8033488236526012,2.2356704272587393,1.7698297421640765,1.8274347021965223,2.1178756105178733
3.228957994755305,1.3146412726508254,1.6080030963879848,1.462032504576814,1.671939563932239,1.6608029528137496,1.7745559783529834,1.8220752149582078,1.890878246378338,1.646662529059944,2.236573295278567,2.404924813559527,3.076051077177556,2.7845387336497502,1.0673028802103632,2.0687853270369514,1.4280850518261428,1.8274347021965223,1.2849636980634502
1.7655687494345969,3.453064933978231,3.335532205580124,3.682810307266753,3.0038304317675073,3.3730941672867596,1.9572095204738376,3.940496409261626,1.4855586060186998,1.646662529059944,2.236573295278567,1.0699201826570324,0.986050802712511,0.5762544040474584,1.704550710438878,3.0700959283676794,3.521686018847852,2.097698253304456,3.367243479199508
1.7655687494345969,2.2833023058021973,1.0897443636303432,1.586562100989334,1.671939563932239,1.625130219178895,1.6466984988683855,1.6759772015579721,1.5241604765291417,1.646662529059944,2.236573295278567,2.404924813559527,3.076051077177556,2.7845387336497502,0.6375310877306672,3.7376363292548316,1.4314029614410742,1.8274347021965223,1.2849636980634502
0.3021795041138886,0.6312303993553692,1.573452514204142,1.450172543013717,1.7724596294292403,1.6474256777006793,1.9206788120496667,1.8707745527582864,1.8136745053574548,2.16657905409441,2.236573295278567,1.0699201826570324,3.076051077177556,1.6803965688486042,2.218300899150239,2.2356704272587393,1.43306191624854,1.8274347021965223,1.4237823501391875
0.3021795041138886,2.961369675532996,1.2279466923657143,2.588728853071042,2.47610008790825,1.9015939048490165,2.0302709373221792,2.4551666063592292,1.7943735701022336,2.16657905409441,2.236573295278567,2.404924813559527,3.076051077177556,2.7845387336497502,1.3291178802267298,1.9019002268151632,2.259221410366457,2.908488906628257,2.950787522972296
3.228957994755305,3.008624833143921,3.093678130293225,2.0194506980423794,1.898109711300492,1.8436257126923783,2.012005583110094,2.1873202484587972,1.601364217550025,4.76616167926674,2.236573295278567,3.739929444462023,3.076051077177556,3.888680898450896,0.7313892952837042,2.6528831778132096,1.8444827085000328,1.8274347021965223,2.2566942625936104
3.228957994755305,3.4868916348049304,3.370082787763967,2.9593526519178273,3.0792204808902586,3.591589660800242,3.2175189611077313,2.4795162752592685,1.7943735701022336,1.646662529059944,2.236573295278567,1.0699201826570324,0.986050802712511,0.5762544040474584,3.0037458991993384,3.5707512290330436,3.244640566001081,1.8274347021965223,2.6731502188208216
0.3021795041138886,3.715732983117422,0.6751373774242297,3.531595797337264,2.8027903007735047,2.1022530315450725,2.194659125230948,5.571924225564258,2.354100692503639,1.646662529059944,2.236573295278567,1.0699201826570324,0.986050802712511,0.5762544040474584,2.983986276556594,1.1509172758171171,3.158374916012865,3.719279559952058,2.6731502188208216
1.7655687494345969,2.450391339006607,3.335532205580124,1.4649974949675884,1.671939563932239,1.607293852361468,1.6466984988683855,1.6759772015579721,1.4855586060186998,1.646662529059944,2.236573295278567,3.739929444462023,0.986050802712511,2.7845387336497502,1.2797188236198682,1.9853427769260572,1.3534320854901865,1.8274347021965223,1.007326393911976
1.7655687494345969,4.5093129603415925,1.435250185468771,4.394408001052581,2.1494098750429953,4.7598716873417235,3.9298677753790625,4.47618912506249,2.218994145717093,1.126746004025478,2.236573295278567,1.0699201826570324,0.986050802712511,0.5762544040474584,1.2401995783343789,3.0700959283676794,4.658070061961855,2.908488906628257,3.2284248271237703
1.7655687494345969,0.6755582463178296,3.231880459028596,1.4857524277030083,1.74732961305499,1.669721136222463,1.7014945615046417,1.7003268704580115,1.4855586060186998,2.6864955791288763,2.236573295278567,2.404924813559527,0.986050802712511,1.6803965688486042,2.0849234463117123,1.0674747257062231,1.3998828200992262,1.8274347021965223,1.4237823501391875
3.228957994755305,3.256702794289178,3.059127548109382,5.058565848586021,2.3755800224112487,2.213730324153992,1.6466984988683855,2.016872566158522,4.728115728895806,2.6864955791288763,2.236573295278567,2.404924813559527,3.076051077177556,2.7845387336497502,2.094803257633085,2.1522278771478454,3.9380836755217423,4.259806662167925,2.1178756105178733
1.7655687494345969,1.479407043435819,0.9860926170788147,1.4768574565306856,1.7221995966807397,1.669721136222463,1.7014945615046417,1.6759772015579721,1.9487810521440008,1.646662529059944,2.236573295278567,2.404924813559527,3.076051077177556,2.7845387336497502,1.8527478802594628,1.1509172758171171,1.4314029614410742,4.259806662167925,1.1461450459877132
1.7655687494345969,1.6045379573455734,1.4698007676526137,1.690336764666434,2.6520102025280026,1.8302484375793078,2.815681168441852,2.357767930759072,4.438601700067492,1.646662529059944,2.236573295278567,1.0699201826570324,3.076051077177556,1.6803965688486042,1.981185427437303,1.1509172758171171,2.0336035565511223,4.259806662167925,2.1178756105178733
0.3021795041138886,0.9713095523095061,2.264464157880998,1.4353475910598457,2.249929940539997,1.6385074942919655,1.7928213325650688,1.8220752149582078,2.37340162775886,1.646662529059944,2.236573295278567,1.0699201826570324,3.076051077177556,1.6803965688486042,3.201342125626785,2.5694406277023156,1.4861484700874423,1.8274347021965223,1.2849636980634502
0.3021795041138886,2.104643425749095,4.02654384925698,2.9356327287916333,1.9483697440489927,1.8525438961010918,2.06680164574635,1.7977255460581685,2.045285728420105,3.726328629197808,2.236573295278567,2.404924813559527,3.076051077177556,2.7845387336497502,2.0207046727227924,1.5681300263715872,2.380325111311453,1.8274347021965223,3.0896061750480333
3.228957994755305,3.1984818380586093,0.7787891239757581,2.559078949163299,2.3755800224112487,2.548162201980752,3.1809882526835604,2.357767930759072,1.890878246378338,2.16657905409441,2.236573295278567,2.404924813559527,0.986050802712511,1.6803965688486042,1.9021469368663244,2.4025555274805273,2.582717597822268,1.8274347021965223,3.367243479199508
1.7655687494345969,1.3881492956011527,1.1588455279980288,1.648826899195594,1.671939563932239,1.7767393371270264,1.6832292072925563,1.7003268704580115,1.601364217550025,2.16657905409441,2.236573295278567,2.404924813559527,3.076051077177556,2.7845387336497502,3.4730369369645238,1.4846874762606932,1.5342581595039475,1.8274347021965223,1.5626010022149246
1.7655687494345969,2.3373878549262055,2.9554758015578533,1.8623062073313426,1.671939563932239,2.0041530140492227,1.7745559783529834,1.9925228972584828,2.894526879649823,3.726328629197808,2.236573295278567,3.739929444462023,0.986050802712511,2.7845387336497502,2.6036135406837593,1.9853427769260572,1.8776618046493467,1.8274347021965223,2.1178756105178733
3.228957994755305,2.174387763579968,1.7462054251233559,1.4976123892661055,2.0991498422944947,1.692016594744247,2.4321087299880584,2.162970579558758,1.6592670233156877,1.646662529059944,2.236573295278567,2.404924813559527,0.986050802712511,1.6803965688486042,1.5118943896721178,1.4846874762606932,1.5508477075786045,1.8274347021965223,1.5626010022149246
3.228957994755305,2.091122038468093,2.0226100825940985,1.7555665532634683,1.7975896458034906,2.2003530490409218,2.1215977083826063,2.236019586258876,2.045285728420105,2.16657905409441,2.236573295278567,2.404924813559527,3.076051077177556,2.7845387336497502,3.4927965596072683,3.5707512290330436,1.8743438950344153,1.8274347021965223,2.2566942625936104
3.228957994755305,1.7574086245431564,2.5063182331678973,1.918641024756054,1.74732961305499,2.24494396608449,1.7197599157167271,2.260369255158915,2.2768969514827555,4.76616167926674,2.236573295278567,3.739929444462023,0.986050802712511,2.7845387336497502,3.3445993897866835,2.9032108281458915,1.963927454637563,3.449016008844124,2.3955129146693475
3.228957994755305,3.9322610406070075,3.335532205580124,4.266913414249287,2.853050333522005,3.7922487874962982,3.1444575442593896,2.8204116398598185,3.3191474552646825,3.206412104163342,2.236573295278567,3.739929444462023,0.986050802712511,2.7845387336497502,3.996666936997257,2.5694406277023156,4.183608987026665,1.8274347021965223,2.5343315667450845
3.228957994755305,2.1002756924005928,3.8883415205216085,1.5509822163000426,1.671939563932239,1.6652620445181063,1.7014945615046417,1.7003268704580115,1.7943735701022336,2.16657905409441,2.236573295278567,5.074934075364517,3.076051077177556,4.992823063252041,0.9141658047290921,1.6515725764824811,1.4562872835530598,1.8274347021965223,1.2849636980634502
0.3021795041138886,0.6900554038149862,2.402666486616369,1.4323826006690714,1.74732961305499,1.607293852361468,1.6832292072925563,1.74902620825809,1.6978688938261293,1.646662529059944,2.236573295278567,1.0699201826570324,0.986050802712511,0.5762544040474584,3.2211017482695294,0.984032175595329,1.366703723949912,1.8274347021965223,1.007326393911976
0.3021795041138886,2.893298086644103,2.091711246961784,1.9512559190545709,2.400710038785499,5.2369944997079,1.6466984988683855,2.4795162752592685,3.647263354603437,1.646662529059944,2.236573295278567,1.0699201826570324,0.986050802712511,0.5762544040474584,1.5316540123148623,3.7376363292548316,3.2645480236906694,3.449016008844124,3.922518087502456
1.7655687494345969,3.0504900219418,2.9554758015578533,3.8458847787593387,1.8729796949262416,1.825789345874951,1.847617395201325,1.6759772015579721,2.8366240738841606,3.206412104163342,2.236573295278567,2.404924813559527,3.076051077177556,2.7845387336497502,3.206282031287471,3.821078879365726,2.914508559315407,2.908488906628257,2.3955129146693475
3.228957994755305,1.124459010997419,3.646487445234709,1.4472075526229427,1.6970695803064892,1.5983756689527544,1.6832292072925563,1.6759772015579721,1.5627623470395833,1.646662529059944,2.236573295278567,3.739929444462023,0.986050802712511,2.7845387336497502,1.8823873142235799,2.485998077591421,1.3517731306827208,1.8274347021965223,1.007326393911976
3.228957994755305,1.9033559697308793,1.6425536785718275,1.4531375334044911,1.7724596294292403,1.6786393196311766,1.756290624140898,1.74902620825809,1.7943735701022336,1.646662529059944,2.236573295278567,2.404924813559527,3.076051077177556,2.7845387336497502,0.6968099556589011,1.5681300263715872,1.42144923259628,1.8274347021965223,1.1461450459877132
3.228957994755305,3.8973191738189885,3.7155886096023947,3.555315720463459,2.7274002516507534,5.442112718108313,5.646811071315092,2.4064672685591506,3.106837167457253,2.16657905409441,2.236573295278567,2.404924813559527,3.076051077177556,2.7845387336497502,3.5224359935713854,1.735015126593375,4.571804411973638,2.097698253304456,3.644880783350982
3.228957994755305,3.30707112354212,3.197329876844753,4.593062357234458,5.139881823578786,4.933776263811638,1.6466984988683855,2.1386209106587186,2.2382950809723137,1.646662529059944,2.236573295278567,1.0699201826570324,0.986050802712511,0.5762544040474584,1.7885291066705427,0.984032175595329,4.6663648359991825,6.151651519923461,3.367243479199508
0.3021795041138886,2.2274975424878214,3.991993267073137,1.9216060151468282,1.7975896458034906,2.066580297910218,1.847617395201325,1.8707745527582864,2.045285728420105,2.16657905409441,2.236573295278567,2.404924813559527,3.076051077177556,2.7845387336497502,0.7659686349085073,1.9019002268151632,1.8677080758045526,1.8274347021965223,2.2566942625936104
1.7655687494345969,1.628514025513948,2.817273472822482,1.5154023316107512,1.7724596294292403,1.7410666034921718,1.6832292072925563,1.7733758771581294,1.5627623470395833,2.6864955791288763,2.236573295278567,3.739929444462023,3.076051077177556,3.888680898450896,4.011486653979316,2.4025555274805273,1.454628328745594,1.8274347021965223,1.4237823501391875
1.7655687494345969,3.9015010461739377,3.681038027418552,3.5464207492911357,3.5818208083752654,3.3507987087649758,3.7654795874702938,1.6759772015579721,1.7171698290813504,1.646662529059944,2.236573295278567,1.0699201826570324,0.986050802712511,0.5762544040474584,2.6727722199333654,2.9032108281458915,3.5050964707731955,3.449016008844124,3.2284248271237703
1.7655687494345969,0.4297570823436003,1.8153065894910416,1.4531375334044911,1.7724596294292403,1.6340484025876088,1.6832292072925563,1.7246765393580508,1.5627623470395833,2.16657905409441,2.236573295278567,1.0699201826570324,0.986050802712511,0.5762544040474584,0.7758484462298796,0.6502619751517529,1.3766574527947064,1.8274347021965223,1.4237823501391875
3.228957994755305,2.227915729723316,3.4391839521316525,2.108400409765608,1.7975896458034906,1.8391666209880213,1.7014945615046417,1.7246765393580508,1.8715773111231173,2.16657905409441,2.236573295278567,2.404924813559527,3.076051077177556,2.7845387336497502,3.1173637293951204,2.9866533782567855,1.84945957292243,1.8274347021965223,2.2566942625936104
1.7655687494345969,2.5276630470763886,2.8863746371901677,2.3782145353260677,2.8781803498962555,2.1825166822234947,2.3590473131397167,3.4291533623608004,2.4120034982693017,3.206412104163342,2.236573295278567,2.404924813559527,3.076051077177556,2.7845387336497502,2.43565674822043,3.6541937791439376,2.421798981498095,1.8274347021965223,3.0896061750480333
3.228957994755305,1.6460314241563458,2.402666486616369,1.4976123892661055,1.671939563932239,1.7053938698573174,1.7745559783529834,2.0412222350585614,1.5434614117843624,1.646662529059944,2.236573295278567,2.404924813559527,3.076051077177556,2.7845387336497502,3.1272435407164925,0.6502619751517529,1.449651464323197,1.8274347021965223,1.4237823501391875
0.3021795041138886,0.9084885364884931,3.2664310412124387,1.4323826006690714,1.7975896458034906,1.625130219178895,1.7197599157167271,1.8707745527582864,1.8715773111231173,2.16657905409441,2.236573295278567,2.404924813559527,0.986050802712511,1.6803965688486042,0.8301874084974274,1.5681300263715872,1.4032007297141575,1.8274347021965223,1.2849636980634502
1.7655687494345969,1.4724372561775707,3.2664310412124387,1.5954570721616568,1.671939563932239,1.6429665859963223,1.6466984988683855,1.6759772015579721,1.8329754406126755,2.16657905409441,2.236573295278567,2.404924813559527,0.986050802712511,1.6803965688486042,2.1491422199006327,2.9032108281458915,1.4695589220127854,1.8274347021965223,1.4237823501391875
3.228957994755305,2.8601683645432283,3.542835698683181,2.9356327287916333,4.788061594339283,2.699771319928883,2.5599662094726563,2.601264619759465,4.071883930218297,1.646662529059944,2.236573295278567,1.0699201826570324,0.986050802712511,0.5762544040474584,1.7539497670457396,4.32173418003109,3.156715961205399,1.8274347021965223,3.922518087502456
1.7655687494345969,0.9072339747820084,2.575419397535583,1.5154023316107512,1.671939563932239,1.7009347781529607,1.6832292072925563,1.7246765393580508,1.5434614117843624,3.206412104163342,2.236573295278567,2.404924813559527,3.076051077177556,2.7845387336497502,1.3735770311729052,1.9019002268151632,1.4280850518261428,1.8274347021965223,1.5626010022149246
3.228957994755305,1.8786829228366797,1.711654842939513,1.565807168253914,1.8478496785519913,1.8525438961010918,1.6832292072925563,1.7733758771581294,2.006683857909663,2.16657905409441,2.236573295278567,2.404924813559527,3.076051077177556,2.7845387336497502,1.6847910877961334,1.317802376038905,1.5674372556532614,4.259806662167925,1.5626010022149246
3.228957994755305,2.449647895032394,0.640586795240387,2.7755232476898217,1.671939563932239,2.351962166989053,1.7928213325650688,2.1386209106587186,2.103188534185768,7.365744304439071,2.236573295278567,3.739929444462023,3.076051077177556,3.888680898450896,3.8138904275518692,3.4038661288112557,2.461613896877272,1.8274347021965223,3.2284248271237703
1.7655687494345969,2.60270442322353,3.78468977397008,2.4671642470492965,1.74732961305499,1.7633620620139558,1.6466984988683855,1.6759772015579721,1.8522763758678964,2.16657905409441,2.236573295278567,2.404924813559527,3.076051077177556,2.7845387336497502,1.7193704274209365,3.5707512290330436,2.0087192344391367,1.8274347021965223,2.5343315667450845
3.228957994755305,1.1544755614562758,2.0226100825940985,1.4590675141860399,1.671939563932239,1.625130219178895,1.6466984988683855,1.6759772015579721,1.6592670233156877,1.646662529059944,2.236573295278567,2.404924813559527,0.986050802712511,1.6803965688486042,3.67063316339197,0.900589625484435,1.371680588372309,4.259806662167925,1.007326393911976
1.7655687494345969,2.5919709508458277,2.679071144087111,3.608685547497396,2.677140218902253,2.4054712674413343,2.596496917896827,2.162970579558758,2.064586663675326,2.16657905409441,2.236573295278567,1.0699201826570324,0.986050802712511,0.5762544040474584,2.356618257649451,4.488619280252878,3.085380904484374,1.8274347021965223,4.061336739578193
3.228957994755305,3.085850075965314,3.957442684889294,4.08901399080283,4.838321627087783,2.4634394595979727,3.3088457321681584,4.403140118362372,2.199693210461872,2.6864955791288763,2.236573295278567,2.404924813559527,3.076051077177556,2.7845387336497502,3.8929289181228475,2.7363257279241036,3.747303872663187,1.8274347021965223,3.506062131275245
3.228957994755305,0.2681044832006241,2.7481723084547967,1.4442425622321684,1.7221995966807397,1.6028347606571112,1.7014945615046417,1.6759772015579721,1.5820632822948042,1.646662529059944,2.236573295278567,2.404924813559527,3.076051077177556,2.7845387336497502,3.8929289181228475,1.4846874762606932,1.3567499951051178,1.8274347021965223,1.007326393911976
3.228957994755305,3.7829681975353253,1.124294945814186,3.7332151439099155,2.551490137031001,4.849053521428859,2.3590473131397167,5.011881840863355,3.685865225113879,1.646662529059944,2.236573295278567,1.0699201826570324,3.076051077177556,1.6803965688486042,3.7743711822663797,1.9019002268151632,4.367752970655357,4.800333764383792,4.061336739578193
1.7655687494345969,2.437892187190148,1.1933961101818715,1.909746053583731,1.8227196621777408,1.754443878605242,1.756290624140898,1.9925228972584828,1.736470764336571,2.16657905409441,2.236573295278567,2.404924813559527,3.076051077177556,2.7845387336497502,1.0179038236035016,3.0700959283676794,1.7200610979401056,1.8274347021965223,1.979056958442136
1.7655687494345969,0.9925441708229696,4.02654384925698,1.533192273955397,1.671939563932239,1.6385074942919655,1.6466984988683855,1.6759772015579721,1.5241604765291417,3.206412104163342,2.236573295278567,3.739929444462023,0.986050802712511,2.7845387336497502,0.7462090122657628,2.8197682780349975,1.406518639329089,1.8274347021965223,1.4237823501391875
3.228957994755305,2.0592933433220915,1.0206431992626577,2.443444323923102,1.898109711300492,2.088875756432002,1.9937402288980084,2.016872566158522,1.8522763758678964,6.325911254370139,2.236573295278567,3.739929444462023,3.076051077177556,3.888680898450896,2.282519672739159,1.735015126593375,2.181250534415569,3.449016008844124,2.811968870896559
3.228957994755305,2.5548916826319457,2.4372170688002117,2.194385131098062,4.310591283228526,2.655180402885315,5.97558744713263,5.86412025236473,1.6592670233156877,1.646662529059944,2.236573295278567,1.0699201826570324,3.076051077177556,1.6803965688486042,3.408818163375604,1.9019002268151632,3.019022712185746,1.8274347021965223,2.5343315667450845
3.228957994755305,3.6094204948049384,1.2970478567333998,3.3803812874077757,3.682340873872267,3.7431987787483734,3.8933370669548917,1.9925228972584828,1.736470764336571,1.646662529059944,2.236573295278567,1.0699201826570324,3.076051077177556,1.6803965688486042,0.7412691066050765,2.9866533782567855,3.59965689479874,1.8274347021965223,1.979056958442136
3.228957994755305,2.582259713932668,2.7481723084547967,2.484954189393942,3.682340873872267,3.056498656277427,4.167317380136173,2.08992157285864,3.531457743072112,2.16657905409441,2.236573295278567,2.404924813559527,3.076051077177556,2.7845387336497502,2.9345872199497323,3.821078879365726,3.02897644103054,1.8274347021965223,3.783699435426719
3.228957994755305,1.9815105175200387,3.1627792946609103,2.0609605635132193,1.7975896458034906,1.7143120532660312,1.7745559783529834,1.846424883858247,2.2768969514827555,1.646662529059944,2.236573295278567,2.404924813559527,3.076051077177556,2.7845387336497502,1.0722427858710493,2.6528831778132096,1.8262342056179102,1.8274347021965223,2.1178756105178733
3.228957994755305,2.449647895032394,0.640586795240387,2.7755232476898217,1.671939563932239,2.351962166989053,1.7928213325650688,2.1386209106587186,2.103188534185768,7.365744304439071,2.236573295278567,3.739929444462023,3.076051077177556,3.888680898450896,3.8138904275518692,3.4038661288112557,2.461613896877272,1.8274347021965223,3.2284248271237703
3.228957994755305,2.688665132741928,3.197329876844753,2.784418218862145,1.7724596294292403,1.718771144970388,1.6466984988683855,1.6759772015579721,1.6592670233156877,1.646662529059944,2.236573295278567,2.404924813559527,3.076051077177556,2.7845387336497502,3.636053823767167,2.6528831778132096,2.154707257496118,2.908488906628257,2.811968870896559
3.228957994755305,3.6686636865000506,2.54086881535174,2.1439802944548996,2.8027903007735047,4.282748874975546,2.2677205420792896,2.3090685929589934,2.527809109800627,1.646662529059944,2.236573295278567,1.0699201826570324,3.076051077177556,1.6803965688486042,3.9275082577476503,0.23304922459728283,2.992479435266295,1.8274347021965223,3.367243479199508
1.7655687494345969,1.7942091012667083,2.2990147400648406,2.0520655923408966,1.671939563932239,1.6162120357701815,1.6466984988683855,1.6759772015579721,1.5241604765291417,2.16657905409441,2.236573295278567,2.404924813559527,3.076051077177556,2.7845387336497502,1.8675675972415213,1.9019002268151632,1.6885409565982572,1.8274347021965223,1.979056958442136
3.228957994755305,2.8334508467199426,2.4717676509840545,2.736978372609756,2.551490137031001,1.9595620970056549,1.7745559783529834,2.3821175996591113,1.6978688938261293,3.206412104163342,2.236573295278567,2.404924813559527,3.076051077177556,2.7845387336497502,2.573974106719642,2.0687853270369514,2.3322154218949476,1.8274347021965223,3.0896061750480333
0.3021795041138886,2.1957153125902082,1.0897443636303432,1.4857524277030083,1.9986297767974934,1.669721136222463,1.8293520409892396,1.846424883858247,1.6399660880604667,1.646662529059944,2.236573295278567,2.404924813559527,3.076051077177556,2.7845387336497502,2.3615581633101375,2.4025555274805273,1.4513104191306625,1.8274347021965223,1.2849636980634502
3.228957994755305,1.5608606238605496,1.8153065894910416,1.512437341219977,1.898109711300492,1.754443878605242,1.8658827494134105,1.846424883858247,1.736470764336571,2.6864955791288763,2.236573295278567,5.074934075364517,3.076051077177556,4.992823063252041,3.9275082577476503,2.4025555274805273,1.5027380181620993,1.8274347021965223,1.4237823501391875
3.228957994755305,3.504037311460222,2.5063182331678973,2.840753036286856,3.5566907920010147,2.311830341649842,2.1763937710188626,5.352777205463904,3.3577493257751243,1.646662529059944,2.236573295278567,1.0699201826570324,3.076051077177556,1.6803965688486042,2.5443346727555256,4.071406529698407,2.969254067961775,1.8274347021965223,2.811968870896559
3.228957994755305,3.7138279079335006,3.0245769659255393,2.5086741125201364,2.677140218902253,3.484571459895679,4.532624464377881,3.1369573355603295,2.4506053687797436,1.646662529059944,2.236573295278567,1.0699201826570324,0.986050802712511,0.5762544040474584,1.368637125512219,2.3191129773696333,3.146762232360605,1.8274347021965223,2.6731502188208216
0.3021795041138886,0.5896904672962084,3.4391839521316525,1.429417610278297,1.671939563932239,1.5983756689527544,1.7014945615046417,1.74902620825809,1.6399660880604667,1.646662529059944,2.236573295278567,1.0699201826570324,3.076051077177556,1.6803965688486042,1.2401995783343789,0.0661641243754949,1.3534320854901865,2.6382253555203232,1.007326393911976
0.3021795041138886,0.854960570345145,4.061094431440822,1.429417610278297,1.8227196621777408,1.6028347606571112,1.7745559783529834,1.8220752149582078,1.7171698290813504,1.646662529059944,2.236573295278567,1.0699201826570324,3.076051077177556,1.6803965688486042,1.1018822198351663,1.9019002268151632,1.3832932720245692,1.8274347021965223,1.1461450459877132
1.7655687494345969,3.3679870641792116,0.7442385417919153,3.9882043175165043,3.7577309229950178,4.028580647827209,3.2175189611077313,4.086594422661861,2.1224894694409886,1.646662529059944,2.236573295278567,1.0699201826570324,3.076051077177556,1.6803965688486042,3.907748635104906,0.5668194250408589,4.165360484144543,1.8274347021965223,2.6731502188208216
1.7655687494345969,3.0200552842474484,2.7481723084547967,2.4641992566585222,1.8478496785519913,1.7455256951965286,1.6466984988683855,1.6759772015579721,2.3927025630140806,2.6864955791288763,2.236573295278567,3.739929444462023,3.076051077177556,3.888680898450896,1.4180361821190806,3.3204235787003618,2.0535110142407107,2.908488906628257,2.5343315667450845
0.3021795041138886,1.0219566730527783,2.8863746371901677,1.4442425622321684,2.249929940539997,1.6563438611093928,1.6466984988683855,2.1142712417586793,1.755771699591792,2.16657905409441,2.236573295278567,2.404924813559527,3.076051077177556,2.7845387336497502,3.240861370912274,1.4846874762606932,1.4513104191306625,1.8274347021965223,1.2849636980634502
1.7655687494345969,2.119884027220465,3.8537909383377658,1.9749758421807653,1.7221995966807397,1.6741802279268199,1.7928213325650688,1.8707745527582864,1.5627623470395833,2.6864955791288763,2.236573295278567,2.404924813559527,3.076051077177556,2.7845387336497502,1.7144305217602502,3.0700959283676794,1.7001536402505173,1.8274347021965223,1.979056958442136
1.7655687494345969,1.4735988873872787,1.4698007676526137,1.4531375334044911,1.671939563932239,1.625130219178895,1.6466984988683855,1.6759772015579721,1.5241604765291417,1.646662529059944,2.236573295278567,3.739929444462023,3.076051077177556,3.888680898450896,3.5668951445175607,3.7376363292548316,1.3567499951051178,1.8274347021965223,1.007326393911976
3.228957994755305,2.4466741191355412,0.9169914527111291,2.250719948522774,2.1996699077914963,1.8748393546228757,2.7791504600176813,2.1873202484587972,1.9680819873992217,2.16657905409441,2.236573295278567,2.404924813559527,3.076051077177556,2.7845387336497502,2.6036135406837593,1.317802376038905,2.106597568079613,1.8274347021965223,2.6731502188208216
3.228957994755305,1.2443393518392927,3.1282287124770676,1.5598771874723654,1.7975896458034906,1.6741802279268199,1.6466984988683855,1.7733758771581294,1.8522763758678964,2.6864955791288763,2.236573295278567,3.739929444462023,0.986050802712511,2.7845387336497502,2.7715703331470887,1.317802376038905,1.4778536960501136,1.8274347021965223,1.4237823501391875
1.7655687494345969,4.13113230370903,1.6425536785718275,4.856946502013369,4.687541528842281,5.669526395030509,3.3636417948044146,5.182329523163629,3.338448390519903,1.646662529059944,2.236573295278567,1.0699201826570324,0.986050802712511,0.5762544040474584,1.2599592009771234,0.48337687492996495,5.51574969742162,3.1787524577361905,2.950787522972296
3.228957994755305,2.1531996103148927,1.7807560073071989,2.535359026037105,2.023759793171744,1.9595620970056549,1.756290624140898,1.8951242216583257,1.8522763758678964,2.6864955791288763,12.555767160837407,2.404924813559527,3.076051077177556,2.7845387336497502,3.2161618426088436,3.9045214294766195,2.1630020315334466,1.8274347021965223,2.811968870896559
3.228957994755305,1.9241259357604596,2.9900263837416965,1.8267263226420511,1.8729796949262416,1.9283484550751573,1.756290624140898,1.6759772015579721,1.6978688938261293,1.646662529059944,2.236573295278567,2.404924813559527,3.076051077177556,2.7845387336497502,3.2556810878943327,3.3204235787003618,1.7167431883251743,1.8274347021965223,1.979056958442136
1.7655687494345969,2.4732987064620504,2.54086881535174,4.833226578887174,1.671939563932239,1.8570029878054486,1.6466984988683855,1.6759772015579721,1.9487810521440008,2.6864955791288763,2.236573295278567,2.404924813559527,0.986050802712511,1.6803965688486042,3.1865224086447266,2.9866533782567855,3.370721131368474,4.5300702132758595,3.0896061750480333
0.3021795041138886,0.6191959000227936,3.2664310412124387,1.4472075526229427,1.9734997604232432,1.6028347606571112,2.0302709373221792,1.8220752149582078,2.257596016227535,3.726328629197808,2.236573295278567,3.739929444462023,0.986050802712511,2.7845387336497502,2.6727722199333654,3.236981028589468,1.4728768316277168,1.8274347021965223,1.5626010022149246
3.228957994755305,1.1720394253470618,1.2279466923657143,1.4412775718413942,1.6970695803064892,1.6385074942919655,1.6466984988683855,1.6759772015579721,1.5048595412739207,1.646662529059944,2.236573295278567,2.404924813559527,0.986050802712511,1.6803965688486042,0.845007125479486,2.1522278771478454,1.3550910402976521,1.8274347021965223,1.007326393911976
3.228957994755305,0.957044721054291,3.8883415205216085,1.4442425622321684,1.7724596294292403,1.625130219178895,1.6832292072925563,1.6759772015579721,1.5820632822948042,1.646662529059944,2.236573295278567,2.404924813559527,0.986050802712511,1.6803965688486042,2.223240804810925,0.984032175595329,1.366703723949912,1.8274347021965223,1.1461450459877132
3.228957994755305,1.9823468919910285,3.6119368630508664,1.5005773796568798,1.7221995966807397,1.6786393196311766,1.6832292072925563,1.7246765393580508,1.6785679585709086,2.16657905409441,2.236573295278567,3.739929444462023,3.076051077177556,3.888680898450896,2.124442691597202,2.6528831778132096,1.4264260970186773,1.8274347021965223,1.2849636980634502
1.7655687494345969,2.800460520364233,1.5043513498364565,4.094943971584378,1.671939563932239,2.0398257476840773,1.6466984988683855,1.6759772015579721,1.8715773111231173,1.646662529059944,2.236573295278567,2.404924813559527,0.986050802712511,1.6803965688486042,2.109622974615143,3.7376363292548316,3.019022712185746,2.097698253304456,4.061336739578193
1.7655687494345969,1.3831310487752138,1.4006996032849282,1.7496365724819196,1.6970695803064892,1.7143120532660312,1.884148103625496,1.7003268704580115,1.5627623470395833,2.16657905409441,2.236573295278567,2.404924813559527,3.076051077177556,2.7845387336497502,3.4038782577149176,2.9032108281458915,1.5840268037279184,1.8274347021965223,1.7014196542906617
0.3021795041138886,2.0520912298219014,1.1588455279980288,1.5094723508292027,1.7221995966807397,1.6206711274745382,1.6466984988683855,1.7246765393580508,1.736470764336571,1.646662529059944,2.236573295278567,3.739929444462023,3.076051077177556,3.888680898450896,1.1908005217275173,1.9019002268151632,1.4114955037514858,1.8274347021965223,1.1461450459877132
1.7655687494345969,3.570807873394242,1.8498571716748844,3.848849769150113,3.3305206446327618,4.037498831235922,5.592015008678835,3.283055348960565,3.3963511962855657,1.646662529059944,2.236573295278567,1.0699201826570324,0.986050802712511,0.5762544040474584,3.324839767143939,2.2356704272587393,4.3329149196985774,3.449016008844124,2.6731502188208216
1.7655687494345969,3.04993243896114,3.4391839521316525,5.277975137503318,1.671939563932239,1.9015939048490165,2.322516604715546,2.016872566158522,2.296197886737976,3.206412104163342,2.236573295278567,2.404924813559527,0.986050802712511,1.6803965688486042,3.4977364652679546,2.3191129773696333,3.7506217822781185,5.8813879688155275,3.506062131275245
3.228957994755305,2.6332320914146585,2.54086881535174,1.4590675141860399,1.671939563932239,1.6385074942919655,1.9572095204738376,2.3821175996591113,2.045285728420105,1.646662529059944,2.236573295278567,2.404924813559527,0.986050802712511,1.6803965688486042,0.9339254273718369,3.0700959283676794,1.4861484700874423,1.8274347021965223,1.2849636980634502
3.228957994755305,2.8147253516194484,3.8883415205216085,1.6873717742756598,1.9986297767974934,1.7410666034921718,1.8293520409892396,1.8220752149582078,1.6785679585709086,1.646662529059944,2.236573295278567,2.404924813559527,0.986050802712511,1.6803965688486042,1.2401995783343789,3.7376363292548316,1.5923215777652469,1.8274347021965223,1.7014196542906617
1.7655687494345969,1.9474050252030095,2.368115904432526,1.598422062552431,1.7221995966807397,1.8168711624662373,1.7197599157167271,1.7246765393580508,1.9294801168887799,2.6864955791288763,2.236573295278567,3.739929444462023,3.076051077177556,3.888680898450896,2.7271111822009133,2.3191129773696333,1.5574835268084672,1.8274347021965223,1.5626010022149246
1.7655687494345969,2.886003042647136,2.851824055006325,3.312186508419967,2.048889809545994,2.0353666559797206,2.012005583110094,1.846424883858247,4.013981124452634,1.646662529059944,2.236573295278567,2.404924813559527,0.986050802712511,1.6803965688486042,2.7320510878615996,2.4025555274805273,2.833219773749588,1.8274347021965223,3.506062131275245
0.3021795041138886,2.0984170824650596,3.78468977397008,1.5569121970815911,1.9734997604232432,1.692016594744247,2.1763937710188626,2.0412222350585614,2.662915656587173,1.646662529059944,2.236573295278567,2.404924813559527,3.076051077177556,2.7845387336497502,2.0750436349903403,2.6528831778132096,1.6304775383369579,1.8274347021965223,1.5626010022149246
1.7655687494345969,3.1764108450741557,1.0206431992626577,4.287668346984707,2.5263601206567508,2.2003530490409218,1.9206788120496667,1.6759772015579721,1.6978688938261293,2.16657905409441,2.236573295278567,2.404924813559527,3.076051077177556,2.7845387336497502,2.835789106736009,2.3191129773696333,3.2529353400384093,2.908488906628257,2.950787522972296
1.7655687494345969,3.5473893882065273,3.1282287124770676,3.1253921138011873,1.8729796949262416,2.744362236972451,2.2677205420792896,2.528215613059347,3.0296334264363693,1.646662529059944,2.236573295278567,1.0699201826570324,3.076051077177556,1.6803965688486042,1.0080240122821293,2.0687853270369514,2.9659361583468438,1.8274347021965223,2.3955129146693475
0.3021795041138886,2.6696143809027157,0.8478902883434436,2.440479333532328,5.2404018890757875,2.093334848136359,6.377425239798509,5.352777205463904,2.7594203328632774,2.6864955791288763,2.236573295278567,2.404924813559527,0.986050802712511,1.6803965688486042,3.8385899558552996,2.9866533782567855,3.105288362173962,1.8274347021965223,3.922518087502456
3.228957994755305,2.466328919203802,0.640586795240387,1.616212004897077,1.8227196621777408,1.8436257126923783,1.884148103625496,1.9925228972584828,1.910179181633559,3.206412104163342,2.236573295278567,3.739929444462023,3.076051077177556,3.888680898450896,2.0256445783834787,1.6515725764824811,1.6155469450697666,1.8274347021965223,1.7014196542906617
3.228957994755305,2.6198500998788217,2.9209252193740105,2.0846804866394137,4.285461266854275,2.3430439835803396,3.509764628501098,3.5752513757610362,3.106837167457253,2.6864955791288763,12.555767160837407,2.404924813559527,3.076051077177556,2.7845387336497502,3.1568829746806095,3.1535384784785734,2.5843765526297338,1.8274347021965223,3.2284248271237703
1.7655687494345969,2.3084864704286683,2.091711246961784,1.8445162649866966,1.74732961305499,1.718771144970388,1.7197599157167271,1.7977255460581685,1.755771699591792,2.16657905409441,2.236573295278567,2.404924813559527,3.076051077177556,2.7845387336497502,1.4773150500473147,3.236981028589468,1.6503849960265462,1.8274347021965223,1.840238306366399
3.228957994755305,0.6299293724004962,2.713621726270954,1.4323826006690714,1.7221995966807397,1.625130219178895,1.7197599157167271,1.74902620825809,1.736470764336571,2.16657905409441,2.236573295278567,2.404924813559527,0.986050802712511,1.6803965688486042,3.6854528803740285,1.4846874762606932,1.378316407602172,4.259806662167925,1.1461450459877132
1.7655687494345969,3.0158734118924992,2.851824055006325,2.2922298139936137,1.9232397276747424,4.661771669845873,3.1809882526835604,1.9194738905583648,1.4855586060186998,1.646662529059944,2.236573295278567,1.0699201826570324,3.076051077177556,1.6803965688486042,2.1491422199006327,3.3204235787003618,3.1251958198635506,1.8274347021965223,2.811968870896559
1.7655687494345969,2.287716504399088,3.646487445234709,3.0423723828595075,1.9986297767974934,1.9684802804143684,1.7928213325650688,1.8220752149582078,2.045285728420105,2.6864955791288763,2.236573295278567,2.404924813559527,3.076051077177556,2.7845387336497502,3.0284454275027692,3.4038661288112557,2.4632728516847378,2.6382253555203232,3.2284248271237703
1.7655687494345969,3.851411508411325,3.957442684889294,3.457471037567907,4.184941201357273,5.161189940733834,2.0302709373221792,3.283055348960565,1.4855586060186998,1.646662529059944,2.236573295278567,1.0699201826570324,3.076051077177556,1.6803965688486042,1.6699713708140749,2.6528831778132096,4.10066124665338,3.1787524577361905,4.061336739578193
3.228957994755305,0.7722988934623183,0.6751373774242297,1.4323826006690714,1.9734997604232432,1.6295893108832518,1.6466984988683855,2.016872566158522,1.620665152805246,1.646662529059944,2.236573295278567,1.0699201826570324,3.076051077177556,1.6803965688486042,1.7885291066705427,0.5668194250408589,1.3982238652917602,1.8274347021965223,1.2849636980634502
1.7655687494345969,1.7991808828442588,2.5063182331678973,1.533192273955397,1.671939563932239,1.607293852361468,1.6466984988683855,1.6759772015579721,1.6785679585709086,1.646662529059944,2.236573295278567,3.739929444462023,3.076051077177556,3.888680898450896,1.245139483995065,3.3204235787003618,1.4081775941365544,2.6382253555203232,1.1461450459877132
3.228957994755305,1.607093546006931,2.4717676509840545,1.6873717742756598,1.74732961305499,1.7009347781529607,1.7014945615046417,1.7246765393580508,1.736470764336571,2.16657905409441,2.236573295278567,2.404924813559527,3.076051077177556,2.7845387336497502,2.5789140123803285,2.6528831778132096,1.547529797963673,1.8274347021965223,1.5626010022149246
3.228957994755305,1.881052650504484,3.957442684889294,2.3455996410275506,1.74732961305499,1.696475686448604,1.7197599157167271,1.74902620825809,1.8715773111231173,2.16657905409441,2.236573295278567,2.404924813559527,3.076051077177556,2.7845387336497502,1.8725075029022076,3.3204235787003618,1.9290894036807833,2.908488906628257,2.3955129146693475
3.228957994755305,2.9746122713236685,2.6445205619032683,1.9393959574914739,3.506430759252514,2.0041530140492227,3.3819071490165,3.5752513757610362,2.1417904046962093,2.16657905409441,12.555767160837407,2.404924813559527,3.076051077177556,2.7845387336497502,2.7616905218257166,3.4873086789221497,2.23101917863954,1.8274347021965223,2.811968870896559
3.228957994755305,3.4994837171181663,1.0551937814465004,3.2825366045122246,2.626880186153752,2.6685576779983857,2.5599662094726563,2.503865944159308,2.952429685415486,2.16657905409441,2.236573295278567,2.404924813559527,3.076051077177556,2.7845387336497502,1.7984089179919152,2.0687853270369514,3.0936756785217026,2.6382253555203232,4.6166113478811415
3.228957994755305,3.400698599044591,3.335532205580124,4.311388270110901,3.1546105300130094,5.6606082116217955,2.103332354170521,2.1386209106587186,2.624313786076731,1.646662529059944,2.236573295278567,1.0699201826570324,3.076051077177556,1.6803965688486042,2.929647314289046,2.3191129773696333,4.722769299453017,3.1787524577361905,3.367243479199508
3.228957994755305,2.5551704741222756,2.851824055006325,1.8949211016298595,1.8227196621777408,1.7633620620139558,1.756290624140898,1.9925228972584828,2.933128750160265,3.726328629197808,2.236573295278567,3.739929444462023,3.076051077177556,3.888680898450896,3.581714861499619,2.0687853270369514,1.8179394315805815,1.8274347021965223,1.979056958442136
3.228957994755305,1.878589992339903,1.5389019320202992,1.5717371490354626,1.898109711300492,1.7901166122400967,1.7014945615046417,2.0412222350585614,1.8715773111231173,3.206412104163342,2.236573295278567,3.739929444462023,0.986050802712511,2.7845387336497502,2.3961375029349408,1.8184576767042693,1.559142481615933,3.449016008844124,1.5626010022149246
3.228957994755305,2.779969345824983,0.9169914527111291,2.2566499293043223,3.7577309229950178,1.981857555527439,2.231189833655119,2.016872566158522,2.1417904046962093,1.646662529059944,2.236573295278567,2.404924813559527,0.986050802712511,1.6803965688486042,2.3022792953819033,2.6528831778132096,2.2061348565275547,1.8274347021965223,2.811968870896559
1.7655687494345969,1.4821949583391185,2.3335653222486834,1.8207963418605024,1.671939563932239,1.6608029528137496,1.6466984988683855,1.6759772015579721,1.5627623470395833,3.726328629197808,2.236573295278567,3.739929444462023,3.076051077177556,3.888680898450896,3.996666936997257,2.8197682780349975,1.5790499393055213,1.8274347021965223,1.7014196542906617
1.7655687494345969,3.1109413100950083,2.575419397535583,4.154243779399864,1.671939563932239,3.8412987962442227,3.4549685658648417,2.4064672685591506,2.354100692503639,1.646662529059944,2.236573295278567,1.0699201826570324,3.076051077177556,1.6803965688486042,1.9021469368663244,0.48337687492996495,3.977898590900919,1.8274347021965223,3.783699435426719
3.228957994755305,1.5169509641335843,2.54086881535174,1.6132470145063027,1.671939563932239,1.6875575030398902,1.7014945615046417,1.7003268704580115,1.9873829226544424,2.16657905409441,2.236573295278567,2.404924813559527,0.986050802712511,1.6803965688486042,3.1865224086447266,2.8197682780349975,1.5160096566218249,1.8274347021965223,1.4237823501391875
0.3021795041138886,0.33501444087980947,1.5043513498364565,1.4323826006690714,2.8027903007735047,1.6028347606571112,1.7197599157167271,1.8220752149582078,2.296197886737976,2.6864955791288763,2.236573295278567,2.404924813559527,0.986050802712511,1.6803965688486042,3.9275082577476503,0.900589625484435,1.4944432441247706,1.8274347021965223,1.5626010022149246
3.228957994755305,1.1383056550171393,2.368115904432526,1.4353475910598457,1.8227196621777408,1.607293852361468,1.7014945615046417,1.7003268704580115,1.6592670233156877,1.646662529059944,2.236573295278567,2.404924813559527,3.076051077177556,2.7845387336497502,1.9713056161159308,1.9853427769260572,1.3683626787573777,1.8274347021965223,1.007326393911976
0.3021795041138886,3.511239424960412,3.542835698683181,2.639133689714205,3.20487056276151,2.0754984813189314,2.5234355010484855,4.646636807362765,2.2768969514827555,1.646662529059944,2.236573295278567,1.0699201826570324,0.986050802712511,0.5762544040474584,3.1519430690199233,3.3204235787003618,2.63580415166117,2.097698253304456,3.506062131275245
3.228957994755305,1.7880292232310613,1.6771042607556703,1.5806321202077855,1.6970695803064892,1.6206711274745382,1.6832292072925563,1.7003268704580115,1.9680819873992217,2.16657905409441,2.236573295278567,3.739929444462023,3.076051077177556,3.888680898450896,2.2380605217929834,1.317802376038905,1.4712178768202508,2.6382253555203232,1.2849636980634502
1.7655687494345969,1.4733200958969488,3.4391839521316525,1.6132470145063027,1.6970695803064892,1.6608029528137496,1.7014945615046417,1.7246765393580508,1.601364217550025,3.206412104163342,2.236573295278567,3.739929444462023,0.986050802712511,2.7845387336497502,1.9713056161159308,3.236981028589468,1.4761947412426482,1.8274347021965223,1.5626010022149246
1.7655687494345969,3.40599563736086,3.197329876844753,4.252088462295415,1.9734997604232432,2.392093992328264,2.5051701468364,1.9681732283584434,1.7171698290813504,2.16657905409441,2.236573295278567,2.404924813559527,3.076051077177556,2.7845387336497502,2.6974717482367963,3.1535384784785734,3.342518899641557,1.8274347021965223,3.0896061750480333
1.7655687494345969,2.7671914025181943,3.2664310412124387,3.2617816717768044,2.048889809545994,2.062121206205861,2.012005583110094,1.846424883858247,2.354100692503639,1.646662529059944,2.236573295278567,1.0699201826570324,0.986050802712511,0.5762544040474584,1.8725075029022076,3.4873086789221497,2.6723011574254154,2.908488906628257,3.506062131275245
3.228957994755305,0.9659195834964607,1.8844077538587272,1.462032504576814,1.8478496785519913,1.6429665859963223,1.6832292072925563,1.7246765393580508,2.006683857909663,2.16657905409441,2.236573295278567,2.404924813559527,3.076051077177556,2.7845387336497502,3.626174012445795,0.900589625484435,1.4280850518261428,4.259806662167925,1.2849636980634502
1.7655687494345969,2.4626581645811245,2.851824055006325,2.3722845545445193,1.74732961305499,1.6652620445181063,1.7197599157167271,1.846424883858247,2.5664109803110686,3.726328629197808,2.236573295278567,2.404924813559527,3.076051077177556,2.7845387336497502,2.1590220312220048,1.8184576767042693,1.9987655055943425,1.8274347021965223,2.3955129146693475
1.7655687494345969,1.7062968513160008,2.7827228906386394,1.5954570721616568,1.671939563932239,1.651884769405036,1.6466984988683855,1.6759772015579721,1.5241604765291417,2.6864955791288763,2.236573295278567,3.739929444462023,3.076051077177556,3.888680898450896,1.0376634462462462,3.4873086789221497,1.4463335547082656,1.8274347021965223,1.4237823501391875
3.228957994755305,1.9836479189459015,2.4717676509840545,1.7555665532634683,1.7975896458034906,1.8525438961010918,1.7745559783529834,1.7003268704580115,1.620665152805246,3.726328629197808,2.236573295278567,3.739929444462023,0.986050802712511,2.7845387336497502,3.0531449558062,2.1522278771478454,1.640431267181752,1.8274347021965223,1.840238306366399
1.7655687494345969,1.6944482129769787,3.6119368630508664,1.4976123892661055,1.671939563932239,1.6385074942919655,1.6832292072925563,1.7003268704580115,1.5434614117843624,1.646662529059944,2.236573295278567,2.404924813559527,3.076051077177556,2.7845387336497502,2.3911975972742545,0.900589625484435,1.3932470008693634,1.8274347021965223,1.1461450459877132
3.228957994755305,1.8705050391203348,1.1588455279980288,1.5094723508292027,1.7975896458034906,1.625130219178895,1.7928213325650688,1.74902620825809,1.7171698290813504,2.6864955791288763,2.236573295278567,2.404924813559527,0.986050802712511,1.6803965688486042,1.2797188236198682,1.5681300263715872,1.4314029614410742,1.8274347021965223,1.5626010022149246
3.228957994755305,1.2404827362230617,2.9554758015578533,1.482787437312234,1.74732961305499,1.6741802279268199,1.7014945615046417,1.74902620825809,1.601364217550025,2.16657905409441,2.236573295278567,2.404924813559527,3.076051077177556,2.7845387336497502,2.8851881633428706,1.1509172758171171,1.4131544585589517,1.8274347021965223,1.2849636980634502
1.7655687494345969,1.6571830837695434,2.264464157880998,1.482787437312234,1.671939563932239,1.6295893108832518,1.6466984988683855,1.7003268704580115,1.6978688938261293,1.646662529059944,2.236573295278567,2.404924813559527,3.076051077177556,2.7845387336497502,0.8746465594436028,1.735015126593375,1.3915880460618975,1.8274347021965223,1.1461450459877132
3.228957994755305,2.926938926477249,2.264464157880998,2.327809698682905,1.671939563932239,2.8380031627639437,2.7426197515935105,5.255378529863747,1.775072634847013,3.206412104163342,2.236573295278567,2.404924813559527,3.076051077177556,2.7845387336497502,0.756088823587135,2.1522278771478454,2.6623474285806212,1.8274347021965223,3.506062131275245
1.7655687494345969,2.486773628494664,3.4391839521316525,1.7170216781834027,1.6970695803064892,1.6741802279268199,1.6832292072925563,1.6759772015579721,1.6978688938261293,1.646662529059944,2.236573295278567,2.404924813559527,3.076051077177556,2.7845387336497502,0.9487451443538952,3.4038661288112557,1.542552933541276,1.8274347021965223,1.5626010022149246
3.228957994755305,3.8647934999471625,4.02654384925698,4.385513029880258,2.048889809545994,3.4355214511477543,3.4549685658648417,2.4064672685591506,2.952429685415486,1.646662529059944,2.236573295278567,1.0699201826570324,3.076051077177556,1.6803965688486042,1.9120267481876967,2.0687853270369514,4.032644099547287,4.800333764383792,3.783699435426719
3.228957994755305,1.252749561797579,2.575419397535583,1.4442425622321684,1.7724596294292403,1.6474256777006793,1.7928213325650688,1.6759772015579721,1.5627623470395833,1.646662529059944,2.236573295278567,2.404924813559527,3.076051077177556,2.7845387336497502,2.3664980689708237,0.6502619751517529,1.3832932720245692,1.8274347021965223,1.1461450459877132
3.228957994755305,1.9739831472811304,2.2990147400648406,1.711091697401854,1.9483697440489927,1.7455256951965286,1.6466984988683855,1.7733758771581294,1.620665152805246,3.206412104163342,2.236573295278567,3.739929444462023,0.986050802712511,2.7845387336497502,1.6353920311892718,3.7376363292548316,1.5790499393055213,1.8274347021965223,1.7014196542906617
0.3021795041138886,1.114097260606823,1.262497274549557,1.4323826006690714,1.8227196621777408,1.5983756689527544,1.7014945615046417,1.8220752149582078,1.5434614117843624,1.646662529059944,2.236573295278567,2.404924813559527,0.986050802712511,1.6803965688486042,1.3883967481549637,1.0674747257062231,1.361726859527515,1.8274347021965223,1.1461450459877132
1.7655687494345969,2.66394562059934,3.197329876844753,1.565807168253914,1.6970695803064892,1.6429665859963223,1.7014945615046417,1.6759772015579721,1.6592670233156877,2.16657905409441,2.236573295278567,5.074934075364517,3.076051077177556,4.992823063252041,1.916966653848383,2.485998077591421,1.4446745999007997,1.8274347021965223,1.2849636980634502
3.228957994755305,3.4799683127950702,2.9900263837416965,2.6480286608865278,4.335721299602776,2.24494396608449,2.633027626320998,4.47618912506249,2.7594203328632774,1.646662529059944,2.236573295278567,2.404924813559527,0.986050802712511,1.6803965688486042,0.7659686349085073,2.9032108281458915,2.8182891804823966,2.6382253555203232,3.644880783350982
1.7655687494345969,2.9863215139175256,1.8844077538587272,2.1528752656272223,2.9535703990190063,2.7934122457203756,3.4914992742890125,1.6759772015579721,2.354100692503639,1.646662529059944,2.236573295278567,1.0699201826570324,3.076051077177556,1.6803965688486042,0.9339254273718369,4.154849079809302,2.506405676678846,1.8274347021965223,1.840238306366399
1.7655687494345969,1.2059125914221493,3.7501391917862374,1.880096149675988,1.898109711300492,2.129007581771213,1.8658827494134105,1.9681732283584434,2.354100692503639,3.206412104163342,2.236573295278567,2.404924813559527,3.076051077177556,2.7845387336497502,4.016426559640001,1.5681300263715872,1.909181945991195,1.8274347021965223,2.2566942625936104
3.228957994755305,0.0,2.8863746371901677,1.4323826006690714,1.6970695803064892,1.6028347606571112,1.664963853080471,1.7003268704580115,1.5048595412739207,8.925493879542469,2.236573295278567,1.0699201826570324,0.986050802712511,0.5762544040474584,0.7956080688726244,2.1522278771478454,1.3401604470304609,1.8274347021965223,0.5908704376847644
0.3021795041138886,0.2681044832006241,2.817273472822482,1.4590675141860399,2.0991498422944947,1.669721136222463,1.7928213325650688,2.3090685929589934,2.257596016227535,3.206412104163342,2.236573295278567,2.404924813559527,0.986050802712511,1.6803965688486042,3.418697974696976,0.399934324819071,1.524304430659153,1.8274347021965223,1.5626010022149246
3.228957994755305,1.8024334502314414,3.4737345343154953,1.4649974949675884,1.671939563932239,1.6117529440658247,1.6466984988683855,1.6759772015579721,1.5627623470395833,1.646662529059944,2.236573295278567,3.739929444462023,3.076051077177556,3.888680898450896,2.8110895784325782,2.4025555274805273,1.361726859527515,1.8274347021965223,1.007326393911976
1.7655687494345969,0.868760749116477,2.817273472822482,1.4442425622321684,1.671939563932239,1.607293852361468,1.6466984988683855,1.6759772015579721,1.5048595412739207,1.646662529059944,2.236573295278567,2.404924813559527,3.076051077177556,2.7845387336497502,1.0673028802103632,1.9853427769260572,1.3434783566453923,1.8274347021965223,1.007326393911976
3.228957994755305,2.944781581858365,2.54086881535174,3.7717600189899816,2.1494098750429953,2.1825166822234947,1.8658827494134105,1.6759772015579721,1.8522763758678964,2.6864955791288763,2.236573295278567,2.404924813559527,3.076051077177556,2.7845387336497502,0.7659686349085073,1.8184576767042693,2.941051836234858,2.908488906628257,3.922518087502456
1.7655687494345969,3.1707420847707803,2.851824055006325,4.044539134941216,2.400710038785499,3.8814306215834344,2.3407819589276313,2.3821175996591113,2.334799757248418,1.646662529059944,2.236573295278567,1.0699201826570324,3.076051077177556,1.6803965688486042,2.099743163293771,2.6528831778132096,3.8750433928380454,5.070597315491726,2.2566942625936104
3.228957994755305,3.052906214857993,2.402666486616369,3.2528867006044817,2.3755800224112487,2.744362236972451,1.8658827494134105,2.8447613087598578,2.064586663675326,3.206412104163342,2.236573295278567,3.739929444462023,3.076051077177556,3.888680898450896,2.3072192010425896,3.7376363292548316,2.9725719775767065,2.908488906628257,3.922518087502456
1.7655687494345969,3.5330316264545356,3.991993267073137,4.4062679626156775,3.1546105300130094,2.771116787198592,3.7472142332582083,3.11260766666029,2.006683857909663,2.16657905409441,2.236573295278567,2.404924813559527,3.076051077177556,2.7845387336497502,3.018565616181397,2.485998077591421,3.863430709185786,4.259806662167925,5.033067304108354
3.228957994755305,3.39131261887015,3.819240356153923,1.823761332251277,2.3504500060369984,3.466735093078252,1.884148103625496,6.424162637065633,2.8559250091393817,2.16657905409441,2.236573295278567,2.404924813559527,3.076051077177556,2.7845387336497502,2.0207046727227924,2.0687853270369514,2.7535899429912347,1.8274347021965223,2.6731502188208216
3.228957994755305,3.084734910003994,2.402666486616369,3.193586892788996,2.249929940539997,2.1379257651799266,1.8293520409892396,2.236019586258876,4.457902635322714,2.16657905409441,2.236573295278567,2.404924813559527,0.986050802712511,1.6803965688486042,1.8428680689380905,2.8197682780349975,2.866398869898902,1.8274347021965223,3.506062131275245
1.7655687494345969,2.4825452908913266,3.1282287124770676,2.298159794775162,1.671939563932239,1.9773984638230822,1.7197599157167271,1.9438235594584041,1.9294801168887799,3.206412104163342,2.236573295278567,3.739929444462023,3.076051077177556,3.888680898450896,4.041126087943432,2.2356704272587393,2.020331918091397,3.449016008844124,2.5343315667450845
0.3021795041138886,2.8456247417976837,1.9880595004102555,2.357459602590648,2.048889809545994,1.7990347956488102,2.012005583110094,1.6759772015579721,5.191338175021107,2.16657905409441,2.236573295278567,2.404924813559527,3.076051077177556,2.7845387336497502,4.021366465300687,3.4873086789221497,2.3006952805530996,3.449016008844124,2.5343315667450845
3.228957994755305,3.366871898217892,2.3335653222486834,1.8771311592852138,3.707470890246517,1.9729393721187254,4.715278006498735,3.8917970714615473,2.7208184623528355,2.16657905409441,2.236573295278567,2.404924813559527,3.076051077177556,2.7845387336497502,0.8252475028367412,1.8184576767042693,2.390278840156247,1.8274347021965223,2.950787522972296
3.228957994755305,1.748301435859045,1.3661490211010854,1.4738924661399113,1.671939563932239,1.5983756689527544,1.6466984988683855,1.6759772015579721,1.601364217550025,1.646662529059944,2.236573295278567,3.739929444462023,3.076051077177556,3.888680898450896,1.092002408513794,1.735015126593375,1.3650447691424463,2.6382253555203232,1.007326393911976
3.228957994755305,3.481315804998332,3.78468977397008,3.61165053788817,3.255130595510011,5.8077582378655705,5.646811071315092,6.278064623665397,3.9174764481765294,1.646662529059944,2.236573295278567,1.0699201826570324,3.076051077177556,1.6803965688486042,2.1540821255613185,2.3191129773696333,5.107646814785058,3.449016008844124,3.644880783350982
1.7655687494345969,1.5858589274934674,1.91895833604257,1.4738924661399113,1.671939563932239,1.625130219178895,1.7197599157167271,1.7246765393580508,1.8715773111231173,2.16657905409441,2.236573295278567,3.739929444462023,0.986050802712511,2.7845387336497502,0.7906681632119381,1.9853427769260572,1.4081775941365544,2.6382253555203232,1.1461450459877132
1.7655687494345969,4.133409100880058,4.02654384925698,4.341038174018644,2.0991498422944947,4.585967110871808,2.06680164574635,2.503865944159308,2.4699063040349643,1.646662529059944,2.236573295278567,1.0699201826570324,0.986050802712511,0.5762544040474584,2.5789140123803285,1.1509172758171171,4.278169411052209,4.800333764383792,2.811968870896559
1.7655687494345969,3.332487614410533,3.5773862808670236,4.815436636542529,2.9535703990190063,3.439980542852111,3.290580377956073,3.356104355660683,2.199693210461872,1.646662529059944,2.236573295278567,1.0699201826570324,3.076051077177556,1.6803965688486042,1.6057525972251547,1.234359825928011,4.319643281238852,2.908488906628257,4.20015539165393
3.228957994755305,1.3811330430945157,2.0226100825940985,1.512437341219977,1.671939563932239,1.6385074942919655,1.6466984988683855,1.6759772015579721,1.6592670233156877,2.6864955791288763,2.236573295278567,3.739929444462023,3.076051077177556,3.888680898450896,2.356618257649451,3.0700959283676794,1.406518639329089,1.8274347021965223,1.2849636980634502
3.228957994755305,2.109940464065364,0.7096879596080725,1.565807168253914,1.671939563932239,1.6429665859963223,1.6466984988683855,1.7246765393580508,1.9294801168887799,2.16657905409441,2.236573295278567,3.739929444462023,0.986050802712511,2.7845387336497502,1.1562211821027142,3.7376363292548316,1.464582057590388,3.449016008844124,1.2849636980634502
3.228957994755305,3.8147504274329385,3.335532205580124,4.08901399080283,5.7178722001865445,3.5068669184174635,5.044054382316274,5.596273894464297,2.006683857909663,1.126746004025478,2.236573295278567,1.0699201826570324,0.986050802712511,0.5762544040474584,1.8922671255449521,1.8184576767042693,4.415862660071863,5.8813879688155275,2.950787522972296
1.7655687494345969,2.3998371487601116,2.0571606647779412,2.8792979113669217,1.8227196621777408,2.2672394246062737,1.7928213325650688,1.8220752149582078,4.0332820597078545,6.325911254370139,2.236573295278567,3.739929444462023,3.076051077177556,3.888680898450896,3.764491370945007,2.8197682780349975,2.642439970891033,3.449016008844124,3.2284248271237703
3.228957994755305,0.8329360426090799,3.8883415205216085,1.5035423700476542,1.7724596294292403,1.6295893108832518,1.756290624140898,1.8707745527582864,2.103188534185768,2.6864955791288763,2.236573295278567,2.404924813559527,3.076051077177556,2.7845387336497502,3.0877242954310034,2.2356704272587393,1.466241012397854,1.8274347021965223,1.4237823501391875
1.7655687494345969,2.03745467657958,0.9860926170788147,1.859341216940568,1.6970695803064892,1.736607511787815,1.6832292072925563,1.7003268704580115,1.5048595412739207,1.646662529059944,2.236573295278567,2.404924813559527,3.076051077177556,2.7845387336497502,2.134322502918574,4.071406529698407,1.6304775383369579,1.8274347021965223,1.840238306366399
0.3021795041138886,3.8916968787640016,3.1627792946609103,3.297361556466096,2.325319989662748,4.313962516906043,2.450374084200144,2.1142712417586793,2.527809109800627,1.646662529059944,2.236573295278567,1.0699201826570324,0.986050802712511,0.5762544040474584,0.6276512764092947,3.236981028589468,3.621223307295794,1.8274347021965223,3.0896061750480333
3.228957994755305,2.5196245591052087,1.4006996032849282,3.682810307266753,2.626880186153752,2.0532030227971476,2.5599662094726563,1.8951242216583257,2.218994145717093,2.16657905409441,2.236573295278567,1.0699201826570324,3.076051077177556,1.6803965688486042,0.9981442009607568,4.405176730141983,2.9841846612289666,2.908488906628257,2.5343315667450845
1.7655687494345969,2.9022658795830494,1.6771042607556703,2.6747135744034964,2.048889809545994,2.418848542554405,4.404766984893284,2.601264619759465,1.775072634847013,2.6864955791288763,2.236573295278567,2.404924813559527,0.986050802712511,1.6803965688486042,3.171702691662668,2.8197682780349975,2.695526524729935,1.8274347021965223,3.506062131275245
3.228957994755305,1.722838479742244,1.3661490211010854,1.8000414091250825,2.0991498422944947,1.821330254170594,1.7014945615046417,2.1386209106587186,2.064586663675326,3.206412104163342,2.236573295278567,2.404924813559527,0.986050802712511,1.6803965688486042,3.907748635104906,2.0687853270369514,1.7349916912072967,4.259806662167925,1.979056958442136
1.7655687494345969,2.576637418877681,2.402666486616369,2.8051731515975646,1.7975896458034906,1.8748393546228757,1.7745559783529834,1.6759772015579721,2.8366240738841606,5.286078204301206,2.236573295278567,3.739929444462023,3.076051077177556,3.888680898450896,2.8950679746642427,2.5694406277023156,2.3388512411248104,1.8274347021965223,2.950787522972296
1.7655687494345969,1.023071839014098,3.991993267073137,1.4472075526229427,1.8227196621777408,1.718771144970388,1.8658827494134105,2.0412222350585614,1.6399660880604667,2.6864955791288763,2.236573295278567,2.404924813559527,0.986050802712511,1.6803965688486042,3.47797684262521,2.4025555274805273,1.4529693739381284,1.8274347021965223,1.4237823501391875
3.228957994755305,3.000400484179188,2.575419397535583,4.661257136222266,1.9734997604232432,2.017530289162293,1.9389441662617521,1.9681732283584434,2.643614721331952,3.206412104163342,2.236573295278567,2.404924813559527,3.076051077177556,2.7845387336497502,2.998805993538652,2.1522278771478454,3.4603046909716215,2.908488906628257,3.0896061750480333
1.7655687494345969,1.6559285220630586,0.7787891239757581,1.43831258145062,1.7221995966807397,1.6385074942919655,1.6832292072925563,1.7246765393580508,1.6785679585709086,1.646662529059944,2.236573295278567,2.404924813559527,3.076051077177556,2.7845387336497502,1.551413634957607,1.8184576767042693,1.3766574527947064,2.6382253555203232,1.007326393911976
3.228957994755305,1.8153972545317836,3.3009816233962814,1.5005773796568798,1.671939563932239,1.7098529615616742,1.7928213325650688,2.4064672685591506,1.6785679585709086,2.16657905409441,12.555767160837407,5.074934075364517,3.076051077177556,4.992823063252041,3.2754407105370773,2.7363257279241036,1.4911253345098392,1.8274347021965223,1.4237823501391875
3.228957994755305,3.258003821244051,3.9228921027054513,3.6146155282789443,2.1996699077914963,2.062121206205861,2.6512929805330834,3.210006342260447,5.538755009615082,1.126746004025478,2.236573295278567,1.0699201826570324,0.986050802712511,0.5762544040474584,3.7793110879270655,1.5681300263715872,3.304362939069846,2.097698253304456,3.644880783350982
3.228957994755305,2.063939868160924,1.8844077538587272,2.1825251695349652,1.8227196621777408,1.9060529965533732,1.7197599157167271,1.6759772015579721,2.006683857909663,3.726328629197808,2.236573295278567,2.404924813559527,3.076051077177556,2.7845387336497502,1.6353920311892718,1.8184576767042693,1.9274304488733176,1.8274347021965223,2.3955129146693475
3.228957994755305,3.575826120220181,1.0897443636303432,3.851814759540887,6.320992593168553,4.652853486437159,4.29517485962077,3.015208991060133,6.1370840025269295,1.646662529059944,2.236573295278567,1.0699201826570324,3.076051077177556,1.6803965688486042,3.9917270313365707,1.1509172758171171,4.86046254847267,4.800333764383792,3.0896061750480333
0.3021795041138886,2.201895190625855,3.7501391917862374,3.267711652558353,3.0289604481417576,2.655180402885315,3.4549685658648417,4.0622447537618225,3.782369901389983,2.16657905409441,2.236573295278567,1.0699201826570324,0.986050802712511,0.5762544040474584,3.9472678803903953,2.1522278771478454,3.3657442669460766,5.070597315491726,4.20015539165393
1.7655687494345969,1.6682418128859644,2.3335653222486834,1.4679624853583628,1.7724596294292403,1.6786393196311766,1.6466984988683855,1.6759772015579721,1.5048595412739207,2.16657905409441,2.236573295278567,3.739929444462023,3.076051077177556,3.888680898450896,3.7842509935877517,3.3204235787003618,1.389929091254432,1.8274347021965223,1.1461450459877132
1.7655687494345969,1.7673986529466457,1.262497274549557,1.764461524435791,3.20487056276151,2.4991121932328273,2.2677205420792896,2.3090685929589934,2.3927025630140806,2.16657905409441,2.236573295278567,1.0699201826570324,3.076051077177556,1.6803965688486042,2.282519672739159,3.821078879365726,2.131481890191598,1.8274347021965223,2.6731502188208216
0.3021795041138886,1.1740374310277597,3.7155886096023947,1.450172543013717,2.249929940539997,1.9372666384838708,4.075990609075745,2.869110977659897,4.264893282770505,2.16657905409441,2.236573295278567,1.0699201826570324,3.076051077177556,1.6803965688486042,3.5570153331961887,3.821078879365726,2.046875195010848,1.8274347021965223,2.1178756105178733
3.228957994755305,1.49878305201375,2.126261829145627,1.4768574565306856,1.7221995966807397,1.669721136222463,1.6832292072925563,1.7003268704580115,1.5820632822948042,1.646662529059944,2.236573295278567,2.404924813559527,0.986050802712511,1.6803965688486042,2.919767502967674,2.2356704272587393,1.3998828200992262,1.8274347021965223,1.1461450459877132
1.7655687494345969,2.572362616025955,3.4737345343154953,2.799243170816016,1.671939563932239,1.696475686448604,1.756290624140898,1.6759772015579721,1.5627623470395833,2.16657905409441,2.236573295278567,2.404924813559527,3.076051077177556,2.7845387336497502,3.4680970313038375,2.0687853270369514,2.149730393073721,4.5300702132758595,2.811968870896559
0.3021795041138886,2.09562916756176,3.542835698683181,1.4946473988753313,1.7221995966807397,1.6340484025876088,1.756290624140898,1.7733758771581294,2.1417904046962093,2.16657905409441,2.236573295278567,3.739929444462023,3.076051077177556,3.888680898450896,2.494935616148664,2.3191129773696333,1.4562872835530598,1.8274347021965223,1.2849636980634502
1.7655687494345969,3.7832469890256553,3.4046333699478097,4.299528308547804,5.36605197094704,5.344012700612463,4.149052025924087,2.698663295359622,5.538755009615082,1.646662529059944,2.236573295278567,1.0699201826570324,3.076051077177556,1.6803965688486042,3.077844484109631,2.0687853270369514,5.21879678688526,5.8813879688155275,3.644880783350982
3.228957994755305,2.360481083375202,2.9900263837416965,2.2685098908674193,4.4865013978482775,2.262780332901917,2.5782315636847417,3.4291533623608004,3.8981755129213083,2.16657905409441,2.236573295278567,1.0699201826570324,3.076051077177556,1.6803965688486042,3.28532052185845,2.1522278771478454,2.644098925698499,1.8274347021965223,3.2284248271237703
3.228957994755305,0.6518609696397848,1.0551937814465004,1.4323826006690714,1.7221995966807397,1.6117529440658247,1.756290624140898,1.6759772015579721,1.5434614117843624,1.646662529059944,2.236573295278567,1.0699201826570324,3.076051077177556,1.6803965688486042,2.0552840123475953,3.4038661288112557,1.3550910402976521,1.8274347021965223,1.007326393911976
3.228957994755305,0.979208644535521,3.231880459028596,1.470927475749137,1.6970695803064892,1.6206711274745382,1.6832292072925563,1.7003268704580115,1.5048595412739207,1.646662529059944,2.236573295278567,2.404924813559527,0.986050802712511,1.6803965688486042,2.233120616132297,2.1522278771478454,1.3700216335648436,1.8274347021965223,1.1461450459877132
0.3021795041138886,1.9199440634055105,0.9860926170788147,1.5183673220015255,1.7975896458034906,1.696475686448604,1.756290624140898,1.74902620825809,1.6399660880604667,2.16657905409441,2.236573295278567,2.404924813559527,3.076051077177556,2.7845387336497502,1.09694231417448,1.9853427769260572,1.4529693739381284,1.8274347021965223,1.4237823501391875
1.7655687494345969,1.9174814052409295,3.78468977397008,1.4412775718413942,1.671939563932239,1.6117529440658247,1.6466984988683855,1.7003268704580115,1.5820632822948042,1.646662529059944,2.236573295278567,3.739929444462023,0.986050802712511,2.7845387336497502,1.5958727859037825,1.6515725764824811,1.3517731306827208,1.8274347021965223,1.007326393911976
1.7655687494345969,2.1926021409481904,1.3661490211010854,1.5835971105985598,1.671939563932239,1.6295893108832518,1.6466984988683855,1.6759772015579721,1.5048595412739207,2.16657905409441,2.236573295278567,3.739929444462023,0.986050802712511,2.7845387336497502,0.973444672657326,2.8197682780349975,1.4297440066336087,1.8274347021965223,1.2849636980634502
1.7655687494345969,2.709063376784402,1.6080030963879848,1.6132470145063027,1.6970695803064892,1.8436257126923783,1.9937402288980084,1.9438235594584041,2.4120034982693017,2.16657905409441,2.236573295278567,2.404924813559527,3.076051077177556,2.7845387336497502,1.0426033519069324,3.5707512290330436,1.6553618604489433,1.8274347021965223,1.7014196542906617
1.7655687494345969,1.5014315711718842,3.991993267073137,1.4887174180937826,1.7221995966807397,1.651884769405036,1.7014945615046417,1.6759772015579721,1.6785679585709086,1.646662529059944,2.236573295278567,2.404924813559527,3.076051077177556,2.7845387336497502,1.8082887293132874,1.5681300263715872,1.4081775941365544,1.8274347021965223,1.1461450459877132
3.228957994755305,2.605817594865548,2.3335653222486834,3.0453373732502818,1.8478496785519913,2.0977939398407157,2.322516604715546,2.1873202484587972,2.991031555925928,3.726328629197808,2.236573295278567,2.404924813559527,3.076051077177556,2.7845387336497502,2.4158971255776853,2.5694406277023156,2.6573705641582244,2.908488906628257,3.367243479199508
3.228957994755305,3.5703432209103587,1.124294945814186,3.0838822483303474,3.6572108574980167,4.363012525653968,5.427626820770067,5.937169259064847,3.3191474552646825,1.646662529059944,2.236573295278567,1.0699201826570324,3.076051077177556,1.6803965688486042,1.2303197670130066,4.238291629920196,4.206834354331185,4.800333764383792,2.5343315667450845
3.228957994755305,0.2681044832006241,0.8133397061596008,1.4472075526229427,1.7975896458034906,1.607293852361468,1.884148103625496,1.7733758771581294,1.9680819873992217,3.206412104163342,2.236573295278567,3.739929444462023,0.986050802712511,2.7845387336497502,3.300140238840508,1.5681300263715872,1.42144923259628,1.8274347021965223,1.4237823501391875
1.7655687494345969,7.248718144323568,1.91895833604257,1.5450522355184941,1.6970695803064892,1.6295893108832518,1.6832292072925563,1.6759772015579721,1.6399660880604667,1.126746004025478,2.236573295278567,2.404924813559527,3.076051077177556,2.7845387336497502,2.5146952387914085,2.1522278771478454,1.4247671422112114,1.8274347021965223,0.8685077418362388
3.228957994755305,4.305191124171689,2.7827228906386394,4.723521934428526,2.275059956914247,5.11213993198591,4.569155172802052,2.77171230205974,4.8053194699166895,1.126746004025478,2.236573295278567,1.0699201826570324,3.076051077177556,1.6803965688486042,2.9691665595745356,3.6541937791439376,5.145802775356769,6.151651519923461,3.0896061750480333
0.3021795041138886,0.9951926899811041,3.508285116499338,1.4412775718413942,1.8227196621777408,1.625130219178895,1.756290624140898,1.74902620825809,1.6785679585709086,1.646662529059944,2.236573295278567,1.0699201826570324,3.076051077177556,1.6803965688486042,1.2352596726736926,0.984032175595329,1.388270136446966,1.8274347021965223,1.2849636980634502
3.228957994755305,1.9764922706940997,2.2990147400648406,1.972010851789991,1.7975896458034906,1.8792984463272324,1.7014945615046417,1.7977255460581685,2.4313044335245224,3.726328629197808,2.236573295278567,3.739929444462023,0.986050802712511,2.7845387336497502,3.0037458991993384,2.2356704272587393,1.8411647988851014,1.8274347021965223,2.1178756105178733
3.228957994755305,3.2477350013502315,3.8883415205216085,3.048302363641056,3.481300742878264,3.2660759663821963,3.3636417948044146,5.206679192063668,2.8752259443946024,1.646662529059944,2.236573295278567,1.0699201826570324,3.076051077177556,1.6803965688486042,3.5767749558389332,1.4846874762606932,3.49182483231347,2.908488906628257,3.0896061750480333
3.228957994755305,2.749069955646748,2.7481723084547967,3.226201787087513,1.8478496785519913,2.2806166997193444,1.8293520409892396,1.6759772015579721,2.527809109800627,3.726328629197808,2.236573295278567,2.404924813559527,3.076051077177556,2.7845387336497502,2.3961375029349408,2.5694406277023156,2.7071392083821952,1.8274347021965223,3.506062131275245
3.228957994755305,2.252170589382021,3.059127548109382,2.2181050542242566,1.8227196621777408,1.8168711624662373,1.7928213325650688,1.8220752149582078,2.7208184623528355,4.246245154232274,2.236573295278567,3.739929444462023,3.076051077177556,3.888680898450896,2.8209693897539503,1.735015126593375,1.9921296863644797,1.8274347021965223,2.3955129146693475
1.7655687494345969,3.6856699674101767,2.126261829145627,4.815436636542529,2.400710038785499,2.699771319928883,2.3407819589276313,2.3821175996591113,1.755771699591792,1.646662529059944,2.236573295278567,1.0699201826570324,3.076051077177556,1.6803965688486042,0.7709085405691936,2.6528831778132096,3.8169799745767463,4.259806662167925,3.644880783350982
3.228957994755305,2.9477088925068293,1.435250185468771,4.613817289969878,1.671939563932239,1.8971348131446597,1.6466984988683855,1.6759772015579721,2.37340162775886,1.646662529059944,2.236573295278567,1.0699201826570324,3.076051077177556,1.6803965688486042,1.4081563707977083,1.234359825928011,3.299386074647449,6.421915071031394,4.338974043729667
3.228957994755305,2.7013966108003284,1.91895833604257,3.71542520156527,2.9535703990190063,2.2761576080149872,2.633027626320998,1.9194738905583648,4.457902635322714,4.76616167926674,2.236573295278567,2.404924813559527,3.076051077177556,2.7845387336497502,2.2775797670784725,2.0687853270369514,3.307680848684777,1.8274347021965223,4.061336739578193
1.7655687494345969,2.972149613159087,2.368115904432526,2.529429045255556,2.47610008790825,2.4322258176674754,1.6466984988683855,3.088257997760251,1.601364217550025,2.16657905409441,2.236573295278567,2.404924813559527,3.076051077177556,2.7845387336497502,1.3241779745660436,3.0700959283676794,2.4151631622682324,1.8274347021965223,3.2284248271237703
1.7655687494345969,2.9332117350096727,3.335532205580124,3.077952267548799,2.023759793171744,4.786626237567864,5.482422883406324,1.6759772015579721,2.3154988219931973,1.646662529059944,2.236573295278567,1.0699201826570324,0.986050802712511,0.5762544040474584,3.4680970313038375,3.4038661288112557,3.8816792120679082,1.8274347021965223,3.644880783350982
1.7655687494345969,2.017195828282271,3.197329876844753,2.028345669214702,1.7975896458034906,1.9194302716664438,1.847617395201325,1.7977255460581685,1.755771699591792,2.6864955791288763,2.236573295278567,2.404924813559527,3.076051077177556,2.7845387336497502,2.104683068954457,2.6528831778132096,1.8428237536925671,1.8274347021965223,2.2566942625936104
0.3021795041138886,3.3954480259767106,1.124294945814186,2.0491006019501223,5.743002216560795,2.521407651754611,2.3955780215638875,5.620623563364337,2.199693210461872,3.726328629197808,2.236573295278567,2.404924813559527,3.076051077177556,2.7845387336497502,1.7490098613850535,3.4873086789221497,2.687231750692607,1.8274347021965223,3.506062131275245
0.3021795041138886,2.6638526901025634,3.3009816233962814,1.533192273955397,2.677140218902253,2.084416664727645,2.3042512505034605,2.6499639575595433,1.7171698290813504,2.6864955791288763,2.236573295278567,2.404924813559527,3.076051077177556,2.7845387336497502,1.4229760877797668,0.6502619751517529,1.7814424258163362,1.8274347021965223,2.1178756105178733
1.7655687494345969,1.1852355558893457,1.9880595004102555,1.5391222547369456,1.671939563932239,1.6652620445181063,1.6466984988683855,1.6759772015579721,1.5434614117843624,2.6864955791288763,2.236573295278567,3.739929444462023,0.986050802712511,2.7845387336497502,2.736990993522286,2.9032108281458915,1.42144923259628,1.8274347021965223,1.4237823501391875
3.228957994755305,2.1038999817748816,3.7155886096023947,1.9364309671006996,2.8027903007735047,1.914971179962087,2.724354397381425,1.9194738905583648,3.222642778988578,3.206412104163342,2.236573295278567,2.404924813559527,3.076051077177556,2.7845387336497502,1.9268464651697552,2.6528831778132096,2.0701005623153677,1.8274347021965223,2.3955129146693475
0.3021795041138886,2.061384279499566,2.7827228906386394,1.4649974949675884,1.7221995966807397,1.6786393196311766,1.7014945615046417,1.7246765393580508,1.5820632822948042,1.646662529059944,2.236573295278567,3.739929444462023,3.076051077177556,3.888680898450896,0.6819902386768426,1.9853427769260572,1.3998828200992262,1.8274347021965223,1.1461450459877132
3.228957994755305,1.7931404005537768,2.679071144087111,1.5598771874723654,1.7724596294292403,1.6830984113355334,1.756290624140898,1.6759772015579721,2.006683857909663,2.16657905409441,2.236573295278567,3.739929444462023,3.076051077177556,3.888680898450896,2.2430004274536697,2.0687853270369514,1.4961021989322365,1.8274347021965223,1.4237823501391875
3.228957994755305,1.6497486440274116,2.9900263837416965,1.4887174180937826,1.7221995966807397,1.6295893108832518,1.7197599157167271,1.8220752149582078,1.8715773111231173,1.646662529059944,2.236573295278567,2.404924813559527,3.076051077177556,2.7845387336497502,1.3192380689053573,1.0674747257062231,1.4280850518261428,1.8274347021965223,1.1461450459877132
1.7655687494345969,3.722470444133729,1.0897443636303432,3.739145124691464,3.8331209721177686,3.9839897307836405,2.2677205420792896,3.356104355660683,4.1490876712391795,1.646662529059944,2.236573295278567,1.0699201826570324,3.076051077177556,1.6803965688486042,2.7271111822009133,3.0700959283676794,4.052551557236875,1.8274347021965223,4.20015539165393
1.7655687494345969,2.0891704980357835,1.91895833604257,1.9334659767099254,1.8227196621777408,2.02198938086665,2.0850669999584355,1.9681732283584434,3.1840409084781367,2.6864955791288763,2.236573295278567,2.404924813559527,3.076051077177556,2.7845387336497502,2.504815427470036,3.236981028589468,1.985493867134617,1.8274347021965223,2.2566942625936104
3.228957994755305,3.515188971073419,1.8844077538587272,2.88522789214847,2.8781803498962555,2.619507669250461,3.692418170621952,4.232692436062097,4.071883930218297,2.16657905409441,2.236573295278567,2.404924813559527,3.076051077177556,2.7845387336497502,1.4427357104225114,2.4025555274805273,3.1865771477397815,3.1787524577361905,3.922518087502456
3.228957994755305,1.6747934129087179,1.6080030963879848,1.9423609478822481,1.8729796949262416,2.066580297910218,1.7745559783529834,1.7246765393580508,4.882523210937572,3.206412104163342,12.555767160837407,3.739929444462023,0.986050802712511,2.7845387336497502,3.8682293898194167,1.6515725764824811,2.11157443250201,4.259806662167925,2.2566942625936104
0.3021795041138886,0.7742504338946277,0.7096879596080725,1.450172543013717,1.9232397276747424,1.6474256777006793,1.9389441662617521,1.6759772015579721,1.5627623470395833,2.16657905409441,2.236573295278567,2.404924813559527,3.076051077177556,2.7845387336497502,1.0426033519069324,1.9019002268151632,1.4098365489440203,1.8274347021965223,1.4237823501391875
1.7655687494345969,3.303586229912996,1.2279466923657143,5.002231031161309,1.671939563932239,2.637344036067888,1.9937402288980084,2.016872566158522,5.442250333338978,4.246245154232274,2.236573295278567,2.404924813559527,3.076051077177556,2.7845387336497502,3.0580848614668863,2.9032108281458915,4.110614975498175,1.8274347021965223,3.644880783350982
3.228957994755305,1.0678178732120531,3.6119368630508664,1.4590675141860399,1.8478496785519913,1.7009347781529607,1.756290624140898,1.74902620825809,1.620665152805246,1.646662529059944,2.236573295278567,1.0699201826570324,3.076051077177556,1.6803965688486042,0.9438052386932092,1.234359825928011,1.423108187403746,1.8274347021965223,1.4237823501391875
1.7655687494345969,2.033923317702067,2.5063182331678973,1.7170216781834027,1.7724596294292403,1.78565752053574,1.756290624140898,1.7003268704580115,1.8329754406126755,1.646662529059944,2.236573295278567,2.404924813559527,3.076051077177556,2.7845387336497502,1.9564858991338723,1.8184576767042693,1.6089111258399038,1.8274347021965223,1.7014196542906617
1.7655687494345969,0.2244271497156003,0.7096879596080725,1.628071966460174,1.9483697440489927,1.7053938698573174,1.7197599157167271,1.74902620825809,6.542403642886567,1.126746004025478,2.236573295278567,1.0699201826570324,0.986050802712511,0.5762544040474584,1.5711732576003516,1.234359825928011,1.9456789517554403,1.8274347021965223,0.8685077418362388
1.7655687494345969,3.2467127658856887,0.7442385417919153,2.452339295095425,3.0038304317675073,3.943857905444429,3.4367032116527563,3.5022023690609183,3.3577493257751243,1.646662529059944,2.236573295278567,1.0699201826570324,3.076051077177556,1.6803965688486042,1.6946708991175057,4.32173418003109,3.310998758299709,4.259806662167925,2.811968870896559
3.228957994755305,1.1855143473796756,3.542835698683181,1.4472075526229427,1.7975896458034906,1.6652620445181063,1.7014945615046417,2.260369255158915,2.37340162775886,2.16657905409441,2.236573295278567,2.404924813559527,3.076051077177556,2.7845387336497502,1.151281276442028,1.4846874762606932,1.4944432441247706,1.8274347021965223,1.4237823501391875
3.228957994755305,2.184888909715729,0.9169914527111291,1.6458619088048199,3.104350497264509,2.0353666559797206,2.94353864792645,2.0412222350585614,1.4855586060186998,3.726328629197808,2.236573295278567,3.739929444462023,3.076051077177556,3.888680898450896,3.3742388237508005,2.3191129773696333,1.8511185277298956,3.449016008844124,2.2566942625936104
3.228957994755305,3.2388136736596733,0.7787891239757581,3.537525778118813,2.5766201534052513,2.5570803853894657,4.788339423347077,4.013545415961744,4.728115728895806,2.6864955791288763,2.236573295278567,2.404924813559527,3.076051077177556,2.7845387336497502,1.9910652387586754,2.9032108281458915,3.649425539022711,3.1787524577361905,3.0896061750480333
3.228957994755305,4.1406112143802485,2.6099699797194256,3.7243201727375927,3.4310407101297633,2.115630306658143,4.970992965467932,6.229365285865319,3.2805455847542406,1.646662529059944,2.236573295278567,1.0699201826570324,0.986050802712511,0.5762544040474584,2.2430004274536697,4.071406529698407,3.6892404544018875,1.8274347021965223,4.20015539165393
1.7655687494345969,4.013064107554301,1.4698007676526137,1.9127110439745052,1.671939563932239,3.729821503635303,1.6466984988683855,4.744035482962922,2.933128750160265,1.646662529059944,2.236573295278567,2.404924813559527,3.076051077177556,2.7845387336497502,3.9472678803903953,1.5681300263715872,2.7270466660717836,6.151651519923461,3.2284248271237703
3.228957994755305,2.3333918435648093,2.402666486616369,1.6725468223217883,2.5012301042825005,1.8302484375793078,2.94353864792645,2.4064672685591506,2.2768969514827555,2.16657905409441,2.236573295278567,2.404924813559527,3.076051077177556,2.7845387336497502,1.9960051444193616,1.8184576767042693,1.8428237536925671,1.8274347021965223,2.1178756105178733
3.228957994755305,3.258282612734381,1.6425536785718275,2.4908841701754905,4.385981332351276,3.4310623594433975,4.222113442772429,4.037895084861782,2.103188534185768,1.646662529059944,2.236573295278567,1.0699201826570324,3.076051077177556,1.6803965688486042,2.6480726916299346,1.234359825928011,3.233027882348821,1.8274347021965223,2.811968870896559
1.7655687494345969,1.5866023714676807,1.0897443636303432,1.6251069760693997,1.7221995966807397,1.7678211537183126,1.7197599157167271,1.74902620825809,1.755771699591792,1.646662529059944,2.236573295278567,1.0699201826570324,3.076051077177556,1.6803965688486042,0.9339254273718369,1.1509172758171171,1.5408939787338103,1.8274347021965223,1.5626010022149246
3.228957994755305,1.780501852992153,1.435250185468771,1.4679624853583628,1.8227196621777408,1.6206711274745382,1.6466984988683855,1.74902620825809,1.5434614117843624,1.646662529059944,2.236573295278567,2.404924813559527,0.986050802712511,1.6803965688486042,1.8527478802594628,3.7376363292548316,1.3799753624096378,1.8274347021965223,1.1461450459877132
3.228957994755305,1.7624268713690951,1.8844077538587272,1.8415512745959224,1.9986297767974934,1.9372666384838708,2.012005583110094,1.9925228972584828,2.180392275206651,2.6864955791288763,2.236573295278567,2.404924813559527,0.986050802712511,1.6803965688486042,3.996666936997257,1.234359825928011,1.8229162960029788,3.449016008844124,2.1178756105178733
3.228957994755305,2.248778626249673,3.681038027418552,2.2418249773504506,1.671939563932239,1.6830984113355334,1.7197599157167271,1.8220752149582078,1.775072634847013,1.646662529059944,2.236573295278567,2.404924813559527,3.076051077177556,2.7845387336497502,0.7412691066050765,2.9032108281458915,1.8577543469597584,2.908488906628257,2.2566942625936104
1.7655687494345969,1.9298411613122233,0.7096879596080725,2.206245092661159,1.8227196621777408,1.8614620795098054,1.6466984988683855,1.9194738905583648,3.4542540020512287,2.6864955791288763,2.236573295278567,2.404924813559527,3.076051077177556,2.7845387336497502,3.47797684262521,1.6515725764824811,2.0584878786631076,1.8274347021965223,2.3955129146693475
1.7655687494345969,2.8397236552523664,0.7442385417919153,4.687942049739235,1.671939563932239,1.7901166122400967,1.6466984988683855,1.6759772015579721,2.1417904046962093,6.845827779404605,2.236573295278567,3.739929444462023,3.076051077177556,3.888680898450896,3.729912031320204,3.987963979587514,3.281137571765326,4.5300702132758595,2.950787522972296
3.228957994755305,0.7991558070307689,1.1588455279980288,1.524297302783074,1.671939563932239,1.625130219178895,2.06680164574635,1.7733758771581294,1.8329754406126755,1.646662529059944,2.236573295278567,1.0699201826570324,3.076051077177556,1.6803965688486042,3.048205050145514,0.5668194250408589,1.4678999672053195,1.8274347021965223,1.2849636980634502
0.3021795041138886,1.05183382776647,2.6445205619032683,1.4353475910598457,1.7724596294292403,1.5983756689527544,1.6466984988683855,1.9438235594584041,1.5820632822948042,1.646662529059944,2.236573295278567,2.404924813559527,0.986050802712511,1.6803965688486042,2.890128069003557,1.234359825928011,1.366703723949912,1.8274347021965223,1.007326393911976
3.228957994755305,1.4645381639515558,1.0206431992626577,1.4472075526229427,1.9232397276747424,1.6830984113355334,1.9937402288980084,2.016872566158522,2.296197886737976,2.16657905409441,2.236573295278567,2.404924813559527,0.986050802712511,1.6803965688486042,3.0284454275027692,1.8184576767042693,1.5126917470068935,1.8274347021965223,1.4237823501391875
0.3021795041138886,1.1689262537050442,1.573452514204142,1.4472075526229427,1.8478496785519913,1.607293852361468,1.7014945615046417,1.7733758771581294,1.601364217550025,1.646662529059944,2.236573295278567,2.404924813559527,3.076051077177556,2.7845387336497502,3.077844484109631,3.1535384784785734,1.3766574527947064,1.8274347021965223,1.1461450459877132
1.7655687494345969,2.2498473269626045,1.7462054251233559,1.8296913130328254,2.827920317147755,1.999693922344866,2.8339465226539375,3.1613070044603684,1.6978688938261293,2.16657905409441,2.236573295278567,1.0699201826570324,3.076051077177556,1.6803965688486042,2.43565674822043,1.1509172758171171,2.007060279631671,1.8274347021965223,2.5343315667450845
3.228957994755305,2.803294900515921,1.0551937814465004,3.329976450764613,1.8478496785519913,1.9640211887100116,1.6466984988683855,2.4064672685591506,2.218994145717093,2.6864955791288763,2.236573295278567,2.404924813559527,3.076051077177556,2.7845387336497502,2.079983540651026,1.735015126593375,2.654052654543293,2.908488906628257,3.506062131275245
1.7655687494345969,3.9015010461739377,3.681038027418552,3.5464207492911357,3.5818208083752654,3.3507987087649758,3.7654795874702938,1.6759772015579721,1.7171698290813504,1.646662529059944,2.236573295278567,1.0699201826570324,0.986050802712511,0.5762544040474584,2.6727722199333654,2.9032108281458915,3.5050964707731955,3.449016008844124,3.2284248271237703
1.7655687494345969,3.476158162427228,3.78468977397008,3.7836199805530786,3.506430759252514,4.144517032140485,1.6466984988683855,2.3821175996591113,1.755771699591792,1.646662529059944,2.236573295278567,1.0699201826570324,3.076051077177556,1.6803965688486042,2.8407290123966953,3.4038661288112557,3.787118788042364,1.8274347021965223,3.644880783350982
3.228957994755305,3.196112110390805,1.0551937814465004,2.6747135744034964,1.671939563932239,3.6049669359133127,4.970992965467932,3.2343560111604863,4.187689541749622,1.646662529059944,2.236573295278567,1.0699201826570324,0.986050802712511,0.5762544040474584,1.828048351956032,0.3164917747081768,3.413853956362582,3.449016008844124,2.811968870896559
3.228957994755305,0.7665372026621662,1.3661490211010854,1.4323826006690714,1.7221995966807397,1.6206711274745382,1.7197599157167271,1.74902620825809,1.6978688938261293,1.646662529059944,2.236573295278567,2.404924813559527,3.076051077177556,2.7845387336497502,3.54219561621413,0.817147075373541,1.373339543179775,1.8274347021965223,1.007326393911976
3.228957994755305,3.132175928608472,1.435250185468771,1.6844067838848855,1.9734997604232432,1.9238893633708005,2.249455187867204,2.0412222350585614,1.601364217550025,1.646662529059944,2.236573295278567,2.404924813559527,3.076051077177556,2.7845387336497502,1.3439375972087881,2.6528831778132096,1.7034715498654487,1.8274347021965223,1.979056958442136
3.228957994755305,3.1307819711568223,0.9860926170788147,3.8696047018855326,2.3001899732884974,3.6361805778438105,3.911602421166977,2.3821175996591113,3.3191474552646825,1.646662529059944,2.236573295278567,1.0699201826570324,3.076051077177556,1.6803965688486042,3.5372557105534437,1.234359825928011,3.906563534179894,4.800333764383792,3.2284248271237703
3.228957994755305,3.1548509698219735,1.8498571716748844,2.1143303905471567,5.7178722001865445,2.548162201980752,4.770074069134992,2.4064672685591506,2.508508174545406,2.16657905409441,2.236573295278567,2.404924813559527,0.986050802712511,1.6803965688486042,2.904947785985615,2.9032108281458915,2.7552488977987,1.8274347021965223,3.506062131275245
3.228957994755305,1.6916138328252908,3.0245769659255393,1.4531375334044911,2.048889809545994,1.7098529615616742,1.6466984988683855,2.162970579558758,2.1224894694409886,2.16657905409441,2.236573295278567,2.404924813559527,3.076051077177556,2.7845387336497502,2.7271111822009133,1.5681300263715872,1.497761153739702,2.6382253555203232,1.4237823501391875
1.7655687494345969,2.8078484948579767,2.9900263837416965,1.9690458613992168,2.0991498422944947,2.744362236972451,3.0531307731989625,3.380454024560722,2.045285728420105,1.646662529059944,2.236573295278567,1.0699201826570324,0.986050802712511,0.5762544040474584,0.8944061820863476,4.238291629920196,2.378666156503987,1.8274347021965223,3.0896061750480333
3.228957994755305,3.669128338983934,3.5773862808670236,3.080917257939573,4.913711676210534,5.9772037226311285,5.171911861800871,2.576914950859426,1.8329754406126755,1.646662529059944,2.236573295278567,1.0699201826570324,0.986050802712511,0.5762544040474584,1.487194861368687,2.8197682780349975,4.508764129289942,1.8274347021965223,3.0896061750480333
1.7655687494345969,1.4676513355935734,1.8153065894910416,1.6636518511494653,1.6970695803064892,1.7276893283791015,1.7197599157167271,1.7733758771581294,1.7171698290813504,2.6864955791288763,2.236573295278567,3.739929444462023,0.986050802712511,2.7845387336497502,1.9120267481876967,2.1522278771478454,1.5442118883487417,1.8274347021965223,1.5626010022149246
3.228957994755305,2.640341274418072,2.54086881535174,2.5205340740832334,2.275059956914247,1.892675721440303,2.3407819589276313,1.6759772015579721,3.1840409084781367,4.246245154232274,2.236573295278567,3.739929444462023,3.076051077177556,3.888680898450896,3.754611559623635,2.4025555274805273,2.2990363257456337,1.8274347021965223,2.811968870896559
0.3021795041138886,0.7214194464771044,0.9860926170788147,1.4472075526229427,1.7724596294292403,1.651884769405036,1.7928213325650688,1.8707745527582864,1.910179181633559,2.16657905409441,2.236573295278567,2.404924813559527,3.076051077177556,2.7845387336497502,1.6650314651533886,0.399934324819071,1.4297440066336087,2.6382253555203232,1.2849636980634502
3.228957994755305,2.3838531033145283,1.6771042607556703,1.9038160728021825,2.048889809545994,2.4634394595979727,1.9206788120496667,1.9438235594584041,2.4506053687797436,5.286078204301206,2.236573295278567,3.739929444462023,0.986050802712511,2.7845387336497502,2.5393947670948394,1.9019002268151632,2.0684416075079017,1.8274347021965223,2.5343315667450845
0.3021795041138886,2.345240481903832,1.8844077538587272,2.8763329209761475,2.1996699077914963,2.650721311180958,2.669558334745169,4.305741442762215,2.0259847931648842,1.646662529059944,2.236573295278567,1.0699201826570324,3.076051077177556,1.6803965688486042,4.036186182282746,3.9045214294766195,2.884647372781025,1.8274347021965223,4.20015539165393
0.3021795041138886,2.6889903894806464,1.124294945814186,3.478225970303327,1.8478496785519913,1.8971348131446597,1.6466984988683855,1.846424883858247,1.9294801168887799,3.206412104163342,2.236573295278567,2.404924813559527,0.986050802712511,1.6803965688486042,2.2627600500964142,1.6515725764824811,2.6490757901208957,2.908488906628257,2.1178756105178733
1.7655687494345969,3.411664397664236,3.370082787763967,3.0394073924687333,1.9232397276747424,2.503571284937184,4.569155172802052,5.157979854263591,3.068235296946811,1.646662529059944,2.236573295278567,2.404924813559527,0.986050802712511,1.6803965688486042,3.863289484158731,3.236981028589468,3.223074153504027,3.449016008844124,2.6731502188208216
3.228957994755305,2.104643425749095,2.4372170688002117,2.1825251695349652,1.8478496785519913,2.0710393896145747,2.012005583110094,1.6759772015579721,1.9873829226544424,2.6864955791288763,2.236573295278567,2.404924813559527,0.986050802712511,1.6803965688486042,1.7440699557243673,1.735015126593375,2.0153550536689995,1.8274347021965223,2.5343315667450845
3.228957994755305,1.6839470668412175,3.991993267073137,1.4442425622321684,1.7724596294292403,1.6340484025876088,1.6832292072925563,1.7246765393580508,1.620665152805246,1.646662529059944,2.236573295278567,2.404924813559527,3.076051077177556,2.7845387336497502,1.6551516538320163,1.9853427769260572,1.3766574527947064,1.8274347021965223,1.1461450459877132
1.7655687494345969,1.8402561624195364,1.4698007676526137,1.7614965340450168,2.1494098750429953,1.6830984113355334,1.9389441662617521,2.016872566158522,1.5820632822948042,2.6864955791288763,2.236573295278567,2.404924813559527,0.986050802712511,1.6803965688486042,1.5020145783507455,2.4025555274805273,1.6371133575668206,1.8274347021965223,1.840238306366399
3.228957994755305,3.0451929836255314,0.640586795240387,1.8267263226420511,1.9483697440489927,1.8525438961010918,1.9206788120496667,1.7246765393580508,2.064586663675326,1.646662529059944,2.236573295278567,2.404924813559527,3.076051077177556,2.7845387336497502,0.8203075971760552,3.236981028589468,1.7432864652446254,1.8274347021965223,1.979056958442136
3.228957994755305,2.583839532377871,3.957442684889294,1.8534112361590196,1.8227196621777408,1.821330254170594,1.847617395201325,1.8707745527582864,1.8136745053574548,2.16657905409441,2.236573295278567,2.404924813559527,0.986050802712511,1.6803965688486042,0.8894662764256613,1.8184576767042693,1.7200610979401056,1.8274347021965223,1.979056958442136
0.3021795041138886,2.267178864611449,3.7155886096023947,1.5806321202077855,1.7724596294292403,1.696475686448604,1.7197599157167271,1.846424883858247,1.5048595412739207,2.16657905409441,2.236573295278567,3.739929444462023,3.076051077177556,3.888680898450896,1.5069544840114315,3.0700959283676794,1.4778536960501136,1.8274347021965223,1.4237823501391875
1.7655687494345969,1.582652825354673,3.8883415205216085,1.5094723508292027,1.671939563932239,1.6117529440658247,1.6466984988683855,1.6759772015579721,1.5434614117843624,2.16657905409441,2.236573295278567,5.074934075364517,0.986050802712511,3.888680898450896,2.657952502951307,2.6528831778132096,1.3849522268320347,1.8274347021965223,1.1461450459877132
1.7655687494345969,2.2712678064696217,4.02654384925698,2.7903481996436934,1.671939563932239,1.696475686448604,1.756290624140898,1.6759772015579721,1.5627623470395833,4.246245154232274,2.236573295278567,2.404924813559527,0.986050802712511,1.6803965688486042,3.7150923143381456,3.0700959283676794,2.1447535286513237,2.908488906628257,2.811968870896559
1.7655687494345969,2.532913620144269,3.1282287124770676,3.4722959895217786,1.8729796949262416,2.3341258001716256,1.847617395201325,1.8707745527582864,3.1840409084781367,3.726328629197808,2.236573295278567,2.404924813559527,3.076051077177556,2.7845387336497502,2.9741064652352214,2.3191129773696333,2.937733926619927,1.8274347021965223,3.783699435426719
3.228957994755305,2.191951627470754,0.6751373774242297,2.2685098908674193,1.9232397276747424,1.7589029703095989,1.6466984988683855,1.9925228972584828,2.006683857909663,3.206412104163342,2.236573295278567,2.404924813559527,0.986050802712511,1.6803965688486042,3.423637880357662,3.0700959283676794,1.9423610421405089,1.8274347021965223,2.3955129146693475
3.228957994755305,2.5329600853926575,1.5389019320202992,2.4582692758769733,1.671939563932239,1.7455256951965286,1.7197599157167271,1.74902620825809,1.620665152805246,4.246245154232274,2.236573295278567,5.074934075364517,0.986050802712511,3.888680898450896,1.4822549557080007,1.8184576767042693,1.9838349123271513,1.8274347021965223,2.5343315667450845
3.228957994755305,0.9118804996208407,0.8133397061596008,1.4442425622321684,1.9986297767974934,1.651884769405036,1.6466984988683855,1.7977255460581685,2.0838875989305468,2.16657905409441,2.236573295278567,2.404924813559527,3.076051077177556,2.7845387336497502,2.134322502918574,0.984032175595329,1.4396977354784029,4.259806662167925,1.2849636980634502
1.7655687494345969,2.5876496827457136,1.4006996032849282,2.2596149196950965,1.671939563932239,1.669721136222463,1.6466984988683855,1.6759772015579721,1.9487810521440008,2.6864955791288763,2.236573295278567,2.404924813559527,3.076051077177556,2.7845387336497502,2.410957219916999,2.1522278771478454,1.8610722565746898,2.908488906628257,2.2566942625936104
1.7655687494345969,2.07513799302251,2.575419397535583,1.711091697401854,2.023759793171744,1.8748393546228757,1.6832292072925563,1.8951242216583257,2.218994145717093,1.646662529059944,2.236573295278567,2.404924813559527,0.986050802712511,1.6803965688486042,0.8598268424615445,3.4873086789221497,1.69517677582812,1.8274347021965223,1.840238306366399
0.3021795041138886,2.444629648206455,3.197329876844753,1.6784768031033368,1.9232397276747424,1.7410666034921718,1.847617395201325,1.9194738905583648,2.0259847931648842,3.206412104163342,2.236573295278567,3.739929444462023,3.076051077177556,3.888680898450896,2.37143797463151,3.4038661288112557,1.6205238094921637,1.8274347021965223,1.7014196542906617
3.228957994755305,0.8905064853622122,1.4698007676526137,1.482787437312234,1.74732961305499,1.6652620445181063,1.7014945615046417,1.6759772015579721,1.5627623470395833,1.646662529059944,2.236573295278567,2.404924813559527,3.076051077177556,2.7845387336497502,3.7052125030167735,1.9853427769260572,1.4015417749066916,1.8274347021965223,1.2849636980634502
3.228957994755305,4.21040201745951,0.9515420348949719,4.370688077926387,2.275059956914247,4.684067128367658,2.5782315636847417,2.1386209106587186,3.782369901389983,1.126746004025478,2.236573295278567,1.0699201826570324,3.076051077177556,1.6803965688486042,1.4032164651370223,4.071406529698407,4.477243987948093,3.9895431110599917,3.367243479199508
0.3021795041138886,1.1698555586728108,0.9860926170788147,1.4561025237952654,1.6970695803064892,1.6206711274745382,1.6466984988683855,1.74902620825809,1.5241604765291417,2.16657905409441,2.236573295278567,3.739929444462023,3.076051077177556,3.888680898450896,2.134322502918574,1.735015126593375,1.3633858143349806,1.8274347021965223,1.1461450459877132
3.228957994755305,2.008878548820761,1.8498571716748844,1.4857524277030083,1.6970695803064892,1.6652620445181063,1.6832292072925563,1.6759772015579721,1.5241604765291417,1.646662529059944,2.236573295278567,3.739929444462023,3.076051077177556,3.888680898450896,3.354479201108056,1.4012449261497992,1.3949059556768288,1.8274347021965223,1.1461450459877132
3.228957994755305,3.4280666303453136,2.575419397535583,3.531595797337264,4.009031086737521,3.257157782973483,3.5462953369252688,3.623950713561115,3.0296334264363693,1.646662529059944,2.236573295278567,1.0699201826570324,3.076051077177556,1.6803965688486042,0.8746465594436028,1.4846874762606932,3.7157837313213387,1.8274347021965223,3.367243479199508
1.7655687494345969,2.4176333388928395,0.8824408705272864,1.897886092020634,1.671939563932239,1.9283484550751573,1.884148103625496,1.846424883858247,2.8559250091393817,4.246245154232274,2.236573295278567,3.739929444462023,3.076051077177556,3.888680898450896,1.8774474085628936,2.0687853270369514,1.8660491209970869,1.8274347021965223,2.1178756105178733
3.228957994755305,0.9735398842321457,2.402666486616369,1.4590675141860399,2.023759793171744,1.718771144970388,1.7197599157167271,1.7246765393580508,2.180392275206651,2.6864955791288763,2.236573295278567,2.404924813559527,3.076051077177556,2.7845387336497502,1.916966653848383,1.9853427769260572,1.4844895152799764,1.8274347021965223,1.5626010022149246
1.7655687494345969,1.7265092343649213,1.2279466923657143,1.5035423700476542,1.6970695803064892,1.6474256777006793,1.6466984988683855,1.6759772015579721,1.5434614117843624,1.646662529059944,2.236573295278567,2.404924813559527,3.076051077177556,2.7845387336497502,1.1759808047454587,2.0687853270369514,1.3965649104842948,1.8274347021965223,1.1461450459877132
0.3021795041138886,1.8552644376489649,1.6771042607556703,1.4531375334044911,1.7724596294292403,1.6429665859963223,1.9206788120496667,1.7733758771581294,2.045285728420105,2.16657905409441,2.236573295278567,3.739929444462023,0.986050802712511,2.7845387336497502,3.5372557105534437,1.8184576767042693,1.4463335547082656,1.8274347021965223,1.1461450459877132
1.7655687494345969,1.3038613350247346,1.3661490211010854,1.470927475749137,1.671939563932239,1.6162120357701815,1.6466984988683855,1.6759772015579721,1.4855586060186998,2.16657905409441,2.236573295278567,2.404924813559527,3.076051077177556,2.7845387336497502,0.8104277858546829,2.0687853270369514,1.3600679047200492,1.8274347021965223,1.2849636980634502
1.7655687494345969,2.889441471027872,0.7096879596080725,3.273641633339902,1.8478496785519913,2.1022530315450725,2.194659125230948,1.6759772015579721,1.775072634847013,2.16657905409441,2.236573295278567,3.739929444462023,3.076051077177556,3.888680898450896,2.2380605217929834,3.4038661288112557,2.63580415166117,1.8274347021965223,3.506062131275245
3.228957994755305,1.7780391948275718,3.5773862808670236,1.462032504576814,1.671939563932239,1.6028347606571112,1.6466984988683855,1.6759772015579721,1.5048595412739207,1.646662529059944,2.236573295278567,3.739929444462023,0.986050802712511,2.7845387336497502,0.7758484462298796,1.9019002268151632,1.3517731306827208,1.8274347021965223,1.007326393911976
3.228957994755305,1.162978701911339,2.8863746371901677,1.5035423700476542,1.74732961305499,1.6608029528137496,1.7928213325650688,1.7977255460581685,1.5241604765291417,2.16657905409441,2.236573295278567,2.404924813559527,0.986050802712511,1.6803965688486042,1.2895986349412405,2.0687853270369514,1.4247671422112114,1.8274347021965223,1.4237823501391875
1.7655687494345969,2.886003042647136,2.851824055006325,3.312186508419967,2.048889809545994,2.0353666559797206,2.012005583110094,1.846424883858247,4.013981124452634,1.646662529059944,2.236573295278567,2.404924813559527,0.986050802712511,1.6803965688486042,2.7320510878615996,2.4025555274805273,2.833219773749588,1.8274347021965223,3.506062131275245
1.7655687494345969,2.2911549327798237,1.0206431992626577,1.7259166493557254,3.280260611884261,1.9417257301882276,2.8339465226539375,1.6759772015579721,3.5893605488377744,2.16657905409441,2.236573295278567,3.739929444462023,3.076051077177556,3.888680898450896,3.3841186350721726,2.3191129773696333,2.018672963283931,1.8274347021965223,2.2566942625936104
3.228957994755305,2.732807118710835,3.819240356153923,2.025380678823928,1.7221995966807397,1.7811984288313831,1.7014945615046417,1.7977255460581685,2.1610913399514304,3.206412104163342,2.236573295278567,3.739929444462023,3.076051077177556,3.888680898450896,3.9126885407655925,2.9866533782567855,1.8063267479283218,1.8274347021965223,2.1178756105178733
3.228957994755305,2.971684960675204,2.5063182331678973,3.3329414411553873,2.023759793171744,1.8079529790575237,1.6466984988683855,1.846424883858247,2.5857119155662893,1.646662529059944,2.236573295278567,2.404924813559527,3.076051077177556,2.7845387336497502,1.0426033519069324,2.0687853270369514,2.602625055511856,1.8274347021965223,3.367243479199508
3.228957994755305,1.6720984285021951,0.7787891239757581,1.7170216781834027,1.6970695803064892,1.7722802454226694,1.756290624140898,1.7246765393580508,2.2768969514827555,2.16657905409441,2.236573295278567,2.404924813559527,3.076051077177556,2.7845387336497502,0.9289855217111507,3.6541937791439376,1.6387723123742863,1.8274347021965223,1.7014196542906617
3.228957994755305,1.6325100368753438,2.4717676509840545,2.034275649996251,1.7975896458034906,1.7633620620139558,1.9572095204738376,1.6759772015579721,3.2033418437333574,2.6864955791288763,2.236573295278567,2.404924813559527,0.986050802712511,1.6803965688486042,3.971967408693826,3.3204235787003618,1.914158810413592,3.449016008844124,2.1178756105178733
1.7655687494345969,1.9878297913008507,1.9880595004102555,2.9504576807455045,1.8478496785519913,2.1825166822234947,2.4869047926243146,2.016872566158522,1.755771699591792,4.246245154232274,2.236573295278567,2.404924813559527,3.076051077177556,2.7845387336497502,3.6755730690526565,2.2356704272587393,2.532948953598297,1.8274347021965223,3.367243479199508
1.7655687494345969,1.6363666524915748,2.3335653222486834,1.690336764666434,1.74732961305499,1.6830984113355334,1.7197599157167271,1.7003268704580115,2.045285728420105,3.206412104163342,2.236573295278567,3.739929444462023,3.076051077177556,3.888680898450896,4.001606842657943,2.485998077591421,1.5690962104607271,1.8274347021965223,1.5626010022149246
1.7655687494345969,2.1198375619720764,3.059127548109382,1.9393959574914739,1.9734997604232432,2.088875756432002,1.7928213325650688,1.6759772015579721,1.775072634847013,3.206412104163342,2.236573295278567,2.404924813559527,3.076051077177556,2.7845387336497502,2.781450144468461,3.821078879365726,1.8560953921522927,1.8274347021965223,2.2566942625936104
1.7655687494345969,3.036829238915633,2.0226100825940985,2.4048994488430364,2.551490137031001,2.5793758439112495,4.02119454643949,2.528215613059347,2.3154988219931973,2.16657905409441,2.236573295278567,2.404924813559527,3.076051077177556,2.7845387336497502,1.5464737292969208,3.6541937791439376,2.644098925698499,1.8274347021965223,3.367243479199508
3.228957994755305,2.5702252146000926,2.0226100825940985,2.307054765947485,1.9986297767974934,2.0532030227971476,1.847617395201325,1.9925228972584828,1.8136745053574548,2.6864955791288763,2.236573295278567,2.404924813559527,3.076051077177556,2.7845387336497502,3.843529861515986,3.9045214294766195,2.080054291160162,1.8274347021965223,2.6731502188208216
1.7655687494345969,1.636831304975458,2.126261829145627,1.7259166493557254,1.7221995966807397,1.6608029528137496,1.6832292072925563,1.7003268704580115,2.0838875989305468,3.206412104163342,2.236573295278567,3.739929444462023,0.986050802712511,2.7845387336497502,3.8534096728373584,3.6541937791439376,1.5790499393055213,3.449016008844124,1.5626010022149246
1.7655687494345969,3.1437922407055527,1.2279466923657143,2.680643555185045,1.8478496785519913,2.650721311180958,2.907007939502279,2.796061970959779,1.775072634847013,1.646662529059944,2.236573295278567,2.404924813559527,3.076051077177556,2.7845387336497502,3.7447317483022626,1.6515725764824811,2.6490757901208957,1.8274347021965223,3.506062131275245
3.228957994755305,3.6430613346380847,2.0226100825940985,5.040775906241375,2.0740198259202445,2.8023304291290896,3.5462953369252688,1.6759772015579721,3.0296334264363693,2.16657905409441,2.236573295278567,2.404924813559527,3.076051077177556,2.7845387336497502,2.588793823701701,2.0687853270369514,4.130522433187763,6.151651519923461,2.5343315667450845
1.7655687494345969,1.9242188662572364,3.542835698683181,1.4442425622321684,1.6970695803064892,1.6206711274745382,1.6832292072925563,1.7003268704580115,1.5627623470395833,1.646662529059944,2.236573295278567,3.739929444462023,3.076051077177556,3.888680898450896,1.2352596726736926,2.3191129773696333,1.3600679047200492,1.8274347021965223,1.007326393911976
3.228957994755305,3.6642030226547715,1.5043513498364565,2.932667738400859,4.009031086737521,3.908185171809575,6.066914218193057,2.6499639575595433,1.9873829226544424,1.646662529059944,2.236573295278567,1.0699201826570324,3.076051077177556,1.6803965688486042,1.368637125512219,4.405176730141983,3.6958762736317503,3.719279559952058,3.367243479199508
3.228957994755305,1.5185772478271757,2.7827228906386394,1.5835971105985598,1.9734997604232432,1.8124120707618805,1.7197599157167271,2.5525652819593865,2.547110045055848,2.6864955791288763,2.236573295278567,2.404924813559527,0.986050802712511,1.6803965688486042,3.0630247671275725,0.5668194250408589,1.673610363331066,1.8274347021965223,1.7014196542906617
3.228957994755305,2.5930861168071475,3.508285116499338,1.9957307749161852,3.0792204808902586,2.2092712324496353,2.5782315636847417,1.8707745527582864,3.415652131540787,3.206412104163342,2.236573295278567,2.404924813559527,0.986050802712511,1.6803965688486042,2.4850558048272915,1.4846874762606932,2.23101917863954,1.8274347021965223,2.6731502188208216
0.3021795041138886,0.9713095523095061,2.264464157880998,1.4353475910598457,2.249929940539997,1.6385074942919655,1.7928213325650688,1.8220752149582078,2.37340162775886,1.646662529059944,2.236573295278567,1.0699201826570324,3.076051077177556,1.6803965688486042,3.201342125626785,2.5694406277023156,1.4861484700874423,1.8274347021965223,1.2849636980634502
3.228957994755305,2.303979341335001,2.1953629935133123,1.6310369568509482,2.3755800224112487,1.7633620620139558,1.9389441662617521,2.4064672685591506,2.2768969514827555,1.646662529059944,2.236573295278567,1.0699201826570324,3.076051077177556,1.6803965688486042,1.2105601443702618,4.071406529698407,1.69517677582812,1.8274347021965223,1.840238306366399
3.228957994755305,1.593572158725929,1.8153065894910416,1.4887174180937826,1.7724596294292403,1.6340484025876088,1.756290624140898,1.7733758771581294,1.8136745053574548,2.16657905409441,2.236573295278567,5.074934075364517,3.076051077177556,4.992823063252041,1.1068221254958526,2.0687853270369514,1.4280850518261428,1.8274347021965223,1.2849636980634502
3.228957994755305,1.0644723753280938,0.7442385417919153,1.4887174180937826,1.74732961305499,1.6608029528137496,1.6466984988683855,1.7733758771581294,1.5048595412739207,2.6864955791288763,2.236573295278567,3.739929444462023,3.076051077177556,3.888680898450896,1.338997691548102,1.9853427769260572,1.3998828200992262,1.8274347021965223,1.4237823501391875
1.7655687494345969,1.5262904790596372,0.6751373774242297,1.450172543013717,1.671939563932239,1.5939165772483976,1.6466984988683855,1.6759772015579721,1.4855586060186998,1.646662529059944,2.236573295278567,5.074934075364517,3.076051077177556,4.992823063252041,0.9783845783180123,2.0687853270369514,1.3401604470304609,1.8274347021965223,1.007326393911976
0.3021795041138886,2.9725678003945823,1.262497274549557,2.2566499293043223,5.994302380303298,1.9194302716664438,2.3407819589276313,1.8707745527582864,6.233588678803034,1.646662529059944,2.236573295278567,1.0699201826570324,0.986050802712511,0.5762544040474584,1.8675675972415213,2.0687853270369514,2.6822548862702096,1.8274347021965223,3.644880783350982
3.228957994755305,2.884562619947098,2.1953629935133123,4.326213222064773,1.9734997604232432,2.71760768674631,1.9389441662617521,1.9681732283584434,3.434953066796008,3.206412104163342,2.236573295278567,2.404924813559527,0.986050802712511,1.6803965688486042,3.5273758992320716,2.5694406277023156,3.6013158496062054,2.908488906628257,3.2284248271237703
1.7655687494345969,2.434871946044907,3.4391839521316525,1.5183673220015255,1.6970695803064892,1.625130219178895,1.6466984988683855,1.6759772015579721,1.5434614117843624,1.646662529059944,2.236573295278567,2.404924813559527,3.076051077177556,2.7845387336497502,1.245139483995065,2.3191129773696333,1.3965649104842948,1.8274347021965223,1.1461450459877132
3.228957994755305,0.7880506126659597,3.3009816233962814,1.4472075526229427,1.6970695803064892,1.6206711274745382,2.06680164574635,1.7733758771581294,1.8522763758678964,1.646662529059944,2.236573295278567,1.0699201826570324,3.076051077177556,1.6803965688486042,3.295200333179822,3.1535384784785734,1.4264260970186773,1.8274347021965223,1.1461450459877132
3.228957994755305,1.2282623758969329,1.435250185468771,1.43831258145062,2.124279858668745,1.7053938698573174,1.847617395201325,1.8707745527582864,1.7171698290813504,2.6864955791288763,2.236573295278567,2.404924813559527,3.076051077177556,2.7845387336497502,2.6678323142726796,2.2356704272587393,1.4562872835530598,1.8274347021965223,1.4237823501391875
1.7655687494345969,1.527126853530627,2.2990147400648406,1.470927475749137,1.671939563932239,1.5983756689527544,1.6466984988683855,1.6759772015579721,1.620665152805246,1.646662529059944,2.236573295278567,2.404924813559527,3.076051077177556,2.7845387336497502,2.7715703331470887,1.9019002268151632,1.3650447691424463,1.8274347021965223,1.007326393911976
1.7655687494345969,1.9301199528025532,2.7481723084547967,1.4590675141860399,1.6970695803064892,1.6206711274745382,1.6466984988683855,1.6759772015579721,1.5048595412739207,1.646662529059944,2.236573295278567,2.404924813559527,3.076051077177556,2.7845387336497502,2.000945050080048,2.0687853270369514,1.3584089499125835,1.8274347021965223,1.007326393911976
0.3021795041138886,1.7197253081002262,2.713621726270954,1.450172543013717,1.9232397276747424,1.6652620445181063,1.7928213325650688,1.8220752149582078,1.736470764336571,2.16657905409441,2.236573295278567,3.739929444462023,0.986050802712511,2.7845387336497502,1.0376634462462462,3.236981028589468,1.4280850518261428,1.8274347021965223,1.2849636980634502
3.228957994755305,1.4021818006144262,3.231880459028596,1.5272622931738482,3.858250988492019,1.8748393546228757,4.843135485983334,2.0655719039586007,2.9138278149050443,1.646662529059944,2.236573295278567,1.0699201826570324,0.986050802712511,0.5762544040474584,2.9691665595745356,2.0687853270369514,2.071759517122833,1.8274347021965223,2.3955129146693475
1.7655687494345969,1.178823351611757,2.851824055006325,1.4649974949675884,1.671939563932239,1.6474256777006793,1.6832292072925563,1.6759772015579721,1.6785679585709086,1.646662529059944,2.236573295278567,2.404924813559527,3.076051077177556,2.7845387336497502,2.8110895784325782,1.1509172758171171,1.388270136446966,1.8274347021965223,1.1461450459877132
0.3021795041138886,1.3676116558135138,2.5063182331678973,1.4353475910598457,1.74732961305499,1.6340484025876088,1.847617395201325,1.7246765393580508,1.6785679585709086,1.646662529059944,2.236573295278567,2.404924813559527,0.986050802712511,1.6803965688486042,1.2599592009771234,1.9853427769260572,1.389929091254432,1.8274347021965223,1.1461450459877132
3.228957994755305,4.219183949404902,3.542835698683181,3.484155951084876,2.1996699077914963,2.115630306658143,3.6558874621977813,5.255378529863747,2.296197886737976,1.646662529059944,2.236573295278567,1.0699201826570324,3.076051077177556,1.6803965688486042,1.5365939179755486,0.984032175595329,3.2031666958144385,3.449016008844124,3.644880783350982
3.228957994755305,1.5390684223664262,3.231880459028596,1.4561025237952654,1.74732961305499,1.6563438611093928,1.6832292072925563,1.74902620825809,1.5241604765291417,2.16657905409441,2.236573295278567,3.739929444462023,0.986050802712511,2.7845387336497502,1.5168342953328038,1.9853427769260572,1.3832932720245692,1.8274347021965223,1.2849636980634502
3.228957994755305,3.2113991771105628,1.1933961101818715,1.8119013706881795,2.325319989662748,1.8882166297359462,1.7014945615046417,3.3074050178606043,1.5241604765291417,3.726328629197808,2.236573295278567,3.739929444462023,0.986050802712511,2.7845387336497502,1.7835892010098566,2.485998077591421,1.81462152196565,1.8274347021965223,2.2566942625936104
0.3021795041138886,1.364033831687613,3.370082787763967,1.4768574565306856,1.7221995966807397,1.6385074942919655,1.7014945615046417,1.6759772015579721,1.7943735701022336,2.16657905409441,2.236573295278567,3.739929444462023,3.076051077177556,3.888680898450896,2.6678323142726796,1.4846874762606932,1.406518639329089,2.6382253555203232,1.1461450459877132
3.228957994755305,2.732807118710835,3.819240356153923,2.025380678823928,1.7221995966807397,1.7811984288313831,1.7014945615046417,1.7977255460581685,2.1610913399514304,3.206412104163342,2.236573295278567,3.739929444462023,3.076051077177556,3.888680898450896,3.9126885407655925,2.9866533782567855,1.8063267479283218,1.8274347021965223,2.1178756105178733
0.3021795041138886,0.8717345250133297,1.1933961101818715,1.4442425622321684,1.7724596294292403,1.6117529440658247,1.7197599157167271,1.7246765393580508,1.6785679585709086,1.646662529059944,2.236573295278567,1.0699201826570324,3.076051077177556,1.6803965688486042,3.1568829746806095,0.900589625484435,1.3766574527947064,1.8274347021965223,1.007326393911976
3.228957994755305,1.8954568775048644,3.957442684889294,1.470927475749137,2.5766201534052513,1.6385074942919655,1.7014945615046417,2.3090685929589934,2.1610913399514304,1.646662529059944,2.236573295278567,1.0699201826570324,3.076051077177556,1.6803965688486042,0.9191057103897784,2.7363257279241036,1.5342581595039475,1.8274347021965223,1.4237823501391875
3.228957994755305,1.7746007664468357,1.6771042607556703,1.5154023316107512,1.9734997604232432,1.8525438961010918,1.9937402288980084,1.7003268704580115,2.180392275206651,2.16657905409441,2.236573295278567,2.404924813559527,3.076051077177556,2.7845387336497502,3.0580848614668863,1.1509172758171171,1.585685758535384,1.8274347021965223,1.5626010022149246
3.228957994755305,1.4716473469549691,2.713621726270954,1.5065073604384285,1.7221995966807397,1.6741802279268199,1.8293520409892396,1.7977255460581685,1.6399660880604667,2.6864955791288763,2.236573295278567,3.739929444462023,3.076051077177556,3.888680898450896,2.2973393897212175,3.7376363292548316,1.4430156450933342,1.8274347021965223,1.4237823501391875
1.7655687494345969,1.6113218836102685,1.0206431992626577,1.4561025237952654,1.6970695803064892,1.607293852361468,1.7014945615046417,1.7246765393580508,1.5434614117843624,1.646662529059944,2.236573295278567,3.739929444462023,3.076051077177556,3.888680898450896,1.9762455217766168,3.987963979587514,1.3633858143349806,1.8274347021965223,1.007326393911976
3.228957994755305,0.9253554216534545,3.231880459028596,1.470927475749137,1.671939563932239,1.692016594744247,1.7197599157167271,1.7977255460581685,1.8522763758678964,2.6864955791288763,2.236573295278567,2.404924813559527,3.076051077177556,2.7845387336497502,3.8682293898194167,1.4846874762606932,1.4347208710560055,3.449016008844124,1.4237823501391875
1.7655687494345969,3.563745155639217,1.8844077538587272,4.311388270110901,2.1494098750429953,4.242617049636335,4.93446225704376,2.3090685929589934,4.1490876712391795,2.6864955791288763,2.236573295278567,1.0699201826570324,0.986050802712511,0.5762544040474584,3.6162942011244223,4.071406529698407,4.52867158697953,3.719279559952058,3.367243479199508
3.228957994755305,3.760293156321824,3.093678130293225,4.293598327766255,5.893782314806297,4.585967110871808,6.139975635041399,4.232692436062097,3.9174764481765294,1.646662529059944,2.236573295278567,1.0699201826570324,3.076051077177556,1.6803965688486042,1.9466060878125,4.238291629920196,5.114282634014921,3.1787524577361905,3.644880783350982
3.228957994755305,2.3300463456808505,3.681038027418552,1.7229516589649512,2.3504500060369984,2.044284839388434,2.158128416806777,2.8447613087598578,1.601364217550025,1.646662529059944,2.236573295278567,1.0699201826570324,3.076051077177556,1.6803965688486042,1.857687785920149,3.236981028589468,1.8411647988851014,1.8274347021965223,2.2566942625936104
0.3021795041138886,3.5458095697613246,3.8537909383377658,2.858542978631502,2.551490137031001,4.055335198053349,2.9618040021385355,5.571924225564258,1.8136745053574548,1.646662529059944,2.236573295278567,1.0699201826570324,3.076051077177556,1.6803965688486042,3.354479201108056,2.1522278771478454,3.5150501996179893,1.8274347021965223,2.950787522972296
3.228957994755305,2.3753964281078535,3.8537909383377658,3.5464207492911357,1.8729796949262416,2.030907564275364,1.847617395201325,1.6759772015579721,2.3927025630140806,3.206412104163342,2.236573295278567,2.404924813559527,3.076051077177556,2.7845387336497502,3.4285777860183484,3.3204235787003618,2.7851100843330827,2.6382253555203232,3.644880783350982
1.7655687494345969,3.1739481869095743,2.5063182331678973,3.1698669696628015,3.0289604481417576,3.141221398660206,2.94353864792645,2.9908593221600936,3.994680189197413,1.646662529059944,2.236573295278567,1.0699201826570324,3.076051077177556,1.6803965688486042,1.8082887293132874,1.234359825928011,3.3906285890580623,1.8274347021965223,2.811968870896559
0.3021795041138886,3.1443498236862126,2.0571606647779412,2.6124487761972364,2.3504500060369984,2.2984530665367715,2.7060890431693396,1.8707745527582864,2.2382950809723137,3.206412104163342,2.236573295278567,2.404924813559527,3.076051077177556,2.7845387336497502,1.0722427858710493,1.9853427769260572,2.471567625722066,1.8274347021965223,2.3955129146693475
3.228957994755305,2.059479204315645,2.229913575697155,1.5954570721616568,1.9232397276747424,1.999693922344866,1.9937402288980084,1.846424883858247,1.9680819873992217,2.6864955791288763,2.236573295278567,2.404924813559527,3.076051077177556,2.7845387336497502,3.0432651444848275,2.0687853270369514,1.673610363331066,1.8274347021965223,1.840238306366399
3.228957994755305,3.513376826386275,1.6080030963879848,2.1024704289840592,5.466572036444042,4.144517032140485,3.4367032116527563,2.9908593221600936,2.0838875989305468,1.646662529059944,2.236573295278567,1.0699201826570324,3.076051077177556,1.6803965688486042,0.6869301443375289,2.6528831778132096,3.2081435602368353,1.8274347021965223,2.811968870896559
3.228957994755305,3.3530252541981715,2.0226100825940985,3.5138058549926185,4.235201234105775,4.269371599862476,1.6466984988683855,3.088257997760251,2.3154988219931973,1.646662529059944,2.236573295278567,1.0699201826570324,0.986050802712511,0.5762544040474584,1.7144305217602502,3.6541937791439376,3.8269337034215405,3.449016008844124,3.644880783350982
1.7655687494345969,1.7923504913311752,3.4737345343154953,1.5391222547369456,1.671939563932239,1.6652620445181063,1.6466984988683855,1.6759772015579721,1.5434614117843624,1.646662529059944,2.236573295278567,2.404924813559527,0.986050802712511,1.6803965688486042,1.9317863708304415,2.485998077591421,1.42144923259628,1.8274347021965223,1.2849636980634502
1.7655687494345969,1.4402833042928511,1.9535089182264127,1.9245710055376024,1.9986297767974934,2.392093992328264,3.2175189611077313,1.9925228972584828,2.8366240738841606,2.16657905409441,2.236573295278567,1.0699201826570324,3.076051077177556,1.6803965688486042,3.8978688237835337,2.6528831778132096,2.204475901720089,1.8274347021965223,2.6731502188208216
3.228957994755305,3.1115453583240567,0.7442385417919153,2.787383209252919,3.707470890246517,3.17689413229506,3.5828260453494396,2.8934606465599364,2.257596016227535,1.646662529059944,2.236573295278567,1.0699201826570324,3.076051077177556,1.6803965688486042,0.6078916537665502,2.3191129773696333,3.1368085035158106,1.8274347021965223,2.6731502188208216
3.228957994755305,1.9315603755025914,3.646487445234709,1.6992317358387568,1.74732961305499,1.821330254170594,1.6832292072925563,1.7003268704580115,2.0838875989305468,2.6864955791288763,2.236573295278567,2.404924813559527,0.986050802712511,1.6803965688486042,3.67063316339197,2.1522278771478454,1.6255006739145608,3.449016008844124,1.7014196542906617
3.228957994755305,1.1411865004172153,2.3335653222486834,1.4738924661399113,1.8729796949262416,1.6608029528137496,1.847617395201325,1.7977255460581685,1.910179181633559,3.206412104163342,2.236573295278567,3.739929444462023,3.076051077177556,3.888680898450896,3.2211017482695294,2.0687853270369514,1.454628328745594,1.8274347021965223,1.4237823501391875
3.228957994755305,4.277590766629025,1.1933961101818715,5.289835099066415,3.3807806773812628,4.849053521428859,3.2723150237439875,4.451839456162451,2.354100692503639,1.126746004025478,2.236573295278567,1.0699201826570324,0.986050802712511,0.5762544040474584,1.2648991066378097,2.2356704272587393,5.223773651307657,6.151651519923461,4.061336739578193
1.7655687494345969,1.7043453108836912,2.8863746371901677,1.8830611400667625,3.280260611884261,2.1379257651799266,3.7654795874702938,3.2343560111604863,1.755771699591792,2.16657905409441,2.236573295278567,1.0699201826570324,3.076051077177556,1.6803965688486042,3.8138904275518692,1.9019002268151632,2.2127706757574175,3.449016008844124,2.811968870896559
1.7655687494345969,2.933629922245167,0.9515420348949719,2.9356327287916333,1.7975896458034906,1.6830984113355334,1.7745559783529834,1.7977255460581685,1.6785679585709086,3.206412104163342,2.236573295278567,2.404924813559527,0.986050802712511,1.6803965688486042,1.3488775028694744,3.9045214294766195,2.249267681521663,2.908488906628257,2.950787522972296
3.228957994755305,2.612601521130243,1.4698007676526137,2.2892648236028394,3.1546105300130094,2.3787167172151937,3.0531307731989625,1.7977255460581685,2.045285728420105,4.76616167926674,12.555767160837407,2.404924813559527,3.076051077177556,2.7845387336497502,2.13926240857926,3.1535384784785734,2.3836430209263844,1.8274347021965223,3.0896061750480333
1.7655687494345969,2.0577135248768887,1.5043513498364565,1.5420872451277199,1.671939563932239,1.5983756689527544,1.6466984988683855,1.6759772015579721,1.601364217550025,1.646662529059944,2.236573295278567,3.739929444462023,3.076051077177556,3.888680898450896,0.96850476699664,3.4873086789221497,1.4032007297141575,3.1787524577361905,1.1461450459877132
3.228957994755305,0.6877321413955702,2.126261829145627,1.4353475910598457,1.9986297767974934,1.6162120357701815,1.7745559783529834,1.7977255460581685,1.6978688938261293,2.6864955791288763,2.236573295278567,2.404924813559527,3.076051077177556,2.7845387336497502,0.6424709933913533,1.5681300263715872,1.3998828200992262,1.8274347021965223,1.4237823501391875
1.7655687494345969,1.223987573045207,0.9860926170788147,1.5183673220015255,1.671939563932239,1.6340484025876088,1.6832292072925563,1.6759772015579721,1.5820632822948042,1.646662529059944,2.236573295278567,2.404924813559527,3.076051077177556,2.7845387336497502,2.346738446328079,0.900589625484435,1.404859684521623,1.8274347021965223,1.1461450459877132
1.7655687494345969,2.2185297495488747,1.6425536785718275,2.5739039011171707,2.249929940539997,2.0130711974579363,2.633027626320998,2.6743136264595826,5.26854191604199,3.206412104163342,2.236573295278567,2.404924813559527,0.986050802712511,1.6803965688486042,2.43565674822043,2.8197682780349975,2.6457578805059643,1.8274347021965223,3.0896061750480333
3.228957994755305,2.2765648447858906,2.1953629935133123,2.7429083533913046,1.9232397276747424,1.9238893633708005,1.6466984988683855,1.9194738905583648,2.4120034982693017,3.206412104163342,2.236573295278567,2.404924813559527,3.076051077177556,2.7845387336497502,3.0630247671275725,3.6541937791439376,2.2990363257456337,1.8274347021965223,2.950787522972296
3.228957994755305,3.8154474061587633,2.6099699797194256,4.1008739523659266,2.4509700715339995,3.1278441235471357,3.0166000647747917,2.43081693745919,5.172037239765886,1.646662529059944,2.236573295278567,1.0699201826570324,3.076051077177556,1.6803965688486042,2.62831306898719,3.7376363292548316,3.9380836755217423,3.1787524577361905,3.2284248271237703
1.7655687494345969,1.831427765225755,1.3315984389172426,1.4561025237952654,1.671939563932239,1.6028347606571112,1.6466984988683855,1.6759772015579721,1.5048595412739207,1.646662529059944,2.236573295278567,3.739929444462023,3.076051077177556,3.888680898450896,1.2846587292805542,3.9045214294766195,1.3484552210677894,1.8274347021965223,1.007326393911976
3.228957994755305,3.052255701380556,1.6425536785718275,3.937799480873341,3.782860939369268,3.159057765477633,3.3088457321681584,3.0395586599601723,2.296197886737976,3.206412104163342,2.236573295278567,2.404924813559527,3.076051077177556,2.7845387336497502,3.201342125626785,2.2356704272587393,3.7672113303527754,1.8274347021965223,3.506062131275245
0.3021795041138886,0.9958432034585407,3.4737345343154953,1.4531375334044911,1.74732961305499,1.6295893108832518,1.9937402288980084,1.7733758771581294,1.910179181633559,2.6864955791288763,2.236573295278567,3.739929444462023,3.076051077177556,3.888680898450896,1.5267141066541763,2.2356704272587393,1.4347208710560055,1.8274347021965223,1.2849636980634502
3.228957994755305,1.517090359878749,2.9900263837416965,1.6428969184140454,1.8478496785519913,1.848084804396735,1.884148103625496,1.7003268704580115,1.9487810521440008,3.206412104163342,2.236573295278567,2.404924813559527,3.076051077177556,2.7845387336497502,2.6777121255940517,1.6515725764824811,1.6172058998772323,1.8274347021965223,1.7014196542906617
3.228957994755305,1.532145100356566,2.8863746371901677,1.5154023316107512,1.671939563932239,1.6117529440658247,1.6466984988683855,1.7003268704580115,1.5820632822948042,1.646662529059944,2.236573295278567,2.404924813559527,0.986050802712511,1.6803965688486042,2.7024116538974825,2.5694406277023156,1.3932470008693634,1.8274347021965223,1.1461450459877132
1.7655687494345969,4.327819700136802,4.061094431440822,1.930500986319151,2.275059956914247,4.055335198053349,5.080585090740444,1.6759772015579721,4.264893282770505,1.646662529059944,2.236573295278567,3.739929444462023,3.076051077177556,3.888680898450896,3.8781092011407887,2.3191129773696333,3.1152420910187564,5.8813879688155275,2.950787522972296
3.228957994755305,2.9467331222906745,0.9515420348949719,2.7933131900344677,2.551490137031001,3.471194184782609,2.249455187867204,1.9681732283584434,4.438601700067492,2.16657905409441,2.236573295278567,2.404924813559527,3.076051077177556,2.7845387336497502,3.502676370928641,3.236981028589468,3.1766234188949873,1.8274347021965223,3.2284248271237703
3.228957994755305,1.7734856004855162,1.3315984389172426,1.6340019472417224,1.8729796949262416,1.7053938698573174,1.8658827494134105,1.846424883858247,1.7171698290813504,2.16657905409441,2.236573295278567,2.404924813559527,3.076051077177556,2.7845387336497502,3.067964672788259,3.5707512290330436,1.5491887527711388,1.8274347021965223,1.5626010022149246
1.7655687494345969,2.9332117350096727,3.335532205580124,3.077952267548799,2.023759793171744,4.786626237567864,5.482422883406324,1.6759772015579721,2.3154988219931973,1.646662529059944,2.236573295278567,1.0699201826570324,0.986050802712511,0.5762544040474584,3.4680970313038375,3.4038661288112557,3.8816792120679082,1.8274347021965223,3.644880783350982
1.7655687494345969,2.702511776761648,1.5389019320202992,1.6458619088048199,1.671939563932239,1.6474256777006793,1.6466984988683855,1.7003268704580115,1.4855586060186998,1.646662529059944,2.236573295278567,2.404924813559527,3.076051077177556,2.7845387336497502,1.768769484027798,2.2356704272587393,1.4712178768202508,1.8274347021965223,1.4237823501391875
1.7655687494345969,1.8256196091772146,2.9900263837416965,1.7614965340450168,1.6970695803064892,1.8302484375793078,1.7745559783529834,1.846424883858247,2.180392275206651,1.646662529059944,2.236573295278567,1.0699201826570324,0.986050802712511,0.5762544040474584,1.793469012331229,0.817147075373541,1.6868820017907915,1.8274347021965223,1.840238306366399
1.7655687494345969,2.5714797763065773,3.370082787763967,4.228368539169221,1.671939563932239,1.8570029878054486,1.6466984988683855,1.6759772015579721,2.064586663675326,2.16657905409441,2.236573295278567,2.404924813559527,3.076051077177556,2.7845387336497502,1.3587573141908467,2.9866533782567855,3.0422480794902658,2.6382253555203232,4.061336739578193
3.228957994755305,2.7295545513236523,1.5043513498364565,2.2151400638334824,6.6728128224080585,2.94056227196415,5.920791384496374,1.8951242216583257,4.766717599406247,4.76616167926674,2.236573295278567,2.404924813559527,0.986050802712511,1.6803965688486042,2.830849201075323,1.4846874762606932,3.284455481380258,1.8274347021965223,3.922518087502456
3.228957994755305,2.83795797581361,3.508285116499338,2.9890025558255706,2.3755800224112487,2.1914348656322082,1.8293520409892396,2.1873202484587972,3.3963511962855657,2.6864955791288763,2.236573295278567,2.404924813559527,3.076051077177556,2.7845387336497502,3.883049106801475,3.0700959283676794,2.685572795885141,1.8274347021965223,3.367243479199508
0.3021795041138886,0.8216914524991057,1.7462054251233559,1.4353475910598457,1.74732961305499,1.6429665859963223,1.7014945615046417,1.7977255460581685,1.620665152805246,1.646662529059944,2.236573295278567,2.404924813559527,3.076051077177556,2.7845387336497502,1.8527478802594628,1.317802376038905,1.3799753624096378,1.8274347021965223,1.1461450459877132
3.228957994755305,0.8074266212438905,2.3335653222486834,1.4353475910598457,1.7724596294292403,1.6295893108832518,1.8293520409892396,1.7977255460581685,1.7943735701022336,2.16657905409441,2.236573295278567,2.404924813559527,3.076051077177556,2.7845387336497502,2.124442691597202,1.4012449261497992,1.4032007297141575,1.8274347021965223,1.1461450459877132
0.3021795041138886,3.426997929632382,2.368115904432526,2.5501839779909763,4.1095511522345225,2.744362236972451,5.244973278649213,6.399812968165595,2.1417904046962093,2.16657905409441,2.236573295278567,2.404924813559527,3.076051077177556,2.7845387336497502,4.026306370961374,1.735015126593375,3.249617430423478,1.8274347021965223,2.811968870896559
1.7655687494345969,3.1897928366099926,3.542835698683181,3.069057296376476,2.3001899732884974,2.222648507562706,2.8339465226539375,3.3074050178606043,1.6399660880604667,2.6864955791288763,2.236573295278567,2.404924813559527,0.986050802712511,1.6803965688486042,2.9741064652352214,1.735015126593375,2.7535899429912347,1.8274347021965223,3.644880783350982
1.7655687494345969,3.609838682040434,3.957442684889294,3.656125393749784,4.863451643462033,4.652853486437159,2.012005583110094,2.0412222350585614,2.0838875989305468,1.646662529059944,2.236573295278567,1.0699201826570324,3.076051077177556,1.6803965688486042,0.6227113707486087,2.2356704272587393,4.032644099547287,1.8274347021965223,2.5343315667450845
1.7655687494345969,2.894041530618316,2.575419397535583,2.633203708932656,1.671939563932239,1.7232302366747447,1.6466984988683855,1.6759772015579721,1.6399660880604667,4.76616167926674,2.236573295278567,5.074934075364517,3.076051077177556,4.992823063252041,0.6819902386768426,4.238291629920196,2.063464743085505,2.097698253304456,2.6731502188208216
3.228957994755305,3.4973463156923033,3.5773862808670236,5.725688686510234,3.90851102124052,2.307371249945485,2.907007939502279,2.528215613059347,3.550758678327333,2.16657905409441,2.236573295278567,2.404924813559527,3.076051077177556,2.7845387336497502,3.2260416539302157,3.4873086789221497,4.495492490830216,3.1787524577361905,4.338974043729667
1.7655687494345969,2.236093613439661,2.817273472822482,1.794111428343534,2.0991498422944947,2.351962166989053,2.3590473131397167,1.6759772015579721,2.064586663675326,3.726328629197808,2.236573295278567,2.404924813559527,3.076051077177556,2.7845387336497502,1.7292502387423088,2.0687853270369514,1.9572916354077001,1.8274347021965223,2.3955129146693475
1.7655687494345969,2.7347121938947563,1.2279466923657143,2.221070044615031,2.7274002516507534,2.967316822190291,2.6512929805330834,2.698663295359622,1.890878246378338,6.325911254370139,2.236573295278567,3.739929444462023,3.076051077177556,3.888680898450896,2.4158971255776853,2.1522278771478454,2.547879546865488,3.449016008844124,3.367243479199508
1.7655687494345969,1.9117197144407774,1.0206431992626577,2.0491006019501223,1.671939563932239,1.7678211537183126,1.7014945615046417,1.7246765393580508,1.775072634847013,3.206412104163342,2.236573295278567,3.739929444462023,0.986050802712511,2.7845387336497502,3.176642597323354,3.9045214294766195,1.773147651779008,1.8274347021965223,2.1178756105178733
3.228957994755305,3.9936416337279823,2.7827228906386394,5.16234051226312,5.994302380303298,5.22361722459483,3.418437857440671,5.279728198763786,2.1224894694409886,1.646662529059944,2.236573295278567,1.0699201826570324,3.076051077177556,1.6803965688486042,2.2528802387750417,0.7337045252626471,5.5140907426141545,5.8813879688155275,4.477792695805405
3.228957994755305,2.608419648775294,2.2990147400648406,2.4493743047046506,2.551490137031001,2.3831758089195505,1.9206788120496667,2.236019586258876,1.8136745053574548,4.76616167926674,2.236573295278567,2.404924813559527,3.076051077177556,2.7845387336497502,1.9268464651697552,1.5681300263715872,2.3421691507397417,1.8274347021965223,3.0896061750480333
3.228957994755305,1.5814447288965767,3.6119368630508664,1.4946473988753313,1.74732961305499,1.7232302366747447,1.6466984988683855,1.7977255460581685,1.775072634847013,2.16657905409441,2.236573295278567,2.404924813559527,3.076051077177556,2.7845387336497502,1.576113163261038,0.5668194250408589,1.4513104191306625,1.8274347021965223,1.4237823501391875
3.228957994755305,2.962717167736258,3.1627792946609103,2.161770236799545,5.7178722001865445,2.9048895383292956,5.482422883406324,3.7456990580613114,2.3927025630140806,2.16657905409441,2.236573295278567,1.0699201826570324,3.076051077177556,1.6803965688486042,1.3488775028694744,3.1535384784785734,3.0604965823723886,1.8274347021965223,3.922518087502456
3.228957994755305,1.4507379851802238,1.8844077538587272,1.5420872451277199,1.671939563932239,1.6429665859963223,1.7014945615046417,1.7003268704580115,1.5048595412739207,1.646662529059944,2.236573295278567,2.404924813559527,0.986050802712511,1.6803965688486042,1.6255122198678995,1.6515725764824811,1.4181313229813486,1.8274347021965223,1.2849636980634502
1.7655687494345969,2.399651287766558,1.8153065894910416,4.086049000412055,1.9232397276747424,2.0398257476840773,1.884148103625496,1.9194738905583648,2.1417904046962093,4.246245154232274,2.236573295278567,2.404924813559527,3.076051077177556,2.7845387336497502,3.957147691711768,2.3191129773696333,3.0920167237142366,4.259806662167925,2.6731502188208216
3.228957994755305,3.2514522212212973,1.1933961101818715,4.189823664089156,3.0792204808902586,2.71760768674631,3.3088457321681584,4.0622447537618225,1.755771699591792,3.206412104163342,2.236573295278567,2.404924813559527,3.076051077177556,2.7845387336497502,3.517496087910699,3.1535384784785734,3.720760595743736,1.8274347021965223,3.506062131275245
3.228957994755305,3.101880586659285,2.2990147400648406,3.6768803264852044,1.9734997604232432,3.306207791721407,2.249455187867204,3.8430977336614687,3.2033418437333574,1.646662529059944,2.236573295278567,1.0699201826570324,3.076051077177556,1.6803965688486042,3.2161618426088436,0.7337045252626471,3.593021075568877,1.8274347021965223,4.6166113478811415
1.7655687494345969,2.394028992711571,2.7481723084547967,2.0698555346855425,1.898109711300492,1.8436257126923783,2.012005583110094,1.8951242216583257,3.8981755129213083,4.76616167926674,2.236573295278567,3.739929444462023,3.076051077177556,3.888680898450896,3.0729045784489446,1.8184576767042693,2.0501931046257793,1.8274347021965223,2.2566942625936104
0.3021795041138886,1.3676116558135138,2.5063182331678973,1.4353475910598457,1.74732961305499,1.6340484025876088,1.847617395201325,1.7246765393580508,1.6785679585709086,1.646662529059944,2.236573295278567,2.404924813559527,0.986050802712511,1.6803965688486042,1.2599592009771234,1.9853427769260572,1.389929091254432,1.8274347021965223,1.1461450459877132
3.228957994755305,1.8718060660752078,2.575419397535583,2.1528752656272223,2.048889809545994,2.0710393896145747,1.7197599157167271,2.0412222350585614,2.4506053687797436,4.246245154232274,2.236573295278567,2.404924813559527,3.076051077177556,2.7845387336497502,3.9522077860510816,1.6515725764824811,2.0501931046257793,3.449016008844124,2.5343315667450845
1.7655687494345969,2.4337567800835873,3.197329876844753,3.027547430905636,1.8227196621777408,1.9952348306405092,1.7928213325650688,1.8220752149582078,3.3577493257751243,7.885660829473537,2.236573295278567,3.739929444462023,3.076051077177556,3.888680898450896,3.5570153331961887,1.9853427769260572,2.566128049747611,1.8274347021965223,3.2284248271237703
1.7655687494345969,2.2274046119910444,1.8498571716748844,4.931071261782726,2.325319989662748,2.1245484900668563,1.9572095204738376,1.9925228972584828,2.2382950809723137,2.16657905409441,2.236573295278567,1.0699201826570324,0.986050802712511,0.5762544040474584,3.937388069069023,3.4873086789221497,3.642789719792848,4.259806662167925,3.367243479199508
1.7655687494345969,2.856497609920551,2.8863746371901677,3.65316040335901,1.8729796949262416,2.14684394858864,1.847617395201325,1.8707745527582864,1.9873829226544424,1.646662529059944,2.236573295278567,1.0699201826570324,3.076051077177556,1.6803965688486042,1.0870625028531078,1.9019002268151632,2.866398869898902,3.1787524577361905,2.3955129146693475
1.7655687494345969,2.5744535522034298,2.2990147400648406,2.336704669855228,1.7975896458034906,2.0754984813189314,2.0302709373221792,4.330091111662254,3.26124464949902,5.805994729335672,2.236573295278567,3.739929444462023,3.076051077177556,3.888680898450896,2.341798540667393,2.0687853270369514,2.3919377949637126,1.8274347021965223,2.950787522972296
0.3021795041138886,2.0928877179068492,3.681038027418552,2.4671642470492965,4.285461266854275,2.4322258176674754,5.244973278649213,5.352777205463904,2.5857119155662893,4.246245154232274,2.236573295278567,2.404924813559527,3.076051077177556,2.7845387336497502,3.547135521874816,1.8184576767042693,3.0654734467947855,2.6382253555203232,3.922518087502456
1.7655687494345969,3.587163640826932,1.2970478567333998,2.410829429624585,6.622552789659558,2.3475030752846964,2.7060890431693396,5.3771268743639435,2.1610913399514304,1.646662529059944,2.236573295278567,1.0699201826570324,3.076051077177556,1.6803965688486042,1.8082887293132874,2.1522278771478454,2.8912831920108877,1.8274347021965223,3.783699435426719
3.228957994755305,2.427669832544717,1.3661490211010854,3.267711652558353,2.0740198259202445,2.325207616762912,1.6466984988683855,2.260369255158915,3.068235296946811,3.726328629197808,2.236573295278567,2.404924813559527,3.076051077177556,2.7845387336497502,2.494935616148664,3.236981028589468,2.831560818942122,1.8274347021965223,3.644880783350982
3.228957994755305,3.8328718743043844,1.573452514204142,2.7162234398743363,5.114751807204536,3.3730941672867596,2.468639438412229,5.011881840863355,2.354100692503639,1.646662529059944,2.236573295278567,1.0699201826570324,3.076051077177556,1.6803965688486042,1.3142981632446713,0.7337045252626471,3.3143166679146403,1.8274347021965223,2.950787522972296
1.7655687494345969,2.0615701404931195,3.6119368630508664,1.598422062552431,1.671939563932239,1.7098529615616742,1.6466984988683855,1.6759772015579721,2.180392275206651,3.206412104163342,2.236573295278567,3.739929444462023,0.986050802712511,2.7845387336497502,3.9472678803903953,1.8184576767042693,1.525963385466619,1.8274347021965223,1.5626010022149246
3.228957994755305,3.3365765562687053,3.819240356153923,3.834024817196241,3.5818208083752654,3.49794873500875,3.4549685658648417,5.011881840863355,3.550758678327333,2.6864955791288763,2.236573295278567,2.404924813559527,3.076051077177556,2.7845387336497502,3.4582172199824655,2.6528831778132096,4.077435879348861,1.8274347021965223,3.783699435426719
3.228957994755305,3.614949859363149,0.6751373774242297,2.683608545575819,2.7274002516507534,4.73757622881994,2.980069356350621,6.472861974865712,5.287842851297212,1.646662529059944,2.236573295278567,1.0699201826570324,3.076051077177556,1.6803965688486042,0.8993460877470336,0.900589625484435,4.044256783199547,1.8274347021965223,3.506062131275245
0.3021795041138886,0.8945024967236079,1.124294945814186,1.4353475910598457,1.9734997604232432,1.6340484025876088,1.756290624140898,1.9925228972584828,2.064586663675326,1.646662529059944,2.236573295278567,1.0699201826570324,3.076051077177556,1.6803965688486042,2.687591936915424,1.6515725764824811,1.447992509515731,3.449016008844124,1.4237823501391875
3.228957994755305,2.3249351683581345,3.197329876844753,1.607317033724754,2.9535703990190063,1.9773984638230822,1.756290624140898,2.162970579558758,2.4699063040349643,2.16657905409441,2.236573295278567,2.404924813559527,0.986050802712511,1.6803965688486042,1.1315216537992834,1.4012449261497992,1.783101380623802,1.8274347021965223,1.979056958442136
3.228957994755305,2.510470905172709,3.542835698683181,3.4307861240509387,1.671939563932239,1.9684802804143684,1.8293520409892396,1.846424883858247,2.971730620670707,3.726328629197808,2.236573295278567,2.404924813559527,3.076051077177556,2.7845387336497502,3.4433975030004067,2.9032108281458915,2.7436362141464405,1.8274347021965223,3.506062131275245
3.228957994755305,1.454780461790008,0.7787891239757581,1.5183673220015255,1.8729796949262416,1.6429665859963223,1.7928213325650688,1.8707745527582864,1.7171698290813504,1.646662529059944,2.236573295278567,2.404924813559527,3.076051077177556,2.7845387336497502,2.0355243897048507,1.5681300263715872,1.4562872835530598,1.8274347021965223,1.4237823501391875
1.7655687494345969,1.675397461137766,2.368115904432526,1.5480172259092684,1.6970695803064892,1.7678211537183126,1.7197599157167271,1.74902620825809,1.8329754406126755,1.646662529059944,2.236573295278567,2.404924813559527,3.076051077177556,2.7845387336497502,1.981185427437303,2.0687853270369514,1.5027380181620993,1.8274347021965223,1.4237823501391875
3.228957994755305,1.185421416882899,0.7096879596080725,1.43831258145062,2.0991498422944947,1.7053938698573174,2.012005583110094,1.7003268704580115,2.2382950809723137,2.16657905409441,2.236573295278567,2.404924813559527,0.986050802712511,1.6803965688486042,3.5273758992320716,2.2356704272587393,1.5027380181620993,3.449016008844124,1.2849636980634502
1.7655687494345969,3.970827196769316,3.1627792946609103,4.127558865882896,4.461371381474027,4.8178398794983615,2.541700855260571,3.477852700160879,2.547110045055848,1.646662529059944,2.236573295278567,1.0699201826570324,0.986050802712511,0.5762544040474584,2.519635144452095,1.1509172758171171,4.51705890332727,3.449016008844124,3.0896061750480333
3.228957994755305,3.1689299400836357,1.3661490211010854,2.1765951887534167,4.134681168608773,5.277126325047112,5.646811071315092,3.380454024560722,5.26854191604199,1.646662529059944,2.236573295278567,1.0699201826570324,3.076051077177556,1.6803965688486042,2.559154389737584,2.1522278771478454,4.0840716985787235,1.8274347021965223,3.506062131275245
3.228957994755305,1.6712155887828168,3.4737345343154953,1.5302272835646227,1.8227196621777408,1.6830984113355334,1.847617395201325,1.7733758771581294,1.6399660880604667,1.646662529059944,2.236573295278567,2.404924813559527,0.986050802712511,1.6803965688486042,1.2895986349412405,1.735015126593375,1.466241012397854,1.8274347021965223,1.4237823501391875
1.7655687494345969,1.6574618752598733,1.124294945814186,1.4857524277030083,1.74732961305499,1.6741802279268199,1.7014945615046417,1.7003268704580115,1.5434614117843624,2.16657905409441,2.236573295278567,2.404924813559527,3.076051077177556,2.7845387336497502,0.8548869368008583,1.9853427769260572,1.406518639329089,1.8274347021965223,1.2849636980634502
3.228957994755305,0.08233642014410858,2.575419397535583,1.4353475910598457,1.6970695803064892,1.5939165772483976,1.6466984988683855,1.6759772015579721,1.5048595412739207,1.126746004025478,2.236573295278567,2.404924813559527,0.986050802712511,1.6803965688486042,2.7715703331470887,1.9853427769260572,1.3351835826080638,1.8274347021965223,0.5908704376847644
3.228957994755305,2.6423392800987697,1.3315984389172426,2.882262901757696,1.671939563932239,2.4099303591456915,1.8293520409892396,2.357767930759072,1.890878246378338,7.365744304439071,2.236573295278567,3.739929444462023,3.076051077177556,3.888680898450896,3.482916748285896,1.735015126593375,2.542902682443091,1.8274347021965223,3.367243479199508
1.7655687494345969,3.731252376079122,2.5063182331678973,2.413794420015359,6.547162740536805,3.270535058086553,4.368236276469112,4.719685814062883,2.5857119155662893,1.126746004025478,2.236573295278567,1.0699201826570324,0.986050802712511,0.5762544040474584,1.0080240122821293,4.071406529698407,3.374039040983405,1.8274347021965223,2.950787522972296
3.228957994755305,1.2246845517710319,3.3009816233962814,1.586562100989334,1.8729796949262416,1.6652620445181063,1.884148103625496,1.6759772015579721,1.890878246378338,2.6864955791288763,2.236573295278567,3.739929444462023,3.076051077177556,3.888680898450896,3.379178729411487,3.236981028589468,1.5126917470068935,1.8274347021965223,1.4237823501391875
1.7655687494345969,3.358229362017664,0.8133397061596008,3.7539700766453357,2.8781803498962555,4.0865488399838465,2.413843375775973,5.961518927964887,2.4120034982693017,1.646662529059944,2.236573295278567,1.0699201826570324,0.986050802712511,0.5762544040474584,1.2056202387095758,0.817147075373541,4.077435879348861,5.070597315491726,2.5343315667450845
3.228957994755305,0.8368391234736989,2.8863746371901677,1.450172543013717,1.9483697440489927,1.6028347606571112,1.8293520409892396,1.7733758771581294,1.8715773111231173,2.16657905409441,2.236573295278567,2.404924813559527,3.076051077177556,2.7845387336497502,2.8703684463608123,3.0700959283676794,1.4181313229813486,1.8274347021965223,1.2849636980634502
0.3021795041138886,2.5698070273645977,1.7807560073071989,4.901421357874984,2.7525302680250037,2.5659985687981792,1.9937402288980084,2.016872566158522,2.3927025630140806,3.206412104163342,2.236573295278567,2.404924813559527,3.076051077177556,2.7845387336497502,3.379178729411487,1.8184576767042693,3.8368874322663347,2.6382253555203232,3.644880783350982
0.3021795041138886,2.3861299004855563,2.8863746371901677,2.0668905442947683,1.8478496785519913,1.736607511787815,1.7014945615046417,1.6759772015579721,1.736470764336571,4.246245154232274,2.236573295278567,3.739929444462023,3.076051077177556,3.888680898450896,2.6134933520051318,3.236981028589468,1.7764655613939393,2.908488906628257,2.1178756105178733
1.7655687494345969,3.1388669243763907,2.0571606647779412,3.4278211336601645,3.23000057913576,2.1869757739278515,1.6466984988683855,2.3090685929589934,1.6399660880604667,3.206412104163342,2.236573295278567,2.404924813559527,3.076051077177556,2.7845387336497502,0.662230616034098,1.8184576767042693,2.8265839545197253,1.8274347021965223,3.783699435426719
1.7655687494345969,2.0615701404931195,3.6119368630508664,1.598422062552431,1.671939563932239,1.7098529615616742,1.6466984988683855,1.6759772015579721,2.180392275206651,3.206412104163342,2.236573295278567,3.739929444462023,0.986050802712511,2.7845387336497502,3.9472678803903953,1.8184576767042693,1.525963385466619,3.449016008844124,1.5626010022149246
0.3021795041138886,1.0036958304361672,3.819240356153923,1.4442425622321684,2.5766201534052513,1.6206711274745382,1.6466984988683855,1.9194738905583648,2.354100692503639,2.16657905409441,2.236573295278567,2.404924813559527,3.076051077177556,2.7845387336497502,3.863289484158731,0.7337045252626471,1.497761153739702,1.8274347021965223,1.4237823501391875
0.3021795041138886,1.0036958304361672,3.991993267073137,1.7377766109188224,2.174539891417246,2.0398257476840773,2.0850669999584355,2.0412222350585614,1.5820632822948042,4.246245154232274,2.236573295278567,2.404924813559527,0.986050802712511,1.6803965688486042,3.7101524086774598,0.7337045252626471,1.773147651779008,1.8274347021965223,2.1178756105178733
3.228957994755305,0.3496509941221313,3.78468977397008,1.4561025237952654,1.671939563932239,1.6206711274745382,1.6832292072925563,1.6759772015579721,1.5627623470395833,1.646662529059944,2.236573295278567,2.404924813559527,0.986050802712511,1.6803965688486042,1.5316540123148623,0.6502619751517529,1.3633858143349806,1.8274347021965223,1.1461450459877132
1.7655687494345969,3.069308447539071,0.640586795240387,2.7073284687020136,3.7326009066207675,3.555916927165388,3.107926835835219,2.162970579558758,3.4542540020512287,1.646662529059944,2.236573295278567,1.0699201826570324,0.986050802712511,0.5762544040474584,1.5958727859037825,3.1535384784785734,3.244640566001081,3.449016008844124,2.6731502188208216
1.7655687494345969,3.2636725815474263,2.679071144087111,4.394408001052581,1.671939563932239,1.9283484550751573,1.6466984988683855,1.6759772015579721,1.6785679585709086,2.6864955791288763,2.236573295278567,2.404924813559527,3.076051077177556,2.7845387336497502,3.655813446409912,2.1522278771478454,3.128513729478482,2.908488906628257,2.811968870896559
1.7655687494345969,2.67198410857052,0.7787891239757581,2.7577333053451762,2.677140218902253,3.680771494887378,3.107926835835219,1.6759772015579721,3.2419437142437992,2.6864955791288763,2.236573295278567,2.404924813559527,0.986050802712511,1.6803965688486042,3.2211017482695294,2.485998077591421,3.1981898313920416,1.8274347021965223,4.061336739578193
3.228957994755305,1.403157570830581,0.8133397061596008,1.5272622931738482,1.7724596294292403,1.696475686448604,1.7197599157167271,1.7246765393580508,1.5820632822948042,2.16657905409441,2.236573295278567,2.404924813559527,3.076051077177556,2.7845387336497502,1.0475432575676185,0.6502619751517529,1.4463335547082656,1.8274347021965223,1.5626010022149246
1.7655687494345969,3.3989793848542234,2.2990147400648406,2.9267377576193105,3.481300742878264,2.7934122457203756,2.3042512505034605,2.3334182618590327,2.527809109800627,3.206412104163342,2.236573295278567,3.739929444462023,3.076051077177556,3.888680898450896,2.9494069369317906,2.9866533782567855,2.926121242967667,1.8274347021965223,3.783699435426719
3.228957994755305,2.9779113039592393,4.061094431440822,2.221070044615031,2.626880186153752,4.715280770298155,4.368236276469112,5.693672570064455,2.701517527097615,1.646662529059944,2.236573295278567,1.0699201826570324,3.076051077177556,1.6803965688486042,3.4384575973397205,1.5681300263715872,3.621223307295794,1.8274347021965223,3.2284248271237703
1.7655687494345969,2.3084400051802803,3.4391839521316525,1.470927475749137,1.671939563932239,1.6028347606571112,1.6466984988683855,1.6759772015579721,1.5048595412739207,1.646662529059944,2.236573295278567,5.074934075364517,0.986050802712511,3.888680898450896,2.559154389737584,3.6541937791439376,1.3567499951051178,1.8274347021965223,1.007326393911976
3.228957994755305,2.335018127258401,3.9228921027054513,3.30032654685687,1.671939563932239,2.1022530315450725,1.8293520409892396,1.846424883858247,2.064586663675326,2.6864955791288763,2.236573295278567,2.404924813559527,0.986050802712511,1.6803965688486042,3.883049106801475,2.7363257279241036,2.642439970891033,1.8274347021965223,3.506062131275245
1.7655687494345969,1.889091138475664,2.126261829145627,1.6221419856786254,1.7724596294292403,1.6608029528137496,1.6466984988683855,1.7733758771581294,1.6978688938261293,1.646662529059944,2.236573295278567,2.404924813559527,3.076051077177556,2.7845387336497502,3.2161618426088436,0.900589625484435,1.4927842893173051,1.8274347021965223,1.4237823501391875
0.3021795041138886,1.33169401880934,0.8133397061596008,1.4590675141860399,1.9734997604232432,1.6429665859963223,2.103332354170521,1.7003268704580115,1.8715773111231173,1.646662529059944,2.236573295278567,1.0699201826570324,3.076051077177556,1.6803965688486042,2.070103729329654,0.817147075373541,1.4596051931679912,1.8274347021965223,1.2849636980634502
3.228957994755305,1.3592479111036155,2.368115904432526,1.5806321202077855,1.7724596294292403,1.8124120707618805,1.8658827494134105,1.7003268704580115,2.4313044335245224,1.646662529059944,2.236573295278567,1.0699201826570324,0.986050802712511,0.5762544040474584,3.5372557105534437,2.8197682780349975,1.6039342614175067,3.449016008844124,1.5626010022149246
3.228957994755305,2.9878548671143403,3.2664310412124387,2.298159794775162,2.551490137031001,2.3876349006239073,2.4869047926243146,3.11260766666029,2.7401193976080562,2.16657905409441,2.236573295278567,2.404924813559527,0.986050802712511,1.6803965688486042,3.1815825029840403,3.3204235787003618,2.450001213225012,1.8274347021965223,3.0896061750480333
0.3021795041138886,1.6520254411984396,2.229913575697155,1.462032504576814,1.6970695803064892,1.5983756689527544,1.6832292072925563,1.7003268704580115,1.601364217550025,1.646662529059944,2.236573295278567,3.739929444462023,3.076051077177556,3.888680898450896,2.845668918057381,1.8184576767042693,1.3650447691424463,1.8274347021965223,1.007326393911976
1.7655687494345969,2.592760860068429,2.9900263837416965,1.5776671298170113,1.6970695803064892,1.7098529615616742,1.756290624140898,1.846424883858247,1.5048595412739207,1.646662529059944,2.236573295278567,2.404924813559527,0.986050802712511,1.6803965688486042,1.8725075029022076,3.821078879365726,1.4795126508575795,1.8274347021965223,1.4237823501391875
0.3021795041138886,3.4881461965114156,1.7807560073071989,1.9423609478822481,2.325319989662748,2.726525870155024,2.285985896291375,3.4048036934607615,3.0489343616915905,1.646662529059944,2.236573295278567,1.0699201826570324,3.076051077177556,1.6803965688486042,1.1463413707813417,2.6528831778132096,2.390278840156247,1.8274347021965223,2.6731502188208216
3.228957994755305,2.890742497982745,2.368115904432526,2.683608545575819,6.295862576794303,3.2304032327473418,1.884148103625496,4.037895084861782,1.890878246378338,1.646662529059944,2.236573295278567,2.404924813559527,3.076051077177556,2.7845387336497502,3.873169295480103,3.4038661288112557,3.161692825627796,1.8274347021965223,2.811968870896559
3.228957994755305,3.4547376829202108,3.5773862808670236,2.295194804384388,2.425840055159749,3.439980542852111,2.7974158142297667,2.4795162752592685,5.345745657062874,1.646662529059944,2.236573295278567,1.0699201826570324,3.076051077177556,1.6803965688486042,0.7709085405691936,2.9032108281458915,3.0405891246828003,2.097698253304456,2.3955129146693475
3.228957994755305,3.0534637978386527,2.817273472822482,3.6739153360944297,3.682340873872267,2.5570803853894657,2.1763937710188626,3.623950713561115,1.6978688938261293,3.726328629197808,2.236573295278567,2.404924813559527,3.076051077177556,2.7845387336497502,3.976907314354512,1.9019002268151632,3.274501752535463,1.8274347021965223,4.338974043729667
1.7655687494345969,1.6413384340691253,3.7155886096023947,1.4649974949675884,1.6970695803064892,1.6162120357701815,1.6466984988683855,1.7003268704580115,1.5820632822948042,2.16657905409441,2.236573295278567,3.739929444462023,3.076051077177556,3.888680898450896,2.0058849557407337,2.485998077591421,1.3683626787573777,1.8274347021965223,1.1461450459877132
1.7655687494345969,2.1116132130073435,3.4391839521316525,1.9245710055376024,1.7221995966807397,1.78565752053574,1.756290624140898,1.7246765393580508,1.8522763758678964,4.76616167926674,2.236573295278567,3.739929444462023,3.076051077177556,3.888680898450896,3.596534578481678,2.9032108281458915,1.7250379623625025,4.259806662167925,1.979056958442136
3.228957994755305,1.3999514686917867,3.3009816233962814,1.43831258145062,1.6970695803064892,1.6028347606571112,1.7928213325650688,1.6759772015579721,1.5820632822948042,1.646662529059944,2.236573295278567,2.404924813559527,0.986050802712511,1.6803965688486042,2.465296182184547,1.735015126593375,1.3600679047200492,1.8274347021965223,1.007326393911976
3.228957994755305,1.1841668551764142,2.368115904432526,1.5183673220015255,1.7975896458034906,1.6875575030398902,1.7928213325650688,1.8951242216583257,2.0259847931648842,3.206412104163342,2.236573295278567,5.074934075364517,0.986050802712511,3.888680898450896,3.166762786001982,2.9866533782567855,1.4961021989322365,1.8274347021965223,1.5626010022149246
1.7655687494345969,3.180499786932328,0.9860926170788147,3.006792498170216,3.883381004866269,2.3385848918759824,2.907007939502279,2.7473626331597005,4.052582994963076,2.6864955791288763,2.236573295278567,2.404924813559527,0.986050802712511,1.6803965688486042,2.282519672739159,1.735015126593375,3.0422480794902658,1.8274347021965223,3.783699435426719
3.228957994755305,1.7746007664468357,1.6771042607556703,1.5154023316107512,1.9734997604232432,1.8525438961010918,1.9937402288980084,1.7003268704580115,2.180392275206651,2.16657905409441,2.236573295278567,2.404924813559527,3.076051077177556,2.7845387336497502,3.0580848614668863,1.1509172758171171,1.585685758535384,1.8274347021965223,1.5626010022149246
1.7655687494345969,2.2280551254684813,2.9209252193740105,2.6480286608865278,1.671939563932239,1.7053938698573174,1.6466984988683855,1.6759772015579721,1.890878246378338,4.246245154232274,2.236573295278567,3.739929444462023,3.076051077177556,3.888680898450896,1.7588896727064258,1.735015126593375,2.0866901103900246,1.8274347021965223,2.6731502188208216
3.228957994755305,1.0647511668184237,1.1933961101818715,1.4442425622321684,1.74732961305499,1.607293852361468,1.7197599157167271,1.7003268704580115,1.4855586060186998,1.646662529059944,2.236573295278567,2.404924813559527,3.076051077177556,2.7845387336497502,3.5767749558389332,0.7337045252626471,1.3550910402976521,1.8274347021965223,1.007326393911976
3.228957994755305,3.6305621828216257,1.0551937814465004,1.6399319280232711,4.159811184983023,2.82908497935523,5.025789028104188,4.622287138462726,2.218994145717093,1.646662529059944,2.236573295278567,2.404924813559527,0.986050802712511,1.6803965688486042,0.6424709933913533,3.5707512290330436,2.6407810160835674,1.8274347021965223,3.367243479199508
3.228957994755305,1.9790478593554575,1.6771042607556703,1.565807168253914,1.671939563932239,1.7678211537183126,1.7014945615046417,1.6759772015579721,1.5434614117843624,2.16657905409441,2.236573295278567,2.404924813559527,3.076051077177556,2.7845387336497502,0.6523508047127256,0.984032175595329,1.4795126508575795,1.8274347021965223,1.4237823501391875
3.228957994755305,2.1479955024954003,0.9169914527111291,2.224035035005805,1.9483697440489927,1.981857555527439,1.9206788120496667,1.74902620825809,1.910179181633559,2.16657905409441,2.236573295278567,2.404924813559527,0.986050802712511,1.6803965688486042,3.1865224086447266,3.7376363292548316,2.002083415209274,1.8274347021965223,2.5343315667450845
1.7655687494345969,2.8920899901860064,3.8537909383377658,4.180928692916833,3.255130595510011,2.722066778450667,1.6466984988683855,1.9681732283584434,1.7171698290813504,3.206412104163342,2.236573295278567,2.404924813559527,0.986050802712511,1.6803965688486042,3.423637880357662,2.7363257279241036,3.432102459244705,2.908488906628257,3.2284248271237703
3.228957994755305,3.419145302654756,1.124294945814186,2.7903481996436934,2.048889809545994,2.351962166989053,4.240378796984515,2.236019586258876,2.0838875989305468,2.16657905409441,2.236573295278567,2.404924813559527,3.076051077177556,2.7845387336497502,0.9586249556752677,3.5707512290330436,2.7220698016493863,1.8274347021965223,3.506062131275245
1.7655687494345969,2.4992263150627347,2.4717676509840545,2.861507969022276,1.671939563932239,2.0710393896145747,1.6466984988683855,1.8220752149582078,2.180392275206651,3.726328629197808,2.236573295278567,3.739929444462023,3.076051077177556,3.888680898450896,3.749671653962949,3.9045214294766195,2.3770072016965216,3.449016008844124,3.0896061750480333
1.7655687494345969,3.417658414706329,1.5389019320202992,3.602755566715847,1.898109711300492,2.392093992328264,1.8658827494134105,2.1386209106587186,2.7594203328632774,6.845827779404605,2.236573295278567,5.074934075364517,3.076051077177556,4.992823063252041,2.8555487293787536,3.3204235787003618,3.0173637573782806,1.8274347021965223,2.5343315667450845
1.7655687494345969,3.766937686841354,1.435250185468771,4.412197943397226,2.2247999241657466,2.1022530315450725,2.724354397381425,3.3317546867606436,2.354100692503639,1.646662529059944,2.236573295278567,1.0699201826570324,0.986050802712511,0.5762544040474584,3.4631571256431517,4.238291629920196,3.5084143803881265,5.070597315491726,4.061336739578193
3.228957994755305,1.7316668769360253,3.819240356153923,1.5302272835646227,1.6970695803064892,1.651884769405036,1.6466984988683855,1.6759772015579721,1.5820632822948042,2.6864955791288763,12.555767160837407,3.739929444462023,3.076051077177556,3.888680898450896,3.5668951445175607,3.5707512290330436,1.4164723681738831,1.8274347021965223,1.2849636980634502
1.7655687494345969,4.13113230370903,1.6425536785718275,4.856946502013369,4.687541528842281,5.669526395030509,3.3636417948044146,5.182329523163629,3.338448390519903,1.646662529059944,2.236573295278567,1.0699201826570324,0.986050802712511,0.5762544040474584,1.2599592009771234,0.48337687492996495,5.51574969742162,4.800333764383792,2.950787522972296
1.7655687494345969,1.1816577317634447,2.0571606647779412,1.450172543013717,1.7724596294292403,1.692016594744247,1.7745559783529834,1.6759772015579721,1.6978688938261293,1.646662529059944,2.236573295278567,2.404924813559527,3.076051077177556,2.7845387336497502,1.793469012331229,0.900589625484435,1.4131544585589517,1.8274347021965223,1.1461450459877132
3.228957994755305,1.8718060660752078,2.575419397535583,2.1528752656272223,2.048889809545994,2.0710393896145747,1.7197599157167271,2.0412222350585614,2.4506053687797436,4.246245154232274,2.236573295278567,2.404924813559527,3.076051077177556,2.7845387336497502,3.9522077860510816,1.6515725764824811,2.0501931046257793,3.449016008844124,2.5343315667450845
1.7655687494345969,1.6946340739705317,1.2970478567333998,2.120260371328705,1.671939563932239,1.692016594744247,1.6466984988683855,1.6759772015579721,1.7171698290813504,3.206412104163342,2.236573295278567,2.404924813559527,3.076051077177556,2.7845387336497502,2.845668918057381,3.0700959283676794,1.771488696971542,1.8274347021965223,2.1178756105178733
3.228957994755305,2.0199837431855703,0.7787891239757581,1.533192273955397,1.74732961305499,1.8882166297359462,1.8293520409892396,1.8707745527582864,1.9487810521440008,1.646662529059944,2.236573295278567,3.739929444462023,3.076051077177556,3.888680898450896,1.0722427858710493,1.234359825928011,1.5707551652681928,3.449016008844124,1.5626010022149246
1.7655687494345969,3.70997129231727,3.7155886096023947,5.141585579527701,1.671939563932239,3.662935128069951,2.4869047926243146,2.528215613059347,1.4855586060186998,1.646662529059944,2.236573295278567,1.0699201826570324,3.076051077177556,1.6803965688486042,0.8944061820863476,4.154849079809302,4.309689552394058,4.259806662167925,2.950787522972296
3.228957994755305,1.5428785727342684,3.093678130293225,1.5302272835646227,1.7724596294292403,1.8837575380315894,1.7014945615046417,1.9194738905583648,1.8715773111231173,1.646662529059944,2.236573295278567,1.0699201826570324,3.076051077177556,1.6803965688486042,2.4307168425597436,0.399934324819071,1.5541656171935359,1.8274347021965223,1.5626010022149246
1.7655687494345969,2.7299262733107588,3.4391839521316525,2.1854901599257395,2.7525302680250037,2.1869757739278515,2.322516604715546,2.016872566158522,1.9487810521440008,1.646662529059944,2.236573295278567,2.404924813559527,0.986050802712511,1.6803965688486042,3.166762786001982,1.735015126593375,2.1679788959558435,1.8274347021965223,2.811968870896559
3.228957994755305,1.528846067720995,1.711654842939513,1.4531375334044911,1.6970695803064892,1.6117529440658247,1.6466984988683855,1.6759772015579721,1.5048595412739207,1.646662529059944,2.236573295278567,5.074934075364517,3.076051077177556,4.992823063252041,1.363697219851533,3.4038661288112557,1.3517731306827208,1.8274347021965223,1.007326393911976
1.7655687494345969,3.548225762677517,2.4717676509840545,2.5205340740832334,2.47610008790825,4.438817084628034,1.884148103625496,2.723012964259661,1.6785679585709086,1.646662529059944,2.236573295278567,1.0699201826570324,3.076051077177556,1.6803965688486042,1.576113163261038,4.154849079809302,3.1600338708203304,1.8274347021965223,2.811968870896559
3.228957994755305,3.751139502389324,3.335532205580124,2.1854901599257395,2.853050333522005,4.144517032140485,2.596496917896827,2.4551666063592292,1.775072634847013,1.646662529059944,2.236573295278567,1.0699201826570324,0.986050802712511,0.5762544040474584,1.6205723142072133,3.9045214294766195,2.942710791042324,1.8274347021965223,2.5343315667450845
1.7655687494345969,2.0525094170573963,3.4046333699478097,1.5272622931738482,1.8729796949262416,1.6340484025876088,1.6832292072925563,1.9194738905583648,1.5434614117843624,2.16657905409441,2.236573295278567,2.404924813559527,3.076051077177556,2.7845387336497502,0.9191057103897784,2.5694406277023156,1.4363798258634715,1.8274347021965223,1.4237823501391875
3.228957994755305,3.700074194410557,1.262497274549557,1.9127110439745052,2.249929940539997,3.4801123681913224,2.1398630625946917,3.2587056800605256,2.952429685415486,1.646662529059944,2.236573295278567,1.0699201826570324,0.986050802712511,0.5762544040474584,1.2006803330488895,0.817147075373541,2.6175556487790477,3.449016008844124,4.20015539165393
1.7655687494345969,1.5858589274934674,1.91895833604257,1.4738924661399113,1.671939563932239,1.625130219178895,1.7197599157167271,1.7246765393580508,1.8715773111231173,2.16657905409441,2.236573295278567,3.739929444462023,0.986050802712511,2.7845387336497502,0.7906681632119381,1.9853427769260572,1.4081775941365544,4.259806662167925,1.1461450459877132
1.7655687494345969,1.798762695608764,2.4372170688002117,1.5628421778631396,1.9734997604232432,1.821330254170594,2.103332354170521,2.2116699173588366,1.736470764336571,3.206412104163342,2.236573295278567,3.739929444462023,3.076051077177556,3.888680898450896,3.942327974729709,3.7376363292548316,1.6072521710324381,3.449016008844124,1.7014196542906617
3.228957994755305,2.776391521699082,1.9880595004102555,1.5717371490354626,3.129480513638759,1.892675721440303,1.9389441662617521,3.283055348960565,2.3154988219931973,1.646662529059944,2.236573295278567,1.0699201826570324,3.076051077177556,1.6803965688486042,0.5980118424451779,2.6528831778132096,1.8229162960029788,1.8274347021965223,2.1178756105178733
3.228957994755305,1.5444119259310831,1.0206431992626577,1.897886092020634,1.8227196621777408,1.7901166122400967,1.7928213325650688,1.7246765393580508,1.5241604765291417,4.76616167926674,2.236573295278567,2.404924813559527,3.076051077177556,2.7845387336497502,2.7863900501291474,1.4012449261497992,1.6935178210206545,1.8274347021965223,1.979056958442136
3.228957994755305,3.4414021566327624,1.7807560073071989,3.665020364922107,5.692742183812294,4.376389800767038,2.7974158142297667,2.4551666063592292,2.4120034982693017,1.646662529059944,2.236573295278567,1.0699201826570324,3.076051077177556,1.6803965688486042,1.5118943896721178,0.817147075373541,4.1172507947280375,2.097698253304456,3.922518087502456
1.7655687494345969,1.3831310487752138,1.4006996032849282,1.7496365724819196,1.6970695803064892,1.7143120532660312,1.884148103625496,1.7003268704580115,1.5627623470395833,2.16657905409441,2.236573295278567,2.404924813559527,3.076051077177556,2.7845387336497502,3.4038782577149176,2.9032108281458915,1.5840268037279184,1.8274347021965223,1.7014196542906617
3.228957994755305,3.370496187592181,3.508285116499338,2.0194506980423794,3.3305206446327618,2.994071372416432,3.418437857440671,5.912819590164808,2.2768969514827555,1.646662529059944,2.236573295278567,1.0699201826570324,3.076051077177556,1.6803965688486042,3.0580848614668863,3.4873086789221497,2.806676496830137,1.8274347021965223,2.2566942625936104
0.3021795041138886,0.5573041891695472,2.126261829145627,1.4353475910598457,1.8478496785519913,1.6117529440658247,1.6832292072925563,2.0412222350585614,2.006683857909663,1.646662529059944,2.236573295278567,2.404924813559527,3.076051077177556,2.7845387336497502,3.883049106801475,0.7337045252626471,1.423108187403746,2.6382253555203232,1.1461450459877132
1.7655687494345969,2.017195828282271,3.197329876844753,2.028345669214702,1.7975896458034906,1.9194302716664438,1.847617395201325,1.7977255460581685,1.755771699591792,2.6864955791288763,2.236573295278567,2.404924813559527,3.076051077177556,2.7845387336497502,2.104683068954457,2.6528831778132096,1.8428237536925671,1.8274347021965223,2.2566942625936104
1.7655687494345969,2.362246762813958,2.5063182331678973,1.6814417934941113,1.671939563932239,1.6028347606571112,1.6466984988683855,1.6759772015579721,1.620665152805246,1.646662529059944,2.236573295278567,2.404924813559527,0.986050802712511,1.6803965688486042,1.0080240122821293,2.485998077591421,1.4844895152799764,1.8274347021965223,1.4237823501391875
1.7655687494345969,2.1700200302314654,0.7442385417919153,2.3841445161076162,1.74732961305499,1.8124120707618805,1.7197599157167271,1.74902620825809,2.296197886737976,3.726328629197808,2.236573295278567,2.404924813559527,0.986050802712511,1.6803965688486042,3.6459336350885394,1.9853427769260572,2.030285646936191,3.449016008844124,2.5343315667450845
1.7655687494345969,0.7162153386576122,3.957442684889294,1.482787437312234,1.7221995966807397,1.6741802279268199,1.6466984988683855,1.7246765393580508,1.601364217550025,3.726328629197808,2.236573295278567,3.739929444462023,3.076051077177556,3.888680898450896,1.2500793896557512,3.0700959283676794,1.404859684521623,1.8274347021965223,1.5626010022149246
3.228957994755305,1.5973823090937715,2.9900263837416965,1.847481255377471,1.8729796949262416,2.1646803154060676,1.7014945615046417,1.9438235594584041,2.3927025630140806,2.6864955791288763,2.236573295278567,2.404924813559527,0.986050802712511,1.6803965688486042,1.857687785920149,1.0674747257062231,1.8892744883016066,2.6382253555203232,2.2566942625936104
3.228957994755305,3.4716510333335604,0.7096879596080725,3.6205455090604928,4.360851315977026,2.967316822190291,4.203848088560344,3.623950713561115,2.1610913399514304,1.646662529059944,2.236573295278567,2.404924813559527,3.076051077177556,2.7845387336497502,3.7447317483022626,2.1522278771478454,3.666015087097368,1.8274347021965223,3.367243479199508
1.7655687494345969,1.623170521949291,2.0226100825940985,1.482787437312234,1.671939563932239,1.6162120357701815,1.7014945615046417,1.74902620825809,1.5820632822948042,1.646662529059944,2.236573295278567,2.404924813559527,3.076051077177556,2.7845387336497502,0.9092258990684061,1.8184576767042693,1.3849522268320347,1.8274347021965223,1.2849636980634502
1.7655687494345969,2.4214434892606818,2.851824055006325,2.5501839779909763,1.671939563932239,1.981857555527439,1.9937402288980084,1.7733758771581294,2.894526879649823,3.206412104163342,2.236573295278567,2.404924813559527,3.076051077177556,2.7845387336497502,2.4010774085956266,2.6528831778132096,2.259221410366457,1.8274347021965223,2.811968870896559
1.7655687494345969,4.111988621373041,1.5389019320202992,4.640502203486847,4.385981332351276,4.483408001671602,6.267833114525996,5.352777205463904,3.5700596135825537,1.646662529059944,2.236573295278567,1.0699201826570324,3.076051077177556,1.6803965688486042,3.754611559623635,3.4038661288112557,5.228750515730054,2.097698253304456,3.783699435426719
1.7655687494345969,3.2018273359425686,3.0245769659255393,4.441847847304969,1.9734997604232432,2.548162201980752,1.9389441662617521,1.9681732283584434,2.701517527097615,1.646662529059944,2.236573295278567,1.0699201826570324,0.986050802712511,0.5762544040474584,2.529514955773467,3.4873086789221497,3.539934521729975,2.908488906628257,3.2284248271237703
3.228957994755305,1.987876256549239,2.6099699797194256,1.4976123892661055,1.6970695803064892,1.6162120357701815,1.6466984988683855,1.6759772015579721,1.5241604765291417,2.16657905409441,2.236573295278567,3.739929444462023,3.076051077177556,3.888680898450896,2.0849234463117123,3.0700959283676794,1.3799753624096378,1.8274347021965223,1.1461450459877132
3.228957994755305,1.17956679558597,3.335532205580124,1.4649974949675884,1.6970695803064892,1.6830984113355334,1.6832292072925563,1.7246765393580508,1.5434614117843624,2.16657905409441,2.236573295278567,3.739929444462023,3.076051077177556,3.888680898450896,1.1759808047454587,2.9866533782567855,1.3949059556768288,1.8274347021965223,1.2849636980634502
1.7655687494345969,2.4320840311416076,3.093678130293225,1.533192273955397,1.671939563932239,1.607293852361468,1.6466984988683855,1.6759772015579721,1.4855586060186998,1.646662529059944,2.236573295278567,3.739929444462023,3.076051077177556,3.888680898450896,2.2528802387750417,2.8197682780349975,1.3915880460618975,1.8274347021965223,1.1461450459877132
3.228957994755305,3.258375543231158,2.679071144087111,3.0542323444226045,2.4509700715339995,3.471194184782609,1.6466984988683855,4.403140118362372,2.0259847931648842,3.206412104163342,2.236573295278567,2.404924813559527,3.076051077177556,2.7845387336497502,3.201342125626785,1.6515725764824811,3.2197562438890954,1.8274347021965223,3.506062131275245
0.3021795041138886,2.30095910018976,1.6080030963879848,2.443444323923102,2.47610008790825,2.615048577546104,2.2677205420792896,2.4551666063592292,2.257596016227535,3.726328629197808,2.236573295278567,2.404924813559527,0.986050802712511,1.6803965688486042,2.8407290123966953,0.5668194250408589,2.50474672187138,2.6382253555203232,3.2284248271237703
1.7655687494345969,2.7276030108913427,2.7481723084547967,2.5116391029109106,1.74732961305499,1.6563438611093928,1.7197599157167271,1.74902620825809,1.6978688938261293,3.726328629197808,2.236573295278567,2.404924813559527,3.076051077177556,2.7845387336497502,1.1414014651206557,1.9853427769260572,1.9921296863644797,1.8274347021965223,2.5343315667450845
1.7655687494345969,2.9642969861814605,1.4006996032849282,2.606518795415688,2.1494098750429953,1.8971348131446597,1.8658827494134105,1.6759772015579721,1.6592670233156877,1.646662529059944,2.236573295278567,2.404924813559527,3.076051077177556,2.7845387336497502,0.9783845783180123,2.7363257279241036,2.166319941148378,1.8274347021965223,2.811968870896559
3.228957994755305,3.1096867483885235,3.9228921027054513,2.7814532284713707,2.1494098750429953,5.299421783568896,3.0166000647747917,4.549238131762608,2.218994145717093,1.646662529059944,2.236573295278567,1.0699201826570324,0.986050802712511,0.5762544040474584,3.9867871256758844,0.7337045252626471,3.8783613024529773,1.8274347021965223,3.367243479199508
0.3021795041138886,0.4954589435646892,1.9535089182264127,1.4442425622321684,1.8227196621777408,1.6563438611093928,1.847617395201325,1.846424883858247,1.736470764336571,1.646662529059944,2.236573295278567,1.0699201826570324,3.076051077177556,1.6803965688486042,3.41375806903629,1.5681300263715872,1.42144923259628,1.8274347021965223,1.2849636980634502
3.228957994755305,2.917041828570536,1.2970478567333998,3.9081495769655987,6.320992593168553,4.153435215549199,2.0850669999584355,2.284718924058954,2.971730620670707,1.646662529059944,2.236573295278567,1.0699201826570324,0.986050802712511,0.5762544040474584,2.1491422199006327,0.5668194250408589,4.183608987026665,4.259806662167925,3.0896061750480333
3.228957994755305,1.497342629313712,3.819240356153923,1.7259166493557254,1.7221995966807397,2.160221223701711,2.06680164574635,1.846424883858247,1.6785679585709086,3.206412104163342,2.236573295278567,2.404924813559527,0.986050802712511,1.6803965688486042,2.188661465186122,1.8184576767042693,1.7748066065864734,1.8274347021965223,2.1178756105178733
3.228957994755305,1.376440053007295,1.4698007676526137,1.4590675141860399,1.671939563932239,1.6340484025876088,1.7014945615046417,1.7003268704580115,1.620665152805246,2.16657905409441,2.236573295278567,3.739929444462023,3.076051077177556,3.888680898450896,1.487194861368687,1.6515725764824811,1.378316407602172,3.449016008844124,1.1461450459877132
3.228957994755305,2.495369699446504,1.3661490211010854,2.1350853232825764,4.561891446971028,2.548162201980752,4.733543360710821,3.356104355660683,2.952429685415486,2.6864955791288763,2.236573295278567,2.404924813559527,3.076051077177556,2.7845387336497502,1.9070868425270107,1.0674747257062231,2.79008694875548,1.8274347021965223,3.506062131275245
3.228957994755305,1.2373230993326558,1.8498571716748844,1.4472075526229427,1.671939563932239,1.6117529440658247,1.6832292072925563,1.7003268704580115,1.5241604765291417,1.646662529059944,2.236573295278567,2.404924813559527,3.076051077177556,2.7845387336497502,1.7984089179919152,1.1509172758171171,1.3534320854901865,1.8274347021965223,1.007326393911976
3.228957994755305,2.57278080326145,0.9515420348949719,1.897886092020634,1.9483697440489927,2.030907564275364,1.9206788120496667,1.9438235594584041,1.8136745053574548,2.16657905409441,2.236573295278567,2.404924813559527,0.986050802712511,1.6803965688486042,0.7956080688726244,0.817147075373541,1.8428237536925671,1.8274347021965223,2.2566942625936104
3.228957994755305,3.132175928608472,1.435250185468771,1.6844067838848855,1.9734997604232432,1.9238893633708005,2.249455187867204,2.0412222350585614,1.601364217550025,1.646662529059944,2.236573295278567,2.404924813559527,3.076051077177556,2.7845387336497502,1.3439375972087881,2.6528831778132096,1.7034715498654487,1.8274347021965223,1.979056958442136
1.7655687494345969,2.381018723162841,3.819240356153923,3.967449384781084,1.671939563932239,1.9283484550751573,1.8658827494134105,1.8951242216583257,5.326444721807652,4.76616167926674,2.236573295278567,2.404924813559527,3.076051077177556,2.7845387336497502,3.54219561621413,3.4038661288112557,3.2380047467712183,1.8274347021965223,3.922518087502456
1.7655687494345969,2.322658371187107,2.54086881535174,1.719986668574177,1.6970695803064892,1.6652620445181063,1.6466984988683855,1.7003268704580115,1.5820632822948042,1.646662529059944,2.236573295278567,2.404924813559527,3.076051077177556,2.7845387336497502,2.134322502918574,2.6528831778132096,1.5292812950815504,2.908488906628257,1.5626010022149246
3.228957994755305,0.792836533249957,1.124294945814186,1.4412775718413942,2.0740198259202445,1.6786393196311766,1.6466984988683855,2.08992157285864,1.8715773111231173,2.6864955791288763,2.236573295278567,2.404924813559527,3.076051077177556,2.7845387336497502,3.2211017482695294,2.1522278771478454,1.454628328745594,1.8274347021965223,1.4237823501391875
0.3021795041138886,3.0171744388473725,3.335532205580124,2.609483785806462,4.084421135860272,3.5826714773915285,5.665076425527177,4.013545415961744,2.103188534185768,1.646662529059944,2.236573295278567,1.0699201826570324,3.076051077177556,1.6803965688486042,3.7595514652843214,1.234359825928011,3.465281555394019,1.8274347021965223,3.0896061750480333
3.228957994755305,2.2737304646342027,2.851824055006325,2.357459602590648,1.8729796949262416,2.0532030227971476,1.756290624140898,1.7733758771581294,3.9174764481765294,5.805994729335672,2.236573295278567,3.739929444462023,0.986050802712511,2.7845387336497502,3.201342125626785,3.1535384784785734,2.2575624555589915,1.8274347021965223,2.6731502188208216
3.228957994755305,2.4479751460904144,2.3335653222486834,1.752601562872694,2.124279858668745,1.6608029528137496,2.0850669999584355,2.3090685929589934,1.8329754406126755,3.206412104163342,2.236573295278567,3.739929444462023,3.076051077177556,3.888680898450896,3.166762786001982,2.8197682780349975,1.6769282729459973,1.8274347021965223,1.840238306366399
1.7655687494345969,2.4542479546228377,0.9169914527111291,2.0698555346855425,1.7221995966807397,1.6162120357701815,1.6466984988683855,1.6759772015579721,1.6592670233156877,2.16657905409441,2.236573295278567,2.404924813559527,3.076051077177556,2.7845387336497502,1.1710408990847725,3.7376363292548316,1.7134252787102429,1.8274347021965223,1.979056958442136
1.7655687494345969,2.1086394371104906,1.8498571716748844,3.193586892788996,3.4561707265040136,2.2716985163106305,3.8385410043186354,4.403140118362372,2.2768969514827555,4.246245154232274,2.236573295278567,2.404924813559527,0.986050802712511,1.6803965688486042,3.843529861515986,2.1522278771478454,3.138467458323276,1.8274347021965223,2.6731502188208216
1.7655687494345969,1.8248296999546132,1.0206431992626577,1.794111428343534,5.014231741707535,2.222648507562706,2.94353864792645,2.7473626331597005,3.1840409084781367,1.646662529059944,2.236573295278567,1.0699201826570324,0.986050802712511,0.5762544040474584,2.904947785985615,2.8197682780349975,2.3239206478576193,1.8274347021965223,2.811968870896559
3.228957994755305,0.8230854099507554,0.9169914527111291,1.4768574565306856,1.671939563932239,1.692016594744247,1.7014945615046417,1.7246765393580508,1.6785679585709086,2.6864955791288763,2.236573295278567,2.404924813559527,3.076051077177556,2.7845387336497502,1.215500050030948,1.234359825928011,1.4164723681738831,3.449016008844124,1.5626010022149246
0.3021795041138886,1.6063501020327178,2.4717676509840545,1.462032504576814,1.9734997604232432,1.7455256951965286,1.7014945615046417,1.7977255460581685,1.7171698290813504,1.646662529059944,2.236573295278567,2.404924813559527,3.076051077177556,2.7845387336497502,1.8082887293132874,1.735015126593375,1.4562872835530598,1.8274347021965223,1.4237823501391875
1.7655687494345969,3.3143197022906987,1.8844077538587272,2.6450636704957535,4.4865013978482775,3.4622760013738954,1.6466984988683855,3.6726500513611935,2.8559250091393817,1.646662529059944,2.236573295278567,2.404924813559527,3.076051077177556,2.7845387336497502,2.079983540651026,4.154849079809302,3.1434443227456734,1.8274347021965223,4.061336739578193
1.7655687494345969,1.9051216491696354,2.851824055006325,1.9008510824114082,1.7221995966807397,1.8168711624662373,1.756290624140898,1.7246765393580508,1.9487810521440008,2.6864955791288763,2.236573295278567,2.404924813559527,3.076051077177556,2.7845387336497502,1.828048351956032,2.3191129773696333,1.7316737815923653,1.8274347021965223,1.979056958442136
1.7655687494345969,2.3754893586046304,2.126261829145627,1.7407416013095967,1.671939563932239,1.6340484025876088,1.6466984988683855,1.7003268704580115,1.4855586060186998,2.16657905409441,2.236573295278567,3.739929444462023,3.076051077177556,3.888680898450896,1.0673028802103632,3.1535384784785734,1.5193275662367562,1.8274347021965223,1.5626010022149246
3.228957994755305,0.9778611523322596,2.0226100825940985,1.4442425622321684,1.6970695803064892,1.625130219178895,1.6466984988683855,1.6759772015579721,1.5048595412739207,1.646662529059944,2.236573295278567,2.404924813559527,3.076051077177556,2.7845387336497502,2.440596653881116,1.5681300263715872,1.3517731306827208,1.8274347021965223,1.007326393911976
1.7655687494345969,2.0886593803035116,2.4372170688002117,2.2270000253965794,2.048889809545994,1.8971348131446597,1.9206788120496667,2.1386209106587186,2.218994145717093,2.16657905409441,2.236573295278567,3.739929444462023,3.076051077177556,3.888680898450896,1.8922671255449521,4.071406529698407,2.0319446017436564,1.8274347021965223,2.5343315667450845
1.7655687494345969,2.6992127441260774,1.0206431992626577,3.2943965660753216,1.671939563932239,1.9015939048490165,1.6466984988683855,1.6759772015579721,2.1610913399514304,4.246245154232274,2.236573295278567,2.404924813559527,3.076051077177556,2.7845387336497502,2.776510238807775,3.4873086789221497,2.5445616372505566,1.8274347021965223,3.367243479199508
3.228957994755305,2.242970470201133,1.3661490211010854,2.7429083533913046,1.7975896458034906,1.9060529965533732,2.0302709373221792,2.0655719039586007,3.068235296946811,2.16657905409441,2.236573295278567,2.404924813559527,0.986050802712511,1.6803965688486042,2.450476465202488,3.5707512290330436,2.38530197573385,1.8274347021965223,2.950787522972296
3.228957994755305,3.1607985216156793,1.435250185468771,2.0728205250763168,3.6069508247495157,3.252698691269126,3.6741528164098667,2.236019586258876,3.2805455847542406,1.646662529059944,2.236573295278567,1.0699201826570324,3.076051077177556,1.6803965688486042,1.9219065595090692,4.32173418003109,2.8099944064450684,1.8274347021965223,3.506062131275245
3.228957994755305,1.9677103387487067,1.2279466923657143,1.5005773796568798,1.6970695803064892,1.6340484025876088,1.6832292072925563,1.6759772015579721,1.5627623470395833,2.16657905409441,2.236573295278567,3.739929444462023,3.076051077177556,3.888680898450896,0.6375310877306672,2.3191129773696333,1.3949059556768288,1.8274347021965223,1.2849636980634502
1.7655687494345969,1.339593111035355,0.8478902883434436,1.4561025237952654,1.6970695803064892,1.6117529440658247,1.7197599157167271,1.7977255460581685,1.620665152805246,1.646662529059944,2.236573295278567,2.404924813559527,3.076051077177556,2.7845387336497502,2.4010774085956266,1.735015126593375,1.378316407602172,1.8274347021965223,1.1461450459877132
1.7655687494345969,1.5888327033903202,2.575419397535583,1.4531375334044911,1.671939563932239,1.651884769405036,1.6832292072925563,1.74902620825809,1.620665152805246,1.646662529059944,2.236573295278567,3.739929444462023,3.076051077177556,3.888680898450896,1.0722427858710493,2.3191129773696333,1.3832932720245692,1.8274347021965223,1.1461450459877132
1.7655687494345969,2.899896151915245,3.093678130293225,5.755338590417978,1.671939563932239,1.8614620795098054,1.6466984988683855,2.0412222350585614,5.635259685891187,3.726328629197808,2.236573295278567,3.739929444462023,0.986050802712511,2.7845387336497502,1.9663657104552446,2.7363257279241036,4.230059721635705,6.151651519923461,2.3955129146693475
3.228957994755305,2.5396046159121877,2.402666486616369,2.1113654001563824,2.8781803498962555,2.5437031102763954,1.884148103625496,2.4551666063592292,2.933128750160265,5.286078204301206,2.236573295278567,3.739929444462023,3.076051077177556,3.888680898450896,3.601474484142364,1.317802376038905,2.3421691507397417,1.8274347021965223,2.950787522972296
0.3021795041138886,1.0623814391506194,3.8883415205216085,1.4323826006690714,1.74732961305499,1.6162120357701815,1.8293520409892396,1.6759772015579721,1.6592670233156877,1.646662529059944,2.236573295278567,2.404924813559527,3.076051077177556,2.7845387336497502,1.581053068921724,1.4846874762606932,1.3749984979872405,1.8274347021965223,1.1461450459877132
0.3021795041138886,3.440472851664996,1.573452514204142,2.4375143431415536,2.1996699077914963,2.1869757739278515,6.359159885586424,2.016872566158522,2.5664109803110686,1.646662529059944,2.236573295278567,2.404924813559527,3.076051077177556,2.7845387336497502,0.8746465594436028,1.317802376038905,2.6922086151150038,1.8274347021965223,3.367243479199508
1.7655687494345969,1.7423538840653396,0.6751373774242297,1.450172543013717,1.6970695803064892,1.6162120357701815,1.6466984988683855,1.74902620825809,1.5434614117843624,1.646662529059944,2.236573295278567,1.0699201826570324,0.986050802712511,0.5762544040474584,2.6381928803085626,3.0700959283676794,1.3600679047200492,1.8274347021965223,1.007326393911976
1.7655687494345969,2.6375533595147727,2.575419397535583,2.3129847467290334,1.8478496785519913,1.892675721440303,1.7197599157167271,1.6759772015579721,1.8522763758678964,2.16657905409441,2.236573295278567,2.404924813559527,3.076051077177556,2.7845387336497502,1.5711732576003516,1.9019002268151632,1.9838349123271513,1.8274347021965223,2.5343315667450845
3.228957994755305,2.646381756708554,3.093678130293225,2.8496480074591792,2.551490137031001,2.3876349006239073,2.158128416806777,1.846424883858247,3.1261381027124737,1.646662529059944,2.236573295278567,1.0699201826570324,0.986050802712511,0.5762544040474584,0.6523508047127256,1.317802376038905,2.675619067040347,2.908488906628257,3.367243479199508
3.228957994755305,2.5744535522034298,1.262497274549557,2.221070044615031,5.190141856327287,4.260453416453762,2.2677205420792896,1.9681732283584434,3.9367773834317505,1.646662529059944,2.236573295278567,1.0699201826570324,0.986050802712511,0.5762544040474584,2.598673635023073,2.485998077591421,3.282796526572792,3.449016008844124,3.2284248271237703
1.7655687494345969,2.5472713818962607,2.2990147400648406,1.628071966460174,1.7724596294292403,1.7321484200834583,1.9572095204738376,1.7246765393580508,1.7943735701022336,2.6864955791288763,2.236573295278567,3.739929444462023,0.986050802712511,2.7845387336497502,0.849947031140172,3.9045214294766195,1.5558245720010015,1.8274347021965223,1.5626010022149246
3.228957994755305,0.9626670161092779,3.6119368630508664,1.43831258145062,1.6970695803064892,1.625130219178895,2.06680164574635,1.7246765393580508,1.8329754406126755,2.6864955791288763,2.236573295278567,2.404924813559527,3.076051077177556,2.7845387336497502,1.1957404273882033,1.234359825928011,1.4181313229813486,1.8274347021965223,1.4237823501391875
3.228957994755305,3.7304160016081322,2.2990147400648406,4.335108193237096,2.6017501697795016,2.771116787198592,2.285985896291375,5.644973232264376,2.0838875989305468,1.646662529059944,2.236573295278567,1.0699201826570324,0.986050802712511,0.5762544040474584,3.937388069069023,2.9866533782567855,3.8335695226514033,3.449016008844124,3.506062131275245
3.228957994755305,1.5093306633978991,0.7096879596080725,1.5776671298170113,1.7724596294292403,1.7143120532660312,1.756290624140898,1.74902620825809,1.9873829226544424,2.6864955791288763,2.236573295278567,3.739929444462023,0.986050802712511,2.7845387336497502,3.848469767176672,2.8197682780349975,1.5209865210442217,3.449016008844124,1.4237823501391875
3.228957994755305,7.221443043519624,1.0897443636303432,1.4323826006690714,1.671939563932239,9.281390675559516,1.6832292072925563,1.7003268704580115,1.5048595412739207,1.126746004025478,2.236573295278567,1.0699201826570324,3.076051077177556,1.6803965688486042,2.6925318425761104,1.6515725764824811,4.196880625486391,1.8274347021965223,4.477792695805405
1.7655687494345969,1.0978808889192981,2.6099699797194256,1.4857524277030083,1.671939563932239,1.6117529440658247,1.6466984988683855,1.6759772015579721,1.6399660880604667,2.16657905409441,2.236573295278567,2.404924813559527,0.986050802712511,1.6803965688486042,2.2775797670784725,4.154849079809302,1.3799753624096378,1.8274347021965223,1.1461450459877132
1.7655687494345969,1.5711759090027573,3.3009816233962814,1.5183673220015255,1.7975896458034906,1.692016594744247,1.7197599157167271,1.7003268704580115,1.5627623470395833,1.646662529059944,2.236573295278567,2.404924813559527,0.986050802712511,1.6803965688486042,1.1463413707813417,1.5681300263715872,1.438038780670937,1.8274347021965223,1.2849636980634502
1.7655687494345969,1.6218230297460297,0.640586795240387,2.0609605635132193,1.898109711300492,1.9283484550751573,1.7197599157167271,1.74902620825809,2.064586663675326,2.6864955791288763,2.236573295278567,2.404924813559527,3.076051077177556,2.7845387336497502,2.5492745784162114,3.5707512290330436,1.8826386690717438,1.8274347021965223,2.2566942625936104
1.7655687494345969,2.83159223678441,2.6099699797194256,3.027547430905636,2.425840055159749,1.999693922344866,3.107926835835219,2.796061970959779,2.218994145717093,1.646662529059944,2.236573295278567,2.404924813559527,3.076051077177556,2.7845387336497502,1.3142981632446713,3.5707512290330436,2.695526524729935,1.8274347021965223,3.506062131275245
0.3021795041138886,2.2583969326660562,1.4698007676526137,2.2714748812581935,2.0740198259202445,2.3029121582411283,3.1809882526835604,2.0655719039586007,4.071883930218297,4.246245154232274,2.236573295278567,2.404924813559527,3.076051077177556,2.7845387336497502,2.2676999557571005,2.0687853270369514,2.478203444951929,1.8274347021965223,2.950787522972296
3.228957994755305,3.268179710641094,2.54086881535174,4.403302972224903,2.5263601206567508,3.9795306390792837,4.094255963287831,2.9178103154599757,2.1417904046962093,1.646662529059944,2.236573295278567,1.0699201826570324,0.986050802712511,0.5762544040474584,0.6177714650879225,1.317802376038905,4.2997358235492635,5.070597315491726,2.811968870896559
1.7655687494345969,2.2767507057794436,2.7827228906386394,2.138050313673351,1.9986297767974934,2.227107599267063,2.468639438412229,1.7733758771581294,2.489207239290185,5.805994729335672,2.236573295278567,3.739929444462023,0.986050802712511,2.7845387336497502,2.6777121255940517,3.236981028589468,2.149730393073721,1.8274347021965223,2.6731502188208216
3.228957994755305,1.5419957330148906,3.7155886096023947,1.5806321202077855,2.249929940539997,1.955103005301298,2.249455187867204,1.6759772015579721,2.296197886737976,3.206412104163342,2.236573295278567,3.739929444462023,3.076051077177556,3.888680898450896,2.6134933520051318,2.4025555274805273,1.7101073690953115,1.8274347021965223,1.840238306366399
3.228957994755305,2.934838018703264,3.3009816233962814,2.991967546216345,2.275059956914247,2.615048577546104,2.231189833655119,2.260369255158915,2.7401193976080562,2.16657905409441,2.236573295278567,2.404924813559527,0.986050802712511,1.6803965688486042,0.7412691066050765,1.735015126593375,2.823266044904794,1.8274347021965223,3.644880783350982
3.228957994755305,1.9455928805158649,2.1953629935133123,1.4857524277030083,1.7975896458034906,1.6429665859963223,1.8293520409892396,1.74902620825809,1.8522763758678964,2.6864955791288763,2.236573295278567,3.739929444462023,0.986050802712511,2.7845387336497502,1.427915993440453,2.5694406277023156,1.4396977354784029,1.8274347021965223,1.4237823501391875
1.7655687494345969,1.4992477044976331,2.229913575697155,1.5480172259092684,1.7221995966807397,1.6563438611093928,1.7928213325650688,1.6759772015579721,1.601364217550025,1.646662529059944,2.236573295278567,1.0699201826570324,0.986050802712511,0.5762544040474584,2.0256445783834787,0.6502619751517529,1.4446745999007997,1.8274347021965223,1.2849636980634502
0.3021795041138886,1.846668366697125,3.4046333699478097,1.4916824084845568,1.8729796949262416,1.6786393196311766,1.9206788120496667,1.74902620825809,1.6592670233156877,1.646662529059944,2.236573295278567,2.404924813559527,0.986050802712511,1.6803965688486042,2.440596653881116,0.984032175595329,1.4529693739381284,1.8274347021965223,1.2849636980634502
1.7655687494345969,2.858356219856084,2.713621726270954,3.1876569120074474,2.425840055159749,1.9952348306405092,2.1763937710188626,2.2116699173588366,1.620665152805246,1.646662529059944,2.236573295278567,3.739929444462023,3.076051077177556,3.888680898450896,2.134322502918574,2.485998077591421,2.607601919934253,1.8274347021965223,3.506062131275245
1.7655687494345969,1.6263766240880853,3.093678130293225,1.4916824084845568,1.7975896458034906,1.6028347606571112,1.8293520409892396,1.7003268704580115,1.620665152805246,2.6864955791288763,2.236573295278567,3.739929444462023,3.076051077177556,3.888680898450896,1.487194861368687,3.1535384784785734,1.404859684521623,1.8274347021965223,1.4237823501391875
1.7655687494345969,3.129620339947114,2.126261829145627,4.931071261782726,4.360851315977026,2.4768167347110435,2.3590473131397167,2.4064672685591506,2.064586663675326,2.16657905409441,2.236573295278567,2.404924813559527,3.076051077177556,2.7845387336497502,1.6847910877961334,2.2356704272587393,3.9579911332113307,1.8274347021965223,3.783699435426719
1.7655687494345969,3.5330316264545356,3.991993267073137,4.4062679626156775,3.1546105300130094,2.771116787198592,3.7472142332582083,3.11260766666029,2.006683857909663,2.16657905409441,2.236573295278567,2.404924813559527,3.076051077177556,2.7845387336497502,3.018565616181397,2.485998077591421,3.863430709185786,4.259806662167925,5.033067304108354
1.7655687494345969,1.681995526408908,2.3335653222486834,2.028345669214702,1.7221995966807397,1.7945757039444534,1.7014945615046417,1.7246765393580508,1.6785679585709086,2.16657905409441,2.236573295278567,1.0699201826570324,0.986050802712511,0.5762544040474584,2.2380605217929834,0.984032175595329,1.7665118325491451,4.800333764383792,2.1178756105178733
3.228957994755305,3.9439702832008647,2.9209252193740105,2.7518033245636278,4.360851315977026,5.014039914490061,2.249455187867204,6.448512305965673,2.508508174545406,1.646662529059944,2.236573295278567,1.0699201826570324,3.076051077177556,1.6803965688486042,2.0552840123475953,3.821078879365726,3.9861933649382473,1.8274347021965223,2.950787522972296
1.7655687494345969,3.643386591376803,1.3315984389172426,4.939966232955049,4.235201234105775,4.590426202576165,2.596496917896827,2.6499639575595433,2.257596016227535,1.646662529059944,2.236573295278567,1.0699201826570324,3.076051077177556,1.6803965688486042,3.2260416539302157,0.900589625484435,4.795763310981507,4.800333764383792,3.506062131275245
0.3021795041138886,3.2946184369740497,2.5063182331678973,2.5857638626802677,2.2247999241657466,3.029744106051286,3.5462953369252688,2.528215613059347,3.550758678327333,1.646662529059944,2.236573295278567,1.0699201826570324,3.076051077177556,1.6803965688486042,2.519635144452095,3.4873086789221497,2.9543234746945837,2.097698253304456,3.367243479199508
3.228957994755305,3.126460703056708,2.7481723084547967,3.582000633980427,3.0038304317675073,3.208107774225558,3.8933370669548917,4.281391773862175,4.59300918210926,3.206412104163342,2.236573295278567,2.404924813559527,3.076051077177556,2.7845387336497502,3.4730369369645238,2.2356704272587393,3.8700665284156486,1.8274347021965223,4.755429999956879
0.3021795041138886,0.8578878809936095,1.262497274549557,1.4531375334044911,1.8729796949262416,1.6875575030398902,2.0850669999584355,1.9438235594584041,1.6592670233156877,1.646662529059944,2.236573295278567,1.0699201826570324,3.076051077177556,1.6803965688486042,3.4433975030004067,0.48337687492996495,1.4629231027829226,1.8274347021965223,1.4237823501391875
3.228957994755305,1.2008014140994339,2.1953629935133123,1.5776671298170113,2.048889809545994,2.079957573023288,2.3590473131397167,2.0412222350585614,1.775072634847013,3.206412104163342,2.236573295278567,2.404924813559527,3.076051077177556,2.7845387336497502,2.865428540700126,1.8184576767042693,1.7316737815923653,1.8274347021965223,1.979056958442136
0.3021795041138886,0.6566468902237821,1.5389019320202992,1.4323826006690714,1.6970695803064892,1.607293852361468,1.847617395201325,1.8951242216583257,1.6785679585709086,1.646662529059944,2.236573295278567,2.404924813559527,0.986050802712511,1.6803965688486042,2.4010774085956266,1.4846874762606932,1.3866111816395006,1.8274347021965223,1.1461450459877132
1.7655687494345969,2.2216893864392806,0.640586795240387,2.3426346506367763,1.671939563932239,1.914971179962087,1.6466984988683855,1.6759772015579721,1.9294801168887799,2.16657905409441,2.236573295278567,2.404924813559527,3.076051077177556,2.7845387336497502,3.067964672788259,1.735015126593375,1.9971065507868768,1.8274347021965223,2.5343315667450845
3.228957994755305,1.463562393735401,1.6080030963879848,1.4946473988753313,1.7221995966807397,1.7276893283791015,1.7745559783529834,1.7733758771581294,1.5820632822948042,1.646662529059944,2.236573295278567,2.404924813559527,3.076051077177556,2.7845387336497502,1.363697219851533,1.4012449261497992,1.4446745999007997,1.8274347021965223,1.2849636980634502
3.228957994755305,3.1926272167616805,2.3335653222486834,3.475260979912553,4.612151479719529,3.814544246018082,3.034865418986877,4.15964342936198,3.1840409084781367,1.646662529059944,2.236573295278567,1.0699201826570324,3.076051077177556,1.6803965688486042,1.8922671255449521,1.5681300263715872,3.9347657659068105,2.097698253304456,3.644880783350982
3.228957994755305,1.6960744966705699,3.542835698683181,1.5569121970815911,1.7975896458034906,1.7143120532660312,1.7745559783529834,1.8220752149582078,2.1224894694409886,3.206412104163342,2.236573295278567,3.739929444462023,3.076051077177556,3.888680898450896,1.3933366538156498,2.1522278771478454,1.5292812950815504,1.8274347021965223,1.5626010022149246
1.7655687494345969,0.9675923324384401,1.9535089182264127,1.5094723508292027,1.671939563932239,1.6340484025876088,1.6466984988683855,1.6759772015579721,1.5627623470395833,3.206412104163342,2.236573295278567,3.739929444462023,3.076051077177556,3.888680898450896,3.5668951445175607,3.4873086789221497,1.3949059556768288,1.8274347021965223,1.4237823501391875
1.7655687494345969,1.0132212063557735,2.4717676509840545,1.4472075526229427,1.671939563932239,1.6028347606571112,1.6466984988683855,1.6759772015579721,1.5048595412739207,1.646662529059944,2.236573295278567,2.404924813559527,3.076051077177556,2.7845387336497502,0.7116296726409597,1.1509172758171171,1.3434783566453923,1.8274347021965223,1.007326393911976
3.228957994755305,2.2156024389004103,3.681038027418552,2.0372406403870253,1.8478496785519913,1.7722802454226694,1.7014945615046417,1.7246765393580508,2.37340162775886,2.16657905409441,2.236573295278567,2.404924813559527,3.076051077177556,2.7845387336497502,1.8082887293132874,3.7376363292548316,1.831211070040307,1.8274347021965223,2.1178756105178733
3.228957994755305,1.8818890249754738,4.061094431440822,1.5005773796568798,1.671939563932239,1.625130219178895,1.6466984988683855,1.7003268704580115,1.5627623470395833,1.646662529059944,2.236573295278567,3.739929444462023,3.076051077177556,3.888680898450896,1.062362974549677,2.3191129773696333,1.388270136446966,1.8274347021965223,1.1461450459877132
1.7655687494345969,3.5805655755557897,1.0551937814465004,3.4070662009247443,2.928440382644756,5.3796854342473175,2.0302709373221792,3.696999720261233,3.087536232202032,1.646662529059944,2.236573295278567,1.0699201826570324,0.986050802712511,0.5762544040474584,3.996666936997257,1.4012449261497992,4.2366955408655675,3.449016008844124,2.6731502188208216
3.228957994755305,2.5464814726736593,1.8498571716748844,3.478225970303327,1.8478496785519913,1.8614620795098054,1.8293520409892396,1.6759772015579721,2.37340162775886,3.206412104163342,2.236573295278567,2.404924813559527,3.076051077177556,2.7845387336497502,2.2726398614177867,2.4025555274805273,2.678936976655278,5.070597315491726,3.506062131275245
3.228957994755305,2.630862363746854,0.8133397061596008,2.891157872930019,2.325319989662748,2.508030376641541,3.7654795874702938,3.623950713561115,3.0296334264363693,3.206412104163342,2.236573295278567,2.404924813559527,0.986050802712511,1.6803965688486042,3.260620993555019,2.1522278771478454,2.9875025708438976,1.8274347021965223,3.783699435426719
3.228957994755305,3.693383198642638,3.3009816233962814,2.891157872930019,3.4310407101297633,3.0342031977556427,4.313440213832856,2.6499639575595433,3.106837167457253,1.646662529059944,2.236573295278567,1.0699201826570324,0.986050802712511,0.5762544040474584,2.2923994840605313,0.6502619751517529,3.2462995208085466,1.8274347021965223,3.506062131275245
3.228957994755305,2.2005941636709823,2.1953629935133123,2.8941228633207934,1.7975896458034906,1.955103005301298,1.7745559783529834,1.6759772015579721,3.415652131540787,2.6864955791288763,2.236573295278567,2.404924813559527,0.986050802712511,1.6803965688486042,2.2923994840605313,3.821078879365726,2.4682497161071346,1.8274347021965223,3.0896061750480333
1.7655687494345969,2.7905634224575206,3.093678130293225,3.270676642949127,3.506430759252514,3.4355214511477543,3.071396127411048,2.8447613087598578,3.1261381027124737,1.646662529059944,2.236573295278567,1.0699201826570324,0.986050802712511,0.5762544040474584,2.356618257649451,0.817147075373541,3.5150501996179893,1.8274347021965223,3.0896061750480333
1.7655687494345969,0.7638422182556435,2.0226100825940985,1.4561025237952654,1.671939563932239,1.6117529440658247,1.6466984988683855,1.6759772015579721,1.620665152805246,1.646662529059944,2.236573295278567,2.404924813559527,3.076051077177556,2.7845387336497502,3.0333853331634555,0.984032175595329,1.361726859527515,1.8274347021965223,1.007326393911976
0.3021795041138886,1.050393405066432,3.4737345343154953,1.4323826006690714,1.8227196621777408,1.5983756689527544,1.7928213325650688,1.7246765393580508,1.7171698290813504,1.646662529059944,2.236573295278567,2.404924813559527,0.986050802712511,1.6803965688486042,3.90280872944422,1.317802376038905,1.378316407602172,1.8274347021965223,1.007326393911976
3.228957994755305,0.7663048764202245,3.059127548109382,1.4649974949675884,1.7724596294292403,1.6741802279268199,1.8658827494134105,1.8220752149582078,1.755771699591792,1.646662529059944,2.236573295278567,1.0699201826570324,3.076051077177556,1.6803965688486042,3.2803806161977636,0.5668194250408589,1.438038780670937,1.8274347021965223,1.2849636980634502
3.228957994755305,2.8160263785743216,3.646487445234709,2.149910275236448,4.9639717089590345,2.5570803853894657,3.199253606895646,1.8220752149582078,1.9873829226544424,2.16657905409441,2.236573295278567,2.404924813559527,0.986050802712511,1.6803965688486042,2.573974106719642,3.7376363292548316,2.5014288122564485,1.8274347021965223,3.2284248271237703
0.3021795041138886,1.872688905794586,3.9228921027054513,1.462032504576814,1.6970695803064892,1.607293852361468,1.6832292072925563,1.6759772015579721,1.620665152805246,1.646662529059944,2.236573295278567,3.739929444462023,3.076051077177556,3.888680898450896,3.789190899248438,2.1522278771478454,1.3683626787573777,1.8274347021965223,1.007326393911976
1.7655687494345969,3.942576325749215,3.1282287124770676,3.006792498170216,2.1996699077914963,2.155762131997354,2.1215977083826063,2.162970579558758,1.8715773111231173,1.126746004025478,2.236573295278567,1.0699201826570324,3.076051077177556,1.6803965688486042,2.993866087877966,1.1509172758171171,2.5644690949401454,3.1787524577361905,2.1178756105178733
1.7655687494345969,1.8449956177551454,0.8133397061596008,1.5154023316107512,1.671939563932239,1.5983756689527544,1.6466984988683855,1.6759772015579721,1.5048595412739207,1.646662529059944,2.236573295278567,3.739929444462023,0.986050802712511,2.7845387336497502,3.7743711822663797,3.3204235787003618,1.3799753624096378,1.8274347021965223,1.1461450459877132
1.7655687494345969,3.3443362527495553,3.6119368630508664,3.2439917294321585,3.9587710539890204,3.908185171809575,6.359159885586424,4.281391773862175,3.550758678327333,2.16657905409441,2.236573295278567,3.739929444462023,0.986050802712511,2.7845387336497502,1.1611610877634002,3.821078879365726,4.138817207225092,1.8274347021965223,3.783699435426719
3.228957994755305,2.756969047872763,3.4046333699478097,2.576868891507945,4.838321627087783,3.1144668484340654,1.6466984988683855,2.77171230205974,4.959726951958457,3.726328629197808,2.236573295278567,2.404924813559527,3.076051077177556,2.7845387336497502,3.883049106801475,1.735015126593375,3.1185600006336878,1.8274347021965223,3.783699435426719
1.7655687494345969,1.7062968513160008,2.7827228906386394,1.5954570721616568,1.671939563932239,1.651884769405036,1.6466984988683855,1.6759772015579721,1.5241604765291417,2.6864955791288763,2.236573295278567,3.739929444462023,3.076051077177556,3.888680898450896,1.0376634462462462,3.4873086789221497,1.4463335547082656,1.8274347021965223,1.4237823501391875
3.228957994755305,0.7726241502010365,2.3335653222486834,1.4472075526229427,1.8729796949262416,1.6741802279268199,1.9389441662617521,1.7733758771581294,1.5627623470395833,2.6864955791288763,2.236573295278567,2.404924813559527,0.986050802712511,1.6803965688486042,1.6798511821354472,0.6502619751517529,1.42144923259628,1.8274347021965223,1.5626010022149246
1.7655687494345969,2.4757613646266314,3.5773862808670236,3.1550420177089302,1.671939563932239,1.8792984463272324,1.6466984988683855,1.6759772015579721,1.736470764336571,4.246245154232274,2.236573295278567,2.404924813559527,3.076051077177556,2.7845387336497502,1.0821225971924218,1.9853427769260572,2.421798981498095,1.8274347021965223,3.2284248271237703
0.3021795041138886,0.3713502651194782,0.8824408705272864,1.4472075526229427,2.0991498422944947,1.6608029528137496,1.756290624140898,2.0655719039586007,2.296197886737976,3.206412104163342,2.236573295278567,2.404924813559527,3.076051077177556,2.7845387336497502,3.724972125659518,1.9853427769260572,1.497761153739702,3.449016008844124,1.5626010022149246
1.7655687494345969,1.6934259775124354,0.8478902883434436,1.636966937632497,1.8227196621777408,1.8971348131446597,1.6832292072925563,1.74902620825809,1.5434614117843624,2.6864955791288763,2.236573295278567,2.404924813559527,3.076051077177556,2.7845387336497502,1.9663657104552446,1.0674747257062231,1.580708894112987,1.8274347021965223,1.7014196542906617
1.7655687494345969,2.6450807297536807,1.5043513498364565,4.281738366203158,1.9734997604232432,2.454521276189259,1.9389441662617521,2.260369255158915,1.7171698290813504,3.206412104163342,2.236573295278567,2.404924813559527,3.076051077177556,2.7845387336497502,3.7842509935877517,3.4038661288112557,3.3508136736788856,3.1787524577361905,4.477792695805405
3.228957994755305,2.3412444705424362,2.54086881535174,1.7614965340450168,1.9232397276747424,2.066580297910218,2.194659125230948,1.6759772015579721,1.8715773111231173,2.16657905409441,2.236573295278567,2.404924813559527,3.076051077177556,2.7845387336497502,3.957147691711768,2.6528831778132096,1.7897371998536649,1.8274347021965223,2.1178756105178733
3.228957994755305,2.931167264080586,3.4391839521316525,2.298159794775162,1.671939563932239,2.1423848568842834,4.916196902831675,4.037895084861782,2.489207239290185,1.646662529059944,2.236573295278567,2.404924813559527,3.076051077177556,2.7845387336497502,1.4674352387259422,1.5681300263715872,2.5628101401326795,1.8274347021965223,3.2284248271237703
1.7655687494345969,2.4390538183998562,4.02654384925698,2.0194506980423794,1.9734997604232432,1.7276893283791015,1.7014945615046417,1.9681732283584434,1.620665152805246,1.646662529059944,2.236573295278567,2.404924813559527,3.076051077177556,2.7845387336497502,1.180920710406145,1.9853427769260572,1.7648528777416792,1.8274347021965223,2.1178756105178733
3.228957994755305,3.80002094369384,1.711654842939513,4.572307424499038,3.20487056276151,5.312799058681966,3.107926835835219,2.162970579558758,3.434953066796008,1.646662529059944,2.236573295278567,1.0699201826570324,3.076051077177556,1.6803965688486042,0.6474108990520395,0.900589625484435,4.905254328274243,6.421915071031394,3.506062131275245
1.7655687494345969,3.521601175351008,1.6771042607556703,4.216508577606124,2.7776602843992544,3.3552578004693325,1.6466984988683855,3.8187480647614294,2.6050128508215105,1.646662529059944,2.236573295278567,2.404924813559527,3.076051077177556,2.7845387336497502,2.094803257633085,3.1535384784785734,3.858453844763389,5.8813879688155275,3.644880783350982
3.228957994755305,1.8318459524612498,4.02654384925698,1.5598771874723654,1.7221995966807397,1.6385074942919655,1.6832292072925563,1.74902620825809,1.620665152805246,1.646662529059944,2.236573295278567,2.404924813559527,3.076051077177556,2.7845387336497502,2.7913299557898337,1.5681300263715872,1.4413566902858683,1.8274347021965223,1.2849636980634502
3.228957994755305,3.6553281602126018,3.819240356153923,2.443444323923102,2.9535703990190063,5.763167320822003,5.427626820770067,2.528215613059347,1.9873829226544424,1.646662529059944,2.236573295278567,1.0699201826570324,3.076051077177556,1.6803965688486042,3.5323158048927574,2.5694406277023156,3.976239636093453,3.1787524577361905,4.061336739578193
0.3021795041138886,0.7906526665757059,2.0571606647779412,1.4353475910598457,1.9232397276747424,1.6385074942919655,1.8658827494134105,1.8951242216583257,1.8715773111231173,2.16657905409441,2.236573295278567,2.404924813559527,0.986050802712511,1.6803965688486042,0.7412691066050765,0.399934324819071,1.43306191624854,1.8274347021965223,1.4237823501391875
3.228957994755305,1.555006002563621,2.9900263837416965,1.6517918895863684,1.9734997604232432,2.2181894158583493,2.4321087299880584,2.6256142886595044,5.094833498745002,4.246245154232274,2.236573295278567,2.404924813559527,3.076051077177556,2.7845387336497502,3.517496087910699,1.0674747257062231,2.1513893478811865,1.8274347021965223,2.2566942625936104
3.228957994755305,2.7182170307169016,3.335532205580124,2.9712126134809247,2.174539891417246,3.225944141042985,2.3590473131397167,3.648300382461154,2.257596016227535,2.16657905409441,2.236573295278567,2.404924813559527,0.986050802712511,1.6803965688486042,2.588793823701701,3.4038661288112557,3.096993588136634,1.8274347021965223,2.6731502188208216
3.228957994755305,0.946868831657248,2.229913575697155,1.4442425622321684,1.74732961305499,1.6295893108832518,1.756290624140898,1.7246765393580508,1.601364217550025,2.16657905409441,2.236573295278567,3.739929444462023,3.076051077177556,3.888680898450896,0.845007125479486,1.6515725764824811,1.378316407602172,1.8274347021965223,1.2849636980634502
3.228957994755305,1.9823004267426403,3.093678130293225,1.6873717742756598,1.7975896458034906,1.9060529965533732,1.7745559783529834,1.9681732283584434,2.045285728420105,3.726328629197808,2.236573295278567,3.739929444462023,3.076051077177556,3.888680898450896,2.0552840123475953,1.9019002268151632,1.6769282729459973,1.8274347021965223,1.840238306366399
1.7655687494345969,2.4949050469626206,0.8478902883434436,2.799243170816016,3.20487056276151,2.4099303591456915,1.8293520409892396,2.9665096532600543,3.550758678327333,3.206412104163342,2.236573295278567,2.404924813559527,3.076051077177556,2.7845387336497502,3.4582172199824655,1.735015126593375,2.7817921747181513,4.259806662167925,3.506062131275245
3.228957994755305,0.7414924337808599,3.4737345343154953,1.4353475910598457,1.7221995966807397,1.5939165772483976,1.7014945615046417,1.7003268704580115,1.5241604765291417,1.646662529059944,12.555767160837407,2.404924813559527,3.076051077177556,2.7845387336497502,3.2161618426088436,1.4846874762606932,1.345137311452858,1.8274347021965223,1.007326393911976
1.7655687494345969,4.217232408972594,3.093678130293225,4.332143202846321,2.7776602843992544,5.758708229117646,2.1763937710188626,2.284718924058954,1.910179181633559,1.646662529059944,2.236573295278567,1.0699201826570324,3.076051077177556,1.6803965688486042,2.682652031254738,1.1509172758171171,4.701202886955962,6.151651519923461,3.922518087502456
3.228957994755305,4.114172488047292,1.7462054251233559,3.516770845383393,4.913711676210534,5.393062709360388,3.8385410043186354,3.477852700160879,3.6279624193482163,1.646662529059944,2.236573295278567,1.0699201826570324,0.986050802712511,0.5762544040474584,1.5612934462789794,0.48337687492996495,4.629867830234938,6.151651519923461,3.0896061750480333
1.7655687494345969,3.7562971449604277,1.6080030963879848,3.982274336734956,2.4509700715339995,4.077630656575133,2.7791504600176813,3.9891957470617045,3.0103324911811487,1.126746004025478,2.236573295278567,1.0699201826570324,0.986050802712511,0.5762544040474584,1.0228437292641877,2.9032108281458915,4.1238866139579,3.1787524577361905,3.922518087502456
1.7655687494345969,1.7091312314676887,1.3315984389172426,1.9393959574914739,1.74732961305499,2.1022530315450725,1.9389441662617521,1.6759772015579721,1.8329754406126755,3.726328629197808,2.236573295278567,2.404924813559527,0.986050802712511,1.6803965688486042,1.338997691548102,1.234359825928011,1.8643901661896212,3.449016008844124,2.2566942625936104
1.7655687494345969,0.6934009016989455,0.9860926170788147,1.4442425622321684,1.8478496785519913,1.7276893283791015,1.9206788120496667,1.7733758771581294,1.620665152805246,2.6864955791288763,2.236573295278567,2.404924813559527,0.986050802712511,1.6803965688486042,0.9438052386932092,1.4846874762606932,1.4413566902858683,3.449016008844124,1.4237823501391875
3.228957994755305,1.8983841881533285,0.8824408705272864,2.004625746088508,1.7221995966807397,1.8391666209880213,1.6466984988683855,1.6759772015579721,1.4855586060186998,3.726328629197808,2.236573295278567,3.739929444462023,3.076051077177556,3.888680898450896,3.5915946728209915,3.4873086789221497,1.7449454200520909,3.449016008844124,2.1178756105178733
0.3021795041138886,1.0128959496170553,2.9554758015578533,1.4561025237952654,1.8478496785519913,1.6474256777006793,1.7014945615046417,1.7246765393580508,1.8715773111231173,1.646662529059944,2.236573295278567,2.404924813559527,0.986050802712511,1.6803965688486042,3.2458012765729602,2.6528831778132096,1.4164723681738831,1.8274347021965223,1.1461450459877132
1.7655687494345969,3.3989793848542234,2.2990147400648406,2.9267377576193105,3.481300742878264,2.7934122457203756,2.3042512505034605,2.3334182618590327,2.527809109800627,3.206412104163342,2.236573295278567,3.739929444462023,3.076051077177556,3.888680898450896,2.9494069369317906,2.9866533782567855,2.926121242967667,1.8274347021965223,3.783699435426719
3.228957994755305,3.223619537436692,2.7481723084547967,3.0097574885609903,1.9232397276747424,2.5570803853894657,5.263238632861299,5.912819590164808,5.2492409807867695,2.16657905409441,2.236573295278567,2.404924813559527,3.076051077177556,2.7845387336497502,3.0432651444848275,3.821078879365726,3.528321838077715,1.8274347021965223,4.20015539165393
1.7655687494345969,2.0992999221844375,1.8844077538587272,1.5717371490354626,1.671939563932239,1.651884769405036,1.6466984988683855,1.6759772015579721,1.601364217550025,2.16657905409441,2.236573295278567,3.739929444462023,3.076051077177556,3.888680898450896,1.0722427858710493,2.7363257279241036,1.4396977354784029,1.8274347021965223,1.2849636980634502
3.228957994755305,0.7880506126659597,3.3009816233962814,1.4472075526229427,1.6970695803064892,1.6206711274745382,2.06680164574635,1.7733758771581294,1.8522763758678964,1.646662529059944,2.236573295278567,1.0699201826570324,3.076051077177556,1.6803965688486042,3.295200333179822,3.1535384784785734,1.4264260970186773,1.8274347021965223,1.1461450459877132
3.228957994755305,1.6501668312629065,3.7501391917862374,1.482787437312234,1.7221995966807397,1.6340484025876088,1.6466984988683855,1.6759772015579721,1.9680819873992217,1.646662529059944,2.236573295278567,3.739929444462023,0.986050802712511,2.7845387336497502,2.7024116538974825,3.4873086789221497,1.4181313229813486,2.6382253555203232,1.1461450459877132
3.228957994755305,3.7496061491925095,1.8498571716748844,2.858542978631502,5.36605197094704,3.85913516306165,3.5462953369252688,4.281391773862175,3.550758678327333,1.646662529059944,2.236573295278567,1.0699201826570324,3.076051077177556,1.6803965688486042,1.1265817481385971,2.5694406277023156,3.74232700824079,3.1787524577361905,3.367243479199508
0.3021795041138886,3.42039986436124,1.9535089182264127,2.034275649996251,4.1095511522345225,2.02198938086665,2.0302709373221792,4.549238131762608,1.9873829226544424,1.646662529059944,2.236573295278567,2.404924813559527,0.986050802712511,1.6803965688486042,2.657952502951307,3.236981028589468,2.2608803651739224,1.8274347021965223,2.950787522972296
3.228957994755305,3.174226978399904,2.229913575697155,4.610852299579104,1.671939563932239,2.70423041163324,4.441297693317454,2.016872566158522,1.755771699591792,3.206412104163342,2.236573295278567,2.404924813559527,0.986050802712511,1.6803965688486042,3.0383252388241417,3.5707512290330436,3.821956838999143,1.8274347021965223,3.644880783350982
3.228957994755305,3.5971536692304213,1.7807560073071989,2.1558402560179966,2.0740198259202445,2.5838349356156063,2.0302709373221792,2.723012964259661,1.7943735701022336,2.16657905409441,2.236573295278567,3.739929444462023,0.986050802712511,2.7845387336497502,0.9141658047290921,2.485998077591421,2.2625393199813884,1.8274347021965223,2.950787522972296
3.228957994755305,3.517744559734777,3.059127548109382,3.089812229111896,2.1996699077914963,3.5603760188697446,2.1763937710188626,2.7473626331597005,2.045285728420105,1.646662529059944,2.236573295278567,1.0699201826570324,3.076051077177556,1.6803965688486042,1.6502117481713303,2.8197682780349975,3.1932129669696443,3.1787524577361905,3.644880783350982
3.228957994755305,2.4744603376717587,2.402666486616369,1.9423609478822481,1.9986297767974934,2.173598498814781,2.231189833655119,1.74902620825809,1.601364217550025,3.206412104163342,2.236573295278567,2.404924813559527,3.076051077177556,2.7845387336497502,0.7659686349085073,3.1535384784785734,1.9207946296434548,2.097698253304456,2.3955129146693475
1.7655687494345969,1.8898810476982655,1.262497274549557,1.4946473988753313,1.6970695803064892,1.6385074942919655,1.6466984988683855,1.7977255460581685,1.5434614117843624,1.646662529059944,2.236573295278567,2.404924813559527,3.076051077177556,2.7845387336497502,1.576113163261038,2.1522278771478454,1.3965649104842948,1.8274347021965223,1.1461450459877132
3.228957994755305,2.5105638356694855,3.991993267073137,1.8326563034235996,1.6970695803064892,1.6429665859963223,1.6466984988683855,1.74902620825809,2.103188534185768,2.16657905409441,2.236573295278567,2.404924813559527,3.076051077177556,2.7845387336497502,0.9141658047290921,2.7363257279241036,1.6321364931444236,2.908488906628257,1.7014196542906617
3.228957994755305,1.652397163185546,1.7462054251233559,2.244789967741225,1.671939563932239,1.9729393721187254,1.8293520409892396,2.236019586258876,2.7594203328632774,3.726328629197808,2.236573295278567,2.404924813559527,3.076051077177556,2.7845387336497502,2.746870804843658,1.1509172758171171,2.090008020004956,1.8274347021965223,2.5343315667450845
1.7655687494345969,2.037315280834415,0.9515420348949719,1.5954570721616568,2.1494098750429953,1.718771144970388,1.6832292072925563,2.016872566158522,1.9680819873992217,1.646662529059944,2.236573295278567,1.0699201826570324,0.986050802712511,0.5762544040474584,0.7462090122657628,4.32173418003109,1.5674372556532614,3.449016008844124,1.5626010022149246
3.228957994755305,3.18709785220347,0.8478902883434436,2.327809698682905,2.249929940539997,4.938235355515995,3.1444575442593896,2.3090685929589934,5.172037239765886,1.646662529059944,2.236573295278567,1.0699201826570324,3.076051077177556,1.6803965688486042,3.201342125626785,4.154849079809302,3.609610623643534,3.449016008844124,3.922518087502456
1.7655687494345969,2.618595538172337,3.4046333699478097,3.52863080694649,1.8478496785519913,1.8659211712141621,1.6466984988683855,1.6759772015579721,1.775072634847013,2.16657905409441,2.236573295278567,2.404924813559527,0.986050802712511,1.6803965688486042,3.1815825029840403,2.3191129773696333,2.6407810160835674,1.8274347021965223,3.506062131275245
3.228957994755305,3.7202401122110893,3.197329876844753,2.390074496889165,4.989101725333285,4.679608036663301,2.1398630625946917,4.549238131762608,3.1840409084781367,1.646662529059944,2.236573295278567,1.0699201826570324,3.076051077177556,1.6803965688486042,3.6064143898030503,3.7376363292548316,3.6195643524883283,1.8274347021965223,3.644880783350982
0.3021795041138886,1.2387170567843055,2.3335653222486834,1.4323826006690714,1.7975896458034906,1.6028347606571112,1.7745559783529834,1.7733758771581294,1.6399660880604667,1.646662529059944,2.236573295278567,1.0699201826570324,3.076051077177556,1.6803965688486042,3.482916748285896,4.154849079809302,1.373339543179775,1.8274347021965223,1.007326393911976
1.7655687494345969,3.0251199963217754,1.3661490211010854,3.267711652558353,2.325319989662748,2.458980367893616,2.2677205420792896,2.08992157285864,4.206990477004842,1.646662529059944,2.236573295278567,1.0699201826570324,3.076051077177556,1.6803965688486042,1.9416661821518137,4.238291629920196,3.0405891246828003,1.8274347021965223,3.783699435426719
3.228957994755305,3.167582447880374,3.9228921027054513,2.3544946121998738,2.1996699077914963,2.508030376641541,3.509764628501098,3.9161467403615866,4.361397959046609,2.6864955791288763,2.236573295278567,2.404924813559527,0.986050802712511,1.6803965688486042,2.5443346727555256,2.3191129773696333,2.79008694875548,1.8274347021965223,3.367243479199508
1.7655687494345969,3.6535624807738456,2.575419397535583,5.856148263704303,3.8331209721177686,3.6138851193220263,3.692418170621952,2.723012964259661,2.3154988219931973,2.16657905409441,2.236573295278567,1.0699201826570324,3.076051077177556,1.6803965688486042,2.9741064652352214,3.987963979587514,5.028016984026705,4.5300702132758595,2.3955129146693475
1.7655687494345969,2.8628168837013632,2.2990147400648406,4.15127878900909,2.1996699077914963,2.115630306658143,1.884148103625496,1.9194738905583648,1.890878246378338,2.6864955791288763,2.236573295278567,2.404924813559527,3.076051077177556,2.7845387336497502,3.655813446409912,2.9866533782567855,3.1533980515904676,4.5300702132758595,2.811968870896559
3.228957994755305,2.0100401800304692,1.5389019320202992,1.719986668574177,1.671939563932239,2.062121206205861,2.541700855260571,1.9194738905583648,3.531457743072112,3.726328629197808,2.236573295278567,2.404924813559527,3.076051077177556,2.7845387336497502,3.8237702388732413,1.9019002268151632,1.9390431325255775,1.8274347021965223,2.1178756105178733
0.3021795041138886,1.3999514686917867,0.7442385417919153,1.43831258145062,1.7724596294292403,1.6206711274745382,1.9206788120496667,1.8707745527582864,1.6978688938261293,1.646662529059944,2.236573295278567,2.404924813559527,0.986050802712511,1.6803965688486042,1.1908005217275173,1.4012449261497992,1.406518639329089,1.8274347021965223,1.1461450459877132
1.7655687494345969,2.3157815144256353,1.9880595004102555,2.556113958772525,1.671939563932239,1.7990347956488102,1.756290624140898,1.6759772015579721,2.1417904046962093,3.206412104163342,2.236573295278567,2.404924813559527,0.986050802712511,1.6803965688486042,3.067964672788259,3.987963979587514,2.1016207036572156,4.5300702132758595,2.6731502188208216
3.228957994755305,1.3308576443383502,1.7807560073071989,1.4738924661399113,1.671939563932239,1.6429665859963223,1.7745559783529834,1.74902620825809,1.620665152805246,2.6864955791288763,2.236573295278567,3.739929444462023,0.986050802712511,2.7845387336497502,3.3100200501618806,2.1522278771478454,1.3998828200992262,1.8274347021965223,1.2849636980634502
0.3021795041138886,0.6637096079788072,2.091711246961784,1.43831258145062,1.898109711300492,1.607293852361468,1.7745559783529834,1.8707745527582864,1.620665152805246,3.206412104163342,2.236573295278567,3.739929444462023,0.986050802712511,2.7845387336497502,2.904947785985615,1.4846874762606932,1.389929091254432,1.8274347021965223,1.4237823501391875
3.228957994755305,1.830266134016047,3.4046333699478097,1.5005773796568798,1.7221995966807397,1.692016594744247,1.6466984988683855,1.8707745527582864,1.9487810521440008,2.6864955791288763,2.236573295278567,3.739929444462023,3.076051077177556,3.888680898450896,1.7490098613850535,2.4025555274805273,1.4612641479754567,1.8274347021965223,1.4237823501391875
1.7655687494345969,1.7672127919530927,0.9515420348949719,1.6666168415402396,1.6970695803064892,1.8570029878054486,1.7197599157167271,1.8220752149582078,1.7943735701022336,2.16657905409441,2.236573295278567,2.404924813559527,0.986050802712511,1.6803965688486042,2.2133609934895526,2.1522278771478454,1.6039342614175067,3.449016008844124,1.7014196542906617
1.7655687494345969,1.7189818641260133,2.4372170688002117,1.5213323123922997,1.671939563932239,1.6162120357701815,1.6832292072925563,1.7003268704580115,1.5820632822948042,2.16657905409441,2.236573295278567,3.739929444462023,3.076051077177556,3.888680898450896,0.8351273141581137,3.4873086789221497,1.4015417749066916,1.8274347021965223,1.2849636980634502
3.228957994755305,3.543021654858025,3.335532205580124,1.8385862842051481,4.687541528842281,2.4991121932328273,1.9389441662617521,4.744035482962922,2.643614721331952,2.6864955791288763,2.236573295278567,2.404924813559527,3.076051077177556,2.7845387336497502,2.559154389737584,2.0687853270369514,2.428434800727958,1.8274347021965223,3.0896061750480333
0.3021795041138886,2.842511570155666,2.9900263837416965,1.9216060151468282,3.5566907920010147,2.017530289162293,3.82027565010655,4.281391773862175,2.624313786076731,2.6864955791288763,2.236573295278567,2.404924813559527,3.076051077177556,2.7845387336497502,2.0305844840441645,2.7363257279241036,2.3587586988143987,1.8274347021965223,2.950787522972296
0.3021795041138886,0.5484293267273774,2.1953629935133123,1.4649974949675884,1.74732961305499,1.625130219178895,1.7928213325650688,1.6759772015579721,1.8136745053574548,2.16657905409441,2.236573295278567,2.404924813559527,0.986050802712511,1.6803965688486042,2.9395271256104185,1.4846874762606932,1.406518639329089,1.8274347021965223,1.2849636980634502
3.228957994755305,2.6834145596740475,2.264464157880998,1.9571858998361196,1.74732961305499,1.9684802804143684,2.94353864792645,3.283055348960565,2.6050128508215105,2.16657905409441,2.236573295278567,2.404924813559527,3.076051077177556,2.7845387336497502,1.8181685406346597,1.8184576767042693,2.0916669748124215,1.8274347021965223,2.5343315667450845
3.228957994755305,3.2705494383088984,1.8153065894910416,3.5256658165557155,2.174539891417246,2.351962166989053,2.8339465226539375,3.1369573355603295,2.4506053687797436,1.646662529059944,2.236573295278567,2.404924813559527,3.076051077177556,2.7845387336497502,2.134322502918574,1.6515725764824811,3.106947316981428,1.8274347021965223,4.061336739578193
0.3021795041138886,0.9397596486538347,3.4391839521316525,1.4442425622321684,1.6970695803064892,1.6206711274745382,1.9572095204738376,2.016872566158522,1.6978688938261293,2.16657905409441,2.236573295278567,2.404924813559527,3.076051077177556,2.7845387336497502,2.0454042010262232,0.900589625484435,1.4181313229813486,1.8274347021965223,1.4237823501391875
3.228957994755305,3.038873709844719,3.1282287124770676,2.808138141988339,3.4561707265040136,2.70423041163324,3.345376440592329,2.528215613059347,2.6822165918423937,2.6864955791288763,2.236573295278567,2.404924813559527,3.076051077177556,2.7845387336497502,2.86048863503944,3.4038661288112557,2.9460287006572554,1.8274347021965223,3.783699435426719
1.7655687494345969,1.6296291914752676,1.435250185468771,1.4768574565306856,1.6970695803064892,1.5983756689527544,1.6466984988683855,1.6759772015579721,1.5048595412739207,1.646662529059944,2.236573295278567,2.404924813559527,0.986050802712511,1.6803965688486042,0.6523508047127256,1.4012449261497992,1.3600679047200492,1.8274347021965223,1.1461450459877132
3.228957994755305,3.258282612734381,1.6425536785718275,2.4908841701754905,4.385981332351276,3.4310623594433975,4.222113442772429,4.037895084861782,2.103188534185768,1.646662529059944,2.236573295278567,1.0699201826570324,3.076051077177556,1.6803965688486042,2.6480726916299346,1.234359825928011,3.233027882348821,1.8274347021965223,2.811968870896559
0.3021795041138886,1.2322119220099403,3.4046333699478097,1.4323826006690714,1.898109711300492,1.6206711274745382,1.6832292072925563,2.016872566158522,1.6785679585709086,1.646662529059944,2.236573295278567,1.0699201826570324,3.076051077177556,1.6803965688486042,0.6572907103734118,2.9866533782567855,1.3982238652917602,1.8274347021965223,1.2849636980634502
1.7655687494345969,2.1410257152371517,1.6771042607556703,1.794111428343534,1.6970695803064892,1.7053938698573174,1.6832292072925563,1.6759772015579721,2.8752259443946024,2.16657905409441,2.236573295278567,2.404924813559527,3.076051077177556,2.7845387336497502,1.8329882576167182,1.8184576767042693,1.6984946854430514,2.6382253555203232,1.7014196542906617
1.7655687494345969,1.104897141425935,1.1588455279980288,1.5480172259092684,1.74732961305499,1.7232302366747447,1.8293520409892396,1.846424883858247,1.6978688938261293,2.6864955791288763,2.236573295278567,2.404924813559527,0.986050802712511,1.6803965688486042,3.7941308049091242,1.9019002268151632,1.4944432441247706,3.449016008844124,1.4237823501391875
1.7655687494345969,2.289900371073339,3.6119368630508664,1.731846630137274,1.898109711300492,1.8703802629185189,1.6832292072925563,1.8951242216583257,1.9487810521440008,1.646662529059944,2.236573295278567,1.0699201826570324,3.076051077177556,1.6803965688486042,2.746870804843658,4.238291629920196,1.673610363331066,1.8274347021965223,1.840238306366399
3.228957994755305,3.199875795510259,2.9900263837416965,2.4582692758769733,2.7776602843992544,3.9706124556705698,1.9572095204738376,1.6759772015579721,1.9873829226544424,1.646662529059944,2.236573295278567,1.0699201826570324,0.986050802712511,0.5762544040474584,3.7101524086774598,0.984032175595329,2.93275706219753,1.8274347021965223,3.367243479199508
1.7655687494345969,3.889187755351032,2.5063182331678973,2.544253997209428,3.0038304317675073,3.649557852956881,4.715278006498735,2.9665096532600543,2.508508174545406,1.646662529059944,2.236573295278567,1.0699201826570324,3.076051077177556,1.6803965688486042,2.494935616148664,3.7376363292548316,3.259571159268272,1.8274347021965223,2.811968870896559
3.228957994755305,1.9020084775276178,2.1608124113294696,1.4916824084845568,1.671939563932239,1.6028347606571112,1.6466984988683855,1.6759772015579721,1.4855586060186998,1.646662529059944,2.236573295278567,2.404924813559527,3.076051077177556,2.7845387336497502,1.09694231417448,2.485998077591421,1.366703723949912,1.8274347021965223,1.1461450459877132
3.228957994755305,1.8983841881533285,0.8824408705272864,2.004625746088508,1.7221995966807397,1.8391666209880213,1.6466984988683855,1.6759772015579721,1.4855586060186998,3.726328629197808,2.236573295278567,3.739929444462023,3.076051077177556,3.888680898450896,3.5915946728209915,3.4873086789221497,1.7449454200520909,3.449016008844124,2.1178756105178733
3.228957994755305,1.3024209123246966,3.646487445234709,1.6191769952878512,1.7724596294292403,1.892675721440303,1.7745559783529834,1.7977255460581685,1.8136745053574548,3.206412104163342,2.236573295278567,2.404924813559527,0.986050802712511,1.6803965688486042,3.8929289181228475,0.984032175595329,1.6006163518025753,1.8274347021965223,1.7014196542906617
1.7655687494345969,1.2658527618430861,2.679071144087111,2.0402056307777996,1.671939563932239,1.7945757039444534,1.7014945615046417,1.7246765393580508,1.7171698290813504,2.16657905409441,2.236573295278567,1.0699201826570324,3.076051077177556,1.6803965688486042,3.67063316339197,1.6515725764824811,1.773147651779008,1.8274347021965223,2.1178756105178733
1.7655687494345969,1.7519721904817225,1.1933961101818715,1.6399319280232711,1.671939563932239,1.669721136222463,1.6466984988683855,1.6759772015579721,1.736470764336571,1.646662529059944,2.236573295278567,2.404924813559527,3.076051077177556,2.7845387336497502,2.20348118216818,1.9853427769260572,1.4961021989322365,1.8274347021965223,1.4237823501391875
0.3021795041138886,2.9570484074328824,0.6751373774242297,1.6399319280232711,2.2247999241657466,2.088875756432002,4.167317380136173,3.8430977336614687,2.045285728420105,1.646662529059944,2.236573295278567,1.0699201826570324,3.076051077177556,1.6803965688486042,2.228180710471611,1.0674747257062231,2.0916669748124215,1.8274347021965223,3.0896061750480333
0.3021795041138886,0.8579343462419977,2.851824055006325,1.429417610278297,1.7724596294292403,1.6206711274745382,1.847617395201325,1.9194738905583648,1.775072634847013,2.16657905409441,2.236573295278567,2.404924813559527,0.986050802712511,1.6803965688486042,3.3495392954473697,1.4846874762606932,1.404859684521623,1.8274347021965223,1.2849636980634502
1.7655687494345969,1.893133615085448,3.1282287124770676,1.7051617166203052,1.6970695803064892,1.6830984113355334,1.6466984988683855,1.7733758771581294,1.9680819873992217,2.6864955791288763,2.236573295278567,3.739929444462023,0.986050802712511,2.7845387336497502,1.2401995783343789,1.735015126593375,1.5657783008457957,1.8274347021965223,1.5626010022149246
3.228957994755305,2.92080551368999,4.02654384925698,4.157208769790638,5.139881823578786,2.3385848918759824,2.3042512505034605,2.796061970959779,2.064586663675326,1.646662529059944,2.236573295278567,1.0699201826570324,3.076051077177556,1.6803965688486042,3.665693257731284,2.4025555274805273,3.5465703409598377,1.8274347021965223,3.783699435426719
3.228957994755305,3.229427693485232,3.78468977397008,3.3655563354539044,2.0991498422944947,2.3475030752846964,2.2677205420792896,2.3090685929589934,1.8136745053574548,2.16657905409441,2.236573295278567,2.404924813559527,3.076051077177556,2.7845387336497502,1.6403319368499578,3.1535384784785734,2.848150367016779,1.8274347021965223,3.783699435426719
3.228957994755305,1.5273127145241803,0.9169914527111291,2.0194506980423794,2.5012301042825005,1.8570029878054486,1.7928213325650688,1.74902620825809,1.775072634847013,3.726328629197808,2.236573295278567,3.739929444462023,3.076051077177556,3.888680898450896,3.2754407105370773,2.1522278771478454,1.854436437344827,3.449016008844124,2.2566942625936104
3.228957994755305,2.099021130694108,1.3315984389172426,1.8830611400667625,1.7724596294292403,1.8391666209880213,1.6466984988683855,1.8951242216583257,2.0838875989305468,3.206412104163342,2.236573295278567,3.739929444462023,0.986050802712511,2.7845387336497502,3.5668951445175607,2.485998077591421,1.7466043748595568,1.8274347021965223,1.979056958442136
3.228957994755305,2.2007800246645353,0.8478902883434436,2.544253997209428,1.671939563932239,1.7589029703095989,1.847617395201325,1.8707745527582864,2.81732313862894,3.726328629197808,2.236573295278567,2.404924813559527,3.076051077177556,2.7845387336497502,3.7793110879270655,1.9853427769260572,2.159684121918515,1.8274347021965223,2.6731502188208216
3.228957994755305,1.5958489558969569,2.5063182331678973,1.565807168253914,1.671939563932239,1.7232302366747447,1.8658827494134105,1.7003268704580115,2.064586663675326,1.646662529059944,2.236573295278567,2.404924813559527,3.076051077177556,2.7845387336497502,1.5859929745824102,1.1509172758171171,1.524304430659153,1.8274347021965223,1.4237823501391875
0.3021795041138886,2.7465143669853904,3.1282287124770676,3.2084118447428676,2.1996699077914963,2.160221223701711,5.719872488163434,5.328427536563865,3.956078318686971,7.885660829473537,2.236573295278567,3.739929444462023,3.076051077177556,3.888680898450896,3.8978688237835337,1.4846874762606932,3.4005823179028565,1.8274347021965223,2.811968870896559
3.228957994755305,3.5112858902088,2.229913575697155,2.6895385263573677,4.561891446971028,2.8915122632162253,2.06680164574635,2.528215613059347,3.0103324911811487,1.646662529059944,2.236573295278567,2.404924813559527,3.076051077177556,2.7845387336497502,1.768769484027798,1.4846874762606932,2.9344160170049953,1.8274347021965223,3.783699435426719
3.228957994755305,1.5006416619492828,1.0206431992626577,1.482787437312234,1.8227196621777408,1.6563438611093928,1.8658827494134105,1.8707745527582864,1.8136745053574548,2.6864955791288763,2.236573295278567,3.739929444462023,3.076051077177556,3.888680898450896,2.2084210878288664,3.9045214294766195,1.4529693739381284,1.8274347021965223,1.4237823501391875
1.7655687494345969,2.1926021409481904,1.3661490211010854,1.5835971105985598,1.671939563932239,1.6295893108832518,1.6466984988683855,1.6759772015579721,1.5048595412739207,2.16657905409441,2.236573295278567,3.739929444462023,0.986050802712511,2.7845387336497502,0.973444672657326,2.8197682780349975,1.4297440066336087,1.8274347021965223,1.2849636980634502
0.3021795041138886,3.735434248434071,3.7155886096023947,3.6057205571066215,2.2247999241657466,3.1501395820689195,4.404766984893284,2.284718924058954,3.415652131540787,1.646662529059944,2.236573295278567,1.0699201826570324,3.076051077177556,1.6803965688486042,2.1590220312220048,2.9032108281458915,3.6195643524883283,3.1787524577361905,4.061336739578193
3.228957994755305,1.6712155887828168,3.4737345343154953,1.5302272835646227,1.8227196621777408,1.6830984113355334,1.847617395201325,1.7733758771581294,1.6399660880604667,1.646662529059944,2.236573295278567,2.404924813559527,0.986050802712511,1.6803965688486042,1.2895986349412405,1.735015126593375,1.466241012397854,1.8274347021965223,1.4237823501391875
3.228957994755305,1.5028719938719224,3.0245769659255393,1.8296913130328254,1.6970695803064892,1.7722802454226694,1.8293520409892396,1.7003268704580115,2.778721268118498,3.726328629197808,2.236573295278567,3.739929444462023,3.076051077177556,3.888680898450896,2.3220389180246483,3.7376363292548316,1.7499222844744882,2.6382253555203232,1.840238306366399
1.7655687494345969,1.2448040043231758,2.54086881535174,1.462032504576814,1.671939563932239,1.6340484025876088,1.6466984988683855,1.7246765393580508,1.8715773111231173,1.646662529059944,2.236573295278567,3.739929444462023,3.076051077177556,3.888680898450896,2.465296182184547,3.0700959283676794,1.3982238652917602,1.8274347021965223,1.1461450459877132
3.228957994755305,2.8253194282519862,1.0897443636303432,1.9127110439745052,2.8781803498962555,1.9907757389361525,1.6466984988683855,2.77171230205974,2.489207239290185,1.646662529059944,2.236573295278567,2.404924813559527,0.986050802712511,1.6803965688486042,1.916966653848383,3.4873086789221497,1.9871528219420826,1.8274347021965223,2.3955129146693475
1.7655687494345969,1.605049075077845,3.4046333699478097,1.5154023316107512,1.74732961305499,1.7232302366747447,1.7014945615046417,1.7246765393580508,1.6592670233156877,2.16657905409441,2.236573295278567,2.404924813559527,0.986050802712511,1.6803965688486042,0.9536850500145815,1.6515725764824811,1.4529693739381284,1.8274347021965223,1.4237823501391875
3.228957994755305,2.865697729101439,3.991993267073137,3.6057205571066215,2.325319989662748,1.9015939048490165,1.847617395201325,2.7473626331597005,1.8136745053574548,2.16657905409441,2.236573295278567,3.739929444462023,3.076051077177556,3.888680898450896,0.7017498613195872,2.7363257279241036,2.823266044904794,2.097698253304456,2.3955129146693475
0.3021795041138886,3.440472851664996,1.573452514204142,2.4375143431415536,2.1996699077914963,2.1869757739278515,6.359159885586424,2.016872566158522,2.5664109803110686,1.646662529059944,2.236573295278567,2.404924813559527,3.076051077177556,2.7845387336497502,0.8746465594436028,1.317802376038905,2.6922086151150038,1.8274347021965223,3.367243479199508
3.228957994755305,3.5632340379069456,4.061094431440822,2.7725582572990475,2.626880186153752,2.833544071059587,5.080585090740444,2.601264619759465,5.017629757724119,2.16657905409441,2.236573295278567,2.404924813559527,3.076051077177556,2.7845387336497502,0.5980118424451779,1.735015126593375,3.282796526572792,1.8274347021965223,3.922518087502456
3.228957994755305,3.4371273537810367,3.646487445234709,4.610852299579104,1.671939563932239,4.394226167584465,4.29517485962077,2.576914950859426,2.199693210461872,1.646662529059944,2.236573295278567,2.404924813559527,3.076051077177556,2.7845387336497502,3.665693257731284,1.9019002268151632,4.513740993712339,3.1787524577361905,4.477792695805405
1.7655687494345969,2.6789538958287684,3.5773862808670236,1.8296913130328254,1.671939563932239,1.6340484025876088,1.6466984988683855,1.7733758771581294,2.180392275206651,2.16657905409441,2.236573295278567,3.739929444462023,3.076051077177556,3.888680898450896,2.6974717482367963,3.821078879365726,1.6337954479518892,1.8274347021965223,1.7014196542906617
3.228957994755305,1.6420818780433384,1.6771042607556703,2.1143303905471567,1.8478496785519913,2.2003530490409218,1.7197599157167271,2.0412222350585614,2.2382950809723137,5.805994729335672,2.236573295278567,3.739929444462023,0.986050802712511,2.7845387336497502,2.890128069003557,2.5694406277023156,2.045216240203382,3.449016008844124,2.5343315667450845
3.228957994755305,1.996100605513972,3.4737345343154953,1.482787437312234,1.671939563932239,1.6117529440658247,1.6466984988683855,1.6759772015579721,1.6978688938261293,2.16657905409441,2.236573295278567,3.739929444462023,3.076051077177556,3.888680898450896,1.427915993440453,3.821078879365726,1.3832932720245692,2.6382253555203232,1.1461450459877132
3.228957994755305,2.427669832544717,1.3661490211010854,3.267711652558353,2.0740198259202445,2.325207616762912,1.6466984988683855,2.260369255158915,3.068235296946811,3.726328629197808,2.236573295278567,2.404924813559527,3.076051077177556,2.7845387336497502,2.494935616148664,3.236981028589468,2.831560818942122,1.8274347021965223,3.644880783350982
1.7655687494345969,0.25156285477438134,3.819240356153923,1.6695818319310138,1.7724596294292403,1.736607511787815,1.7380252699288126,1.7246765393580508,7.102130765287972,1.126746004025478,2.236573295278567,3.739929444462023,0.986050802712511,2.7845387336497502,1.5958727859037825,2.5694406277023156,2.0170140084764654,1.8274347021965223,4.061336739578193
3.228957994755305,0.7885617303982313,3.9228921027054513,1.4649974949675884,1.7724596294292403,1.5983756689527544,1.8293520409892396,1.8220752149582078,1.6785679585709086,3.206412104163342,2.236573295278567,3.739929444462023,0.986050802712511,2.7845387336497502,2.5146952387914085,2.7363257279241036,1.3998828200992262,1.8274347021965223,1.4237823501391875
3.228957994755305,4.118633151892571,0.7096879596080725,2.295194804384388,2.9535703990190063,5.963826447518058,5.738137842375519,2.236019586258876,1.8136745053574548,1.646662529059944,2.236573295278567,1.0699201826570324,3.076051077177556,1.6803965688486042,0.8944061820863476,3.4038661288112557,3.9613090428262616,3.449016008844124,2.811968870896559
1.7655687494345969,2.8543137432463,3.197329876844753,4.290633337375481,2.5263601206567508,4.202485224297123,3.2723150237439875,3.7700487269613507,2.199693210461872,1.646662529059944,2.236573295278567,1.0699201826570324,0.986050802712511,0.5762544040474584,3.5570153331961887,1.9019002268151632,4.308030597586592,2.6382253555203232,2.811968870896559
3.228957994755305,1.6740499689345048,2.3335653222486834,1.5094723508292027,1.7221995966807397,1.6340484025876088,1.6466984988683855,1.6759772015579721,1.5048595412739207,2.16657905409441,2.236573295278567,3.739929444462023,3.076051077177556,3.888680898450896,3.7150923143381456,2.5694406277023156,1.3932470008693634,1.8274347021965223,1.1461450459877132
1.7655687494345969,2.0921907391810244,3.093678130293225,3.7332151439099155,2.425840055159749,2.3162894333541986,1.6466984988683855,2.9178103154599757,3.8402727071556457,4.246245154232274,2.236573295278567,2.404924813559527,0.986050802712511,1.6803965688486042,3.502676370928641,2.8197682780349975,3.223074153504027,1.8274347021965223,2.6731502188208216
1.7655687494345969,3.6244752352827554,3.1282287124770676,3.1253921138011873,1.8729796949262416,2.6239667609548176,2.06680164574635,3.1856566733604077,1.8136745053574548,1.646662529059944,2.236573295278567,1.0699201826570324,3.076051077177556,1.6803965688486042,0.5930719367844917,2.3191129773696333,2.8431735025943823,2.097698253304456,2.3955129146693475
3.228957994755305,2.8565440751689395,2.9900263837416965,2.7280834014374333,5.918912331180548,4.10884429850563,3.3088457321681584,5.791071245664612,2.8366240738841606,1.646662529059944,2.236573295278567,1.0699201826570324,3.076051077177556,1.6803965688486042,3.1815825029840403,0.399934324819071,3.8186389293842122,2.097698253304456,2.1178756105178733
3.228957994755305,3.2684120368830354,0.7787891239757581,3.003827507779442,3.405910693755513,2.92718499685108,4.386501630681198,5.036231509763393,4.38069889430183,2.6864955791288763,2.236573295278567,2.404924813559527,0.986050802712511,1.6803965688486042,3.0580848614668863,3.5707512290330436,3.5465703409598377,1.8274347021965223,2.950787522972296
1.7655687494345969,0.9344161450891775,3.4046333699478097,1.4798224469214598,1.671939563932239,1.6295893108832518,1.6466984988683855,1.6759772015579721,1.5048595412739207,1.646662529059944,2.236573295278567,2.404924813559527,3.076051077177556,2.7845387336497502,2.282519672739159,1.1509172758171171,1.371680588372309,1.8274347021965223,1.1461450459877132
0.3021795041138886,2.641642301372945,1.1588455279980288,2.621343747369559,2.551490137031001,2.062121206205861,3.4914992742890125,3.550901706860997,2.296197886737976,2.16657905409441,2.236573295278567,2.404924813559527,3.076051077177556,2.7845387336497502,1.9416661821518137,1.234359825928011,2.592671326667062,2.908488906628257,3.367243479199508
3.228957994755305,3.2782162042929714,3.059127548109382,2.920807776837762,2.3504500060369984,3.4578169096695386,3.290580377956073,5.060581178663433,4.438601700067492,1.646662529059944,2.236573295278567,1.0699201826570324,0.986050802712511,0.5762544040474584,2.2923994840605313,3.821078879365726,3.5349576573075776,3.449016008844124,3.506062131275245
3.228957994755305,2.2608595908306373,3.78468977397008,2.5234990644740076,1.898109711300492,1.9773984638230822,1.8658827494134105,2.016872566158522,2.1417904046962093,2.6864955791288763,2.236573295278567,3.739929444462023,3.076051077177556,3.888680898450896,2.079983540651026,3.4038661288112557,2.197840082490226,1.8274347021965223,2.811968870896559
1.7655687494345969,1.4335923085249327,0.9860926170788147,1.4442425622321684,1.671939563932239,1.6028347606571112,1.6466984988683855,1.6759772015579721,1.5048595412739207,1.646662529059944,2.236573295278567,3.739929444462023,3.076051077177556,3.888680898450896,0.6572907103734118,2.9866533782567855,1.3418194018379266,1.8274347021965223,1.007326393911976
3.228957994755305,2.826852781448801,4.061094431440822,2.502744131738588,2.0991498422944947,3.364175983878046,3.107926835835219,2.528215613059347,2.662915656587173,2.6864955791288763,2.236573295278567,2.404924813559527,3.076051077177556,2.7845387336497502,0.9981442009607568,2.9032108281458915,2.907872740085544,2.097698253304456,2.3955129146693475
1.7655687494345969,1.9935914821010026,1.5043513498364565,1.5954570721616568,1.671939563932239,1.6295893108832518,1.6466984988683855,1.6759772015579721,1.5434614117843624,2.16657905409441,2.236573295278567,3.739929444462023,0.986050802712511,2.7845387336497502,1.8774474085628936,2.1522278771478454,1.4396977354784029,1.8274347021965223,1.2849636980634502
1.7655687494345969,1.4676513355935734,1.8153065894910416,1.6636518511494653,1.6970695803064892,1.7276893283791015,1.7197599157167271,1.7733758771581294,1.7171698290813504,2.6864955791288763,2.236573295278567,3.739929444462023,0.986050802712511,2.7845387336497502,1.9120267481876967,2.1522278771478454,1.5442118883487417,1.8274347021965223,1.5626010022149246
3.228957994755305,2.891857663944065,2.6099699797194256,2.576868891507945,3.782860939369268,2.2181894158583493,2.980069356350621,2.528215613059347,4.612310117364481,2.6864955791288763,2.236573295278567,2.404924813559527,3.076051077177556,2.7845387336497502,2.188661465186122,2.4025555274805273,2.79008694875548,1.8274347021965223,3.367243479199508
0.3021795041138886,2.359644708904212,3.542835698683181,2.517569083692459,2.0991498422944947,2.6640985862940285,3.5462953369252688,6.253714954765359,5.963375585229942,2.16657905409441,2.236573295278567,1.0699201826570324,3.076051077177556,1.6803965688486042,3.863289484158731,1.5681300263715872,3.233027882348821,1.8274347021965223,3.783699435426719
3.228957994755305,1.0948606477740572,2.402666486616369,1.4738924661399113,1.671939563932239,1.6385074942919655,1.6466984988683855,1.7246765393580508,1.6592670233156877,1.646662529059944,2.236573295278567,2.404924813559527,3.076051077177556,2.7845387336497502,2.0058849557407337,2.3191129773696333,1.388270136446966,1.8274347021965223,1.1461450459877132
1.7655687494345969,2.4338961758287523,3.991993267073137,2.221070044615031,1.8227196621777408,1.8302484375793078,1.7928213325650688,1.74902620825809,2.4506053687797436,2.16657905409441,2.236573295278567,2.404924813559527,0.986050802712511,1.6803965688486042,2.109622974615143,2.6528831778132096,1.9705632738674257,1.8274347021965223,2.3955129146693475
3.228957994755305,3.5622118024424023,1.0897443636303432,2.3129847467290334,2.3504500060369984,4.697444403480728,5.592015008678835,2.260369255158915,4.689513858385364,1.646662529059944,2.236573295278567,1.0699201826570324,3.076051077177556,1.6803965688486042,3.0531449558062,0.900589625484435,3.6958762736317503,3.449016008844124,2.6731502188208216
1.7655687494345969,3.67117280991302,3.819240356153923,3.4278211336601645,3.983901070363271,4.871348979950643,2.3590473131397167,1.6759772015579721,3.26124464949902,1.646662529059944,2.236573295278567,1.0699201826570324,3.076051077177556,1.6803965688486042,2.573974106719642,3.236981028589468,4.035962009162218,1.8274347021965223,3.783699435426719
1.7655687494345969,0.9729358360030973,1.6771042607556703,1.4768574565306856,2.023759793171744,1.7499847869008853,2.322516604715546,2.2116699173588366,2.4120034982693017,2.6864955791288763,2.236573295278567,2.404924813559527,3.076051077177556,2.7845387336497502,2.5789140123803285,1.8184576767042693,1.613887990262301,3.449016008844124,1.5626010022149246
3.228957994755305,1.2780731221692152,1.6771042607556703,1.5391222547369456,1.7724596294292403,1.696475686448604,1.9389441662617521,1.8951242216583257,1.6592670233156877,2.16657905409441,2.236573295278567,2.404924813559527,0.986050802712511,1.6803965688486042,1.8922671255449521,0.817147075373541,1.4911253345098392,1.8274347021965223,1.5626010022149246
3.228957994755305,2.00641589065618,1.0206431992626577,1.9008510824114082,1.671939563932239,1.6875575030398902,1.6832292072925563,1.7003268704580115,2.0838875989305468,2.6864955791288763,2.236573295278567,2.404924813559527,3.076051077177556,2.7845387336497502,2.9148275973069877,3.1535384784785734,1.6835640921758601,1.8274347021965223,1.840238306366399
1.7655687494345969,2.4609389503907564,3.1282287124770676,3.463401018349456,2.0991498422944947,2.222648507562706,2.06680164574635,2.3090685929589934,2.1610913399514304,5.286078204301206,2.236573295278567,2.404924813559527,3.076051077177556,2.7845387336497502,3.0432651444848275,2.9032108281458915,2.8680578247063675,1.8274347021965223,3.783699435426719
3.228957994755305,2.158589579127938,1.9880595004102555,1.7170216781834027,1.74732961305499,1.8837575380315894,1.8658827494134105,1.846424883858247,2.1417904046962093,2.6864955791288763,2.236573295278567,2.404924813559527,3.076051077177556,2.7845387336497502,1.0870625028531078,1.9019002268151632,1.690199911405723,1.8274347021965223,1.840238306366399
3.228957994755305,2.466328919203802,0.640586795240387,1.616212004897077,1.8227196621777408,1.8436257126923783,1.884148103625496,1.9925228972584828,1.910179181633559,3.206412104163342,2.236573295278567,3.739929444462023,3.076051077177556,3.888680898450896,2.0256445783834787,1.6515725764824811,1.6155469450697666,3.449016008844124,1.7014196542906617
3.228957994755305,1.8516401482746756,1.1588455279980288,1.5954570721616568,1.7975896458034906,1.696475686448604,1.7197599157167271,1.6759772015579721,1.5434614117843624,2.6864955791288763,2.236573295278567,3.739929444462023,3.076051077177556,3.888680898450896,3.3841186350721726,1.5681300263715872,1.4795126508575795,1.8274347021965223,1.4237823501391875
1.7655687494345969,3.652447314812526,1.0551937814465004,2.0491006019501223,2.1494098750429953,3.62280330273074,4.569155172802052,5.13363018536355,2.7594203328632774,1.646662529059944,2.236573295278567,1.0699201826570324,3.076051077177556,1.6803965688486042,2.0355243897048507,2.2356704272587393,3.0721092660246483,1.8274347021965223,3.922518087502456
3.228957994755305,2.1380054740919108,2.575419397535583,2.016485707651605,1.7221995966807397,1.7811984288313831,1.6466984988683855,1.9681732283584434,1.8715773111231173,2.6864955791288763,2.236573295278567,2.404924813559527,3.076051077177556,2.7845387336497502,2.8802482576821844,3.3204235787003618,1.783101380623802,2.908488906628257,2.1178756105178733
0.3021795041138886,2.8456247417976837,1.9880595004102555,2.357459602590648,2.048889809545994,1.7990347956488102,2.012005583110094,1.6759772015579721,5.191338175021107,2.16657905409441,2.236573295278567,2.404924813559527,3.076051077177556,2.7845387336497502,4.021366465300687,3.4873086789221497,2.3006952805530996,1.8274347021965223,2.5343315667450845
1.7655687494345969,2.5836072061359294,2.54086881535174,4.219473567996898,2.023759793171744,3.3597168921736893,3.034865418986877,3.088257997760251,4.882523210937572,6.845827779404605,2.236573295278567,2.404924813559527,0.986050802712511,1.6803965688486042,3.7743711822663797,3.5707512290330436,4.0840716985787235,3.449016008844124,3.644880783350982
1.7655687494345969,1.4210466914600852,2.713621726270954,1.6844067838848855,1.7724596294292403,1.8391666209880213,1.6832292072925563,1.7733758771581294,1.620665152805246,2.6864955791288763,2.236573295278567,2.404924813559527,3.076051077177556,2.7845387336497502,3.0729045784489446,1.234359825928011,1.5906626229577812,1.8274347021965223,1.7014196542906617
1.7655687494345969,3.8669773666214136,3.1627792946609103,1.9245710055376024,2.8781803498962555,4.2738306915668325,2.7974158142297667,3.4291533623608004,2.8752259443946024,1.646662529059944,2.236573295278567,1.0699201826570324,0.986050802712511,0.5762544040474584,2.519635144452095,3.6541937791439376,3.025658531415609,6.151651519923461,2.950787522972296
1.7655687494345969,1.1774758594084958,3.7501391917862374,1.4531375334044911,1.74732961305499,1.6741802279268199,1.6466984988683855,1.7246765393580508,1.5434614117843624,2.16657905409441,2.236573295278567,2.404924813559527,0.986050802712511,1.6803965688486042,0.9191057103897784,2.4025555274805273,1.3849522268320347,1.8274347021965223,1.2849636980634502
1.7655687494345969,3.0861288674556437,3.6119368630508664,2.5827988722894935,3.3305206446327618,3.4087669009216137,2.322516604715546,3.0639083288602116,3.1261381027124737,1.646662529059944,2.236573295278567,1.0699201826570324,3.076051077177556,1.6803965688486042,2.079983540651026,3.3204235787003618,3.0555197179499913,1.8274347021965223,2.5343315667450845
1.7655687494345969,2.97400822309462,1.91895833604257,2.138050313673351,1.8478496785519913,2.1200893983624995,1.7197599157167271,2.0412222350585614,1.6978688938261293,3.726328629197808,2.236573295278567,3.739929444462023,3.076051077177556,3.888680898450896,1.5958727859037825,2.6528831778132096,1.9821759575196856,1.8274347021965223,2.5343315667450845
1.7655687494345969,3.954471429336626,0.8824408705272864,1.9601508902268938,2.1996699077914963,2.8067895208334463,1.6466984988683855,2.1873202484587972,2.701517527097615,1.646662529059944,2.236573295278567,1.0699201826570324,3.076051077177556,1.6803965688486042,3.8237702388732413,1.8184576767042693,2.2509266363291287,5.8813879688155275,3.644880783350982
1.7655687494345969,0.10654481455442477,1.6425536785718275,1.4442425622321684,1.671939563932239,1.5939165772483976,1.664963853080471,1.7003268704580115,1.5048595412739207,8.925493879542469,2.236573295278567,3.739929444462023,3.076051077177556,3.888680898450896,0.6177714650879225,2.8197682780349975,1.3418194018379266,1.8274347021965223,0.5908704376847644
3.228957994755305,1.317893840038008,1.2970478567333998,1.4353475910598457,1.8227196621777408,1.7143120532660312,1.884148103625496,1.7733758771581294,1.7943735701022336,1.646662529059944,2.236573295278567,1.0699201826570324,3.076051077177556,1.6803965688486042,2.346738446328079,0.5668194250408589,1.4413566902858683,1.8274347021965223,1.2849636980634502
1.7655687494345969,2.6008922785363855,1.124294945814186,2.565008929944848,1.671939563932239,1.825789345874951,1.756290624140898,1.7733758771581294,2.257596016227535,2.6864955791288763,2.236573295278567,2.404924813559527,3.076051077177556,2.7845387336497502,1.4229760877797668,2.5694406277023156,2.133140844999064,1.8274347021965223,2.6731502188208216
3.228957994755305,1.0816180519833851,3.1282287124770676,1.4353475910598457,1.8729796949262416,1.625130219178895,1.756290624140898,1.7003268704580115,1.6592670233156877,2.16657905409441,2.236573295278567,2.404924813559527,0.986050802712511,1.6803965688486042,1.3142981632446713,0.7337045252626471,1.3832932720245692,1.8274347021965223,1.1461450459877132
0.3021795041138886,3.7881723053548173,2.575419397535583,3.018652459733313,2.3504500060369984,4.22032159111455,2.3407819589276313,4.281391773862175,2.778721268118498,1.646662529059944,12.555767160837407,1.0699201826570324,0.986050802712511,0.5762544040474584,3.7941308049091242,0.14960667448638887,3.5913621207614117,5.611124417707593,4.338974043729667
3.228957994755305,0.9548608543800396,3.5773862808670236,1.4353475910598457,1.6970695803064892,1.607293852361468,1.7014945615046417,1.7003268704580115,1.5241604765291417,1.646662529059944,2.236573295278567,2.404924813559527,3.076051077177556,2.7845387336497502,2.593733729362387,1.8184576767042693,1.3484552210677894,1.8274347021965223,1.007326393911976
1.7655687494345969,3.272500978741208,2.7827228906386394,2.3841445161076162,3.0038304317675073,5.598180927760801,2.2677205420792896,2.6499639575595433,2.508508174545406,1.646662529059944,2.236573295278567,1.0699201826570324,3.076051077177556,1.6803965688486042,3.5915946728209915,1.5681300263715872,3.6510844938301767,1.8274347021965223,3.367243479199508
3.228957994755305,2.9054719817218437,0.6751373774242297,3.027547430905636,5.918912331180548,5.228076316299187,2.012005583110094,1.6759772015579721,2.064586663675326,1.646662529059944,2.236573295278567,1.0699201826570324,3.076051077177556,1.6803965688486042,3.2260416539302157,2.9866533782567855,3.9380836755217423,3.449016008844124,2.3955129146693475
1.7655687494345969,3.763824515199336,1.6080030963879848,3.540490768509587,2.928440382644756,3.4622760013738954,2.8339465226539375,2.601264619759465,2.218994145717093,1.646662529059944,2.236573295278567,1.0699201826570324,0.986050802712511,0.5762544040474584,2.0305844840441645,1.0674747257062231,3.521686018847852,3.449016008844124,3.2284248271237703
1.7655687494345969,3.3715184230567243,3.059127548109382,4.75317183833627,1.671939563932239,1.9105120882577302,1.6466984988683855,1.9681732283584434,1.7171698290813504,3.206412104163342,2.236573295278567,2.404924813559527,0.986050802712511,1.6803965688486042,2.1738417482040635,2.1522278771478454,3.3458368092564883,3.1787524577361905,4.477792695805405
1.7655687494345969,2.624682485711207,3.542835698683181,1.6310369568509482,1.6970695803064892,1.6474256777006793,1.7014945615046417,1.7977255460581685,1.736470764336571,1.646662529059944,2.236573295278567,5.074934075364517,0.986050802712511,3.888680898450896,3.4977364652679546,3.821078879365726,1.497761153739702,1.8274347021965223,1.4237823501391875
1.7655687494345969,0.8965005024043058,3.7155886096023947,1.5361572643461712,1.7724596294292403,1.669721136222463,1.756290624140898,1.7246765393580508,1.8329754406126755,1.646662529059944,2.236573295278567,1.0699201826570324,3.076051077177556,1.6803965688486042,2.3664980689708237,1.735015126593375,1.466241012397854,1.8274347021965223,1.4237823501391875
1.7655687494345969,3.1775724762838635,3.1627792946609103,3.5256658165557155,2.7776602843992544,4.278289783271189,3.3819071490165,3.088257997760251,2.045285728420105,1.646662529059944,2.236573295278567,1.0699201826570324,3.076051077177556,1.6803965688486042,3.1519430690199233,2.0687853270369514,3.8750433928380454,1.8274347021965223,3.644880783350982
3.228957994755305,2.4290173247479787,2.091711246961784,1.9453259382730224,3.6069508247495157,2.4946531015284705,1.756290624140898,2.260369255158915,3.3577493257751243,2.16657905409441,2.236573295278567,2.404924813559527,3.076051077177556,2.7845387336497502,3.7941308049091242,0.984032175595329,2.2907415517083054,1.8274347021965223,2.811968870896559
1.7655687494345969,3.1286445697309597,1.1933961101818715,3.40410121053397,2.551490137031001,2.1423848568842834,2.907007939502279,1.8707745527582864,1.9873829226544424,1.646662529059944,2.236573295278567,2.404924813559527,3.076051077177556,2.7845387336497502,3.547135521874816,2.5694406277023156,2.866398869898902,1.8274347021965223,2.3955129146693475
0.3021795041138886,0.45154928383772375,1.1933961101818715,1.429417610278297,1.671939563932239,1.5894574855440409,1.756290624140898,1.7246765393580508,1.601364217550025,1.646662529059944,2.236573295278567,1.0699201826570324,0.986050802712511,0.5762544040474584,1.5563535406182931,1.8184576767042693,1.350114175875255,1.8274347021965223,1.007326393911976
3.228957994755305,2.792329101896277,2.575419397535583,1.909746053583731,2.928440382644756,2.0353666559797206,2.6512929805330834,2.4064672685591506,2.006683857909663,1.646662529059944,2.236573295278567,2.404924813559527,0.986050802712511,1.6803965688486042,2.1985412765074943,1.4846874762606932,2.030285646936191,1.8274347021965223,2.5343315667450845
3.228957994755305,3.2133507175428724,2.8863746371901677,2.636168699323431,3.4310407101297633,2.655180402885315,3.5280299827131834,3.8187480647614294,2.508508174545406,1.646662529059944,2.236573295278567,2.404924813559527,3.076051077177556,2.7845387336497502,1.862627691580835,2.1522278771478454,2.9194854237378043,1.8274347021965223,2.3955129146693475
3.228957994755305,3.1307819711568223,0.9860926170788147,3.8696047018855326,2.3001899732884974,3.6361805778438105,3.911602421166977,2.3821175996591113,3.3191474552646825,1.646662529059944,2.236573295278567,1.0699201826570324,3.076051077177556,1.6803965688486042,3.5372557105534437,1.234359825928011,3.906563534179894,4.800333764383792,3.2284248271237703
3.228957994755305,2.7171947952523583,1.0897443636303432,2.8763329209761475,2.249929940539997,1.9060529965533732,1.9206788120496667,1.6759772015579721,2.624313786076731,6.845827779404605,2.236573295278567,3.739929444462023,0.986050802712511,2.7845387336497502,3.7002725973560873,1.9853427769260572,2.4151631622682324,4.5300702132758595,3.0896061750480333
1.7655687494345969,1.4478106745317594,3.335532205580124,1.512437341219977,1.671939563932239,1.6474256777006793,1.7197599157167271,1.7246765393580508,1.6399660880604667,2.6864955791288763,2.236573295278567,3.739929444462023,3.076051077177556,3.888680898450896,2.0503441066869095,2.4025555274805273,1.4181313229813486,1.8274347021965223,1.4237823501391875
3.228957994755305,1.5337249188017688,2.402666486616369,1.43831258145062,1.7221995966807397,1.6340484025876088,1.7014945615046417,1.6759772015579721,1.5241604765291417,1.646662529059944,2.236573295278567,2.404924813559527,0.986050802712511,1.6803965688486042,0.8301874084974274,1.0674747257062231,1.3600679047200492,1.8274347021965223,1.1461450459877132
1.7655687494345969,1.338570875570812,1.573452514204142,2.2714748812581935,1.671939563932239,1.821330254170594,1.7928213325650688,1.74902620825809,1.8715773111231173,3.206412104163342,2.236573295278567,2.404924813559527,3.076051077177556,2.7845387336497502,3.729912031320204,2.1522278771478454,1.935725222910646,1.8274347021965223,2.3955129146693475
0.3021795041138886,3.744913159105289,1.6771042607556703,4.2105785968245755,5.2404018890757875,4.951612630629065,4.550889818589967,3.648300382461154,5.017629757724119,1.646662529059944,2.236573295278567,1.0699201826570324,3.076051077177556,1.6803965688486042,1.1364615594599694,1.6515725764824811,5.071149809020813,6.151651519923461,3.506062131275245
1.7655687494345969,1.157542267849905,3.093678130293225,1.4679624853583628,1.7221995966807397,1.6563438611093928,1.6832292072925563,1.7246765393580508,1.6399660880604667,2.16657905409441,2.236573295278567,2.404924813559527,0.986050802712511,1.6803965688486042,1.180920710406145,2.485998077591421,1.3965649104842948,1.8274347021965223,1.2849636980634502
3.228957994755305,3.169022870580412,3.991993267073137,2.650993651277302,5.994302380303298,2.2716985163106305,4.386501630681198,4.232692436062097,2.5857119155662893,2.16657905409441,2.236573295278567,2.404924813559527,0.986050802712511,1.6803965688486042,2.475175993505919,2.7363257279241036,3.0671324016022514,1.8274347021965223,3.922518087502456
3.228957994755305,1.987458069313744,3.508285116499338,1.5213323123922997,1.6970695803064892,1.625130219178895,1.6466984988683855,1.6759772015579721,1.6399660880604667,2.16657905409441,2.236573295278567,3.739929444462023,0.986050802712511,2.7845387336497502,0.9536850500145815,2.0687853270369514,1.406518639329089,1.8274347021965223,1.2849636980634502
1.7655687494345969,2.716823073265252,0.7442385417919153,2.917842786446988,2.1494098750429953,2.178057590519138,1.6466984988683855,1.8220752149582078,1.9873829226544424,4.246245154232274,2.236573295278567,2.404924813559527,0.986050802712511,1.6803965688486042,3.270500804876391,4.071406529698407,2.4632728516847378,1.8274347021965223,3.2284248271237703
3.228957994755305,2.226057119787783,3.093678130293225,1.482787437312234,1.9232397276747424,1.6028347606571112,1.7014945615046417,1.7977255460581685,1.4855586060186998,1.646662529059944,2.236573295278567,2.404924813559527,0.986050802712511,1.6803965688486042,0.938865333032523,3.7376363292548316,1.3915880460618975,1.8274347021965223,1.1461450459877132
0.3021795041138886,1.0268819893819405,0.7442385417919153,1.4323826006690714,1.8729796949262416,1.6162120357701815,1.7197599157167271,1.8707745527582864,1.7943735701022336,1.646662529059944,2.236573295278567,1.0699201826570324,0.986050802712511,0.5762544040474584,1.2895986349412405,0.817147075373541,1.3982238652917602,1.8274347021965223,1.1461450459877132
1.7655687494345969,1.4553380447706679,1.1588455279980288,1.7259166493557254,3.4561707265040136,2.6730167697027425,3.6193567537736104,3.9648460781616652,5.71246342691207,2.6864955791288763,2.236573295278567,1.0699201826570324,0.986050802712511,0.5762544040474584,3.957147691711768,3.1535384784785734,2.712116072804592,3.449016008844124,3.0896061750480333
3.228957994755305,3.3071640540388967,2.4372170688002117,2.636168699323431,4.536761430596778,3.573753293982815,4.952727611255846,5.693672570064455,5.403648462828537,1.646662529059944,2.236573295278567,1.0699201826570324,3.076051077177556,1.6803965688486042,1.3735770311729052,3.236981028589468,3.840205341881266,2.097698253304456,3.2284248271237703
1.7655687494345969,3.158335863451098,0.9169914527111291,3.3981712297524216,1.898109711300492,2.6596394945896717,2.5599662094726563,2.1386209106587186,2.5857119155662893,2.16657905409441,2.236573295278567,2.404924813559527,3.076051077177556,2.7845387336497502,3.0333853331634555,3.821078879365726,3.0505428535275945,1.8274347021965223,3.922518087502456
3.228957994755305,3.1861220819873153,3.7155886096023947,4.5278325686374234,3.20487056276151,3.096630481616638,2.7426197515935105,2.796061970959779,2.37340162775886,2.6864955791288763,2.236573295278567,2.404924813559527,0.986050802712511,1.6803965688486042,2.312159106703276,1.8184576767042693,3.974580681285987,1.8274347021965223,3.783699435426719
1.7655687494345969,3.20205966218451,2.9209252193740105,5.040775906241375,4.360851315977026,2.945021363668507,2.06680164574635,5.157979854263591,2.1224894694409886,1.646662529059944,2.236573295278567,1.0699201826570324,3.076051077177556,1.6803965688486042,3.660753352070598,1.0674747257062231,4.359458196618029,3.449016008844124,2.950787522972296
1.7655687494345969,1.33197281029967,1.4006996032849282,1.4738924661399113,1.671939563932239,1.6162120357701815,1.6466984988683855,1.7003268704580115,1.7171698290813504,2.16657905409441,2.236573295278567,2.404924813559527,3.076051077177556,2.7845387336497502,0.8845263707649753,2.3191129773696333,1.3832932720245692,4.259806662167925,1.1461450459877132
1.7655687494345969,2.271500132711563,2.575419397535583,1.8089363802974052,1.671939563932239,1.6608029528137496,1.6466984988683855,1.7003268704580115,1.5627623470395833,2.16657905409441,2.236573295278567,2.404924813559527,0.986050802712511,1.6803965688486042,0.9438052386932092,2.4025555274805273,1.5740730748831242,1.8274347021965223,1.7014196542906617
1.7655687494345969,2.8363316921200186,3.197329876844753,3.152077027318156,2.9033103662705058,2.289534883128058,2.4321087299880584,1.8707745527582864,3.5700596135825537,1.646662529059944,2.236573295278567,2.404924813559527,0.986050802712511,1.6803965688486042,2.593733729362387,2.3191129773696333,2.8962600564332845,2.908488906628257,3.644880783350982
1.7655687494345969,1.3274192159576144,2.2990147400648406,1.4472075526229427,1.74732961305499,1.6429665859963223,1.756290624140898,1.7003268704580115,1.4855586060186998,1.646662529059944,2.236573295278567,1.0699201826570324,0.986050802712511,0.5762544040474584,0.7906681632119381,0.984032175595329,1.373339543179775,1.8274347021965223,1.2849636980634502
3.228957994755305,2.35499818406538,2.9554758015578533,1.9779408325715395,1.8729796949262416,2.1825166822234947,2.669558334745169,3.0395586599601723,1.7171698290813504,2.16657905409441,2.236573295278567,2.404924813559527,0.986050802712511,1.6803965688486042,3.5668951445175607,1.0674747257062231,2.073418471930299,1.8274347021965223,2.6731502188208216
1.7655687494345969,1.9712881628746075,1.4698007676526137,1.4946473988753313,1.6970695803064892,1.6295893108832518,1.6466984988683855,1.6759772015579721,1.755771699591792,1.646662529059944,2.236573295278567,3.739929444462023,3.076051077177556,3.888680898450896,1.3834568424942775,3.3204235787003618,1.4032007297141575,1.8274347021965223,1.1461450459877132
1.7655687494345969,3.9611159598561563,2.9554758015578533,3.1609719984904787,4.184941201357273,5.312799058681966,2.8339465226539375,3.696999720261233,2.1610913399514304,1.646662529059944,2.236573295278567,1.0699201826570324,0.986050802712511,0.5762544040474584,1.7440699557243673,2.1522278771478454,4.150429890877351,4.259806662167925,2.6731502188208216
3.228957994755305,3.475693509943345,1.9535089182264127,2.4819891990031677,2.425840055159749,2.3787167172151937,3.290580377956073,5.036231509763393,2.064586663675326,3.206412104163342,2.236573295278567,3.739929444462023,3.076051077177556,3.888680898450896,2.0355243897048507,1.8184576767042693,2.687231750692607,1.8274347021965223,3.506062131275245
3.228957994755305,1.8749192377172255,3.6119368630508664,1.9482909286637966,1.9232397276747424,2.079957573023288,2.633027626320998,1.8220752149582078,2.006683857909663,2.16657905409441,2.236573295278567,2.404924813559527,3.076051077177556,2.7845387336497502,2.998805993538652,1.234359825928011,1.9606095450226315,2.6382253555203232,2.3955129146693475
1.7655687494345969,3.0581567879258733,3.7501391917862374,3.9911693079072785,5.039361758081785,5.014039914490061,4.386501630681198,2.601264619759465,4.8053194699166895,1.646662529059944,2.236573295278567,1.0699201826570324,3.076051077177556,1.6803965688486042,3.883049106801475,0.7337045252626471,4.853826729242806,1.8274347021965223,3.2284248271237703
1.7655687494345969,4.02807238278373,3.646487445234709,4.266913414249287,5.516832069192542,4.3184216086104,3.4549685658648417,3.9891957470617045,4.438601700067492,1.646662529059944,2.236573295278567,1.0699201826570324,3.076051077177556,1.6803965688486042,0.8746465594436028,0.6502619751517529,4.7592663052172615,4.259806662167925,3.2284248271237703
3.228957994755305,1.3673793295715722,2.7827228906386394,1.5035423700476542,1.8227196621777408,1.6608029528137496,2.012005583110094,1.6759772015579721,1.5820632822948042,2.16657905409441,2.236573295278567,2.404924813559527,3.076051077177556,2.7845387336497502,3.147003163359237,0.984032175595329,1.4463335547082656,1.8274347021965223,1.2849636980634502
3.228957994755305,2.785173453644475,1.435250185468771,3.329976450764613,1.8478496785519913,1.8391666209880213,1.6466984988683855,1.6759772015579721,2.0259847931648842,5.286078204301206,2.236573295278567,2.404924813559527,0.986050802712511,1.6803965688486042,0.7165695783016457,2.4025555274805273,2.5412437276356252,3.1787524577361905,3.367243479199508
3.228957994755305,3.1591257726736997,4.061094431440822,2.2388599869596764,3.8331209721177686,2.5169485600502544,4.879666194407505,2.016872566158522,2.3154988219931973,1.646662529059944,2.236573295278567,1.0699201826570324,0.986050802712511,0.5762544040474584,0.756088823587135,1.9019002268151632,2.6557116093507585,1.8274347021965223,1.979056958442136
3.228957994755305,2.2038467310581646,1.6425536785718275,1.7911464379527597,2.1996699077914963,1.7811984288313831,2.103332354170521,1.9194738905583648,1.775072634847013,2.16657905409441,2.236573295278567,2.404924813559527,0.986050802712511,1.6803965688486042,1.8329882576167182,3.987963979587514,1.7184021431326397,1.8274347021965223,1.979056958442136
0.3021795041138886,1.0757634306864563,2.4372170688002117,1.4323826006690714,1.7724596294292403,1.6340484025876088,2.1763937710188626,1.6759772015579721,2.180392275206651,1.646662529059944,2.236573295278567,2.404924813559527,3.076051077177556,2.7845387336497502,3.8385899558552996,1.5681300263715872,1.4596051931679912,2.6382253555203232,1.1461450459877132
1.7655687494345969,4.144839551983585,3.7501391917862374,4.453707808868067,2.4509700715339995,3.5068669184174635,2.7791504600176813,3.210006342260447,3.0103324911811487,1.646662529059944,2.236573295278567,1.0699201826570324,0.986050802712511,0.5762544040474584,1.0327235405855602,3.5707512290330436,4.122227659150434,3.1787524577361905,2.5343315667450845
1.7655687494345969,5.2042936804857405,0.9515420348949719,1.4472075526229427,1.7221995966807397,1.6028347606571112,1.664963853080471,8.055590453368266,1.5434614117843624,1.126746004025478,2.236573295278567,1.0699201826570324,0.986050802712511,0.5762544040474584,0.7462090122657628,4.32173418003109,1.7864192902387335,1.8274347021965223,4.338974043729667
1.7655687494345969,2.6746326277286543,3.093678130293225,2.5501839779909763,2.023759793171744,1.892675721440303,1.9937402288980084,2.016872566158522,1.755771699591792,2.16657905409441,2.236573295278567,2.404924813559527,3.076051077177556,2.7845387336497502,2.470236087845233,3.9045214294766195,2.1679788959558435,1.8274347021965223,2.811968870896559
1.7655687494345969,2.0458184212894777,1.0897443636303432,1.5539472066908169,1.6970695803064892,1.669721136222463,1.7014945615046417,1.6759772015579721,1.5627623470395833,2.16657905409441,2.236573295278567,3.739929444462023,3.076051077177556,3.888680898450896,3.013625710520711,2.7363257279241036,1.4396977354784029,1.8274347021965223,1.2849636980634502
3.228957994755305,0.9487274415927811,1.1933961101818715,1.4738924661399113,1.7975896458034906,1.651884769405036,1.6466984988683855,1.7733758771581294,1.6978688938261293,1.646662529059944,2.236573295278567,1.0699201826570324,0.986050802712511,0.5762544040474584,0.96850476699664,1.1509172758171171,1.4081775941365544,1.8274347021965223,1.1461450459877132
1.7655687494345969,3.329932025749175,3.8883415205216085,2.235894996568902,1.8478496785519913,1.9461848218925843,2.012005583110094,1.846424883858247,1.6978688938261293,1.646662529059944,2.236573295278567,1.0699201826570324,3.076051077177556,1.6803965688486042,1.09694231417448,0.817147075373541,1.985493867134617,1.8274347021965223,2.5343315667450845
3.228957994755305,1.3051623619796076,3.3009816233962814,1.4561025237952654,1.6970695803064892,1.696475686448604,1.6832292072925563,1.7003268704580115,1.5241604765291417,2.6864955791288763,2.236573295278567,2.404924813559527,0.986050802712511,1.6803965688486042,1.8132286349739735,2.1522278771478454,1.3915880460618975,1.8274347021965223,1.4237823501391875
3.228957994755305,2.042519388653907,1.3315984389172426,2.2566499293043223,1.671939563932239,1.669721136222463,1.6466984988683855,1.6759772015579721,1.6592670233156877,2.16657905409441,2.236573295278567,2.404924813559527,3.076051077177556,2.7845387336497502,1.3538174085301606,2.4025555274805273,1.8345289796552386,2.908488906628257,2.2566942625936104
3.228957994755305,2.838562024042658,2.402666486616369,2.609483785806462,3.20487056276151,2.771116787198592,4.167317380136173,3.1613070044603684,2.508508174545406,1.646662529059944,2.236573295278567,1.0699201826570324,3.076051077177556,1.6803965688486042,2.6332529746478763,3.5707512290330436,2.9460287006572554,1.8274347021965223,2.3955129146693475
1.7655687494345969,2.7303444605462537,3.4391839521316525,3.318116489201516,2.853050333522005,2.6462622194766015,1.8658827494134105,2.1386209106587186,2.952429685415486,3.206412104163342,2.236573295278567,2.404924813559527,3.076051077177556,2.7845387336497502,2.0503441066869095,2.1522278771478454,3.0322943506454716,1.8274347021965223,3.922518087502456
3.228957994755305,1.4638876504741192,3.093678130293225,1.5628421778631396,1.671939563932239,1.6608029528137496,1.6832292072925563,1.7003268704580115,1.601364217550025,1.646662529059944,2.236573295278567,2.404924813559527,3.076051077177556,2.7845387336497502,1.2994784462626128,0.900589625484435,1.4430156450933342,1.8274347021965223,1.4237823501391875
3.228957994755305,1.578470952999724,1.8844077538587272,1.4916824084845568,1.6970695803064892,1.6295893108832518,1.7745559783529834,1.74902620825809,1.5820632822948042,1.646662529059944,2.236573295278567,1.0699201826570324,3.076051077177556,1.6803965688486042,2.8950679746642427,3.1535384784785734,1.4032007297141575,1.8274347021965223,1.1461450459877132
1.7655687494345969,1.38489672821397,3.9228921027054513,1.4738924661399113,1.7724596294292403,1.6474256777006793,1.6466984988683855,1.6759772015579721,1.8522763758678964,1.646662529059944,2.236573295278567,2.404924813559527,3.076051077177556,2.7845387336497502,1.951545993473186,1.4012449261497992,1.4114955037514858,2.6382253555203232,1.1461450459877132
0.3021795041138886,4.220252650117834,1.7462054251233559,2.891157872930019,6.270732560420052,3.159057765477633,5.007523673892102,2.236019586258876,2.0259847931648842,1.126746004025478,2.236573295278567,1.0699201826570324,3.076051077177556,1.6803965688486042,0.9339254273718369,3.0700959283676794,3.4221487303999103,1.8274347021965223,3.506062131275245
3.228957994755305,3.050629417686965,1.7462054251233559,4.266913414249287,2.677140218902253,2.36979853380648,4.532624464377881,2.9665096532600543,3.550758678327333,2.16657905409441,2.236573295278567,2.404924813559527,0.986050802712511,1.6803965688486042,3.5323158048927574,2.2356704272587393,3.798731471694624,2.908488906628257,3.367243479199508
1.7655687494345969,3.663459578680558,3.5773862808670236,3.887394644230178,5.139881823578786,3.5068669184174635,2.7426197515935105,3.9161467403615866,1.775072634847013,1.646662529059944,2.236573295278567,1.0699201826570324,3.076051077177556,1.6803965688486042,3.665693257731284,2.1522278771478454,3.921494127447085,1.8274347021965223,3.783699435426719
3.228957994755305,3.537864012286921,3.8537909383377658,4.444812837695744,2.928440382644756,3.819003337722439,2.8339465226539375,2.8934606465599364,4.052582994963076,2.6864955791288763,2.236573295278567,2.404924813559527,3.076051077177556,2.7845387336497502,3.9275082577476503,2.485998077591421,4.337891784120975,4.800333764383792,2.6731502188208216
1.7655687494345969,2.3487253755329562,1.4698007676526137,4.255053452686189,1.671939563932239,1.9060529965533732,1.6466984988683855,1.6759772015579721,4.843921340427132,4.246245154232274,2.236573295278567,2.404924813559527,0.986050802712511,1.6803965688486042,3.1568829746806095,2.8197682780349975,3.3143166679146403,1.8274347021965223,4.061336739578193
3.228957994755305,2.5731060600001685,2.1608124113294696,1.9008510824114082,1.671939563932239,2.1245484900668563,1.6466984988683855,1.6759772015579721,4.129786735983959,4.76616167926674,2.236573295278567,2.404924813559527,0.986050802712511,1.6803965688486042,3.9176284464262783,2.4025555274805273,2.0170140084764654,5.070597315491726,2.811968870896559
3.228957994755305,0.7991558070307689,1.1588455279980288,1.524297302783074,1.671939563932239,1.625130219178895,2.06680164574635,1.7733758771581294,1.8329754406126755,1.646662529059944,2.236573295278567,1.0699201826570324,3.076051077177556,1.6803965688486042,3.048205050145514,0.5668194250408589,1.4678999672053195,1.8274347021965223,1.2849636980634502
1.7655687494345969,1.594129741706589,3.4737345343154953,1.4976123892661055,1.671939563932239,1.6563438611093928,1.6466984988683855,1.7246765393580508,1.620665152805246,2.16657905409441,2.236573295278567,2.404924813559527,0.986050802712511,1.6803965688486042,2.534454861434153,1.317802376038905,1.404859684521623,1.8274347021965223,1.4237823501391875
3.228957994755305,0.8572838327645611,1.573452514204142,1.482787437312234,2.7274002516507534,1.696475686448604,1.9206788120496667,2.162970579558758,1.8329754406126755,1.646662529059944,2.236573295278567,1.0699201826570324,0.986050802712511,0.5762544040474584,3.0284454275027692,1.735015126593375,1.5541656171935359,1.8274347021965223,1.5626010022149246
1.7655687494345969,1.510120572620501,3.1282287124770676,1.4738924661399113,1.671939563932239,1.607293852361468,1.6466984988683855,1.6759772015579721,1.5241604765291417,1.646662529059944,2.236573295278567,3.739929444462023,3.076051077177556,3.888680898450896,3.3050801445011944,2.6528831778132096,1.361726859527515,1.8274347021965223,1.007326393911976
0.3021795041138886,1.4008343084111647,0.8824408705272864,1.4976123892661055,1.7724596294292403,1.6117529440658247,1.8293520409892396,1.7977255460581685,1.9294801168887799,1.646662529059944,2.236573295278567,2.404924813559527,0.986050802712511,1.6803965688486042,0.6227113707486087,1.6515725764824811,1.4430156450933342,1.8274347021965223,1.2849636980634502
0.3021795041138886,3.2154881189687354,2.6099699797194256,2.0224156884331537,6.522032724162555,2.0353666559797206,2.4869047926243146,6.18066594806524,5.056231628234561,2.16657905409441,2.236573295278567,2.404924813559527,3.076051077177556,2.7845387336497502,1.3834568424942775,2.0687853270369514,2.8348787285570536,1.8274347021965223,3.367243479199508
3.228957994755305,4.159522570474296,3.542835698683181,5.355064887663449,2.3504500060369984,2.1200893983624995,2.94353864792645,4.305741442762215,2.006683857909663,1.126746004025478,2.236573295278567,1.0699201826570324,0.986050802712511,0.5762544040474584,3.636053823767167,3.4038661288112557,4.107297065883243,6.692178622139329,3.644880783350982
1.7655687494345969,3.525225464725297,2.4717676509840545,4.966651146472017,2.5012301042825005,2.8424622544683005,4.002929192227404,3.283055348960565,2.1224894694409886,1.646662529059944,2.236573295278567,1.0699201826570324,0.986050802712511,0.5762544040474584,1.9268464651697552,4.488619280252878,4.2051753995237195,3.1787524577361905,4.061336739578193
3.228957994755305,3.682463865271383,2.2990147400648406,2.9267377576193105,5.114751807204536,3.3775532589911164,3.5462953369252688,2.2116699173588366,1.910179181633559,2.6864955791288763,12.555767160837407,3.739929444462023,0.986050802712511,2.7845387336497502,3.240861370912274,3.1535384784785734,3.30270398426238,1.8274347021965223,4.338974043729667
1.7655687494345969,0.9744227239515237,0.7096879596080725,1.4353475910598457,1.7724596294292403,1.6295893108832518,1.6466984988683855,1.7733758771581294,1.5820632822948042,1.646662529059944,2.236573295278567,2.404924813559527,3.076051077177556,2.7845387336497502,2.0552840123475953,1.6515725764824811,1.366703723949912,1.8274347021965223,1.1461450459877132
1.7655687494345969,2.485054414304296,2.8863746371901677,4.6998020113023316,1.671939563932239,1.7901166122400967,1.6466984988683855,1.6759772015579721,2.1417904046962093,2.6864955791288763,2.236573295278567,2.404924813559527,3.076051077177556,2.7845387336497502,3.4680970313038375,2.3191129773696333,3.2877733909951887,3.449016008844124,2.950787522972296
3.228957994755305,3.2008515657264134,2.1953629935133123,2.4760592182216192,3.20487056276151,4.9471535389247085,2.377312667351802,2.796061970959779,2.006683857909663,1.646662529059944,2.236573295278567,1.0699201826570324,3.076051077177556,1.6803965688486042,2.4208370312383716,2.2356704272587393,3.4503509621268273,1.8274347021965223,2.3955129146693475
3.228957994755305,2.932840013022566,2.091711246961784,3.36259134506313,2.8781803498962555,3.1501395820689195,3.3636417948044146,3.721349389161272,3.5700596135825537,1.646662529059944,2.236573295278567,1.0699201826570324,0.986050802712511,0.5762544040474584,3.517496087910699,3.3204235787003618,3.5432524313449063,3.449016008844124,3.0896061750480333
1.7655687494345969,2.8327074027457297,1.6425536785718275,2.5531489683817505,1.8227196621777408,2.289534883128058,2.103332354170521,3.8917970714615473,3.2419437142437992,3.726328629197808,2.236573295278567,3.739929444462023,3.076051077177556,3.888680898450896,2.450476465202488,2.6528831778132096,2.5694459593625423,1.8274347021965223,3.2284248271237703
1.7655687494345969,2.7966039047480025,3.508285116499338,1.565807168253914,1.7724596294292403,1.7499847869008853,1.6832292072925563,1.7246765393580508,1.5048595412739207,1.646662529059944,2.236573295278567,3.739929444462023,3.076051077177556,3.888680898450896,1.6798511821354472,1.9019002268151632,1.4778536960501136,1.8274347021965223,1.4237823501391875
1.7655687494345969,3.0547183595451375,3.8537909383377658,1.909746053583731,2.4509700715339995,2.155762131997354,1.7928213325650688,2.08992157285864,2.81732313862894,2.16657905409441,2.236573295278567,2.404924813559527,3.076051077177556,2.7845387336497502,1.9416661821518137,4.154849079809302,2.013696098861534,1.8274347021965223,2.3955129146693475
1.7655687494345969,0.8981267860978972,2.0226100825940985,1.4531375334044911,1.74732961305499,1.6741802279268199,1.7014945615046417,1.74902620825809,1.6399660880604667,2.6864955791288763,2.236573295278567,2.404924813559527,3.076051077177556,2.7845387336497502,1.4427357104225114,1.234359825928011,1.3998828200992262,1.8274347021965223,1.4237823501391875
1.7655687494345969,1.2923379534244304,2.264464157880998,1.4798224469214598,1.74732961305499,1.669721136222463,1.7014945615046417,1.7733758771581294,1.8329754406126755,2.16657905409441,2.236573295278567,3.739929444462023,3.076051077177556,3.888680898450896,1.027783634924874,2.4025555274805273,1.4314029614410742,1.8274347021965223,1.4237823501391875
3.228957994755305,3.4464668687070894,2.368115904432526,2.4375143431415536,4.385981332351276,2.4143894508500483,4.02119454643949,2.601264619759465,3.415652131540787,2.16657905409441,2.236573295278567,2.404924813559527,3.076051077177556,2.7845387336497502,2.7962698614505195,3.821078879365726,2.821607090097328,1.8274347021965223,3.506062131275245
0.3021795041138886,1.5451553699052964,2.0226100825940985,1.4531375334044911,1.7724596294292403,1.6563438611093928,1.7014945615046417,1.7977255460581685,1.5434614117843624,2.16657905409441,2.236573295278567,3.739929444462023,3.076051077177556,3.888680898450896,3.8534096728373584,1.8184576767042693,1.389929091254432,1.8274347021965223,1.1461450459877132
1.7655687494345969,2.475110851149195,0.7442385417919153,1.8860261304575368,2.2247999241657466,2.4901940098241138,2.3590473131397167,2.4064672685591506,1.6399660880604667,3.726328629197808,2.236573295278567,2.404924813559527,0.986050802712511,1.6803965688486042,2.9395271256104185,3.4038661288112557,2.0817132459676273,3.449016008844124,2.6731502188208216
1.7655687494345969,2.4452801616838915,2.7827228906386394,3.5345607877280387,2.048889809545994,1.7232302366747447,2.012005583110094,1.6759772015579721,1.4855586060186998,2.6864955791288763,2.236573295278567,2.404924813559527,0.986050802712511,1.6803965688486042,3.487856653946582,3.987963979587514,2.6125787843566504,3.449016008844124,3.506062131275245
1.7655687494345969,1.5106781556011608,1.5043513498364565,1.4531375334044911,1.7221995966807397,1.607293852361468,1.6466984988683855,1.6759772015579721,1.5048595412739207,1.646662529059944,2.236573295278567,2.404924813559527,3.076051077177556,2.7845387336497502,1.0722427858710493,3.1535384784785734,1.3517731306827208,1.8274347021965223,1.007326393911976
3.228957994755305,1.100297081835491,2.2990147400648406,1.4353475910598457,1.7221995966807397,1.607293852361468,1.884148103625496,1.9925228972584828,1.5627623470395833,1.646662529059944,2.236573295278567,2.404924813559527,3.076051077177556,2.7845387336497502,2.079983540651026,1.9853427769260572,1.389929091254432,1.8274347021965223,1.2849636980634502
1.7655687494345969,3.3281198810620305,2.575419397535583,4.542657520591295,2.023759793171744,3.025285014346929,1.6466984988683855,2.016872566158522,3.647263354603437,1.646662529059944,2.236573295278567,1.0699201826570324,3.076051077177556,1.6803965688486042,1.2945385406019265,1.0674747257062231,3.8352284774588687,5.8813879688155275,3.506062131275245
3.228957994755305,1.2355109546455112,2.9900263837416965,1.4857524277030083,1.6970695803064892,1.651884769405036,1.7014945615046417,1.7246765393580508,1.5627623470395833,1.646662529059944,2.236573295278567,2.404924813559527,3.076051077177556,2.7845387336497502,3.2112219369481574,3.9045214294766195,1.3982238652917602,1.8274347021965223,1.1461450459877132
3.228957994755305,1.023768817739923,2.851824055006325,1.4946473988753313,1.671939563932239,1.6162120357701815,1.756290624140898,1.7246765393580508,1.601364217550025,1.646662529059944,2.236573295278567,2.404924813559527,0.986050802712511,1.6803965688486042,4.001606842657943,1.6515725764824811,1.3965649104842948,1.8274347021965223,1.1461450459877132
3.228957994755305,3.2915981958288087,2.9554758015578533,2.2418249773504506,3.7577309229950178,2.552621293685109,4.404766984893284,5.109280516463512,5.808968103188175,1.646662529059944,2.236573295278567,1.0699201826570324,3.076051077177556,1.6803965688486042,0.9092258990684061,1.0674747257062231,3.1334905939008793,1.8274347021965223,3.644880783350982
1.7655687494345969,1.5240136818886094,3.8883415205216085,1.6310369568509482,1.8227196621777408,1.7589029703095989,1.7014945615046417,1.8220752149582078,2.2768969514827555,2.16657905409441,2.236573295278567,2.404924813559527,3.076051077177556,2.7845387336497502,3.8138904275518692,1.735015126593375,1.5956394873801782,1.8274347021965223,1.5626010022149246
3.228957994755305,3.2089829841943702,3.4737345343154953,2.4493743047046506,2.8027903007735047,4.505703460193386,3.5462953369252688,1.9438235594584041,3.685865225113879,2.16657905409441,2.236573295278567,1.0699201826570324,0.986050802712511,0.5762544040474584,3.0976041067523754,3.821078879365726,3.437079323667102,1.8274347021965223,2.950787522972296
3.228957994755305,2.856729936162493,0.7442385417919153,1.859341216940568,6.522032724162555,3.6361805778438105,5.391096112345896,2.3090685929589934,4.284194218025726,2.16657905409441,2.236573295278567,1.0699201826570324,3.076051077177556,1.6803965688486042,3.571835050178247,1.234359825928011,3.2728427977279977,3.449016008844124,3.0896061750480333
1.7655687494345969,3.8176312728330144,1.4698007676526137,2.0728205250763168,2.626880186153752,3.1501395820689195,3.6741528164098667,3.7456990580613114,1.775072634847013,1.646662529059944,2.236573295278567,2.404924813559527,3.076051077177556,2.7845387336497502,0.632591182069981,1.9019002268151632,2.680595931462744,1.8274347021965223,3.506062131275245
3.228957994755305,1.5953843034130737,2.5063182331678973,1.482787437312234,1.8478496785519913,1.7410666034921718,1.8293520409892396,1.7246765393580508,1.5434614117843624,2.6864955791288763,2.236573295278567,3.739929444462023,0.986050802712511,2.7845387336497502,2.835789106736009,2.4025555274805273,1.449651464323197,1.8274347021965223,1.4237823501391875
3.228957994755305,1.7734856004855162,1.3315984389172426,1.6340019472417224,1.8729796949262416,1.7053938698573174,1.8658827494134105,1.846424883858247,1.7171698290813504,2.16657905409441,2.236573295278567,2.404924813559527,3.076051077177556,2.7845387336497502,3.067964672788259,3.5707512290330436,1.5491887527711388,1.8274347021965223,1.5626010022149246
1.7655687494345969,2.295894388115433,3.957442684889294,1.8563762265497938,1.671939563932239,1.6206711274745382,1.6466984988683855,1.6759772015579721,1.601364217550025,1.646662529059944,2.236573295278567,1.0699201826570324,0.986050802712511,0.5762544040474584,2.346738446328079,4.73894693058556,1.5873447133428498,1.8274347021965223,1.7014196542906617
3.228957994755305,2.56529989827093,1.2970478567333998,2.1884551503165137,2.5263601206567508,2.048743931092791,3.290580377956073,2.3821175996591113,2.4313044335245224,2.16657905409441,2.236573295278567,2.404924813559527,3.076051077177556,2.7845387336497502,1.9910652387586754,1.735015126593375,2.2575624555589915,1.8274347021965223,2.811968870896559
3.228957994755305,3.677352687948667,2.713621726270954,2.861507969022276,3.481300742878264,4.117762481914344,3.3636417948044146,1.9681732283584434,3.5700596135825537,1.646662529059944,2.236573295278567,1.0699201826570324,0.986050802712511,0.5762544040474584,0.8252475028367412,3.821078879365726,3.5432524313449063,1.8274347021965223,3.0896061750480333
1.7655687494345969,3.2806788624575525,0.7096879596080725,5.239430262423252,4.310591283228526,4.501244368489029,2.158128416806777,2.1873202484587972,1.4855586060186998,1.646662529059944,2.236573295278567,1.0699201826570324,3.076051077177556,1.6803965688486042,3.971967408693826,1.735015126593375,4.797422265788972,3.449016008844124,3.644880783350982
1.7655687494345969,2.791074540189792,1.0897443636303432,2.431584362360005,1.7724596294292403,1.9863166472317957,1.847617395201325,1.8707745527582864,1.736470764336571,1.646662529059944,2.236573295278567,1.0699201826570324,0.986050802712511,0.5762544040474584,1.6650314651533886,2.7363257279241036,2.094984884427353,1.8274347021965223,2.6731502188208216
1.7655687494345969,3.490097736943725,1.91895833604257,3.223236796696739,1.9232397276747424,3.1278441235471357,3.1809882526835604,2.9908593221600936,2.103188534185768,1.646662529059944,2.236573295278567,1.0699201826570324,0.986050802712511,0.5762544040474584,0.8697066537829168,3.9045214294766195,3.2015077410069726,1.8274347021965223,2.811968870896559
3.228957994755305,1.2893177122791895,2.679071144087111,1.4531375334044911,1.671939563932239,1.6206711274745382,1.7014945615046417,1.7003268704580115,1.5048595412739207,1.646662529059944,2.236573295278567,2.404924813559527,3.076051077177556,2.7845387336497502,1.3933366538156498,1.735015126593375,1.3600679047200492,1.8274347021965223,1.1461450459877132
3.228957994755305,2.10338886404261,2.54086881535174,1.9393959574914739,2.702270235276503,1.9729393721187254,2.468639438412229,1.8220752149582078,2.006683857909663,3.726328629197808,2.236573295278567,2.404924813559527,0.986050802712511,1.6803965688486042,3.626174012445795,3.4038661288112557,1.952314770985303,2.6382253555203232,2.3955129146693475
3.228957994755305,4.419449169958575,2.713621726270954,2.7577333053451762,3.4561707265040136,5.830053696387354,2.377312667351802,2.08992157285864,1.8136745053574548,1.646662529059944,2.236573295278567,1.0699201826570324,0.986050802712511,0.5762544040474584,2.722171276540227,0.5668194250408589,3.888315031297771,4.800333764383792,4.338974043729667
1.7655687494345969,2.5472713818962607,2.2990147400648406,1.628071966460174,1.7724596294292403,1.7321484200834583,1.9572095204738376,1.7246765393580508,1.7943735701022336,2.6864955791288763,2.236573295278567,3.739929444462023,0.986050802712511,2.7845387336497502,0.849947031140172,3.9045214294766195,1.5558245720010015,1.8274347021965223,1.5626010022149246
1.7655687494345969,3.1746451656353996,1.9535089182264127,2.9474926903547303,3.0038304317675073,2.0264484725710066,3.126192190047304,6.034567934665004,3.2033418437333574,2.6864955791288763,2.236573295278567,2.404924813559527,3.076051077177556,2.7845387336497502,2.37143797463151,2.6528831778132096,3.0057510737260205,1.8274347021965223,3.783699435426719
1.7655687494345969,3.249779472279318,0.9169914527111291,5.7642335615903,2.0740198259202445,2.160221223701711,1.6466984988683855,1.6759772015579721,4.573708246854039,1.646662529059944,2.236573295278567,1.0699201826570324,0.986050802712511,0.5762544040474584,2.341798540667393,2.9032108281458915,4.256602998555156,6.421915071031394,2.5343315667450845
3.228957994755305,1.9807670735458256,1.2970478567333998,1.4887174180937826,1.671939563932239,1.651884769405036,1.7745559783529834,1.74902620825809,1.5048595412739207,2.6864955791288763,2.236573295278567,3.739929444462023,3.076051077177556,3.888680898450896,0.6474108990520395,1.5681300263715872,1.4015417749066916,1.8274347021965223,1.4237823501391875
3.228957994755305,1.8194397311415678,1.7462054251233559,1.5776671298170113,1.7724596294292403,1.78565752053574,1.8293520409892396,1.9194738905583648,2.3154988219931973,2.6864955791288763,2.236573295278567,3.739929444462023,0.986050802712511,2.7845387336497502,2.657952502951307,3.7376363292548316,1.5939805325727125,3.449016008844124,1.5626010022149246
3.228957994755305,2.1906970657642693,1.573452514204142,1.731846630137274,1.6970695803064892,1.6563438611093928,1.6832292072925563,1.6759772015579721,1.9487810521440008,1.646662529059944,2.236573295278567,2.404924813559527,0.986050802712511,1.6803965688486042,1.4526155217438839,2.5694406277023156,1.5657783008457957,1.8274347021965223,1.5626010022149246
3.228957994755305,3.3805791464924475,2.6445205619032683,2.9089478152746646,5.416312003695541,5.22361722459483,4.806604777559163,2.869110977659897,2.4313044335245224,1.646662529059944,2.236573295278567,1.0699201826570324,3.076051077177556,1.6803965688486042,2.1145628802758294,4.154849079809302,4.203516444716254,1.8274347021965223,4.061336739578193
3.228957994755305,2.9154155448769448,2.679071144087111,2.559078949163299,2.551490137031001,2.35642125869341,2.669558334745169,3.7700487269613507,3.2805455847542406,2.16657905409441,2.236573295278567,2.404924813559527,3.076051077177556,2.7845387336497502,1.823108446295346,2.0687853270369514,2.6922086151150038,1.8274347021965223,3.367243479199508
3.228957994755305,3.5079403923248407,1.6425536785718275,3.30032654685687,2.7525302680250037,2.655180402885315,3.9846638380153188,3.5265520379609576,1.890878246378338,2.16657905409441,2.236573295278567,2.404924813559527,3.076051077177556,2.7845387336497502,1.185860616066831,2.8197682780349975,3.214779379466698,1.8274347021965223,4.20015539165393
3.228957994755305,3.294990158961156,2.713621726270954,2.9890025558255706,3.682340873872267,4.055335198053349,3.8933370669548917,3.9648460781616652,2.508508174545406,1.646662529059944,2.236573295278567,1.0699201826570324,0.986050802712511,0.5762544040474584,2.993866087877966,3.987963979587514,3.6975352284392162,3.719279559952058,3.367243479199508
1.7655687494345969,3.9034525866062473,2.0571606647779412,4.136453837055218,2.325319989662748,3.2660759663821963,1.9572095204738376,2.3090685929589934,1.736470764336571,1.646662529059944,2.236573295278567,1.0699201826570324,3.076051077177556,1.6803965688486042,1.363697219851533,1.5681300263715872,3.6013158496062054,4.259806662167925,3.367243479199508
3.228957994755305,2.507078942040361,1.573452514204142,3.4248561432693903,1.671939563932239,2.4768167347110435,2.322516604715546,2.8204116398598185,1.9873829226544424,2.16657905409441,2.236573295278567,2.404924813559527,0.986050802712511,1.6803965688486042,3.0580848614668863,2.5694406277023156,2.9559824295020496,2.6382253555203232,2.5343315667450845
3.228957994755305,1.7346406528328782,1.6080030963879848,1.4976123892661055,1.671939563932239,1.6295893108832518,1.6466984988683855,1.6759772015579721,1.7171698290813504,1.646662529059944,2.236573295278567,2.404924813559527,0.986050802712511,1.6803965688486042,1.062362974549677,1.1509172758171171,1.3998828200992262,2.6382253555203232,1.1461450459877132
3.228957994755305,1.5273127145241803,0.9169914527111291,2.0194506980423794,2.5012301042825005,1.8570029878054486,1.7928213325650688,1.74902620825809,1.775072634847013,3.726328629197808,2.236573295278567,3.739929444462023,3.076051077177556,3.888680898450896,3.2754407105370773,2.1522278771478454,1.854436437344827,3.449016008844124,2.2566942625936104
3.228957994755305,1.8151184630414536,1.262497274549557,2.203280102270385,2.249929940539997,1.914971179962087,1.7197599157167271,2.236019586258876,2.4506053687797436,2.16657905409441,2.236573295278567,2.404924813559527,3.076051077177556,2.7845387336497502,2.8012097671112057,1.8184576767042693,2.046875195010848,1.8274347021965223,2.5343315667450845
0.3021795041138886,2.4607995546455914,3.2664310412124387,1.7585315436542426,2.0740198259202445,1.754443878605242,1.7745559783529834,1.8951242216583257,1.8329754406126755,2.6864955791288763,2.236573295278567,3.739929444462023,3.076051077177556,3.888680898450896,1.7440699557243673,2.1522278771478454,1.6553618604489433,1.8274347021965223,1.840238306366399
3.228957994755305,0.12536324015169553,0.640586795240387,1.4768574565306856,1.7724596294292403,1.6429665859963223,1.6832292072925563,1.7733758771581294,7.6811588229445995,1.126746004025478,2.236573295278567,2.404924813559527,3.076051077177556,2.7845387336497502,1.9070868425270107,2.3191129773696333,1.9224535844509205,1.8274347021965223,4.061336739578193
0.3021795041138886,1.4358691056959605,1.7462054251233559,1.616212004897077,5.466572036444042,2.2003530490409218,4.441297693317454,2.1386209106587186,2.508508174545406,2.16657905409441,2.236573295278567,1.0699201826570324,3.076051077177556,1.6803965688486042,4.026306370961374,2.8197682780349975,2.2824467776709767,1.8274347021965223,2.811968870896559
1.7655687494345969,1.696260357664123,0.7096879596080725,1.6013870529432055,1.671939563932239,1.669721136222463,1.6832292072925563,1.6759772015579721,1.6785679585709086,3.206412104163342,2.236573295278567,3.739929444462023,0.986050802712511,2.7845387336497502,1.981185427437303,2.4025555274805273,1.4728768316277168,1.8274347021965223,1.5626010022149246
3.228957994755305,1.628653421259113,1.1933961101818715,1.5154023316107512,1.6970695803064892,1.6652620445181063,1.6466984988683855,1.74902620825809,1.736470764336571,1.646662529059944,2.236573295278567,2.404924813559527,3.076051077177556,2.7845387336497502,0.9833244839786985,1.4846874762606932,1.4314029614410742,3.449016008844124,1.2849636980634502
1.7655687494345969,1.3779269409557215,2.575419397535583,1.43831258145062,1.7221995966807397,1.6429665859963223,1.6466984988683855,1.7003268704580115,1.6592670233156877,1.646662529059944,2.236573295278567,2.404924813559527,0.986050802712511,1.6803965688486042,3.408818163375604,1.0674747257062231,1.371680588372309,4.259806662167925,1.007326393911976
3.228957994755305,1.0612662731892997,3.991993267073137,1.512437341219977,2.5263601206567508,1.8659211712141621,1.847617395201325,2.016872566158522,2.334799757248418,2.6864955791288763,2.236573295278567,2.404924813559527,3.076051077177556,2.7845387336497502,2.993866087877966,1.0674747257062231,1.6470670864116148,1.8274347021965223,1.7014196542906617
1.7655687494345969,1.104897141425935,1.1588455279980288,1.5480172259092684,1.74732961305499,1.7232302366747447,1.8293520409892396,1.846424883858247,1.6978688938261293,2.6864955791288763,2.236573295278567,2.404924813559527,0.986050802712511,1.6803965688486042,3.7941308049091242,1.9019002268151632,1.4944432441247706,3.449016008844124,1.4237823501391875
3.228957994755305,4.317179158255876,1.8498571716748844,4.035644163768893,5.265531905450039,5.143353573916407,3.5828260453494396,5.157979854263591,4.245592347515284,1.126746004025478,2.236573295278567,1.0699201826570324,3.076051077177556,1.6803965688486042,1.2648991066378097,3.821078879365726,4.994837887877391,3.449016008844124,3.506062131275245
1.7655687494345969,2.6446160772697977,0.7442385417919153,1.6132470145063027,1.6970695803064892,1.78565752053574,1.756290624140898,1.7977255460581685,1.910179181633559,1.646662529059944,2.236573295278567,2.404924813559527,3.076051077177556,2.7845387336497502,2.4850558048272915,2.9032108281458915,1.559142481615933,1.8274347021965223,1.5626010022149246
3.228957994755305,2.391612799795378,2.3335653222486834,2.2596149196950965,1.8478496785519913,1.9506439135969413,2.012005583110094,1.6759772015579721,2.006683857909663,5.286078204301206,2.236573295278567,3.739929444462023,0.986050802712511,2.7845387336497502,3.067964672788259,1.8184576767042693,2.0153550536689995,1.8274347021965223,2.5343315667450845
3.228957994755305,0.9415717933409793,0.7787891239757581,1.4561025237952654,1.671939563932239,1.6162120357701815,1.7014945615046417,1.7003268704580115,1.5434614117843624,1.646662529059944,2.236573295278567,2.404924813559527,3.076051077177556,2.7845387336497502,3.314959955822567,3.3204235787003618,1.3633858143349806,1.8274347021965223,1.007326393911976
3.228957994755305,2.5733848514904984,2.1953629935133123,1.9690458613992168,1.7724596294292403,1.736607511787815,1.6466984988683855,1.7246765393580508,2.296197886737976,4.246245154232274,2.236573295278567,3.739929444462023,3.076051077177556,3.888680898450896,3.0976041067523754,1.5681300263715872,1.7631939229342137,1.8274347021965223,1.979056958442136
3.228957994755305,2.3066743257415236,1.91895833604257,1.6755118127125626,1.7221995966807397,2.0398257476840773,2.815681168441852,2.3090685929589934,3.743768030879542,1.646662529059944,2.236573295278567,1.0699201826570324,3.076051077177556,1.6803965688486042,2.4257769368990574,0.48337687492996495,1.9788580479047542,1.8274347021965223,2.1178756105178733
3.228957994755305,1.0104797567008623,1.9880595004102555,1.5420872451277199,2.048889809545994,1.8302484375793078,1.7014945615046417,1.8707745527582864,2.045285728420105,2.6864955791288763,2.236573295278567,2.404924813559527,3.076051077177556,2.7845387336497502,1.828048351956032,0.900589625484435,1.5707551652681928,1.8274347021965223,1.5626010022149246
3.228957994755305,2.6199894956239866,1.9535089182264127,2.105435419374834,2.1494098750429953,2.1691394071104244,1.7197599157167271,1.9438235594584041,2.4699063040349643,2.16657905409441,2.236573295278567,2.404924813559527,3.076051077177556,2.7845387336497502,0.96850476699664,3.4038661288112557,2.061805788278039,1.8274347021965223,2.5343315667450845
1.7655687494345969,3.310091364687361,0.9169914527111291,4.667187117003815,2.6017501697795016,4.229239774523264,4.29517485962077,2.576914950859426,2.547110045055848,1.646662529059944,2.236573295278567,1.0699201826570324,0.986050802712511,0.5762544040474584,1.551413634957607,2.8197682780349975,4.5751223215885695,3.719279559952058,3.0896061750480333
1.7655687494345969,1.7685138189079654,3.7155886096023947,1.6814417934941113,2.048889809545994,1.7098529615616742,1.884148103625496,1.9925228972584828,1.890878246378338,2.16657905409441,2.236573295278567,2.404924813559527,3.076051077177556,2.7845387336497502,2.8506088237180673,2.1522278771478454,1.6155469450697666,1.8274347021965223,1.7014196542906617
1.7655687494345969,4.181035980478089,2.264464157880998,5.212745348906283,2.275059956914247,4.91593989699421,3.3636417948044146,2.3821175996591113,2.4120034982693017,1.126746004025478,2.236573295278567,1.0699201826570324,0.986050802712511,0.5762544040474584,1.8478079745987768,4.154849079809302,5.004791616722185,4.800333764383792,4.338974043729667
3.228957994755305,4.309280066029861,3.231880459028596,4.444812837695744,2.5012301042825005,3.448898726260825,3.6193567537736104,4.110944091561901,1.7943735701022336,1.646662529059944,2.236573295278567,2.404924813559527,0.986050802712511,1.6803965688486042,1.0179038236035016,3.236981028589468,4.132181387995228,4.259806662167925,2.6731502188208216
3.228957994755305,0.5548879962533544,3.6119368630508664,1.4472075526229427,1.7221995966807397,1.6295893108832518,1.6832292072925563,1.7003268704580115,1.5820632822948042,2.16657905409441,2.236573295278567,3.739929444462023,3.076051077177556,3.888680898450896,2.751810710504344,3.0700959283676794,1.3683626787573777,1.8274347021965223,1.1461450459877132
0.3021795041138886,4.405695456435632,0.7787891239757581,2.7577333053451762,2.1996699077914963,2.14684394858864,2.596496917896827,4.1352937604619395,2.6822165918423937,1.126746004025478,2.236573295278567,1.0699201826570324,3.076051077177556,1.6803965688486042,0.7709085405691936,1.4012449261497992,2.668983247810484,5.8813879688155275,3.506062131275245
3.228957994755305,3.5998951188853323,3.1627792946609103,2.9237727672285363,2.249929940539997,2.111171214953786,4.916196902831675,2.357767930759072,2.334799757248418,1.646662529059944,2.236573295278567,1.0699201826570324,3.076051077177556,1.6803965688486042,3.8929289181228475,1.8184576767042693,2.811653361252534,3.719279559952058,2.6731502188208216
1.7655687494345969,2.5476431038833676,2.229913575697155,2.099505438593285,2.2247999241657466,2.1825166822234947,2.3955780215638875,2.43081693745919,2.0838875989305468,2.6864955791288763,2.236573295278567,2.404924813559527,3.076051077177556,2.7845387336497502,3.3100200501618806,1.8184576767042693,2.1298229353841327,1.8274347021965223,2.6731502188208216
1.7655687494345969,1.4364266886766204,1.9535089182264127,2.138050313673351,1.74732961305499,2.2181894158583493,1.6466984988683855,1.846424883858247,1.9294801168887799,3.206412104163342,2.236573295278567,2.404924813559527,3.076051077177556,2.7845387336497502,3.201342125626785,1.9853427769260572,2.012037144054068,2.6382253555203232,2.5343315667450845
0.3021795041138886,3.0562981779903406,3.1627792946609103,1.6962667454479825,2.626880186153752,1.8882166297359462,2.249455187867204,2.5525652819593865,2.778721268118498,1.646662529059944,2.236573295278567,2.404924813559527,0.986050802712511,1.6803965688486042,1.4674352387259422,1.4012449261497992,1.876002849841881,1.8274347021965223,2.1178756105178733
3.228957994755305,1.04435292277595,2.9209252193740105,1.450172543013717,1.7221995966807397,1.625130219178895,1.7014945615046417,1.7246765393580508,1.5434614117843624,1.646662529059944,2.236573295278567,2.404924813559527,0.986050802712511,1.6803965688486042,2.9494069369317906,2.2356704272587393,1.3683626787573777,1.8274347021965223,1.1461450459877132
1.7655687494345969,1.2401574794843435,1.8844077538587272,1.4412775718413942,1.7221995966807397,1.6117529440658247,1.6832292072925563,1.6759772015579721,1.4855586060186998,1.646662529059944,2.236573295278567,2.404924813559527,0.986050802712511,1.6803965688486042,1.5118943896721178,2.485998077591421,1.3484552210677894,1.8274347021965223,1.007326393911976
3.228957994755305,0.9873400630034774,1.6425536785718275,1.4768574565306856,2.0991498422944947,1.6741802279268199,2.012005583110094,2.1873202484587972,1.910179181633559,2.6864955791288763,2.236573295278567,2.404924813559527,3.076051077177556,2.7845387336497502,3.8534096728373584,2.2356704272587393,1.5176686114292903,3.449016008844124,1.5626010022149246
3.228957994755305,1.4659321214032055,1.6425536785718275,1.4590675141860399,1.74732961305499,1.6028347606571112,1.6466984988683855,1.6759772015579721,1.4855586060186998,1.646662529059944,2.236573295278567,1.0699201826570324,0.986050802712511,0.5762544040474584,0.6721104273554703,2.5694406277023156,1.3534320854901865,1.8274347021965223,1.007326393911976
1.7655687494345969,2.0766713462193245,0.8478902883434436,1.6310369568509482,1.671939563932239,1.6608029528137496,1.6466984988683855,1.6759772015579721,1.6399660880604667,2.6864955791288763,2.236573295278567,3.739929444462023,0.986050802712511,2.7845387336497502,1.9910652387586754,2.0687853270369514,1.4795126508575795,1.8274347021965223,1.4237823501391875
3.228957994755305,1.330671783344797,3.991993267073137,1.533192273955397,1.671939563932239,1.6474256777006793,1.6832292072925563,1.6759772015579721,1.5241604765291417,2.16657905409441,2.236573295278567,2.404924813559527,3.076051077177556,2.7845387336497502,1.7440699557243673,1.6515725764824811,1.4131544585589517,1.8274347021965223,1.2849636980634502
3.228957994755305,2.8787079986501696,2.7481723084547967,3.1342870849735105,3.682340873872267,3.49794873500875,5.445892174982152,3.940496409261626,3.0296334264363693,2.6864955791288763,2.236573295278567,2.404924813559527,3.076051077177556,2.7845387336497502,3.453277314321779,2.2356704272587393,3.7555986467005154,1.8274347021965223,3.367243479199508
3.228957994755305,1.8543351326811983,2.9900263837416965,2.3633895833721965,1.671939563932239,1.7276893283791015,1.7197599157167271,1.6759772015579721,3.2419437142437992,3.206412104163342,2.236573295278567,2.404924813559527,0.986050802712511,1.6803965688486042,3.0630247671275725,2.7363257279241036,2.0584878786631076,2.6382253555203232,2.3955129146693475
1.7655687494345969,3.116656535646772,3.1627792946609103,1.9690458613992168,1.7221995966807397,1.8079529790575237,1.9572095204738376,1.9925228972584828,1.8715773111231173,1.646662529059944,2.236573295278567,2.404924813559527,0.986050802712511,1.6803965688486042,1.9960051444193616,3.1535384784785734,1.7963730190835276,1.8274347021965223,2.1178756105178733
1.7655687494345969,2.977678977717298,3.7501391917862374,3.09277721950267,2.023759793171744,2.093334848136359,1.8293520409892396,2.016872566158522,2.1610913399514304,2.6864955791288763,2.236573295278567,2.404924813559527,3.076051077177556,2.7845387336497502,1.1759808047454587,2.5694406277023156,2.566128049747611,1.8274347021965223,3.367243479199508
3.228957994755305,3.263440255305485,3.4391839521316525,3.1698669696628015,2.9535703990190063,5.745330954004575,4.93446225704376,2.503865944159308,3.1454390379676944,1.646662529059944,2.236573295278567,1.0699201826570324,0.986050802712511,0.5762544040474584,2.588793823701701,3.236981028589468,4.429134298531588,1.8274347021965223,2.811968870896559
3.228957994755305,1.7385437336974972,0.6751373774242297,1.7081267070110797,1.6970695803064892,1.736607511787815,1.884148103625496,1.9681732283584434,1.7171698290813504,2.6864955791288763,2.236573295278567,2.404924813559527,0.986050802712511,1.6803965688486042,3.0580848614668863,0.900589625484435,1.6006163518025753,1.8274347021965223,1.7014196542906617
3.228957994755305,4.42098252315539,3.370082787763967,4.121628885101347,2.7525302680250037,4.866889888246286,2.377312667351802,6.399812968165595,1.890878246378338,1.646662529059944,2.236573295278567,1.0699201826570324,3.076051077177556,1.6803965688486042,2.20348118216818,1.6515725764824811,4.546920089861652,6.151651519923461,3.783699435426719
0.3021795041138886,1.5201106010239902,3.819240356153923,2.105435419374834,4.737801561590781,2.13346667347557,5.445892174982152,4.81708448966304,2.064586663675326,4.246245154232274,2.236573295278567,1.0699201826570324,3.076051077177556,1.6803965688486042,3.147003163359237,1.317802376038905,2.718751892034455,1.8274347021965223,3.506062131275245
3.228957994755305,3.092308745491291,1.711654842939513,4.379583049098709,4.4865013978482775,3.448898726260825,2.413843375775973,2.8447613087598578,2.2768969514827555,1.646662529059944,2.236573295278567,1.0699201826570324,0.986050802712511,0.5762544040474584,4.001606842657943,3.236981028589468,4.072459014926464,3.449016008844124,3.922518087502456
0.3021795041138886,1.6520254411984396,2.229913575697155,1.462032504576814,1.6970695803064892,1.5983756689527544,1.6832292072925563,1.7003268704580115,1.601364217550025,1.646662529059944,2.236573295278567,3.739929444462023,3.076051077177556,3.888680898450896,2.845668918057381,1.8184576767042693,1.3650447691424463,1.8274347021965223,1.007326393911976
3.228957994755305,1.629071608494608,1.124294945814186,1.43831258145062,1.74732961305499,1.651884769405036,1.9206788120496667,2.1873202484587972,1.6785679585709086,1.646662529059944,2.236573295278567,1.0699201826570324,3.076051077177556,1.6803965688486042,2.983986276556594,1.1509172758171171,1.4363798258634715,3.449016008844124,1.2849636980634502
3.228957994755305,1.2179935560031134,3.7155886096023947,1.4649974949675884,1.6970695803064892,1.6608029528137496,1.7197599157167271,1.7003268704580115,1.5434614117843624,2.6864955791288763,2.236573295278567,3.739929444462023,3.076051077177556,3.888680898450896,2.7616905218257166,2.485998077591421,1.388270136446966,1.8274347021965223,1.2849636980634502
3.228957994755305,0.9540709451574383,1.711654842939513,1.4798224469214598,1.671939563932239,1.5983756689527544,1.6466984988683855,1.6759772015579721,1.5241604765291417,2.16657905409441,12.555767160837407,3.739929444462023,0.986050802712511,2.7845387336497502,1.0376634462462462,3.821078879365726,1.361726859527515,1.8274347021965223,1.1461450459877132
3.228957994755305,1.3257000017672464,3.231880459028596,1.4531375334044911,1.671939563932239,1.6117529440658247,1.6466984988683855,1.74902620825809,1.601364217550025,1.646662529059944,2.236573295278567,5.074934075364517,3.076051077177556,4.992823063252041,3.7595514652843214,2.0687853270369514,1.3633858143349806,1.8274347021965223,1.007326393911976
3.228957994755305,1.2479171759651935,2.091711246961784,1.4946473988753313,1.7724596294292403,1.6652620445181063,1.8658827494134105,1.9194738905583648,1.736470764336571,2.6864955791288763,2.236573295278567,2.404924813559527,3.076051077177556,2.7845387336497502,1.2648991066378097,1.5681300263715872,1.4562872835530598,1.8274347021965223,1.4237823501391875
1.7655687494345969,1.9554899784225777,2.4717676509840545,1.470927475749137,1.9232397276747424,1.718771144970388,1.7197599157167271,1.846424883858247,1.775072634847013,1.646662529059944,2.236573295278567,2.404924813559527,3.076051077177556,2.7845387336497502,2.8110895784325782,1.234359825928011,1.4579462383605253,1.8274347021965223,1.2849636980634502
3.228957994755305,2.159007766363433,2.4717676509840545,1.7437065917003711,2.3504500060369984,1.892675721440303,2.596496917896827,1.846424883858247,1.5820632822948042,4.246245154232274,2.236573295278567,3.739929444462023,3.076051077177556,3.888680898450896,1.3735770311729052,3.4038661288112557,1.7665118325491451,1.8274347021965223,2.1178756105178733
1.7655687494345969,3.498693807895565,1.435250185468771,3.86070973071321,3.104350497264509,2.6685576779983857,2.468639438412229,1.6759772015579721,1.6978688938261293,2.16657905409441,2.236573295278567,2.404924813559527,3.076051077177556,2.7845387336497502,1.2994784462626128,3.7376363292548316,3.276160707342929,1.8274347021965223,2.950787522972296
1.7655687494345969,3.2336095658401813,2.6099699797194256,3.6620553745313327,2.7525302680250037,2.597212210728677,2.907007939502279,1.9194738905583648,5.422949398083757,2.16657905409441,2.236573295278567,2.404924813559527,3.076051077177556,2.7845387336497502,3.048205050145514,2.6528831778132096,3.49182483231347,1.8274347021965223,4.20015539165393
1.7655687494345969,1.4420489837316075,2.3335653222486834,1.4679624853583628,1.74732961305499,1.6652620445181063,1.7745559783529834,1.74902620825809,1.5434614117843624,2.16657905409441,2.236573295278567,2.404924813559527,3.076051077177556,2.7845387336497502,1.2105601443702618,1.4846874762606932,1.4032007297141575,1.8274347021965223,1.4237823501391875
3.228957994755305,1.2983319704665242,0.8478902883434436,1.4561025237952654,1.6970695803064892,1.6028347606571112,1.6466984988683855,1.7733758771581294,1.6399660880604667,1.646662529059944,2.236573295278567,3.739929444462023,3.076051077177556,3.888680898450896,2.929647314289046,2.6528831778132096,1.3683626787573777,1.8274347021965223,1.007326393911976
3.228957994755305,1.0009543807812562,1.6425536785718275,1.4857524277030083,1.74732961305499,1.6162120357701815,1.7197599157167271,1.7246765393580508,1.7171698290813504,1.646662529059944,2.236573295278567,1.0699201826570324,0.986050802712511,0.5762544040474584,1.8478079745987768,3.6541937791439376,1.4032007297141575,1.8274347021965223,1.1461450459877132
1.7655687494345969,2.2387885978461837,0.8133397061596008,2.9712126134809247,1.8729796949262416,2.5838349356156063,2.231189833655119,2.869110977659897,2.296197886737976,3.206412104163342,2.236573295278567,2.404924813559527,3.076051077177556,2.7845387336497502,3.848469767176672,3.987963979587514,2.7768153102957545,4.259806662167925,3.644880783350982
0.3021795041138886,0.2681044832006241,4.02654384925698,1.4442425622321684,2.0991498422944947,1.6652620445181063,1.884148103625496,2.016872566158522,2.1417904046962093,3.206412104163342,2.236573295278567,2.404924813559527,3.076051077177556,2.7845387336497502,4.03124627662206,0.984032175595329,1.4927842893173051,1.8274347021965223,1.4237823501391875
1.7655687494345969,3.0846884447556056,3.4046333699478097,3.2617816717768044,2.7776602843992544,2.548162201980752,1.6466984988683855,2.08992157285864,2.180392275206651,2.16657905409441,2.236573295278567,2.404924813559527,0.986050802712511,1.6803965688486042,2.9395271256104185,4.154849079809302,2.8697167795138334,4.259806662167925,3.783699435426719
3.228957994755305,3.0432414431932218,0.7787891239757581,2.3633895833721965,2.551490137031001,3.025285014346929,2.4869047926243146,1.846424883858247,4.245592347515284,2.6864955791288763,2.236573295278567,2.404924813559527,3.076051077177556,2.7845387336497502,1.6502117481713303,3.4873086789221497,2.7668615814509603,1.8274347021965223,3.367243479199508
3.228957994755305,0.7396802890937153,3.059127548109382,1.4738924661399113,1.6970695803064892,1.692016594744247,1.6466984988683855,1.7977255460581685,1.5048595412739207,2.6864955791288763,2.236573295278567,2.404924813559527,3.076051077177556,2.7845387336497502,1.7193704274209365,1.735015126593375,1.4015417749066916,1.8274347021965223,1.4237823501391875
3.228957994755305,2.517673018672899,1.7462054251233559,2.567973920335622,3.1797405463872597,3.2125668659299147,3.82027565010655,4.1352937604619395,5.963375585229942,3.206412104163342,2.236573295278567,2.404924813559527,3.076051077177556,2.7845387336497502,2.6925318425761104,1.8184576767042693,3.4171718659775134,1.8274347021965223,4.061336739578193
3.228957994755305,1.7809665054760362,3.4737345343154953,1.7555665532634683,2.400710038785499,1.999693922344866,2.158128416806777,1.9194738905583648,4.284194218025726,1.646662529059944,2.236573295278567,2.404924813559527,3.076051077177556,2.7845387336497502,1.9416661821518137,1.0674747257062231,2.013696098861534,2.6382253555203232,2.1178756105178733
3.228957994755305,2.7495810733790194,1.573452514204142,2.046135611559348,2.0991498422944947,1.9283484550751573,2.3042512505034605,2.08992157285864,2.218994145717093,2.16657905409441,2.236573295278567,2.404924813559527,3.076051077177556,2.7845387336497502,1.6057525972251547,3.9045214294766195,1.9771990930972885,1.8274347021965223,2.3955129146693475
3.228957994755305,3.41984228138058,3.8883415205216085,3.0749872771580247,3.7326009066207675,2.7354440535637377,3.345376440592329,3.1613070044603684,2.662915656587173,3.206412104163342,2.236573295278567,3.739929444462023,3.076051077177556,3.888680898450896,3.7150923143381456,1.6515725764824811,3.166669690050193,1.8274347021965223,4.061336739578193
3.228957994755305,2.739544579727142,1.435250185468771,2.1410153040641253,3.93364103761477,2.552621293685109,2.7974158142297667,1.8220752149582078,1.9487810521440008,3.206412104163342,2.236573295278567,2.404924813559527,0.986050802712511,1.6803965688486042,2.529514955773467,3.821078879365726,2.3869609305413158,1.8274347021965223,3.0896061750480333
3.228957994755305,1.7168909279485387,3.991993267073137,1.462032504576814,1.671939563932239,1.7499847869008853,1.9206788120496667,1.7977255460581685,1.7171698290813504,1.646662529059944,2.236573295278567,2.404924813559527,3.076051077177556,2.7845387336497502,2.8506088237180673,1.0674747257062231,1.4579462383605253,1.8274347021965223,1.2849636980634502
3.228957994755305,2.7733248153054526,1.5043513498364565,3.9437294616548897,5.541962085566793,3.029744106051286,5.318034695497555,3.1613070044603684,2.991031555925928,1.646662529059944,2.236573295278567,1.0699201826570324,3.076051077177556,1.6803965688486042,3.0877242954310034,1.234359825928011,4.08904856300112,2.6382253555203232,3.783699435426719
3.228957994755305,2.232051136829877,3.819240356153923,2.028345669214702,2.853050333522005,2.4678985513023295,2.6512929805330834,2.698663295359622,4.361397959046609,1.646662529059944,2.236573295278567,1.0699201826570324,0.986050802712511,0.5762544040474584,2.6777121255940517,0.48337687492996495,2.4748855353369974,1.8274347021965223,2.950787522972296
3.228957994755305,3.788915749329031,4.02654384925698,2.713258449483562,3.90851102124052,4.487867093375959,1.9389441662617521,4.15964342936198,3.4542540020512287,6.325911254370139,2.236573295278567,5.074934075364517,0.986050802712511,3.888680898450896,3.7595514652843214,2.2356704272587393,3.6361539005629853,1.8274347021965223,3.2284248271237703
3.228957994755305,1.2675255107850658,1.2970478567333998,1.4472075526229427,1.8227196621777408,1.6563438611093928,1.8293520409892396,1.7977255460581685,1.5241604765291417,2.16657905409441,2.236573295278567,2.404924813559527,3.076051077177556,2.7845387336497502,1.6353920311892718,1.317802376038905,1.3998828200992262,1.8274347021965223,1.2849636980634502
1.7655687494345969,2.013199816920875,3.4046333699478097,1.5391222547369456,1.671939563932239,1.6206711274745382,1.7014945615046417,1.6759772015579721,1.5434614117843624,1.646662529059944,2.236573295278567,2.404924813559527,3.076051077177556,2.7845387336497502,1.6255122198678995,1.4846874762606932,1.4098365489440203,1.8274347021965223,1.2849636980634502
3.228957994755305,1.6457990979144044,3.4046333699478097,1.9245710055376024,2.6017501697795016,1.8748393546228757,2.541700855260571,2.503865944159308,3.7244670956243207,5.286078204301206,2.236573295278567,2.404924813559527,3.076051077177556,2.7845387336497502,3.828710144533927,2.1522278771478454,2.1016207036572156,1.8274347021965223,2.3955129146693475
3.228957994755305,1.918550105953861,3.370082787763967,1.5628421778631396,1.8478496785519913,2.030907564275364,1.7197599157167271,2.284718924058954,2.3154988219931973,2.6864955791288763,2.236573295278567,2.404924813559527,0.986050802712511,1.6803965688486042,1.6304521255285855,2.2356704272587393,1.696835730635586,1.8274347021965223,1.840238306366399
3.228957994755305,2.389428933121127,2.368115904432526,1.8119013706881795,1.671939563932239,1.6830984113355334,1.6466984988683855,1.7003268704580115,1.620665152805246,1.646662529059944,2.236573295278567,2.404924813559527,3.076051077177556,2.7845387336497502,0.6869301443375289,3.1535384784785734,1.5890036681503155,1.8274347021965223,1.7014196542906617
3.228957994755305,2.954167562032806,2.713621726270954,3.5434557589003615,1.671939563932239,2.766657695494235,3.8385410043186354,3.623950713561115,2.1417904046962093,1.646662529059944,2.236573295278567,1.0699201826570324,3.076051077177556,1.6803965688486042,2.0256445783834787,1.9853427769260572,3.335883080411694,3.449016008844124,4.338974043729667
3.228957994755305,3.4726732687981037,2.1608124113294696,3.433751114441713,5.7178722001865445,3.489030551600036,5.482422883406324,2.7473626331597005,2.6050128508215105,2.16657905409441,2.236573295278567,2.404924813559527,0.986050802712511,1.6803965688486042,3.9522077860510816,2.2356704272587393,3.939742630329208,3.449016008844124,2.2566942625936104
0.3021795041138886,3.6853447106714583,0.640586795240387,2.7636632861267247,2.325319989662748,3.9750715473749265,2.980069356350621,4.0622447537618225,1.9873829226544424,1.646662529059944,2.236573295278567,1.0699201826570324,3.076051077177556,1.6803965688486042,1.4970746726900592,4.154849079809302,3.3309062159892973,1.8274347021965223,3.506062131275245
3.228957994755305,1.4469743000607695,1.6080030963879848,1.4946473988753313,1.7221995966807397,1.6429665859963223,1.6466984988683855,1.7246765393580508,1.5820632822948042,1.646662529059944,2.236573295278567,3.739929444462023,3.076051077177556,3.888680898450896,2.9444670312711043,3.821078879365726,1.3982238652917602,1.8274347021965223,1.1461450459877132
3.228957994755305,2.5124224456050186,1.8498571716748844,2.517569083692459,1.7724596294292403,1.8168711624662373,1.756290624140898,1.7733758771581294,3.3191474552646825,4.246245154232274,2.236573295278567,3.739929444462023,0.986050802712511,2.7845387336497502,1.9713056161159308,1.8184576767042693,2.2011579921051574,2.097698253304456,2.6731502188208216
3.228957994755305,3.46584287728502,2.3335653222486834,2.9890025558255706,2.551490137031001,2.5437031102763954,2.907007939502279,2.9665096532600543,2.1610913399514304,2.16657905409441,2.236573295278567,2.404924813559527,0.986050802712511,1.6803965688486042,0.6227113707486087,3.1535384784785734,2.873034689128765,1.8274347021965223,2.3955129146693475
1.7655687494345969,1.6354373475238082,2.229913575697155,1.5806321202077855,1.671939563932239,1.6608029528137496,1.6466984988683855,1.6759772015579721,1.5627623470395833,2.16657905409441,2.236573295278567,3.739929444462023,0.986050802712511,2.7845387336497502,0.7215094839623319,3.4873086789221497,1.4446745999007997,1.8274347021965223,1.4237823501391875
3.228957994755305,2.1868404501480385,3.991993267073137,1.5035423700476542,1.671939563932239,1.6385074942919655,1.7014945615046417,1.6759772015579721,1.775072634847013,1.646662529059944,2.236573295278567,3.739929444462023,3.076051077177556,3.888680898450896,0.6029517481058639,3.6541937791439376,1.4164723681738831,1.8274347021965223,1.1461450459877132
3.228957994755305,1.0105262219492508,2.402666486616369,1.512437341219977,1.8227196621777408,1.7098529615616742,1.8658827494134105,2.08992157285864,2.2382950809723137,1.646662529059944,2.236573295278567,1.0699201826570324,0.986050802712511,0.5762544040474584,2.8950679746642427,2.6528831778132096,1.5408939787338103,1.8274347021965223,1.4237823501391875
3.228957994755305,3.2245953076528466,3.4046333699478097,4.269878404640061,5.667612167438044,3.5826714773915285,2.012005583110094,1.6759772015579721,2.0838875989305468,2.6864955791288763,2.236573295278567,2.404924813559527,0.986050802712511,1.6803965688486042,3.7052125030167735,1.9853427769260572,4.006100822627836,1.8274347021965223,3.922518087502456
1.7655687494345969,3.180499786932328,0.9860926170788147,3.006792498170216,3.883381004866269,2.3385848918759824,2.907007939502279,2.7473626331597005,4.052582994963076,2.6864955791288763,2.236573295278567,2.404924813559527,0.986050802712511,1.6803965688486042,2.282519672739159,1.735015126593375,3.0422480794902658,1.8274347021965223,3.783699435426719
3.228957994755305,2.682531719954669,1.6425536785718275,3.5760706531988786,2.0991498422944947,2.227107599267063,1.6466984988683855,1.8707745527582864,5.26854191604199,2.16657905409441,2.236573295278567,2.404924813559527,3.076051077177556,2.7845387336497502,3.2556810878943327,3.9045214294766195,3.1318316390934133,1.8274347021965223,3.783699435426719
3.228957994755305,1.7020685137126637,3.197329876844753,1.5450522355184941,1.671939563932239,1.8391666209880213,2.012005583110094,1.8707745527582864,1.755771699591792,2.6864955791288763,2.236573295278567,2.404924813559527,3.076051077177556,2.7845387336497502,1.4970746726900592,2.3191129773696333,1.5541656171935359,1.8274347021965223,1.5626010022149246
1.7655687494345969,3.1739481869095743,2.5063182331678973,3.1698669696628015,3.0289604481417576,3.141221398660206,2.94353864792645,2.9908593221600936,3.994680189197413,1.646662529059944,2.236573295278567,1.0699201826570324,3.076051077177556,1.6803965688486042,1.8082887293132874,1.234359825928011,3.3906285890580623,1.8274347021965223,2.811968870896559
3.228957994755305,1.8968973002049023,3.8537909383377658,1.5154023316107512,1.6970695803064892,1.6385074942919655,1.6466984988683855,1.6759772015579721,1.4855586060186998,2.16657905409441,2.236573295278567,3.739929444462023,3.076051077177556,3.888680898450896,3.2211017482695294,1.5681300263715872,1.3949059556768288,1.8274347021965223,1.2849636980634502
3.228957994755305,3.0534637978386527,2.817273472822482,3.6739153360944297,3.682340873872267,2.5570803853894657,2.1763937710188626,3.623950713561115,1.6978688938261293,3.726328629197808,2.236573295278567,2.404924813559527,3.076051077177556,2.7845387336497502,3.976907314354512,1.9019002268151632,3.274501752535463,1.8274347021965223,4.338974043729667
3.228957994755305,3.034924163731712,3.819240356153923,3.0423723828595075,2.551490137031001,2.1825166822234947,2.06680164574635,5.352777205463904,3.550758678327333,2.16657905409441,2.236573295278567,2.404924813559527,0.986050802712511,1.6803965688486042,3.2507411822336465,3.821078879365726,2.974230932384172,1.8274347021965223,2.3955129146693475
3.228957994755305,1.8800768802883292,2.0226100825940985,1.5480172259092684,2.048889809545994,1.6563438611093928,1.9572095204738376,1.8220752149582078,1.620665152805246,1.646662529059944,2.236573295278567,1.0699201826570324,3.076051077177556,1.6803965688486042,2.0503441066869095,4.071406529698407,1.4927842893173051,1.8274347021965223,1.4237823501391875
1.7655687494345969,3.525783047705957,3.059127548109382,5.12083064679228,2.5012301042825005,3.0698759313904973,2.0302709373221792,2.4795162752592685,1.7943735701022336,2.16657905409441,2.236573295278567,2.404924813559527,3.076051077177556,2.7845387336497502,3.5915946728209915,3.7376363292548316,4.113932885113106,1.8274347021965223,2.6731502188208216
3.228957994755305,1.395397874349731,3.957442684889294,1.4857524277030083,1.6970695803064892,1.6786393196311766,1.9389441662617521,2.016872566158522,2.0259847931648842,2.16657905409441,2.236573295278567,2.404924813559527,3.076051077177556,2.7845387336497502,1.0080240122821293,1.0674747257062231,1.4894663797023737,1.8274347021965223,1.5626010022149246
3.228957994755305,1.5156964024270996,3.4391839521316525,1.4768574565306856,1.74732961305499,1.6563438611093928,1.6832292072925563,1.7003268704580115,1.6978688938261293,1.646662529059944,2.236573295278567,2.404924813559527,3.076051077177556,2.7845387336497502,1.8379281632774043,1.4846874762606932,1.406518639329089,1.8274347021965223,1.1461450459877132
3.228957994755305,2.4561994950551473,2.817273472822482,2.544253997209428,1.7724596294292403,2.0086121057535795,1.8658827494134105,1.8951242216583257,1.9487810521440008,2.6864955791288763,2.236573295278567,2.404924813559527,3.076051077177556,2.7845387336497502,2.2084210878288664,3.987963979587514,2.187886353645432,1.8274347021965223,2.811968870896559
3.228957994755305,3.2588866609634293,3.5773862808670236,1.9749758421807653,6.145082478548801,2.3831758089195505,3.5280299827131834,2.6256142886595044,2.1224894694409886,1.646662529059944,2.236573295278567,2.404924813559527,3.076051077177556,2.7845387336497502,1.5069544840114315,3.4038661288112557,2.5130414959087086,1.8274347021965223,3.2284248271237703
3.228957994755305,1.0948606477740572,2.402666486616369,1.4738924661399113,1.671939563932239,1.6385074942919655,1.6466984988683855,1.7246765393580508,1.6592670233156877,1.646662529059944,2.236573295278567,2.404924813559527,3.076051077177556,2.7845387336497502,2.0058849557407337,2.3191129773696333,1.388270136446966,1.8274347021965223,1.1461450459877132
1.7655687494345969,1.8711555525977712,1.435250185468771,1.7970764187343082,3.7577309229950178,2.7800349706073053,3.199253606895646,3.11260766666029,2.1610913399514304,2.16657905409441,2.236573295278567,1.0699201826570324,0.986050802712511,0.5762544040474584,3.230981559590902,0.817147075373541,2.4101862978458355,3.449016008844124,3.0896061750480333
3.228957994755305,3.149879188244423,3.9228921027054513,3.288466585293773,4.687541528842281,3.4355214511477543,3.856806358530721,3.623950713561115,3.2805455847542406,1.646662529059944,2.236573295278567,1.0699201826570324,3.076051077177556,1.6803965688486042,2.351678351988765,1.1509172758171171,3.7406680534333243,1.8274347021965223,3.367243479199508
3.228957994755305,2.926520739241754,1.0206431992626577,1.963115880617668,3.1797405463872597,2.6640985862940285,1.884148103625496,2.9908593221600936,2.527809109800627,2.16657905409441,2.236573295278567,2.404924813559527,0.986050802712511,1.6803965688486042,1.2895986349412405,2.2356704272587393,2.325579602665085,3.449016008844124,2.950787522972296
1.7655687494345969,1.215484432590144,2.091711246961784,1.470927475749137,1.671939563932239,1.607293852361468,1.6466984988683855,1.6759772015579721,1.6399660880604667,1.646662529059944,2.236573295278567,2.404924813559527,3.076051077177556,2.7845387336497502,2.3615581633101375,1.6515725764824811,1.3700216335648436,1.8274347021965223,1.1461450459877132
0.3021795041138886,0.9475658103830729,3.3009816233962814,1.43831258145062,1.74732961305499,1.696475686448604,2.2677205420792896,1.846424883858247,2.0838875989305468,1.646662529059944,2.236573295278567,1.0699201826570324,0.986050802712511,0.5762544040474584,1.0524831632283047,3.0700959283676794,1.4961021989322365,1.8274347021965223,1.4237823501391875
3.228957994755305,1.2114884212287482,2.0226100825940985,1.4531375334044911,2.325319989662748,1.7945757039444534,2.3407819589276313,1.8951242216583257,2.4313044335245224,2.16657905409441,2.236573295278567,2.404924813559527,3.076051077177556,2.7845387336497502,3.907748635104906,1.9853427769260572,1.618864854684698,1.8274347021965223,1.5626010022149246
3.228957994755305,2.3195916647934776,1.7462054251233559,2.298159794775162,1.8227196621777408,1.692016594744247,1.884148103625496,1.8220752149582078,3.26124464949902,3.206412104163342,2.236573295278567,2.404924813559527,3.076051077177556,2.7845387336497502,3.547135521874816,3.0700959283676794,2.045216240203382,1.8274347021965223,2.3955129146693475
3.228957994755305,3.101880586659285,2.2990147400648406,3.6768803264852044,1.9734997604232432,3.306207791721407,2.249455187867204,3.8430977336614687,3.2033418437333574,1.646662529059944,2.236573295278567,1.0699201826570324,3.076051077177556,1.6803965688486042,3.2161618426088436,0.7337045252626471,3.593021075568877,1.8274347021965223,4.6166113478811415
3.228957994755305,2.5586553677514,1.4698007676526137,3.374451306626227,2.626880186153752,2.307371249945485,2.7791504600176813,2.8204116398598185,2.199693210461872,2.6864955791288763,2.236573295278567,2.404924813559527,3.076051077177556,2.7845387336497502,3.048205050145514,2.3191129773696333,2.9875025708438976,1.8274347021965223,3.922518087502456
0.3021795041138886,3.962091730072311,2.7481723084547967,2.0105557268700567,2.3001899732884974,4.296126150088616,2.8704772310781084,2.08992157285864,2.4313044335245224,1.646662529059944,2.236573295278567,1.0699201826570324,3.076051077177556,1.6803965688486042,3.3594191067687422,0.399934324819071,2.9211443785452698,1.8274347021965223,2.950787522972296
3.228957994755305,3.628610642389316,0.8478902883434436,3.905184586574824,3.506430759252514,3.2839123331996234,3.728948879046123,3.4535030312608397,2.3154988219931973,1.646662529059944,2.236573295278567,2.404924813559527,3.076051077177556,2.7845387336497502,1.0327235405855602,3.1535384784785734,3.8451822063036634,2.908488906628257,3.644880783350982
3.228957994755305,1.3520457976034255,1.1933961101818715,1.4768574565306856,1.9483697440489927,1.6563438611093928,1.6832292072925563,1.6759772015579721,1.7171698290813504,2.16657905409441,2.236573295278567,2.404924813559527,0.986050802712511,1.6803965688486042,1.9120267481876967,1.4012449261497992,1.4197902777888145,1.8274347021965223,1.4237823501391875
1.7655687494345969,1.5044982775655136,1.9880595004102555,1.4561025237952654,1.6970695803064892,1.6117529440658247,1.6832292072925563,1.7003268704580115,1.5627623470395833,1.646662529059944,2.236573295278567,2.404924813559527,3.076051077177556,2.7845387336497502,1.7490098613850535,2.1522278771478454,1.3633858143349806,1.8274347021965223,1.007326393911976
1.7655687494345969,2.39932603102784,0.7096879596080725,2.108400409765608,1.8478496785519913,2.213730324153992,1.8293520409892396,1.74902620825809,1.6978688938261293,4.76616167926674,2.236573295278567,3.739929444462023,0.986050802712511,2.7845387336497502,2.079983540651026,1.9019002268151632,1.990470731557014,3.449016008844124,2.5343315667450845
0.3021795041138886,0.9599720317027551,2.3335653222486834,1.429417610278297,1.6970695803064892,1.607293852361468,1.9206788120496667,1.7003268704580115,1.5820632822948042,1.646662529059944,2.236573295278567,1.0699201826570324,3.076051077177556,1.6803965688486042,1.828048351956032,2.3191129773696333,1.3700216335648436,1.8274347021965223,1.007326393911976
3.228957994755305,3.2336095658401813,1.711654842939513,1.7881814475619855,2.275059956914247,2.1423848568842834,2.0850669999584355,2.0412222350585614,2.296197886737976,1.646662529059944,2.236573295278567,2.404924813559527,3.076051077177556,2.7845387336497502,0.8746465594436028,1.735015126593375,1.9075229911837293,1.8274347021965223,2.2566942625936104
3.228957994755305,3.601707263572477,2.6445205619032683,2.825928084332985,4.235201234105775,2.14684394858864,5.518953591830494,3.1613070044603684,6.214287743547812,1.646662529059944,2.236573295278567,1.0699201826570324,0.986050802712511,0.5762544040474584,3.3396594841259972,0.3164917747081768,3.344177854449023,5.070597315491726,3.506062131275245
1.7655687494345969,2.2387885978461837,0.8133397061596008,2.9712126134809247,1.8729796949262416,2.5838349356156063,2.231189833655119,2.869110977659897,2.296197886737976,3.206412104163342,2.236573295278567,2.404924813559527,3.076051077177556,2.7845387336497502,3.848469767176672,3.987963979587514,2.7768153102957545,4.259806662167925,3.644880783350982
1.7655687494345969,2.182426251551148,3.7501391917862374,1.5065073604384285,1.6970695803064892,1.6340484025876088,1.6832292072925563,1.6759772015579721,1.5048595412739207,1.646662529059944,2.236573295278567,3.739929444462023,3.076051077177556,3.888680898450896,2.5838539180410147,3.9045214294766195,1.3932470008693634,1.8274347021965223,1.1461450459877132
3.228957994755305,3.6435259871219676,2.264464157880998,2.1410153040641253,4.989101725333285,3.573753293982815,6.21303705188974,6.351113630365516,3.5700596135825537,1.646662529059944,2.236573295278567,1.0699201826570324,3.076051077177556,1.6803965688486042,1.9317863708304415,1.8184576767042693,3.5946800303763426,1.8274347021965223,3.0896061750480333
3.228957994755305,2.440447775851506,1.5043513498364565,1.9571858998361196,1.7724596294292403,1.7053938698573174,1.7928213325650688,1.7733758771581294,2.334799757248418,3.726328629197808,2.236573295278567,3.739929444462023,0.986050802712511,2.7845387336497502,2.5492745784162114,3.4038661288112557,1.7648528777416792,1.8274347021965223,1.979056958442136
1.7655687494345969,3.7264664554951246,2.713621726270954,5.835393330968882,3.054090464516008,2.82908497935523,2.541700855260571,1.6759772015579721,5.056231628234561,2.16657905409441,2.236573295278567,2.404924813559527,3.076051077177556,2.7845387336497502,3.7397918426415764,1.735015126593375,4.73272302829781,5.611124417707593,3.0896061750480333
3.228957994755305,3.454133634691163,2.9554758015578533,4.735381895991623,1.9734997604232432,2.160221223701711,2.249455187867204,1.9681732283584434,2.952429685415486,1.646662529059944,2.236573295278567,2.404924813559527,3.076051077177556,2.7845387336497502,3.4384575973397205,1.8184576767042693,3.609610623643534,3.449016008844124,1.840238306366399
1.7655687494345969,2.391752195540543,2.0226100825940985,1.5154023316107512,1.671939563932239,1.625130219178895,1.6832292072925563,1.6759772015579721,1.601364217550025,1.646662529059944,2.236573295278567,3.739929444462023,3.076051077177556,3.888680898450896,1.0870625028531078,1.735015126593375,1.4015417749066916,1.8274347021965223,1.1461450459877132
1.7655687494345969,3.0751166035876114,2.817273472822482,2.9978975269978934,1.671939563932239,3.17689413229506,2.7974158142297667,2.357767930759072,1.4855586060186998,2.6864955791288763,2.236573295278567,2.404924813559527,3.076051077177556,2.7845387336497502,0.7758484462298796,3.987963979587514,2.9460287006572554,1.8274347021965223,3.922518087502456
0.3021795041138886,0.6071149354418295,0.6751373774242297,1.4679624853583628,1.74732961305499,1.625130219178895,1.7745559783529834,1.7733758771581294,1.7943735701022336,2.16657905409441,2.236573295278567,2.404924813559527,3.076051077177556,2.7845387336497502,3.7990707105698105,1.0674747257062231,1.4114955037514858,3.449016008844124,1.1461450459877132
1.7655687494345969,3.5498520463711083,3.7155886096023947,4.1987186352614785,2.275059956914247,2.615048577546104,1.9389441662617521,2.260369255158915,2.180392275206651,2.16657905409441,2.236573295278567,2.404924813559527,3.076051077177556,2.7845387336497502,1.2303197670130066,1.9019002268151632,3.423807685207376,4.259806662167925,3.0896061750480333
0.3021795041138886,0.5788640644217291,2.0226100825940985,1.4353475910598457,1.8478496785519913,1.6385074942919655,1.9389441662617521,1.9681732283584434,2.006683857909663,1.646662529059944,2.236573295278567,1.0699201826570324,3.076051077177556,1.6803965688486042,2.98892618221728,2.0687853270369514,1.4513104191306625,1.8274347021965223,1.4237823501391875
0.3021795041138886,0.8686678186197003,0.8133397061596008,1.4412775718413942,1.9734997604232432,1.6117529440658247,1.7014945615046417,2.0655719039586007,1.8136745053574548,2.16657905409441,2.236573295278567,2.404924813559527,3.076051077177556,2.7845387336497502,3.5915946728209915,0.900589625484435,1.42144923259628,1.8274347021965223,1.2849636980634502
1.7655687494345969,2.6446160772697977,0.7442385417919153,1.6132470145063027,1.6970695803064892,1.78565752053574,1.756290624140898,1.7977255460581685,1.910179181633559,1.646662529059944,2.236573295278567,2.404924813559527,3.076051077177556,2.7845387336497502,2.4850558048272915,2.9032108281458915,1.559142481615933,1.8274347021965223,1.5626010022149246
3.228957994755305,3.3100448994389726,0.6751373774242297,1.897886092020634,2.551490137031001,2.3876349006239073,1.6466984988683855,1.6759772015579721,3.8981755129213083,2.16657905409441,2.236573295278567,2.404924813559527,0.986050802712511,1.6803965688486042,3.3594191067687422,2.2356704272587393,2.1513893478811865,4.259806662167925,2.950787522972296
1.7655687494345969,2.1569168301859585,1.4698007676526137,1.9423609478822481,1.7221995966807397,1.7633620620139558,1.7014945615046417,1.7246765393580508,2.3927025630140806,2.6864955791288763,2.236573295278567,2.404924813559527,3.076051077177556,2.7845387336497502,2.494935616148664,3.987963979587514,1.7681707873566106,1.8274347021965223,1.979056958442136
3.228957994755305,3.745191950595619,3.7155886096023947,3.890359634620953,3.1546105300130094,5.905858255361419,2.5782315636847417,3.5996010446610756,1.8522763758678964,1.646662529059944,2.236573295278567,1.0699201826570324,0.986050802712511,0.5762544040474584,3.7990707105698105,2.9866533782567855,4.654752152346923,4.800333764383792,3.367243479199508
3.228957994755305,2.6273774701177297,2.2990147400648406,1.9898007941346367,1.9232397276747424,2.71760768674631,2.669558334745169,2.723012964259661,2.7208184623528355,4.246245154232274,2.236573295278567,3.739929444462023,0.986050802712511,2.7845387336497502,2.5245750501127806,3.4873086789221497,2.347146015162139,1.8274347021965223,2.950787522972296
1.7655687494345969,2.0083674310884896,1.711654842939513,3.5879306147619756,2.0991498422944947,2.1825166822234947,1.847617395201325,1.8707745527582864,3.8788745776660876,1.646662529059944,2.236573295278567,1.0699201826570324,3.076051077177556,1.6803965688486042,3.329779672804625,1.317802376038905,3.020681666993212,2.6382253555203232,3.783699435426719
3.228957994755305,1.5267086662951321,2.9900263837416965,1.450172543013717,1.7221995966807397,1.6295893108832518,1.6832292072925563,1.6759772015579721,1.5241604765291417,2.16657905409441,2.236573295278567,3.739929444462023,3.076051077177556,3.888680898450896,0.8054878801939966,3.6541937791439376,1.3633858143349806,1.8274347021965223,1.1461450459877132
1.7655687494345969,1.9184571754570843,2.229913575697155,1.533192273955397,1.7724596294292403,1.6652620445181063,1.7745559783529834,1.8220752149582078,2.7208184623528355,1.646662529059944,2.236573295278567,2.404924813559527,3.076051077177556,2.7845387336497502,1.7737093896884844,1.9019002268151632,1.547529797963673,1.8274347021965223,1.4237823501391875
1.7655687494345969,2.0447497205765464,3.819240356153923,1.9868358037438623,1.74732961305499,2.392093992328264,2.012005583110094,1.74902620825809,2.3154988219931973,3.726328629197808,2.236573295278567,2.404924813559527,3.076051077177556,2.7845387336497502,2.2676999557571005,3.5707512290330436,2.051852059433245,1.8274347021965223,2.5343315667450845
1.7655687494345969,3.0084389721503677,3.4046333699478097,3.629440480232816,2.3755800224112487,2.2672394246062737,2.103332354170521,1.8951242216583257,2.5857119155662893,2.16657905409441,2.236573295278567,2.404924813559527,3.076051077177556,2.7845387336497502,1.610692502885841,2.3191129773696333,3.0074100285334864,1.8274347021965223,3.922518087502456
0.3021795041138886,1.2082358538415656,1.1933961101818715,1.429417610278297,1.8478496785519913,1.6117529440658247,2.1215977083826063,1.7246765393580508,1.8136745053574548,2.16657905409441,2.236573295278567,2.404924813559527,3.076051077177556,2.7845387336497502,2.104683068954457,1.317802376038905,1.42144923259628,1.8274347021965223,1.2849636980634502
1.7655687494345969,3.1631217840350954,2.368115904432526,3.65316040335901,3.4561707265040136,2.3653394421021234,1.884148103625496,1.9194738905583648,1.8715773111231173,2.16657905409441,2.236573295278567,2.404924813559527,3.076051077177556,2.7845387336497502,1.3735770311729052,3.7376363292548316,3.0488838987201285,1.8274347021965223,4.061336739578193
1.7655687494345969,3.2751959631477305,3.8537909383377658,3.848849769150113,2.7274002516507534,3.596048752504599,2.6512929805330834,3.0395586599601723,4.457902635322714,1.646662529059944,2.236573295278567,1.0699201826570324,0.986050802712511,0.5762544040474584,2.7863900501291474,2.9032108281458915,3.9364247207142764,1.8274347021965223,3.506062131275245
3.228957994755305,1.1192549031779269,2.402666486616369,1.4442425622321684,1.7221995966807397,1.625130219178895,1.6832292072925563,1.7246765393580508,1.6592670233156877,1.646662529059944,2.236573295278567,2.404924813559527,0.986050802712511,1.6803965688486042,3.6459336350885394,2.1522278771478454,1.373339543179775,1.8274347021965223,1.007326393911976
1.7655687494345969,1.662480122085812,1.4698007676526137,1.5391222547369456,1.7975896458034906,1.8391666209880213,1.8658827494134105,1.8707745527582864,1.5820632822948042,2.16657905409441,2.236573295278567,2.404924813559527,3.076051077177556,2.7845387336497502,3.8237702388732413,1.735015126593375,1.530940249889016,1.8274347021965223,1.5626010022149246
0.3021795041138886,1.0894242137126233,3.370082787763967,1.4412775718413942,1.671939563932239,1.607293852361468,1.6466984988683855,1.6759772015579721,1.5820632822948042,1.646662529059944,2.236573295278567,3.739929444462023,3.076051077177556,3.888680898450896,2.1837215595254356,1.735015126593375,1.3484552210677894,1.8274347021965223,1.007326393911976
3.228957994755305,1.9448494365416518,1.5389019320202992,1.7229516589649512,1.7221995966807397,1.6385074942919655,1.7197599157167271,1.6759772015579721,1.7943735701022336,2.6864955791288763,2.236573295278567,2.404924813559527,3.076051077177556,2.7845387336497502,3.887989012462161,1.4012449261497992,1.5458708431562074,1.8274347021965223,1.5626010022149246
0.3021795041138886,2.39296029199864,3.6119368630508664,1.9512559190545709,3.481300742878264,2.0264484725710066,4.130786671712002,2.1873202484587972,5.905472779464279,3.206412104163342,2.236573295278567,2.404924813559527,3.076051077177556,2.7845387336497502,4.021366465300687,3.4038661288112557,2.5412437276356252,1.8274347021965223,3.2284248271237703
3.228957994755305,2.2482675085174018,2.9900263837416965,1.5895270913801083,1.671939563932239,1.6340484025876088,1.6466984988683855,1.6759772015579721,1.5241604765291417,2.16657905409441,2.236573295278567,3.739929444462023,3.076051077177556,3.888680898450896,0.632591182069981,3.3204235787003618,1.4363798258634715,2.908488906628257,1.2849636980634502
3.228957994755305,3.8647934999471625,4.02654384925698,4.385513029880258,2.048889809545994,3.4355214511477543,3.4549685658648417,2.4064672685591506,2.952429685415486,1.646662529059944,2.236573295278567,1.0699201826570324,3.076051077177556,1.6803965688486042,1.9120267481876967,2.0687853270369514,4.032644099547287,4.800333764383792,3.783699435426719
3.228957994755305,2.767284333014971,1.8153065894910416,2.484954189393942,1.671939563932239,2.066580297910218,1.9937402288980084,1.8951242216583257,3.743768030879542,2.16657905409441,2.236573295278567,2.404924813559527,3.076051077177556,2.7845387336497502,2.223240804810925,2.5694406277023156,2.335533331509879,1.8274347021965223,2.811968870896559
1.7655687494345969,3.745238415844007,2.713621726270954,5.316520012583384,1.671939563932239,3.190271407408131,2.4869047926243146,3.8430977336614687,1.8136745053574548,1.646662529059944,2.236573295278567,1.0699201826570324,3.076051077177556,1.6803965688486042,2.8407290123966953,0.900589625484435,4.349504467773235,4.800333764383792,2.950787522972296
1.7655687494345969,2.950078620174634,0.7442385417919153,4.06825905806741,3.255130595510011,2.8915122632162253,1.6466984988683855,2.284718924058954,1.7171698290813504,3.206412104163342,2.236573295278567,1.0699201826570324,3.076051077177556,1.6803965688486042,3.8682293898194167,2.6528831778132096,3.4536688717417587,3.449016008844124,3.2284248271237703
3.228957994755305,1.4803828136519739,2.8863746371901677,1.4412775718413942,1.671939563932239,1.5983756689527544,1.6466984988683855,1.6759772015579721,1.5241604765291417,1.646662529059944,2.236573295278567,5.074934075364517,3.076051077177556,4.992823063252041,1.7638295783671118,1.9019002268151632,1.3401604470304609,1.8274347021965223,1.007326393911976
3.228957994755305,1.3596660983391105,3.508285116499338,1.4798224469214598,1.671939563932239,1.651884769405036,1.7745559783529834,1.74902620825809,1.5241604765291417,1.646662529059944,2.236573295278567,2.404924813559527,0.986050802712511,1.6803965688486042,2.7271111822009133,1.735015126593375,1.3982238652917602,1.8274347021965223,1.1461450459877132
1.7655687494345969,3.279470765999456,2.851824055006325,4.27580838542161,1.671939563932239,5.5268354604910925,2.5599662094726563,2.601264619759465,1.4855586060186998,1.646662529059944,2.236573295278567,1.0699201826570324,0.986050802712511,0.5762544040474584,2.9345872199497323,1.735015126593375,4.530330541786996,3.719279559952058,3.2284248271237703
1.7655687494345969,7.211127758377415,3.5773862808670236,1.4353475910598457,1.6970695803064892,1.5983756689527544,1.664963853080471,1.7003268704580115,1.5048595412739207,1.126746004025478,2.236573295278567,1.0699201826570324,3.076051077177556,1.6803965688486042,2.0898633519723986,3.987963979587514,1.3401604470304609,1.8274347021965223,0.5908704376847644
0.3021795041138886,0.6632914207433123,3.0245769659255393,1.4323826006690714,1.74732961305499,1.5983756689527544,2.012005583110094,2.4064672685591506,2.3927025630140806,2.6864955791288763,2.236573295278567,2.404924813559527,3.076051077177556,2.7845387336497502,3.96702750303314,1.4012449261497992,1.497761153739702,1.8274347021965223,1.2849636980634502
1.7655687494345969,2.962484841494316,2.2990147400648406,2.1410153040641253,3.3556506610070125,3.819003337722439,5.281503987073384,1.6759772015579721,4.631611052619702,2.6864955791288763,2.236573295278567,1.0699201826570324,0.986050802712511,0.5762544040474584,1.427915993440453,3.3204235787003618,3.266206978498135,1.8274347021965223,2.5343315667450845
3.228957994755305,2.6467534786956604,1.3661490211010854,2.3218797179013566,1.9483697440489927,1.8614620795098054,1.7197599157167271,1.846424883858247,1.6978688938261293,1.646662529059944,2.236573295278567,2.404924813559527,3.076051077177556,2.7845387336497502,1.003084106621443,2.6528831778132096,1.9821759575196856,1.8274347021965223,2.5343315667450845
3.228957994755305,1.8056395523702358,1.6771042607556703,1.8860261304575368,1.671939563932239,1.8124120707618805,1.756290624140898,1.9438235594584041,2.199693210461872,3.726328629197808,2.236573295278567,3.739929444462023,0.986050802712511,2.7845387336497502,1.9219065595090692,2.3191129773696333,1.754899148896885,2.6382253555203232,1.979056958442136
3.228957994755305,0.8761951888586086,1.9880595004102555,1.4353475910598457,1.74732961305499,1.6162120357701815,1.7197599157167271,1.7003268704580115,1.6592670233156877,1.646662529059944,2.236573295278567,2.404924813559527,0.986050802712511,1.6803965688486042,0.8301874084974274,2.2356704272587393,1.3683626787573777,1.8274347021965223,1.1461450459877132
1.7655687494345969,2.8300588835875953,3.2664310412124387,1.7377766109188224,1.9734997604232432,1.803493887353167,1.7197599157167271,1.9681732283584434,1.5820632822948042,1.646662529059944,2.236573295278567,2.404924813559527,0.986050802712511,1.6803965688486042,1.180920710406145,3.5707512290330436,1.6337954479518892,1.8274347021965223,1.840238306366399
1.7655687494345969,1.2873197065984914,1.0206431992626577,1.636966937632497,1.74732961305499,1.754443878605242,1.7197599157167271,1.7246765393580508,2.7208184623528355,3.206412104163342,2.236573295278567,3.739929444462023,0.986050802712511,2.7845387336497502,4.0065467483186294,2.5694406277023156,1.6255006739145608,3.449016008844124,1.5626010022149246
3.228957994755305,0.8185318156086996,1.5389019320202992,1.4353475910598457,1.671939563932239,1.6295893108832518,1.7014945615046417,1.8220752149582078,1.5241604765291417,1.646662529059944,2.236573295278567,2.404924813559527,0.986050802712511,1.6803965688486042,1.3291178802267298,1.9019002268151632,1.3633858143349806,1.8274347021965223,1.1461450459877132
3.228957994755305,1.582513429609508,1.8153065894910416,1.4976123892661055,1.7221995966807397,1.6385074942919655,1.7014945615046417,1.7003268704580115,1.5627623470395833,2.16657905409441,2.236573295278567,3.739929444462023,3.076051077177556,3.888680898450896,1.363697219851533,2.1522278771478454,1.3998828200992262,1.8274347021965223,1.2849636980634502
3.228957994755305,1.6386899149109908,3.1282287124770676,1.5569121970815911,1.7724596294292403,1.6429665859963223,1.7928213325650688,1.6759772015579721,2.006683857909663,3.726328629197808,2.236573295278567,3.739929444462023,0.986050802712511,2.7845387336497502,3.122303635055806,2.4025555274805273,1.482830560472511,1.8274347021965223,1.5626010022149246
3.228957994755305,1.0133606021009385,1.0897443636303432,1.4412775718413942,2.275059956914247,1.6385074942919655,1.9389441662617521,1.7003268704580115,1.9680819873992217,1.646662529059944,2.236573295278567,1.0699201826570324,3.076051077177556,1.6803965688486042,1.185860616066831,3.3204235787003618,1.4612641479754567,1.8274347021965223,1.4237823501391875
3.228957994755305,2.9553291932425143,2.6445205619032683,3.3685213258446787,1.8478496785519913,1.999693922344866,1.6466984988683855,2.0412222350585614,2.064586663675326,4.76616167926674,2.236573295278567,2.404924813559527,0.986050802712511,1.6803965688486042,1.3933366538156498,1.9853427769260572,2.6507347449283616,4.259806662167925,3.506062131275245
3.228957994755305,3.5670906535231763,1.0551937814465004,4.133488846664444,3.481300742878264,2.3475030752846964,2.5051701468364,2.5525652819593865,3.3577493257751243,1.646662529059944,2.236573295278567,1.0699201826570324,0.986050802712511,0.5762544040474584,1.6650314651533886,3.3204235787003618,3.539934521729975,4.800333764383792,3.0896061750480333
1.7655687494345969,1.3011198853698234,1.435250185468771,1.5035423700476542,1.671939563932239,1.625130219178895,1.6466984988683855,1.7003268704580115,1.5627623470395833,1.646662529059944,2.236573295278567,2.404924813559527,3.076051077177556,2.7845387336497502,1.062362974549677,2.1522278771478454,1.389929091254432,1.8274347021965223,1.1461450459877132
1.7655687494345969,1.8374682475162372,1.7807560073071989,1.5005773796568798,1.7724596294292403,1.6875575030398902,1.6466984988683855,1.7246765393580508,1.6592670233156877,3.206412104163342,2.236573295278567,5.074934075364517,3.076051077177556,4.992823063252041,1.0673028802103632,3.0700959283676794,1.4280850518261428,1.8274347021965223,1.5626010022149246
1.7655687494345969,2.870901836920931,1.6771042607556703,1.847481255377471,1.9483697440489927,2.0977939398407157,1.9206788120496667,2.016872566158522,1.5820632822948042,3.206412104163342,2.236573295278567,3.739929444462023,3.076051077177556,3.888680898450896,2.356618257649451,1.9853427769260572,1.8245752508104442,1.8274347021965223,2.2566942625936104
1.7655687494345969,1.9068873286083918,1.1588455279980288,1.6399319280232711,1.671939563932239,1.6474256777006793,1.7014945615046417,1.7003268704580115,1.4855586060186998,2.16657905409441,2.236573295278567,2.404924813559527,3.076051077177556,2.7845387336497502,1.8725075029022076,2.9032108281458915,1.4728768316277168,1.8274347021965223,1.4237823501391875
1.7655687494345969,2.222990413394154,1.5043513498364565,1.533192273955397,1.6970695803064892,1.6608029528137496,1.6466984988683855,1.7003268704580115,1.5048595412739207,2.16657905409441,2.236573295278567,3.739929444462023,3.076051077177556,3.888680898450896,1.5563535406182931,3.236981028589468,1.4164723681738831,1.8274347021965223,1.2849636980634502
3.228957994755305,3.1354284959956544,0.7787891239757581,2.900052844102342,2.47610008790825,5.375226342542961,5.829464613435946,2.8447613087598578,3.956078318686971,2.16657905409441,2.236573295278567,1.0699201826570324,3.076051077177556,1.6803965688486042,3.7990707105698105,2.0687853270369514,4.283146275474607,2.097698253304456,2.5343315667450845
3.228957994755305,0.7164011996511654,3.4046333699478097,1.4561025237952654,1.898109711300492,1.6385074942919655,1.884148103625496,1.9194738905583648,1.7943735701022336,3.206412104163342,2.236573295278567,2.404924813559527,3.076051077177556,2.7845387336497502,1.338997691548102,1.735015126593375,1.4396977354784029,1.8274347021965223,1.5626010022149246
3.228957994755305,1.8056395523702358,1.6771042607556703,1.8860261304575368,1.671939563932239,1.8124120707618805,1.756290624140898,1.9438235594584041,2.199693210461872,3.726328629197808,2.236573295278567,3.739929444462023,0.986050802712511,2.7845387336497502,1.9219065595090692,2.3191129773696333,1.754899148896885,2.6382253555203232,1.979056958442136
1.7655687494345969,1.339593111035355,0.8478902883434436,1.4561025237952654,1.6970695803064892,1.6117529440658247,1.7197599157167271,1.7977255460581685,1.620665152805246,1.646662529059944,2.236573295278567,2.404924813559527,3.076051077177556,2.7845387336497502,2.4010774085956266,1.735015126593375,1.378316407602172,1.8274347021965223,1.1461450459877132
0.3021795041138886,1.4132869949792353,1.1933961101818715,1.5065073604384285,1.74732961305499,1.692016594744247,1.7197599157167271,1.846424883858247,1.5434614117843624,2.16657905409441,2.236573295278567,2.404924813559527,3.076051077177556,2.7845387336497502,0.8252475028367412,1.1509172758171171,1.4363798258634715,1.8274347021965223,1.4237823501391875
0.3021795041138886,1.8578200263103226,2.6099699797194256,1.6577218703679168,1.8729796949262416,1.78565752053574,1.8293520409892396,1.9194738905583648,1.9680819873992217,3.726328629197808,2.236573295278567,3.739929444462023,0.986050802712511,2.7845387336497502,0.8894662764256613,2.7363257279241036,1.6155469450697666,1.8274347021965223,1.7014196542906617
1.7655687494345969,1.5076114492075314,0.9515420348949719,1.462032504576814,1.7221995966807397,1.6206711274745382,1.7197599157167271,1.7246765393580508,1.5241604765291417,1.646662529059944,2.236573295278567,2.404924813559527,3.076051077177556,2.7845387336497502,1.368637125512219,1.8184576767042693,1.373339543179775,1.8274347021965223,1.1461450459877132
1.7655687494345969,2.6369957765341128,2.679071144087111,3.1372520753642847,1.8478496785519913,2.1022530315450725,1.9937402288980084,1.846424883858247,1.620665152805246,2.16657905409441,2.236573295278567,2.404924813559527,3.076051077177556,2.7845387336497502,1.1265817481385971,3.4873086789221497,2.5395847728281598,2.908488906628257,3.367243479199508
3.228957994755305,2.6929399355936536,3.335532205580124,1.6933017550572083,2.048889809545994,1.9863166472317957,2.2677205420792896,2.698663295359622,1.5820632822948042,1.646662529059944,2.236573295278567,2.404924813559527,0.986050802712511,1.6803965688486042,1.3538174085301606,2.6528831778132096,1.7814424258163362,1.8274347021965223,2.1178756105178733
1.7655687494345969,2.749162886143525,3.7501391917862374,4.432952876132647,2.425840055159749,3.368635075582403,2.7426197515935105,2.796061970959779,4.438601700067492,2.6864955791288763,2.236573295278567,2.404924813559527,3.076051077177556,2.7845387336497502,3.6805129747133423,2.7363257279241036,4.1487709360698855,3.449016008844124,3.783699435426719
3.228957994755305,2.8466469772622265,3.197329876844753,2.0935754578117365,1.9734997604232432,1.803493887353167,1.7197599157167271,1.9681732283584434,1.7171698290813504,1.646662529059944,2.236573295278567,2.404924813559527,3.076051077177556,2.7845387336497502,1.1661009934240865,1.4012449261497992,1.8444827085000328,1.8274347021965223,2.2566942625936104
3.228957994755305,2.11835067402365,0.9860926170788147,2.0224156884331537,2.1494098750429953,2.084416664727645,2.5599662094726563,2.0412222350585614,1.8522763758678964,4.246245154232274,2.236573295278567,2.404924813559527,3.076051077177556,2.7845387336497502,2.228180710471611,3.3204235787003618,2.013696098861534,1.8274347021965223,2.5343315667450845
0.3021795041138886,3.39795714938968,2.817273472822482,3.119462133019639,3.506430759252514,4.327339792019114,4.075990609075745,4.15964342936198,2.894526879649823,1.646662529059944,2.236573295278567,1.0699201826570324,0.986050802712511,0.5762544040474584,2.519635144452095,3.987963979587514,3.923153082254551,2.097698253304456,3.644880783350982
0.3021795041138886,0.6283495539552932,1.0897443636303432,1.4323826006690714,1.74732961305499,1.6028347606571112,1.7928213325650688,1.7003268704580115,1.736470764336571,2.16657905409441,2.236573295278567,2.404924813559527,0.986050802712511,1.6803965688486042,1.793469012331229,0.399934324819071,1.3749984979872405,1.8274347021965223,1.1461450459877132
1.7655687494345969,1.3860583594236782,4.02654384925698,1.6132470145063027,1.6970695803064892,1.6786393196311766,1.7197599157167271,1.6759772015579721,1.620665152805246,2.16657905409441,2.236573295278567,2.404924813559527,0.986050802712511,1.6803965688486042,2.4158971255776853,1.9019002268151632,1.482830560472511,1.8274347021965223,1.4237823501391875
3.228957994755305,3.2684120368830354,0.7787891239757581,3.003827507779442,3.405910693755513,2.92718499685108,4.386501630681198,5.036231509763393,4.38069889430183,2.6864955791288763,2.236573295278567,2.404924813559527,0.986050802712511,1.6803965688486042,3.0580848614668863,3.5707512290330436,3.5465703409598377,1.8274347021965223,2.950787522972296
1.7655687494345969,4.1559447463483945,3.8883415205216085,1.909746053583731,2.3755800224112487,5.2369944997079,1.6466984988683855,2.357767930759072,2.5664109803110686,1.126746004025478,2.236573295278567,1.0699201826570324,0.986050802712511,0.5762544040474584,2.8555487293787536,0.5668194250408589,3.138467458323276,6.421915071031394,2.5343315667450845
3.228957994755305,4.10148747523728,3.78468977397008,3.4307861240509387,5.290661921824289,2.1825166822234947,3.3636417948044146,6.351113630365516,6.1370840025269295,1.646662529059944,2.236573295278567,1.0699201826570324,3.076051077177556,1.6803965688486042,1.5168342953328038,1.0674747257062231,3.780482968812501,4.259806662167925,2.950787522972296
3.228957994755305,1.8696221994009568,2.9209252193740105,1.4976123892661055,1.7724596294292403,1.6340484025876088,1.6466984988683855,1.7246765393580508,1.775072634847013,1.646662529059944,2.236573295278567,3.739929444462023,0.986050802712511,2.7845387336497502,1.6650314651533886,1.317802376038905,1.4164723681738831,1.8274347021965223,1.1461450459877132
3.228957994755305,3.137937619408624,1.124294945814186,2.8881928825392444,1.7975896458034906,1.7321484200834583,1.884148103625496,1.7977255460581685,1.890878246378338,1.646662529059944,2.236573295278567,2.404924813559527,0.986050802712511,1.6803965688486042,1.1611610877634002,2.6528831778132096,2.269175139211251,2.908488906628257,2.950787522972296
0.3021795041138886,2.972660730891359,3.3009816233962814,4.15127878900909,1.9232397276747424,2.1646803154060676,1.884148103625496,1.6759772015579721,3.975379253942192,1.646662529059944,2.236573295278567,1.0699201826570324,0.986050802712511,0.5762544040474584,2.3961375029349408,2.2356704272587393,3.3159756227221058,6.421915071031394,4.20015539165393
3.228957994755305,2.750928565582281,2.0571606647779412,2.0935754578117365,5.567092101941043,2.2806166997193444,5.153646507588785,3.940496409261626,2.527809109800627,2.16657905409441,2.236573295278567,2.404924813559527,3.076051077177556,2.7845387336497502,1.3933366538156498,1.8184576767042693,2.7751563554882885,1.8274347021965223,3.506062131275245
3.228957994755305,3.263486720553873,1.3661490211010854,3.1253921138011873,2.1494098750429953,2.8647577129900847,2.5599662094726563,2.601264619759465,6.272190549313476,2.6864955791288763,2.236573295278567,2.404924813559527,3.076051077177556,2.7845387336497502,2.2430004274536697,3.821078879365726,3.3392009900266255,1.8274347021965223,2.5343315667450845
3.228957994755305,2.9496139676907505,1.5043513498364565,3.285501594902999,1.671939563932239,1.9015939048490165,1.6466984988683855,1.846424883858247,2.0259847931648842,2.16657905409441,2.236573295278567,2.404924813559527,3.076051077177556,2.7845387336497502,1.1364615594599694,3.4873086789221497,2.5395847728281598,3.1787524577361905,3.367243479199508
1.7655687494345969,3.5984546961852946,0.7096879596080725,4.613817289969878,2.6017501697795016,3.8992669884008615,5.171911861800871,3.9161467403615866,3.975379253942192,1.646662529059944,2.236573295278567,1.0699201826570324,3.076051077177556,1.6803965688486042,3.2260416539302157,1.8184576767042693,4.716133480223154,5.070597315491726,3.0896061750480333
1.7655687494345969,3.700957034129935,2.402666486616369,3.6264754898420417,3.3807806773812628,4.661771669845873,5.738137842375519,3.3317546867606436,3.4735549373064494,1.646662529059944,2.236573295278567,1.0699201826570324,0.986050802712511,0.5762544040474584,3.324839767143939,2.485998077591421,4.467290259103299,1.8274347021965223,2.811968870896559
1.7655687494345969,2.1700200302314654,0.7442385417919153,2.3841445161076162,1.74732961305499,1.8124120707618805,1.7197599157167271,1.74902620825809,2.296197886737976,3.726328629197808,2.236573295278567,2.404924813559527,0.986050802712511,1.6803965688486042,3.6459336350885394,1.9853427769260572,2.030285646936191,1.8274347021965223,2.5343315667450845
3.228957994755305,2.37827727350793,1.7462054251233559,2.1825251695349652,1.9232397276747424,1.78565752053574,2.194659125230948,1.9194738905583648,5.866870908953837,2.16657905409441,2.236573295278567,2.404924813559527,3.076051077177556,2.7845387336497502,3.2458012765729602,2.1522278771478454,2.2807878228635112,2.6382253555203232,2.3955129146693475
3.228957994755305,1.7292506840198325,3.542835698683181,1.7733564956081138,1.8227196621777408,1.955103005301298,1.756290624140898,1.8220752149582078,2.2768969514827555,2.16657905409441,2.236573295278567,2.404924813559527,3.076051077177556,2.7845387336497502,1.8132286349739735,3.4873086789221497,1.7532401940894196,1.8274347021965223,1.979056958442136
3.228957994755305,1.1308247500266193,2.3335653222486834,1.4946473988753313,1.7221995966807397,1.669721136222463,1.6466984988683855,1.7246765393580508,1.7171698290813504,2.6864955791288763,2.236573295278567,2.404924813559527,3.076051077177556,2.7845387336497502,1.7588896727064258,1.9019002268151632,1.4197902777888145,1.8274347021965223,1.4237823501391875
1.7655687494345969,1.9791872551006224,3.0245769659255393,2.9593526519178273,1.671939563932239,1.6830984113355334,1.6466984988683855,1.6759772015579721,1.5820632822948042,3.206412104163342,2.236573295278567,2.404924813559527,3.076051077177556,2.7845387336497502,2.954346842592477,2.0687853270369514,2.226042314217143,2.908488906628257,2.950787522972296
3.228957994755305,1.8954568775048644,3.957442684889294,1.470927475749137,2.5766201534052513,1.6385074942919655,1.7014945615046417,2.3090685929589934,2.1610913399514304,1.646662529059944,2.236573295278567,1.0699201826570324,3.076051077177556,1.6803965688486042,0.9191057103897784,2.7363257279241036,1.5342581595039475,1.8274347021965223,1.4237823501391875
0.3021795041138886,1.150340154349715,1.435250185468771,1.4353475910598457,1.8729796949262416,1.6340484025876088,1.8658827494134105,2.016872566158522,1.9294801168887799,2.6864955791288763,2.236573295278567,2.404924813559527,0.986050802712511,1.6803965688486042,2.588793823701701,1.5681300263715872,1.4413566902858683,1.8274347021965223,1.4237823501391875
0.3021795041138886,2.393099687743805,1.262497274549557,1.512437341219977,1.671939563932239,1.6295893108832518,1.7014945615046417,1.6759772015579721,1.4855586060186998,1.646662529059944,2.236573295278567,2.404924813559527,3.076051077177556,2.7845387336497502,1.09694231417448,3.3204235787003618,1.3932470008693634,1.8274347021965223,1.1461450459877132
3.228957994755305,3.0660558801518882,0.9169914527111291,3.0008625173886676,5.2404018890757875,2.5570803853894657,2.7791504600176813,1.8951242216583257,2.5664109803110686,3.206412104163342,2.236573295278567,2.404924813559527,3.076051077177556,2.7845387336497502,3.230981559590902,3.0700959283676794,3.0123868929558832,2.908488906628257,3.922518087502456
1.7655687494345969,3.461846865923625,1.3661490211010854,2.9682476230901504,2.928440382644756,2.3341258001716256,4.02119454643949,1.6759772015579721,2.2768969514827555,1.646662529059944,2.236573295278567,2.404924813559527,3.076051077177556,2.7845387336497502,1.2945385406019265,2.0687853270369514,2.831560818942122,2.908488906628257,3.644880783350982
1.7655687494345969,3.8281324189687753,2.713621726270954,3.2410267390413843,3.5818208083752654,4.9293171721072815,2.724354397381425,2.77171230205974,1.9873829226544424,1.646662529059944,2.236573295278567,1.0699201826570324,3.076051077177556,1.6803965688486042,0.8301874084974274,3.4038661288112557,3.9248120370620168,3.1787524577361905,3.783699435426719
1.7655687494345969,2.962484841494316,2.2990147400648406,2.1410153040641253,3.3556506610070125,3.819003337722439,5.281503987073384,1.6759772015579721,4.631611052619702,2.6864955791288763,2.236573295278567,1.0699201826570324,3.076051077177556,1.6803965688486042,1.427915993440453,3.3204235787003618,3.266206978498135,1.8274347021965223,2.5343315667450845
0.3021795041138886,1.0916545456352629,1.8844077538587272,1.4412775718413942,1.898109711300492,1.6429665859963223,1.847617395201325,1.7246765393580508,1.6399660880604667,2.16657905409441,2.236573295278567,2.404924813559527,3.076051077177556,2.7845387336497502,1.1068221254958526,2.0687853270369514,1.4032007297141575,1.8274347021965223,1.2849636980634502
1.7655687494345969,4.083644819856165,1.8844077538587272,3.4189261624878418,2.853050333522005,4.510162551897743,4.29517485962077,4.378790449462333,1.775072634847013,1.646662529059944,2.236573295278567,1.0699201826570324,0.986050802712511,0.5762544040474584,3.0037458991993384,1.1509172758171171,4.054210512044341,3.449016008844124,3.922518087502456
3.228957994755305,1.817766982199588,2.817273472822482,1.4976123892661055,1.6970695803064892,1.6206711274745382,1.6466984988683855,1.7733758771581294,1.9487810521440008,1.646662529059944,2.236573295278567,3.739929444462023,0.986050802712511,2.7845387336497502,3.023505521842083,2.1522278771478454,1.4247671422112114,1.8274347021965223,1.1461450459877132
3.228957994755305,1.1959690282670483,0.7096879596080725,1.4561025237952654,1.6970695803064892,1.5983756689527544,1.7014945615046417,1.7246765393580508,1.4855586060186998,1.646662529059944,2.236573295278567,1.0699201826570324,3.076051077177556,1.6803965688486042,4.026306370961374,4.154849079809302,1.3550910402976521,1.8274347021965223,1.007326393911976
0.3021795041138886,3.7458889293214437,1.9535089182264127,3.077952267548799,3.0289604481417576,5.357389975725534,5.3363000497096404,4.9144831652631975,2.701517527097615,1.646662529059944,2.236573295278567,1.0699201826570324,3.076051077177556,1.6803965688486042,3.5520754275355024,3.3204235787003618,4.400932066804671,4.5300702132758595,3.922518087502456
3.228957994755305,3.348889847091611,2.7481723084547967,3.8992546057932755,3.682340873872267,3.208107774225558,2.596496917896827,2.3090685929589934,4.843921340427132,2.16657905409441,2.236573295278567,2.404924813559527,3.076051077177556,2.7845387336497502,4.03124627662206,3.3204235787003618,3.86177175437832,4.259806662167925,3.367243479199508
1.7655687494345969,0.3294386110732108,2.4372170688002117,1.4649974949675884,1.671939563932239,1.6474256777006793,1.7197599157167271,1.7246765393580508,1.5627623470395833,3.206412104163342,2.236573295278567,3.739929444462023,0.986050802712511,2.7845387336497502,2.8802482576821844,3.7376363292548316,1.3849522268320347,1.8274347021965223,1.4237823501391875
3.228957994755305,1.9325826109671345,1.5043513498364565,1.5954570721616568,1.8478496785519913,1.803493887353167,1.8293520409892396,1.7246765393580508,1.8329754406126755,1.646662529059944,2.236573295278567,1.0699201826570324,0.986050802712511,0.5762544040474584,0.9289855217111507,1.9019002268151632,1.5608014364233986,1.8274347021965223,1.5626010022149246
3.228957994755305,2.502757673940247,2.817273472822482,2.298159794775162,1.8729796949262416,2.1423848568842834,1.847617395201325,1.7733758771581294,3.531457743072112,2.16657905409441,2.236573295278567,2.404924813559527,3.076051077177556,2.7845387336497502,2.1293825972578877,1.9853427769260572,2.232678133447006,2.6382253555203232,2.6731502188208216
3.228957994755305,2.266156629146906,0.9860926170788147,2.310019756338259,1.671939563932239,1.7589029703095989,1.884148103625496,1.6759772015579721,4.419300764812272,4.76616167926674,2.236573295278567,3.739929444462023,3.076051077177556,3.888680898450896,2.4455365595418024,3.5707512290330436,2.156366212303584,4.259806662167925,2.3955129146693475
3.228957994755305,1.6427788567691632,2.8863746371901677,1.5450522355184941,1.6970695803064892,1.6608029528137496,1.6832292072925563,1.6759772015579721,1.5434614117843624,3.206412104163342,2.236573295278567,3.739929444462023,3.076051077177556,3.888680898450896,0.6029517481058639,1.8184576767042693,1.4280850518261428,1.8274347021965223,1.4237823501391875
0.3021795041138886,0.6716551654532104,3.093678130293225,1.4442425622321684,1.9483697440489927,1.6608029528137496,2.0302709373221792,1.8707745527582864,2.354100692503639,2.16657905409441,2.236573295278567,2.404924813559527,0.986050802712511,1.6803965688486042,2.2084210878288664,0.5668194250408589,1.5027380181620993,1.8274347021965223,1.4237823501391875
3.228957994755305,2.602100374994482,0.640586795240387,2.2181050542242566,2.1996699077914963,2.92718499685108,2.8339465226539375,1.8707745527582864,2.334799757248418,3.206412104163342,2.236573295278567,2.404924813559527,0.986050802712511,1.6803965688486042,3.4680970313038375,2.3191129773696333,2.4947929930265857,1.8274347021965223,3.644880783350982
1.7655687494345969,2.1700200302314654,0.7442385417919153,2.3841445161076162,1.74732961305499,1.8124120707618805,1.7197599157167271,1.74902620825809,2.296197886737976,3.726328629197808,2.236573295278567,2.404924813559527,0.986050802712511,1.6803965688486042,3.6459336350885394,1.9853427769260572,2.030285646936191,3.449016008844124,2.5343315667450845
3.228957994755305,3.3490757080851643,3.681038027418552,2.514604093301685,4.788061594339283,2.285075791423701,2.94353864792645,3.5752513757610362,2.527809109800627,2.16657905409441,2.236573295278567,2.404924813559527,3.076051077177556,2.7845387336497502,3.270500804876391,1.5681300263715872,2.735341440109112,1.8274347021965223,3.506062131275245
3.228957994755305,0.7991558070307689,1.1588455279980288,1.524297302783074,1.671939563932239,1.625130219178895,2.06680164574635,1.7733758771581294,1.8329754406126755,1.646662529059944,2.236573295278567,1.0699201826570324,3.076051077177556,1.6803965688486042,3.048205050145514,0.5668194250408589,1.4678999672053195,1.8274347021965223,1.2849636980634502
3.228957994755305,1.587392280690282,3.4046333699478097,1.897886092020634,1.671939563932239,1.692016594744247,1.6466984988683855,1.6759772015579721,1.8329754406126755,4.246245154232274,2.236573295278567,3.739929444462023,0.986050802712511,2.7845387336497502,3.660753352070598,2.4025555274805273,1.657020815256409,1.8274347021965223,1.840238306366399
3.228957994755305,2.754645785453347,1.2279466923657143,2.2270000253965794,4.913711676210534,3.796707879200655,4.970992965467932,2.723012964259661,2.045285728420105,3.206412104163342,2.236573295278567,2.404924813559527,3.076051077177556,2.7845387336497502,3.981847220015198,1.4012449261497992,3.2297099727338896,1.8274347021965223,2.811968870896559
3.228957994755305,1.4131940644824588,3.2664310412124387,1.5509822163000426,1.671939563932239,1.6340484025876088,1.6466984988683855,1.6759772015579721,1.5434614117843624,3.206412104163342,2.236573295278567,3.739929444462023,3.076051077177556,3.888680898450896,1.0722427858710493,3.5707512290330436,1.4164723681738831,2.908488906628257,1.4237823501391875
0.3021795041138886,0.6127836957452051,2.4372170688002117,1.43831258145062,1.74732961305499,1.6028347606571112,1.9206788120496667,1.7733758771581294,1.775072634847013,1.646662529059944,2.236573295278567,2.404924813559527,3.076051077177556,2.7845387336497502,3.3989383520542313,2.8197682780349975,1.3982238652917602,1.8274347021965223,1.1461450459877132
3.228957994755305,2.017335224027436,1.6080030963879848,1.5272622931738482,1.671939563932239,1.6117529440658247,1.6466984988683855,1.6759772015579721,1.775072634847013,2.16657905409441,2.236573295278567,3.739929444462023,0.986050802712511,2.7845387336497502,2.312159106703276,2.8197682780349975,1.4148134133664172,1.8274347021965223,1.1461450459877132
0.3021795041138886,1.8604220802200686,1.711654842939513,2.324844708292131,2.400710038785499,2.173598498814781,2.231189833655119,1.6759772015579721,2.006683857909663,4.246245154232274,2.236573295278567,2.404924813559527,0.986050802712511,1.6803965688486042,3.0630247671275725,3.4873086789221497,2.191204263260363,1.8274347021965223,2.811968870896559
3.228957994755305,4.023658184186839,2.091711246961784,2.9682476230901504,3.4561707265040136,5.424276351290885,3.345376440592329,2.3334182618590327,2.508508174545406,1.646662529059944,2.236573295278567,1.0699201826570324,3.076051077177556,1.6803965688486042,1.2994784462626128,1.317802376038905,4.019372461087562,1.8274347021965223,2.950787522972296
1.7655687494345969,1.6878036824574483,1.4698007676526137,1.4976123892661055,1.7221995966807397,1.6652620445181063,1.6832292072925563,1.7003268704580115,1.4855586060186998,2.16657905409441,2.236573295278567,3.739929444462023,0.986050802712511,2.7845387336497502,0.8795864651042891,3.9045214294766195,1.4015417749066916,1.8274347021965223,1.2849636980634502
0.3021795041138886,3.6655040496096447,2.091711246961784,3.1906219023982216,2.9535703990190063,4.403144350993179,2.9618040021385355,3.015208991060133,2.103188534185768,1.646662529059944,2.236573295278567,1.0699201826570324,0.986050802712511,0.5762544040474584,3.6755730690526565,0.14960667448638887,3.70748895728401,1.8274347021965223,3.0896061750480333
3.228957994755305,0.1661132629882549,1.0551937814465004,1.4649974949675884,1.7724596294292403,1.6206711274745382,1.664963853080471,1.74902620825809,1.5820632822948042,1.126746004025478,2.236573295278567,2.404924813559527,3.076051077177556,2.7845387336497502,2.2380605217929834,1.735015126593375,1.3799753624096378,1.8274347021965223,0.7296890897605017
3.228957994755305,1.6298615177172096,3.681038027418552,1.4412775718413942,1.7221995966807397,1.6117529440658247,1.6466984988683855,1.6759772015579721,1.5820632822948042,1.646662529059944,2.236573295278567,3.739929444462023,3.076051077177556,3.888680898450896,3.334719578465311,3.5707512290330436,1.3534320854901865,1.8274347021965223,1.007326393911976
3.228957994755305,1.2404827362230617,2.9554758015578533,1.482787437312234,1.74732961305499,1.6741802279268199,1.7014945615046417,1.74902620825809,1.601364217550025,2.16657905409441,2.236573295278567,2.404924813559527,3.076051077177556,2.7845387336497502,2.8851881633428706,1.1509172758171171,1.4131544585589517,1.8274347021965223,1.2849636980634502
1.7655687494345969,3.731252376079122,2.5063182331678973,2.413794420015359,6.547162740536805,3.270535058086553,4.368236276469112,4.719685814062883,2.5857119155662893,1.126746004025478,2.236573295278567,1.0699201826570324,0.986050802712511,0.5762544040474584,1.0080240122821293,4.071406529698407,3.374039040983405,1.8274347021965223,2.950787522972296
3.228957994755305,0.9778611523322596,2.0226100825940985,1.4442425622321684,1.6970695803064892,1.625130219178895,1.6466984988683855,1.6759772015579721,1.5048595412739207,1.646662529059944,2.236573295278567,2.404924813559527,3.076051077177556,2.7845387336497502,2.440596653881116,1.5681300263715872,1.3517731306827208,1.8274347021965223,1.007326393911976
1.7655687494345969,1.7829180459083456,3.1627792946609103,1.9364309671006996,1.74732961305499,2.1646803154060676,2.1215977083826063,2.260369255158915,2.6822165918423937,3.206412104163342,2.236573295278567,2.404924813559527,3.076051077177556,2.7845387336497502,3.665693257731284,0.984032175595329,2.0153550536689995,1.8274347021965223,2.3955129146693475
3.228957994755305,2.615761158020649,3.4391839521316525,2.2299650157873536,2.4509700715339995,1.981857555527439,1.847617395201325,2.8447613087598578,1.910179181633559,2.6864955791288763,2.236573295278567,2.404924813559527,3.076051077177556,2.7845387336497502,1.6502117481713303,1.4846874762606932,2.106597568079613,1.8274347021965223,2.6731502188208216
1.7655687494345969,3.4406122474101606,1.0551937814465004,3.540490768509587,2.325319989662748,3.9884488224879973,2.907007939502279,1.9925228972584828,3.0296334264363693,1.646662529059944,2.236573295278567,1.0699201826570324,0.986050802712511,0.5762544040474584,2.3664980689708237,1.234359825928011,3.7124658217064073,5.8813879688155275,3.367243479199508
0.3021795041138886,0.2681044832006241,0.8824408705272864,1.4353475910598457,1.8729796949262416,1.6385074942919655,1.7014945615046417,1.8707745527582864,1.890878246378338,3.206412104163342,2.236573295278567,2.404924813559527,3.076051077177556,2.7845387336497502,2.653012597290621,1.4846874762606932,1.4148134133664172,1.8274347021965223,1.5626010022149246
1.7655687494345969,1.4790817866971009,1.7807560073071989,1.4916824084845568,1.9734997604232432,1.6429665859963223,1.6466984988683855,1.74902620825809,1.5434614117843624,2.6864955791288763,2.236573295278567,5.074934075364517,3.076051077177556,4.992823063252041,0.6078916537665502,2.8197682780349975,1.4114955037514858,1.8274347021965223,1.4237823501391875
1.7655687494345969,2.597964967887921,1.4698007676526137,3.1491120369273817,1.8227196621777408,1.848084804396735,1.7928213325650688,1.6759772015579721,2.006683857909663,2.6864955791288763,2.236573295278567,2.404924813559527,0.986050802712511,1.6803965688486042,1.432855899101139,2.2356704272587393,2.4533191228399436,2.6382253555203232,3.2284248271237703
3.228957994755305,2.640341274418072,2.54086881535174,2.5205340740832334,2.275059956914247,1.892675721440303,2.3407819589276313,1.6759772015579721,3.1840409084781367,4.246245154232274,2.236573295278567,3.739929444462023,3.076051077177556,3.888680898450896,3.754611559623635,2.4025555274805273,2.2990363257456337,1.8274347021965223,2.811968870896559
3.228957994755305,2.8830292667502837,3.646487445234709,2.784418218862145,1.7975896458034906,2.062121206205861,1.9206788120496667,2.08992157285864,2.508508174545406,5.286078204301206,2.236573295278567,3.739929444462023,3.076051077177556,3.888680898450896,2.8703684463608123,1.4846874762606932,2.4101862978458355,1.8274347021965223,3.0896061750480333
3.228957994755305,2.6130661736141265,1.9880595004102555,2.108400409765608,1.8478496785519913,2.2003530490409218,1.7197599157167271,1.6759772015579721,3.2419437142437992,3.726328629197808,2.236573295278567,2.404924813559527,0.986050802712511,1.6803965688486042,2.9741064652352214,2.9032108281458915,2.1032796584646816,1.8274347021965223,2.5343315667450845
3.228957994755305,1.0549469994084877,0.9515420348949719,1.43831258145062,1.7221995966807397,1.625130219178895,2.012005583110094,1.6759772015579721,1.8136745053574548,2.16657905409441,2.236573295278567,3.739929444462023,3.076051077177556,3.888680898450896,0.7956080688726244,2.0687853270369514,1.4098365489440203,1.8274347021965223,1.2849636980634502
3.228957994755305,0.431290435540415,3.4737345343154953,1.5005773796568798,1.74732961305499,1.7053938698573174,1.7745559783529834,1.7003268704580115,1.9294801168887799,2.6864955791288763,2.236573295278567,2.404924813559527,0.986050802712511,1.6803965688486042,2.9098876916463015,1.0674747257062231,1.466241012397854,2.6382253555203232,1.4237823501391875
1.7655687494345969,2.0013511785818525,3.093678130293225,3.958554413608761,1.9232397276747424,2.227107599267063,1.884148103625496,1.9194738905583648,1.8715773111231173,2.16657905409441,2.236573295278567,1.0699201826570324,0.986050802712511,0.5762544040474584,3.9324481634083366,2.2356704272587393,3.0671324016022514,1.8274347021965223,4.061336739578193
3.228957994755305,1.1656272210694734,2.368115904432526,1.4442425622321684,1.6970695803064892,1.6162120357701815,1.7014945615046417,1.7733758771581294,1.5434614117843624,1.646662529059944,2.236573295278567,1.0699201826570324,0.986050802712511,0.5762544040474584,3.9522077860510816,0.900589625484435,1.3633858143349806,1.8274347021965223,1.007326393911976
3.228957994755305,1.5189954350626707,3.4391839521316525,1.43831258145062,1.74732961305499,1.6206711274745382,1.756290624140898,1.7246765393580508,1.6592670233156877,1.646662529059944,2.236573295278567,2.404924813559527,3.076051077177556,2.7845387336497502,2.381317785952882,1.9019002268151632,1.3766574527947064,1.8274347021965223,1.007326393911976
3.228957994755305,2.7643570223665064,2.229913575697155,3.531595797337264,2.7525302680250037,2.4010121757369776,2.413843375775973,4.549238131762608,6.252889614058255,2.16657905409441,2.236573295278567,2.404924813559527,3.076051077177556,2.7845387336497502,2.470236087845233,2.485998077591421,3.551547205382235,1.8274347021965223,2.811968870896559
1.7655687494345969,2.894041530618316,2.575419397535583,2.633203708932656,1.671939563932239,1.7232302366747447,1.6466984988683855,1.6759772015579721,1.6399660880604667,4.76616167926674,2.236573295278567,5.074934075364517,3.076051077177556,4.992823063252041,0.6819902386768426,4.238291629920196,2.063464743085505,2.097698253304456,2.6731502188208216
3.228957994755305,2.5672514387032397,3.78468977397008,4.121628885101347,2.8781803498962555,2.5570803853894657,2.231189833655119,1.9681732283584434,1.9487810521440008,1.646662529059944,2.236573295278567,1.0699201826570324,0.986050802712511,0.5762544040474584,1.3538174085301606,1.317802376038905,3.385651724635665,2.908488906628257,3.0896061750480333
1.7655687494345969,3.137101244937634,0.9169914527111291,2.6984334975296904,2.425840055159749,2.5437031102763954,3.107926835835219,2.4064672685591506,2.662915656587173,2.16657905409441,2.236573295278567,2.404924813559527,3.076051077177556,2.7845387336497502,1.3587573141908467,3.4038661288112557,2.7253877112643177,1.8274347021965223,3.506062131275245
1.7655687494345969,2.3761863373304553,2.0226100825940985,1.6784768031033368,1.74732961305499,1.8614620795098054,1.6832292072925563,1.7003268704580115,1.890878246378338,2.6864955791288763,2.236573295278567,3.739929444462023,3.076051077177556,3.888680898450896,3.660753352070598,3.5707512290330436,1.6122290354548352,3.449016008844124,1.7014196542906617
