,Income,Recency,Wines,Fruits,Meat,Fish,Sweets,Gold,NumDealsPurchases,Complain,Total_Offsprings,Family_Size,Days_since_enrollment,Age,Total_Amount,Frequency,Total_purchases,cluster,ID,Education,Living_With
0,2.621011731088529,2.6445205619032683,3.312186508419967,3.883381004866269,4.024121556122852,4.788339423347077,3.818748064761429,3.1840409084781367,2.6864955791288763,2.236573295278567,1.0699201826570324,0.5762544040474584,3.863289484158731,3.3204235787003618,4.009418732242767,3.449016008844124,3.644880783350982,1,5524,Graduate,Alone
1,2.0730005915966467,1.9535089182264127,1.462032504576814,1.6970695803064892,1.6162120357701817,1.6832292072925563,1.7003268704580117,1.601364217550025,2.16657905409441,2.236573295278567,3.739929444462023,2.7845387336497502,1.1463413707813417,3.570751229033044,1.371680588372309,1.8274347021965225,1.1461450459877132,2,2174,Graduate,Alone
2,3.247130953121183,1.5389019320202992,2.692503516748142,2.9033103662705058,2.155762131997354,3.6741528164098662,2.187320248458797,2.296197886737976,1.646662529059944,2.236573295278567,1.0699201826570324,1.6803965688486042,2.129382597257888,2.6528831778132096,2.614237739164116,1.8274347021965225,3.367243479199508,1,4141,Graduate,Partner
3,1.1577281288434584,1.5389019320202992,1.462032504576814,1.7724596294292403,1.6786393196311766,1.82935204098924,1.74902620825809,1.5820632822948042,2.16657905409441,2.236573295278567,2.404924813559527,2.7845387336497502,1.274778917959182,1.0674747257062231,1.4148134133664172,1.8274347021965225,1.4237823501391875,2,6182,Graduate,Partner
4,2.6282138445887195,3.888341520521609,1.942360947882248,2.752530268025004,2.115630306658143,2.486904792624314,2.3334182618590327,1.775072634847013,3.726328629197808,2.236573295278567,2.404924813559527,2.7845387336497502,1.3834568424942777,1.317802376038905,2.02696773732126,1.8274347021965225,2.5343315667450845,2,5324,Postgraduate,Partner
5,2.824297192787443,1.1933961101818715,2.9712126134809247,2.7274002516507534,2.0264484725710066,1.6466984988683857,2.698663295359622,1.755771699591792,2.16657905409441,2.236573295278567,2.404924813559527,2.7845387336497502,2.0355243897048507,2.485998077591421,2.514700450716174,1.8274347021965225,3.367243479199508,0,7446,Postgraduate,Partner
6,2.5047092143725567,1.8153065894910416,2.1261903521102536,3.3053906282585115,2.3207485250585558,2.5599662094726563,2.869110977659897,2.006683857909663,3.206412104163342,2.236573295278567,2.404924813559527,1.6803965688486042,3.517496087910699,2.1522278771478454,2.3056721449754964,1.8274347021965225,2.950787522972296,0,965,Graduate,Alone
7,1.474063539871162,1.746205425123356,1.6547568799771426,1.9232397276747424,1.8391666209880213,1.7014945615046415,1.7003268704580117,1.92948011688878,2.16657905409441,2.236573295278567,2.404924813559527,2.7845387336497502,2.648072691629934,0.984032175595329,1.607252171032438,1.8274347021965225,1.7014196542906617,2,6177,Postgraduate,Partner
8,1.3298818741221954,1.2970478567333998,1.470927475749137,1.671939563932239,1.696475686448604,1.7014945615046415,1.74902620825809,1.5241604765291417,1.646662529059944,2.236573295278567,2.404924813559527,2.7845387336497502,2.504815427470036,1.9019002268151632,1.4032007297141575,3.449016008844124,1.2849636980634502,2,4855,Postgraduate,Partner
9,0.1820508431854497,2.9900263837416965,1.512437341219977,1.671939563932239,1.6162120357701817,1.664963853080471,1.7003268704580117,1.736470764336571,1.646662529059944,2.236573295278567,3.739929444462023,3.888680898450896,1.1216418424779109,3.90452142947662,1.4081775941365544,2.6382253555203232,0.7296890897605017,2,5899,Postgraduate,Partner
10,0.2681044832006241,2.679071144087111,1.4472075526229429,2.0740198259202445,1.6385074942919655,1.847617395201325,1.7003268704580117,1.7943735701022336,1.646662529059944,2.236573295278567,1.0699201826570324,1.6803965688486042,3.517496087910699,1.735015126593375,1.4280850518261428,1.8274347021965225,1.2849636980634502,2,1994,Undergraduate,Partner
11,2.848459121949371,3.4737345343154957,2.004625746088508,3.20487056276151,3.729821503635303,5.756403196587605,4.403140118362372,2.064586663675326,1.646662529059944,2.236573295278567,1.0699201826570324,0.5762544040474584,1.704550710438878,3.1535384784785734,3.155057006397933,1.8274347021965225,2.6731502188208216,1,387,Graduate,Alone
12,2.6775134731287302,2.4717676509840545,2.120260371328705,1.7221995966807395,1.825789345874951,1.7014945615046415,1.7977255460581685,1.755771699591792,2.6864955791288763,2.236573295278567,3.739929444462023,2.7845387336497502,1.704550710438878,3.737636329254832,1.8411647988851012,1.8274347021965225,2.2566942625936104,2,2125,Postgraduate,Alone
13,0.7245326181191221,1.9535089182264127,1.43831258145062,2.023759793171744,1.6652620445181063,1.756290624140898,1.7003268704580117,1.5820632822948042,1.646662529059944,2.236573295278567,1.0699201826570324,1.6803965688486042,3.685452880374029,0.817147075373541,1.4032007297141575,1.8274347021965225,1.1461450459877132,2,8180,Graduate,Partner
14,3.766937686841354,1.435250185468771,4.412197943397226,2.2247999241657466,2.1022530315450725,2.724354397381425,3.331754686760644,2.354100692503639,1.646662529059944,2.236573295278567,1.0699201826570324,0.5762544040474584,3.463157125643152,4.238291629920196,3.5084143803881265,5.070597315491726,4.061336739578193,1,2569,Postgraduate,Alone
15,1.8641857653395228,2.402666486616369,1.586562100989334,1.7975896458034906,1.67418022792682,1.6832292072925563,1.9925228972584828,1.5627623470395833,2.6864955791288763,2.236573295278567,3.739929444462023,3.888680898450896,3.314959955822567,1.4012449261497992,1.4861484700874423,1.8274347021965225,1.4237823501391875,2,2114,Graduate,Partner
16,1.6741428994312813,1.3315984389172426,1.6784768031033368,1.7975896458034906,1.7589029703095989,4.386501630681198,1.9681732283584437,2.025984793164884,2.16657905409441,2.236573295278567,1.0699201826570324,1.6803965688486042,3.883049106801475,4.238291629920196,1.8527774825373613,1.8274347021965225,2.1178756105178733,2,9736,Graduate,Partner
17,3.4972069199471383,3.78468977397008,4.429987885741872,3.682340873872267,3.810085154313725,1.6466984988683857,2.0655719039586007,4.882523210937572,2.16657905409441,2.236573295278567,2.404924813559527,2.7845387336497502,2.850608823718068,3.987963979587514,4.283146275474607,2.097698253304456,3.922518087502456,1,4939,Postgraduate,Partner
18,1.4906980987941818,3.6119368630508655,1.4412775718413942,2.0991498422944947,1.67418022792682,2.194659125230948,2.260369255158915,2.2382950809723137,2.16657905409441,2.236573295278567,2.404924813559527,1.6803965688486042,3.5668951445175607,0.984032175595329,1.547529797963673,1.8274347021965225,1.4237823501391875,2,6565,Undergraduate,Alone
19,1.6406879205916889,2.057160664777941,1.6844067838848855,1.7221995966807395,1.914971179962087,2.907007939502279,2.601264619759465,2.4120034982693017,1.646662529059944,2.236573295278567,1.0699201826570324,1.6803965688486042,3.996666936997257,1.234359825928011,1.851118527729896,1.8274347021965225,2.1178756105178733,2,2278,Graduate,Partner
20,0.0333155830944273,2.091711246961784,1.4323826006690714,1.6970695803064892,9.281390675559516,1.664963853080471,1.7003268704580117,1.5048595412739207,8.925493879542469,2.236573295278567,2.404924813559527,2.7845387336497502,3.2507411822336465,1.4846874762606932,4.196880625486391,1.8274347021965225,4.477792695805405,0,9360,Graduate,Partner
21,2.642803932582653,2.817273472822482,4.000064279079601,1.671939563932239,1.9729393721187252,1.6466984988683857,1.675977201557972,1.8522763758678964,2.6864955791288763,2.236573295278567,2.404924813559527,2.7845387336497502,3.3198998614832527,3.987963979587514,2.9393928814273926,2.908488906628257,2.5343315667450845,0,5376,Postgraduate,Partner
22,2.9549110060070194,0.640586795240387,2.567973920335622,1.671939563932239,2.044284839388434,2.0302709373221792,2.455166606359229,1.5820632822948042,2.6864955791288763,2.236573295278567,2.404924813559527,2.7845387336497502,1.4229760877797668,3.570751229033044,2.2293602238320744,1.8274347021965225,2.950787522972296,0,1993,Postgraduate,Partner
23,1.81023961196068,3.0245769659255397,2.2299650157873536,1.74732961305499,1.7098529615616742,2.3590473131397167,1.822075214958208,3.3963511962855657,4.76616167926674,2.236573295278567,2.404924813559527,2.7845387336497502,2.900007880324929,3.821078879365726,2.063464743085505,1.8274347021965225,2.3955129146693475,0,4047,Graduate,Partner
24,0.7833576225787391,3.7155886096023942,1.4472075526229429,1.7724596294292403,1.700934778152961,1.9206788120496667,1.9681732283584437,1.736470764336571,2.16657905409441,2.236573295278567,1.0699201826570324,0.5762544040474584,3.270500804876391,2.3191129773696333,1.4513104191306625,1.8274347021965225,1.4237823501391875,2,1409,Graduate,Alone
25,2.3989543090407333,0.7787891239757581,1.942360947882248,1.7724596294292403,1.7232302366747447,1.7014945615046415,1.822075214958208,2.2768969514827555,3.206412104163342,2.236573295278567,3.739929444462023,3.888680898450896,2.5542144840768977,1.735015126593375,1.7532401940894196,1.8274347021965225,1.979056958442136,2,7892,Graduate,Partner
26,1.7020220484642752,1.5389019320202992,1.5361572643461712,1.7221995966807395,1.7767393371270264,2.012005583110094,2.187320248458797,1.6785679585709086,2.16657905409441,2.236573295278567,2.404924813559527,2.7845387336497502,2.534454861434153,0.6502619751517529,1.5442118883487417,1.8274347021965225,1.5626010022149246,2,2404,Graduate,Partner
27,3.851411508411325,3.957442684889294,3.457471037567907,4.184941201357273,5.161189940733834,2.0302709373221792,3.283055348960565,1.4855586060186998,1.646662529059944,2.236573295278567,1.0699201826570324,1.6803965688486042,1.6699713708140749,2.6528831778132096,4.10066124665338,3.1787524577361905,4.061336739578193,1,5255,Postgraduate,Partner
28,0.4297570823436003,1.8153065894910416,1.4531375334044911,1.7724596294292403,1.6340484025876088,1.6832292072925563,1.7246765393580508,1.5627623470395833,2.16657905409441,2.236573295278567,1.0699201826570324,0.5762544040474584,0.7758484462298796,0.6502619751517529,1.3766574527947064,1.8274347021965225,1.4237823501391875,2,9422,Postgraduate,Alone
29,1.7141030130452393,2.575419397535583,1.7614965340450168,2.0991498422944947,1.78565752053574,2.2677205420792896,2.211669917358837,3.2033418437333574,1.646662529059944,2.236573295278567,1.0699201826570324,1.6803965688486042,2.6332529746478763,2.819768278034997,1.854436437344827,1.8274347021965225,1.979056958442136,2,1966,Postgraduate,Partner
30,1.8036880119379264,1.711654842939513,1.7555665532634683,1.671939563932239,1.6117529440658247,1.6832292072925563,1.675977201557972,1.5434614117843624,2.16657905409441,2.236573295278567,2.404924813559527,2.7845387336497502,3.685452880374029,2.2356704272587398,1.525963385466619,2.908488906628257,1.5626010022149246,2,6864,Graduate,Partner
31,2.0853603476679408,0.9169914527111293,1.7140566877926282,1.9734997604232432,2.017530289162293,2.249455187867204,2.211669917358837,2.3154988219931973,4.246245154232274,2.236573295278567,3.739929444462023,2.7845387336497502,3.5915946728209915,3.737636329254832,1.827893160425376,3.449016008844124,2.1178756105178733,0,3033,Postgraduate,Alone
32,3.1097796788853005,0.7787891239757581,2.858542978631502,2.5263601206567508,3.689689678296092,3.82027565010655,3.331754686760644,1.910179181633559,1.646662529059944,2.236573295278567,1.0699201826570324,1.6803965688486042,3.028445427502769,4.238291629920196,3.310998758299709,1.8274347021965225,2.950787522972296,1,5710,Postgraduate,Partner
33,2.2144872729390905,2.54086881535174,1.5480172259092684,1.671939563932239,1.67418022792682,1.6832292072925563,1.7003268704580117,1.5434614117843624,1.646662529059944,2.236573295278567,3.739929444462023,2.7845387336497502,2.0898633519723986,3.821078879365726,1.4347208710560055,1.8274347021965225,1.2849636980634502,2,7373,Postgraduate,Alone
34,3.049188994986927,1.91895833604257,3.5108408646018443,2.0991498422944947,2.262780332901917,1.6466984988683857,1.8707745527582864,2.1610913399514304,3.726328629197808,2.236573295278567,2.404924813559527,2.7845387336497502,1.477315050047315,2.2356704272587398,2.8415145477869164,1.8274347021965225,3.783699435426719,0,8755,Postgraduate,Partner
35,1.0216778815624483,3.2664310412124387,1.4472075526229429,1.74732961305499,1.651884769405036,1.9206788120496667,1.846424883858247,2.180392275206651,2.6864955791288763,2.236573295278567,2.404924813559527,2.7845387336497502,2.070103729329654,1.735015126593375,1.461264147975457,1.8274347021965225,1.4237823501391875,2,10738,Undergraduate,Partner
36,1.891089144156362,4.061094431440822,1.5924920817708823,1.671939563932239,1.6162120357701817,1.6832292072925563,1.675977201557972,1.5627623470395833,2.16657905409441,2.236573295278567,2.404924813559527,1.6803965688486042,1.2698390122984955,1.9853427769260568,1.438038780670937,1.8274347021965225,1.2849636980634502,2,4339,Graduate,Alone
37,2.19399609839984,2.4717676509840545,2.725118411046659,1.8729796949262416,2.508030376641541,4.569155172802052,2.869110977659897,2.296197886737976,2.16657905409441,2.236573295278567,1.0699201826570324,0.5762544040474584,3.122303635055806,4.488619280252878,2.823266044904794,4.259806662167925,3.644880783350982,1,10755,Postgraduate,Alone
38,3.637346109086321,0.7442385417919153,2.6776785647942707,3.5818208083752654,3.979530639079284,3.1444575442593896,6.010218265764966,3.4542540020512287,2.16657905409441,2.236573295278567,2.404924813559527,2.7845387336497502,2.6925318425761104,1.4012449261497992,3.641130764985382,1.8274347021965225,3.2284248271237703,1,8595,Graduate,Partner
39,0.8748941619037356,3.681038027418552,1.4679624853583628,1.6970695803064892,1.718771144970388,1.7014945615046415,1.675977201557972,1.620665152805246,2.16657905409441,2.236573295278567,2.404924813559527,2.7845387336497502,2.929647314289046,0.984032175595329,1.4148134133664172,1.8274347021965225,1.2849636980634502,2,2968,Postgraduate,Partner
40,0.9415717933409792,0.7787891239757581,1.4561025237952654,1.671939563932239,1.6162120357701817,1.7014945615046415,1.7003268704580117,1.5434614117843624,1.646662529059944,2.236573295278567,2.404924813559527,2.7845387336497502,3.314959955822567,3.3204235787003618,1.3633858143349806,1.8274347021965225,1.007326393911976,2,8601,Graduate,Partner
41,0.2681044832006241,1.2970478567333998,1.43831258145062,1.6970695803064892,1.6340484025876088,1.7014945615046415,1.7246765393580508,1.7171698290813504,2.6864955791288763,2.236573295278567,2.404924813559527,2.7845387336497502,1.9219065595090687,1.8184576767042693,1.378316407602172,1.8274347021965225,1.2849636980634502,2,503,Postgraduate,Partner
42,3.634093541699138,3.128228712477068,1.794111428343534,5.793262249309295,2.7755758789029485,5.792933905011775,2.4064672685591506,4.843921340427132,1.646662529059944,2.236573295278567,1.0699201826570324,0.5762544040474584,0.5930719367844917,1.735015126593375,2.959300339116981,1.8274347021965225,2.6731502188208216,1,8430,Graduate,Alone
43,0.2681044832006241,1.4698007676526137,1.43831258145062,2.124279858668745,1.651884769405036,1.9206788120496667,2.211669917358837,2.450605368779744,2.6864955791288763,2.236573295278567,1.0699201826570324,1.6803965688486042,3.537255710553444,0.0661641243754949,1.5292812950815504,3.449016008844124,1.5626010022149246,2,7281,Undergraduate,Partner
44,1.8585170050361477,3.819240356153923,1.4679624853583628,1.8227196621777408,1.6563438611093928,1.7014945615046415,1.7977255460581685,1.736470764336571,1.646662529059944,2.236573295278567,2.404924813559527,2.7845387336497502,2.5690342010589564,2.4025555274805277,1.4181313229813486,1.8274347021965225,1.1461450459877132,2,2139,Graduate,Partner
45,3.290668890861042,1.9880595004102557,3.878499673057856,2.928440382644756,3.0029895558251454,2.5599662094726563,2.601264619759465,2.218994145717093,5.805994729335672,2.236573295278567,3.739929444462023,3.888680898450896,3.54219561621413,3.570751229033044,3.5150501996179893,1.8274347021965225,3.2284248271237703,0,1371,Postgraduate,Partner
46,2.962438376245928,1.6425536785718275,2.155840256017997,2.1494098750429957,2.14684394858864,2.322516604715546,3.3074050178606043,1.755771699591792,1.646662529059944,2.236573295278567,2.404924813559527,1.6803965688486042,0.8252475028367412,3.3204235787003618,2.1679788959558435,1.8274347021965225,2.811968870896559,2,9909,Graduate,Alone
47,3.5970142734852564,0.7096879596080725,3.3566613642815817,2.6017501697795016,5.067549014942342,2.139863062594692,5.742371907864533,2.103188534185768,1.646662529059944,2.236573295278567,1.0699201826570324,1.6803965688486042,3.981847220015198,2.736325727924104,4.13549929761016,1.8274347021965225,4.477792695805405,1,7286,Postgraduate,Partner
48,1.582606360106285,2.5063182331678973,1.4649974949675884,1.8227196621777408,1.6786393196311766,2.194659125230948,1.7003268704580117,1.5434614117843624,2.16657905409441,2.236573295278567,2.404924813559527,1.6803965688486042,3.270500804876391,1.6515725764824811,1.4463335547082656,1.8274347021965225,1.2849636980634502,2,7244,Graduate,Alone
49,3.7568082626927,2.5063182331678973,2.9415627095731818,4.687541528842281,4.041957922940279,4.49609375595371,2.6499639575595437,6.1370840025269295,1.646662529059944,2.236573295278567,1.0699201826570324,0.5762544040474584,0.6968099556589011,1.6515725764824811,4.009418732242767,4.53007021327586,3.367243479199508,1,6566,Graduate,Alone
50,3.00365305156637,2.6099699797194256,2.401934458452262,1.898109711300492,2.142384856884284,1.8658827494134105,2.260369255158915,3.5893605488377744,4.76616167926674,2.236573295278567,3.739929444462023,3.888680898450896,2.475175993505919,1.5681300263715872,2.332215421894948,1.8274347021965225,2.811968870896559,0,8614,Graduate,Partner
51,3.747608143511812,2.54086881535174,4.346968154800193,2.9535703990190063,3.515785101826177,4.93446225704376,4.597937469562687,5.152736304510665,1.646662529059944,2.236573295278567,1.0699201826570324,1.6803965688486042,3.487856653946582,3.4873086789221497,4.573463366781104,4.800333764383792,4.20015539165393,1,4114,Postgraduate,Partner
52,3.185518033758267,1.6771042607556703,2.3040897755567107,2.551490137031001,3.7387396870440166,3.856806358530721,4.597937469562687,2.257596016227535,1.646662529059944,2.236573295278567,1.0699201826570324,0.5762544040474584,2.8259092954146365,2.569440627702316,3.140126413130742,3.449016008844124,3.367243479199508,1,1331,Graduate,Alone
53,1.2177612297611715,1.711654842939513,1.4679624853583628,1.671939563932239,1.625130219178895,1.6832292072925563,1.7003268704580117,1.5820632822948042,1.646662529059944,2.236573295278567,2.404924813559527,1.6803965688486042,0.8944061820863476,0.7337045252626471,1.3749984979872405,1.8274347021965225,1.2849636980634502,2,2225,Graduate,Alone
54,2.519531628608432,2.817273472822482,2.754768314954402,1.671939563932239,1.7143120532660312,1.6466984988683857,1.675977201557972,2.3154988219931973,2.6864955791288763,2.236573295278567,2.404924813559527,2.7845387336497502,1.1710408990847725,2.4025555274805277,2.1862273988379664,1.8274347021965225,2.811968870896559,2,9381,Postgraduate,Partner
55,3.4406122474101606,1.0551937814465004,3.540490768509587,2.325319989662748,3.988448822487997,2.907007939502279,1.9925228972584828,3.0296334264363693,1.646662529059944,2.236573295278567,1.0699201826570324,0.5762544040474584,2.366498068970824,1.234359825928011,3.7124658217064073,5.881387968815528,3.367243479199508,1,6260,Postgraduate,Alone
56,3.016663321115101,1.262497274549557,2.769593266908273,2.124279858668745,2.044284839388434,1.938944166261752,2.1142712417586798,1.601364217550025,3.206412104163342,2.236573295278567,3.739929444462023,3.888680898450896,3.848469767176672,1.8184576767042693,2.3421691507397417,1.8274347021965225,3.0896061750480333,0,10383,Graduate,Partner
57,2.7922361713995003,1.5389019320202992,2.9801075846532474,1.8478496785519916,2.1869757739278515,2.322516604715546,2.016872566158522,4.747416664151027,3.206412104163342,2.236573295278567,2.404924813559527,1.6803965688486042,3.0383252388241417,3.737636329254832,2.7934048583704114,1.8274347021965225,3.367243479199508,0,7437,Graduate,Alone
58,3.064383131209909,0.9169914527111293,3.048302363641056,1.671939563932239,1.803493887353167,1.6466984988683857,1.822075214958208,1.601364217550025,1.646662529059944,2.236573295278567,2.404924813559527,1.6803965688486042,2.480115899166605,3.821078879365726,2.332215421894948,1.8274347021965225,3.0896061750480333,0,8557,Postgraduate,Alone
59,3.2031283628974414,1.6425536785718275,2.609483785806462,2.677140218902253,3.225944141042985,3.82027565010655,4.646636807362765,2.064586663675326,1.646662529059944,2.236573295278567,1.0699201826570324,1.6803965688486042,1.6008126915644687,4.071406529698407,3.111924181403825,1.8274347021965225,2.6731502188208216,1,8375,Graduate,Partner
60,1.1147477740842595,3.231880459028596,1.4323826006690714,1.74732961305499,1.6162120357701817,1.7014945615046415,1.822075214958208,1.775072634847013,1.646662529059944,2.236573295278567,2.404924813559527,2.7845387336497502,2.5838539180410147,2.1522278771478454,1.3832932720245692,3.449016008844124,1.1461450459877132,2,6853,Graduate,Partner
61,1.4285275964506057,0.640586795240387,1.45906751418604,1.671939563932239,1.5939165772483976,1.6466984988683857,1.675977201557972,1.4855586060186998,1.646662529059944,2.236573295278567,3.739929444462023,3.888680898450896,0.8301874084974274,2.485998077591421,1.345137311452858,1.8274347021965225,1.007326393911976,2,3076,Graduate,Partner
62,4.017571236647969,1.2970478567333998,3.4693309991310044,2.023759793171744,2.967316822190291,5.318034695497555,2.260369255158915,2.218994145717093,1.646662529059944,2.236573295278567,2.404924813559527,1.6803965688486042,1.092002408513794,1.4846874762606932,3.440397233282033,4.53007021327586,4.894248652032616,1,1012,Undergraduate,Alone
63,3.130177922927774,0.7787891239757581,2.161770236799545,2.9033103662705058,2.2984530665367715,1.7745559783529834,3.6726500513611935,3.5893605488377744,1.646662529059944,2.236573295278567,2.404924813559527,2.7845387336497502,1.9466060878125,3.236981028589468,2.4101862978458355,1.8274347021965225,2.950787522972296,0,6518,Graduate,Partner
64,3.3977248231477386,3.750139191786237,3.967449384781084,3.1546105300130094,3.761035145565801,2.70608904316934,2.3821175996591117,2.894526879649823,4.76616167926674,2.236573295278567,5.074934075364517,4.992823063252041,2.7962698614505195,2.2356704272587398,3.918176217832154,1.8274347021965225,2.2566942625936104,0,4137,Graduate,Partner
65,3.032368575070354,0.6751373774242297,2.900052844102342,2.5766201534052517,3.6406396695481673,5.09885044495253,3.136957335560329,1.7171698290813504,2.6864955791288763,2.236573295278567,1.0699201826570324,1.6803965688486042,3.828710144533927,3.570751229033044,3.405559182325254,1.8274347021965225,3.0896061750480333,1,8082,Postgraduate,Partner
66,2.9412966882292406,1.6425536785718275,2.194385131098062,4.360851315977026,2.887053171511869,3.1809882526835604,2.576914950859426,3.1454390379676944,3.206412104163342,2.236573295278567,2.404924813559527,2.7845387336497502,2.904947785985615,3.1535384784785734,2.758566807413632,1.8274347021965225,4.20015539165393,1,1386,Graduate,Partner
67,2.736849595320619,3.681038027418552,3.104637181065768,1.8227196621777408,1.8792984463272324,1.6466984988683857,1.822075214958208,1.8522763758678964,3.726328629197808,2.236573295278567,3.739929444462023,3.888680898450896,2.8110895784325782,1.8184576767042693,2.423457936305561,2.908488906628257,3.2284248271237703,0,9369,Postgraduate,Partner
68,1.236068537626171,2.6445205619032683,1.470927475749137,1.9232397276747424,1.6474256777006793,1.7197599157167271,2.0412222350585614,1.6592670233156877,1.646662529059944,2.236573295278567,1.0699201826570324,1.6803965688486042,0.8845263707649753,3.737636329254832,1.4347208710560055,1.8274347021965225,1.5626010022149246,2,4477,Graduate,Partner
69,1.7896555069246527,2.9900263837416965,1.4353475910598457,1.6970695803064892,1.6162120357701817,1.6832292072925563,1.7003268704580117,1.5048595412739207,1.646662529059944,2.236573295278567,2.404924813559527,1.6803965688486042,3.339659484125997,1.6515725764824811,1.3484552210677894,1.8274347021965225,1.007326393911976,2,1357,Graduate,Alone
70,3.416171526757903,1.8153065894910416,3.567175682026556,4.461371381474027,5.714117312074078,3.418437857440671,2.1142712417586798,1.8329754406126757,1.646662529059944,2.236573295278567,1.0699201826570324,1.6803965688486042,3.90280872944422,2.0687853270369514,4.462313394680902,3.449016008844124,3.0896061750480333,1,1402,Postgraduate,Partner
71,3.4428425793328,2.0226100825940985,4.489287693557358,4.310591283228526,5.063089923237985,4.149052025924087,4.232692436062097,2.4699063040349643,1.126746004025478,2.236573295278567,1.0699201826570324,0.5762544040474584,3.675573069052657,1.735015126593375,4.99151997826246,4.259806662167925,3.644880783350982,1,10629,Graduate,Alone
72,1.142859249359195,1.0551937814465004,1.4323826006690714,1.671939563932239,1.6117529440658247,1.6466984988683857,1.74902620825809,1.6592670233156877,1.646662529059944,12.555767160837409,1.0699201826570324,1.6803965688486042,2.060223918008281,1.735015126593375,1.3567499951051178,1.8274347021965225,1.007326393911976,2,6312,Undergraduate,Partner
73,2.523806431460158,0.951542034894972,3.140217065755059,1.671939563932239,1.874839354622876,1.6466984988683857,1.675977201557972,2.4699063040349643,2.16657905409441,2.236573295278567,1.0699201826570324,1.6803965688486042,3.270500804876391,2.6528831778132096,2.4748855353369974,4.259806662167925,3.2284248271237703,0,8132,Graduate,Partner
74,1.3024209123246966,3.646487445234709,1.6191769952878512,1.7724596294292403,1.892675721440303,1.7745559783529834,1.7977255460581685,1.8136745053574548,3.206412104163342,2.236573295278567,2.404924813559527,1.6803965688486042,3.892928918122848,0.984032175595329,1.600616351802575,1.8274347021965225,1.7014196542906617,2,1050,Graduate,Alone
75,1.141837013894652,0.8133397061596008,1.4412775718413942,1.6970695803064892,1.6117529440658247,1.6832292072925563,1.675977201557972,1.5627623470395833,1.646662529059944,2.236573295278567,2.404924813559527,2.7845387336497502,2.420837031238372,2.3191129773696333,1.3534320854901865,1.8274347021965225,1.007326393911976,2,5846,Graduate,Partner
76,1.014289907068705,3.646487445234709,1.5035423700476542,1.7975896458034906,1.67418022792682,1.7745559783529834,1.675977201557972,1.92948011688878,2.6864955791288763,2.236573295278567,2.404924813559527,2.7845387336497502,2.37143797463151,1.9853427769260568,1.4579462383605253,1.8274347021965225,1.4237823501391875,2,1859,Undergraduate,Partner
77,1.7141030130452393,2.575419397535583,1.7614965340450168,2.0991498422944947,1.78565752053574,2.2677205420792896,2.211669917358837,3.2033418437333574,1.646662529059944,2.236573295278567,1.0699201826570324,1.6803965688486042,2.6332529746478763,2.819768278034997,1.854436437344827,1.8274347021965225,1.979056958442136,2,7503,Postgraduate,Partner
78,3.700074194410557,1.262497274549557,1.9127110439745048,2.249929940539997,3.4801123681913224,2.139863062594692,3.2587056800605256,2.952429685415486,1.646662529059944,2.236573295278567,1.0699201826570324,0.5762544040474584,1.2006803330488895,0.817147075373541,2.617555648779048,1.8274347021965225,4.20015539165393,1,10401,Graduate,Alone
79,1.287552032840433,3.9228921027054513,1.4798224469214598,1.8729796949262416,1.651884769405036,1.82935204098924,1.7733758771581294,1.5434614117843624,2.16657905409441,2.236573295278567,3.739929444462023,3.888680898450896,2.1787816538647493,3.0700959283676794,1.4197902777888145,1.8274347021965225,1.2849636980634502,2,1618,Graduate,Partner
80,1.5987762665454213,2.2990147400648406,1.814866361078954,1.671939563932239,1.6608029528137496,1.6466984988683857,1.675977201557972,1.5820632822948042,3.726328629197808,2.236573295278567,3.739929444462023,3.888680898450896,2.3072192010425896,2.2356704272587398,1.5773909844980556,2.908488906628257,1.7014196542906617,2,3332,Postgraduate,Partner
81,2.2609060560790253,0.7442385417919153,2.295194804384388,1.8227196621777408,1.754443878605242,1.6466984988683857,1.74902620825809,2.1417904046962093,3.206412104163342,2.236573295278567,2.404924813559527,1.6803965688486042,0.7462090122657628,3.3204235787003618,1.9440199969479743,4.800333764383792,2.3955129146693475,0,2261,Graduate,Alone
82,3.6179236352600017,3.059127548109382,2.4671642470492965,3.17974054638726,4.122221573618701,3.655887462197781,4.9144831652631975,4.284194218025726,1.646662529059944,2.236573295278567,1.0699201826570324,1.6803965688486042,0.8252475028367412,1.9853427769260568,3.593021075568877,3.1787524577361905,3.0896061750480333,1,5346,Graduate,Partner
83,2.43700934747077,3.370082787763967,1.8296913130328252,1.898109711300492,1.7633620620139558,1.7197599157167271,1.675977201557972,1.620665152805246,1.646662529059944,2.236573295278567,2.404924813559527,2.7845387336497502,1.3735770311729052,2.485998077591421,1.6487260412190805,1.8274347021965225,1.840238306366399,2,4119,Graduate,Partner
84,1.8894628604627703,3.0245769659255397,1.473892466139911,1.7221995966807395,1.6340484025876088,1.6466984988683857,1.7003268704580117,1.5627623470395833,1.646662529059944,2.236573295278567,2.404924813559527,1.6803965688486042,1.0722427858710493,2.0687853270369514,1.3799753624096378,1.8274347021965225,1.1461450459877132,2,535,Postgraduate,Alone
85,1.0174030787107229,3.542835698683181,1.5094723508292027,1.7221995966807395,1.651884769405036,1.6466984988683857,1.675977201557972,1.4855586060186998,2.6864955791288763,2.236573295278567,2.404924813559527,2.7845387336497502,0.7659686349085073,2.2356704272587398,1.3982238652917602,1.8274347021965225,1.5626010022149246,2,5268,Postgraduate,Partner
86,1.318033235783173,1.6771042607556703,1.4442425622321684,1.74732961305499,1.6385074942919655,1.8658827494134105,1.7977255460581685,1.6592670233156877,1.646662529059944,2.236573295278567,2.404924813559527,2.7845387336497502,0.7758484462298796,1.1509172758171171,1.4015417749066916,1.8274347021965225,1.2849636980634502,2,273,Graduate,Partner
87,2.1460439620630907,3.128228712477068,2.9267377576193105,1.671939563932239,1.7053938698573174,1.6466984988683857,1.675977201557972,2.933128750160265,3.726328629197808,2.236573295278567,2.404924813559527,1.6803965688486042,3.473036936964524,3.0700959283676794,2.332215421894948,2.908488906628257,2.950787522972296,0,4452,Graduate,Alone
88,2.327119035032386,1.91895833604257,1.5806321202077855,1.7221995966807395,1.6206711274745382,1.6466984988683857,1.7003268704580117,1.5241604765291417,2.16657905409441,2.236573295278567,3.739929444462023,2.7845387336497502,2.781450144468461,2.0687853270369514,1.4314029614410742,1.8274347021965225,1.2849636980634502,2,8504,Graduate,Alone
89,3.5669977230263994,2.1608124113294696,2.043170621168574,2.325319989662748,3.5826714773915285,3.016600064774792,1.675977201557972,5.789667167932954,1.646662529059944,2.236573295278567,1.0699201826570324,1.6803965688486042,1.6255122198678995,3.821078879365726,2.949346610272187,2.097698253304456,3.922518087502456,1,771,Undergraduate,Partner
90,2.2498473269626045,1.746205425123356,1.8296913130328252,2.827920317147755,1.999693922344866,2.833946522653937,3.1613070044603684,1.6978688938261293,2.16657905409441,2.236573295278567,1.0699201826570324,1.6803965688486042,2.43565674822043,1.1509172758171171,2.007060279631671,1.8274347021965225,2.5343315667450845,2,8996,Postgraduate,Partner
91,2.1417226939629765,0.640586795240387,1.586562100989334,1.6970695803064892,1.6117529440658247,1.6832292072925563,1.7003268704580117,1.6785679585709086,2.16657905409441,2.236573295278567,2.404924813559527,1.6803965688486042,2.2726398614177867,3.0700959283676794,1.4463335547082656,1.8274347021965225,1.2849636980634502,2,9235,Undergraduate,Alone
92,1.5251753130983174,2.126261829145627,1.5509822163000426,1.6970695803064892,1.6162120357701817,1.6832292072925563,1.675977201557972,1.5820632822948042,2.16657905409441,2.236573295278567,2.404924813559527,1.6803965688486042,1.0376634462462462,3.1535384784785734,1.4181313229813486,1.8274347021965225,1.2849636980634502,2,5798,Postgraduate,Alone
93,3.9013616504287727,2.679071144087111,2.5739039011171707,5.994302380303298,2.4054712674413343,5.025789028104188,4.890133496363157,3.627962419348216,2.16657905409441,2.236573295278567,2.404924813559527,2.7845387336497502,2.736990993522286,1.4846874762606932,3.266206978498135,1.8274347021965225,4.061336739578193,1,11178,Graduate,Partner
94,2.979165865665724,2.9900263837416965,3.0957422098934444,3.707470890246517,2.8201667959465166,3.107926835835219,2.6499639575595437,3.0489343616915905,1.646662529059944,2.236573295278567,1.0699201826570324,1.6803965688486042,2.6036135406837597,4.32173418003109,3.184918192932316,1.8274347021965225,2.6731502188208216,1,2230,Postgraduate,Partner
95,3.971152453508034,1.8498571716748844,2.0728205250763168,3.5818208083752654,4.666230761550231,2.5599662094726563,2.3090685929589934,2.218994145717093,1.646662529059944,2.236573295278567,1.0699201826570324,1.6803965688486042,0.845007125479486,3.1535384784785734,3.146762232360605,3.449016008844124,3.2284248271237703,1,7516,Graduate,Partner
96,1.0623814391506194,3.888341520521609,1.4323826006690714,1.74732961305499,1.6162120357701817,1.82935204098924,1.675977201557972,1.6592670233156877,1.646662529059944,2.236573295278567,2.404924813559527,2.7845387336497502,1.581053068921724,1.4846874762606932,1.3749984979872405,1.8274347021965225,1.1461450459877132,2,7247,Undergraduate,Partner
97,2.200872955161312,1.1588455279980288,1.8563762265497936,1.6970695803064892,1.7321484200834585,1.6832292072925563,1.7003268704580117,1.620665152805246,3.206412104163342,2.236573295278567,3.739929444462023,3.888680898450896,1.9614258047945583,2.736325727924104,1.6371133575668206,1.8274347021965225,1.840238306366399,2,11100,Graduate,Partner
98,2.35499818406538,2.575419397535583,2.3040897755567107,4.335721299602776,2.797871337424733,3.016600064774792,4.062244753761823,2.740119397608056,3.206412104163342,2.236573295278567,3.739929444462023,3.888680898450896,3.1173637293951204,2.3191129773696333,2.8365376833645195,1.8274347021965225,3.644880783350982,0,4646,Graduate,Partner
99,1.7111757023967749,1.2279466923657143,1.6547568799771426,1.74732961305499,1.7276893283791015,1.7197599157167271,1.7733758771581294,2.006683857909663,2.16657905409441,2.236573295278567,2.404924813559527,1.6803965688486042,3.339659484125997,1.5681300263715872,1.5674372556532614,1.8274347021965225,1.5626010022149246,2,3037,Graduate,Alone
100,4.05771721125548,1.262497274549557,2.7755232476898217,6.547162740536805,2.062121206205861,2.2129244794430334,2.211669917358837,2.3154988219931973,1.646662529059944,2.236573295278567,1.0699201826570324,1.6803965688486042,3.398938352054232,3.0700959283676794,2.7370003949165778,1.8274347021965225,2.3955129146693475,1,1473,Postgraduate,Partner
101,3.5112858902088,2.229913575697155,2.689538526357368,4.561891446971028,2.8915122632162253,2.06680164574635,2.528215613059347,3.0103324911811487,1.646662529059944,2.236573295278567,2.404924813559527,2.7845387336497502,1.768769484027798,1.4846874762606932,2.9344160170049958,1.8274347021965225,3.783699435426719,1,1016,Graduate,Partner
102,3.085106631991101,2.0226100825940985,5.378784810789643,2.0991498422944947,2.976235005599005,2.06680164574635,2.917810315459976,3.1454390379676944,1.646662529059944,2.236573295278567,1.0699201826570324,0.5762544040474584,3.532315804892757,0.4833768749299649,4.346186558158303,4.53007021327586,2.811968870896559,1,4518,Postgraduate,Alone
103,2.581516269958455,1.573452514204142,2.991967546216345,1.671939563932239,1.6830984113355334,1.6466984988683857,1.675977201557972,2.643614721331952,2.6864955791288763,2.236573295278567,2.404924813559527,2.7845387336497502,0.6078916537665502,2.819768278034997,2.335533331509879,2.908488906628257,2.950787522972296,0,9370,Postgraduate,Partner
104,3.917345695874356,3.9228921027054513,2.882262901757696,2.7776602843992544,2.14684394858864,2.1763937710188626,2.162970579558758,1.910179181633559,1.646662529059944,2.236573295278567,1.0699201826570324,0.5762544040474584,3.270500804876391,0.4833768749299649,2.537925818020694,5.881387968815528,3.922518087502456,1,8908,Graduate,Alone
105,1.9628779529163207,1.2970478567333998,2.5501839779909763,1.671939563932239,2.0398257476840773,1.6466984988683857,1.675977201557972,2.8752259443946024,3.726328629197808,2.236573295278567,2.404924813559527,2.7845387336497502,3.3742388237508005,1.4012449261497992,2.240972907484334,1.8274347021965225,2.811968870896559,0,8373,Postgraduate,Partner
106,2.2793527596891896,1.573452514204142,1.6191769952878512,1.6970695803064892,1.6830984113355334,1.6466984988683857,1.7003268704580117,2.006683857909663,2.16657905409441,2.236573295278567,3.739929444462023,2.7845387336497502,2.0305844840441645,2.9032108281458915,1.5160096566218249,1.8274347021965225,1.4237823501391875,2,7533,Graduate,Alone
107,4.137033390254348,1.5043513498364565,3.0512673540318302,4.159811184983023,5.21023994948176,4.404766984893284,3.6726500513611935,2.1224894694409886,1.126746004025478,2.236573295278567,1.0699201826570324,1.6803965688486042,1.3587573141908469,2.2356704272587398,4.186926896641596,3.449016008844124,2.6731502188208216,1,2683,Graduate,Partner
108,1.6179199488814104,3.197329876844753,1.5687721586446883,3.93364103761477,2.0086121057535795,3.893337066954892,4.183993098262018,3.801670836645204,3.726328629197808,2.236573295278567,2.404924813559527,2.7845387336497502,3.0333853331634555,1.5681300263715872,2.2841057324784426,1.8274347021965225,2.6731502188208216,0,3629,Undergraduate,Partner
109,1.3485609039743012,3.577386280867024,1.4649974949675884,1.7975896458034906,1.700934778152961,1.6466984988683857,1.8951242216583255,2.064586663675326,2.16657905409441,2.236573295278567,3.739929444462023,3.888680898450896,2.3319187293460204,2.485998077591421,1.461264147975457,1.8274347021965225,1.2849636980634502,2,10991,Undergraduate,Partner
110,0.9380404344634669,1.91895833604257,1.4323826006690714,1.8227196621777408,1.6206711274745382,1.847617395201325,1.7977255460581685,1.5434614117843624,2.16657905409441,2.236573295278567,2.404924813559527,2.7845387336497502,1.7094906160995642,2.3191129773696333,1.3816343172171033,1.8274347021965225,1.2849636980634502,2,5077,Graduate,Partner
111,2.527663047076389,2.886374637190168,2.378214535326068,2.8781803498962555,2.1825166822234947,2.3590473131397167,3.4291533623608004,2.4120034982693017,3.206412104163342,2.236573295278567,2.404924813559527,2.7845387336497502,2.43565674822043,3.6541937791439376,2.421798981498095,1.8274347021965225,3.0896061750480333,0,7431,Postgraduate,Partner
112,1.4323842120668362,1.0897443636303432,1.530227283564623,1.74732961305499,1.718771144970388,1.6466984988683857,1.7733758771581294,1.6785679585709086,2.6864955791288763,2.236573295278567,2.404924813559527,1.6803965688486042,1.2056202387095758,2.485998077591421,1.4596051931679912,3.449016008844124,1.4237823501391875,2,3267,Postgraduate,Alone
113,0.8261521163443846,2.817273472822482,1.4561025237952654,1.671939563932239,1.6206711274745382,1.7014945615046415,1.7733758771581294,1.620665152805246,2.16657905409441,2.236573295278567,3.739929444462023,3.888680898450896,2.060223918008281,0.984032175595329,1.3766574527947064,1.8274347021965225,1.1461450459877132,2,999,Postgraduate,Partner
114,1.3596660983391105,3.508285116499338,1.4798224469214598,1.671939563932239,1.651884769405036,1.7745559783529834,1.74902620825809,1.5241604765291417,1.646662529059944,2.236573295278567,2.404924813559527,1.6803965688486042,2.7271111822009133,1.735015126593375,1.3982238652917602,1.8274347021965225,1.1461450459877132,2,9215,Graduate,Alone
115,4.657676498445508,3.0245769659255397,3.57014067241733,2.3504500060369984,2.044284839388434,2.450374084200144,3.4291533623608004,4.728115728895806,1.126746004025478,2.236573295278567,1.0699201826570324,0.5762544040474584,2.929647314289046,1.1509172758171171,3.2098025150443013,6.151651519923461,4.338974043729667,1,2286,Graduate,Alone
116,3.241322797072643,3.646487445234709,1.909746053583731,2.5012301042825005,2.142384856884284,2.377312667351802,2.357767930759072,4.8053194699166895,2.16657905409441,2.236573295278567,1.0699201826570324,1.6803965688486042,3.0383252388241417,2.6528831778132096,2.25424454594406,1.8274347021965225,2.5343315667450845,1,1592,Undergraduate,Partner
117,3.618574148737438,1.91895833604257,2.7636632861267247,5.014231741707535,5.830053696387354,4.806604777559163,1.675977201557972,5.654560621146407,1.646662529059944,2.236573295278567,1.0699201826570324,0.5762544040474584,2.7320510878616,1.0674747257062231,4.51705890332727,3.449016008844124,2.6731502188208216,1,367,Graduate,Alone
118,2.444908439696785,2.402666486616369,1.636966937632497,1.671939563932239,1.6608029528137496,1.6466984988683857,1.675977201557972,1.5627623470395833,2.16657905409441,2.236573295278567,3.739929444462023,3.888680898450896,0.6918700499982149,3.6541937791439376,1.4761947412426482,1.8274347021965225,1.4237823501391875,2,5234,Postgraduate,Partner
119,3.5149101795830893,3.128228712477068,2.8881928825392444,2.1494098750429957,2.079957573023288,1.938944166261752,1.9681732283584437,1.7171698290813504,3.206412104163342,2.236573295278567,3.739929444462023,3.888680898450896,0.8351273141581137,3.403866128811256,2.423457936305561,1.8274347021965225,3.2284248271237703,0,9862,Postgraduate,Partner
120,2.84683283825578,0.9860926170788148,1.785216457171211,3.129480513638759,1.914971179962087,2.833946522653937,3.8430977336614687,2.6050128508215105,3.726328629197808,2.236573295278567,2.404924813559527,2.7845387336497502,1.9317863708304412,3.737636329254832,2.094984884427353,1.8274347021965225,2.5343315667450845,0,9805,Graduate,Partner
121,2.7693752691924454,2.091711246961784,3.0127224789517646,1.7975896458034906,1.7990347956488102,1.6466984988683857,1.7977255460581685,2.2768969514827555,3.726328629197808,2.236573295278567,3.739929444462023,2.7845387336497502,2.9395271256104185,3.236981028589468,2.375348246889056,1.8274347021965225,3.0896061750480333,0,6205,Postgraduate,Alone
122,3.332394683913756,0.9860926170788148,2.129155342501028,4.335721299602776,2.432225817667476,2.06680164574635,2.6743136264595826,3.994680189197413,1.646662529059944,2.236573295278567,1.0699201826570324,1.6803965688486042,1.274778917959182,2.3191129773696333,2.5296310439833656,1.8274347021965225,3.0896061750480333,1,8442,Graduate,Partner
123,1.850292656071414,2.402666486616369,2.0817154962486395,1.671939563932239,1.736607511787815,1.7014945615046415,1.675977201557972,1.92948011688878,3.726328629197808,2.236573295278567,3.739929444462023,3.888680898450896,2.163961936882691,2.736325727924104,1.7897371998536649,1.8274347021965225,2.1178756105178733,0,7386,Postgraduate,Partner
124,2.846042929033178,1.3661490211010854,3.789549961334627,2.023759793171744,4.22032159111455,2.3407819589276317,2.7473626331597005,1.4855586060186998,1.646662529059944,2.236573295278567,1.0699201826570324,1.6803965688486042,2.904947785985615,2.485998077591421,3.7854598332348974,2.908488906628257,3.644880783350982,1,7215,Postgraduate,Partner
125,0.3632653118999098,1.711654842939513,1.429417610278297,1.6970695803064892,1.6028347606571112,1.82935204098924,1.822075214958208,1.6592670233156877,2.16657905409441,2.236573295278567,2.404924813559527,1.6803965688486042,3.996666936997257,1.735015126593375,1.3749984979872405,1.8274347021965225,1.1461450459877132,2,1491,Undergraduate,Alone
126,1.4883748363747655,2.7481723084547967,1.586562100989334,1.6970695803064892,1.7410666034921718,1.6832292072925563,1.675977201557972,1.7943735701022336,2.6864955791288763,2.236573295278567,5.074934075364517,4.992823063252041,2.351678351988765,3.1535384784785734,1.5027380181620993,1.8274347021965225,1.4237823501391875,0,11071,Postgraduate,Partner
127,1.5858589274934674,1.91895833604257,1.473892466139911,1.671939563932239,1.625130219178895,1.7197599157167271,1.7246765393580508,1.871577311123117,2.16657905409441,2.236573295278567,3.739929444462023,2.7845387336497502,0.7906681632119381,1.9853427769260568,1.4081775941365544,4.259806662167925,1.1461450459877132,2,3381,Postgraduate,Alone
128,1.6351585560334785,3.197329876844753,1.4798224469214598,1.6970695803064892,1.6429665859963225,1.7014945615046415,1.7003268704580117,1.5627623470395833,2.16657905409441,2.236573295278567,3.739929444462023,2.7845387336497502,2.247940333114356,2.6528831778132096,1.389929091254432,1.8274347021965225,1.2849636980634502,2,8268,Postgraduate,Alone
129,4.234331620379496,2.229913575697155,4.281738366203158,3.20487056276151,5.6962809452566505,2.596496917896827,3.1613070044603684,1.871577311123117,1.646662529059944,2.236573295278567,1.0699201826570324,0.5762544040474584,3.640993729427853,0.399934324819071,4.772537943676987,1.8274347021965225,3.506062131275245,1,11051,Postgraduate,Alone
130,2.9446886513615884,0.7787891239757581,3.6175805186697194,1.671939563932239,2.6239667609548176,1.884148103625496,2.162970579558758,2.450605368779744,2.16657905409441,2.236573295278567,2.404924813559527,2.7845387336497502,1.7094906160995642,1.735015126593375,3.073768220832114,3.449016008844124,2.6731502188208216,0,8026,Postgraduate,Partner
131,3.920784124255092,3.1627792946609103,2.6124487761972364,2.3755800224112487,4.960530814037779,2.3042512505034605,2.6499639575595437,3.9174764481765294,1.646662529059944,2.236573295278567,1.0699201826570324,1.6803965688486042,2.741930899182972,2.9032108281458915,3.6245412169107256,1.8274347021965225,3.644880783350982,1,433,Graduate,Partner
132,3.095607778126862,2.264464157880998,3.2499217102137075,2.0740198259202445,2.178057590519138,2.4321087299880584,2.4795162752592685,2.1224894694409886,2.6864955791288763,2.236573295278567,2.404924813559527,1.6803965688486042,2.094803257633085,1.9019002268151632,2.771838445873357,1.8274347021965225,3.644880783350982,0,9597,Postgraduate,Alone
133,1.865719118536337,1.0897443636303432,1.524297302783074,2.5263601206567508,1.7722802454226694,2.980069356350621,2.0655719039586007,3.7244670956243207,2.6864955791288763,2.236573295278567,2.404924813559527,2.7845387336497502,2.8950679746642427,0.7337045252626471,1.8444827085000328,1.8274347021965225,1.840238306366399,2,1295,Graduate,Partner
134,2.698655161145417,1.8844077538587272,3.202481863961319,2.0740198259202445,2.2181894158583493,2.231189833655119,2.6743136264595826,2.4313044335245224,2.6864955791288763,2.236573295278567,3.739929444462023,3.888680898450896,3.6459336350885394,1.735015126593375,2.7817921747181518,1.8274347021965225,2.2566942625936104,0,5290,Graduate,Partner
135,1.0327830759272576,2.264464157880998,1.4353475910598457,1.6970695803064892,1.669721136222463,2.012005583110094,1.943823559458404,1.7943735701022336,1.646662529059944,2.236573295278567,2.404924813559527,2.7845387336497502,3.596534578481678,1.8184576767042693,1.4396977354784029,3.449016008844124,1.2849636980634502,2,1685,Graduate,Partner
136,1.7107110499128917,2.3335653222486834,1.4472075526229429,1.6970695803064892,1.6340484025876088,1.6466984988683857,1.7003268704580117,1.5627623470395833,1.646662529059944,12.555767160837409,2.404924813559527,2.7845387336497502,2.094803257633085,1.317802376038905,1.3633858143349806,1.8274347021965225,1.007326393911976,2,5342,Graduate,Partner
137,1.577866904770676,3.888341520521609,1.64586190880482,1.74732961305499,1.9907757389361525,1.8658827494134105,1.7003268704580117,2.103188534185768,4.76616167926674,2.236573295278567,5.074934075364517,4.992823063252041,3.9275082577476494,1.9853427769260568,1.6769282729459971,1.8274347021965225,1.840238306366399,0,9579,Undergraduate,Partner
138,2.2245237665909685,2.886374637190168,1.5539472066908169,2.0740198259202445,1.718771144970388,1.8658827494134105,2.162970579558758,1.6399660880604667,1.646662529059944,2.236573295278567,1.0699201826570324,1.6803965688486042,0.6276512764092947,2.569440627702316,1.537576069118879,1.8274347021965225,1.5626010022149246,2,7660,Postgraduate,Partner
139,2.6775134731287302,2.679071144087111,2.3040897755567107,2.1996699077914963,1.9372666384838708,2.3590473131397167,1.9925228972584828,1.736470764336571,1.646662529059944,2.236573295278567,3.739929444462023,3.888680898450896,0.914165804729092,3.6541937791439376,2.08834906519749,1.8274347021965225,2.6731502188208216,0,1461,Postgraduate,Partner
140,2.97456580607528,3.957442684889294,2.455304285486199,2.0991498422944947,1.803493887353167,2.06680164574635,1.9925228972584828,1.736470764336571,3.206412104163342,2.236573295278567,2.404924813559527,2.7845387336497502,1.151281276442028,2.3191129773696333,2.090008020004956,2.908488906628257,2.6731502188208216,0,821,Graduate,Partner
141,2.0730005915966467,1.6080030963879848,2.120260371328705,2.174539891417246,1.8436257126923783,1.7928213325650688,2.162970579558758,3.2419437142437992,3.206412104163342,2.236573295278567,2.404924813559527,2.7845387336497502,3.3643590124294285,2.0687853270369514,2.038580420973519,1.8274347021965225,2.3955129146693475,0,11084,Undergraduate,Partner
142,1.5076114492075314,1.0551937814465004,1.4442425622321684,1.8478496785519916,1.696475686448604,1.9937402288980084,2.016872566158522,1.871577311123117,3.206412104163342,2.236573295278567,2.404924813559527,1.6803965688486042,0.8252475028367412,0.7337045252626471,1.4745357864351822,1.8274347021965225,1.5626010022149246,2,8690,Graduate,Alone
143,2.7544599244597934,2.6099699797194256,4.062329077285861,1.671939563932239,1.8436257126923783,1.6466984988683857,1.675977201557972,2.952429685415486,2.16657905409441,2.236573295278567,2.404924813559527,2.7845387336497502,3.6903927860347143,3.737636329254832,3.020681666993212,1.8274347021965225,3.922518087502456,0,2937,Postgraduate,Partner
144,3.1430023314829514,0.9860926170788148,4.385513029880258,2.325319989662748,2.788953154016019,2.2677205420792896,1.9925228972584828,2.296197886737976,1.646662529059944,2.236573295278567,1.0699201826570324,1.6803965688486042,3.0333853331634555,3.987963979587514,3.617905397680863,5.881387968815528,3.367243479199508,1,9701,Graduate,Partner
145,2.2413441865075416,0.7787891239757581,2.057995573122445,1.8227196621777408,1.89713481314466,1.7197599157167271,1.9681732283584437,1.5434614117843624,2.6864955791288763,2.236573295278567,2.404924813559527,1.6803965688486042,2.346738446328079,3.236981028589468,1.8345289796552384,1.8274347021965225,2.2566942625936104,2,9949,Graduate,Alone
146,2.7167766080168634,2.3335653222486834,1.4531375334044911,1.6970695803064892,1.6206711274745382,1.6832292072925563,1.675977201557972,1.4855586060186998,1.646662529059944,2.236573295278567,5.074934075364517,3.888680898450896,2.0207046727227924,1.5681300263715872,1.3567499951051178,1.8274347021965225,1.007326393911976,2,10837,Graduate,Alone
147,2.4926282497915926,0.7442385417919153,1.5539472066908169,1.9483697440489929,1.8436257126923783,1.82935204098924,2.357767930759072,1.755771699591792,1.646662529059944,2.236573295278567,2.404924813559527,2.7845387336497502,1.8478079745987768,1.6515725764824811,1.5956394873801782,1.8274347021965225,1.7014196542906617,2,3120,Graduate,Partner
148,3.651564475093148,2.851824055006325,3.018652459733313,1.9483697440489929,3.315125975130121,4.368236276469112,3.8917970714615473,2.5857119155662893,1.646662529059944,2.236573295278567,1.0699201826570324,0.5762544040474584,2.134322502918574,3.4873086789221497,3.369062176561008,1.8274347021965225,2.950787522972296,1,5885,Graduate,Alone
149,1.337873896844987,0.640586795240387,1.4442425622321684,1.671939563932239,1.6028347606571112,1.6466984988683857,1.675977201557972,1.5820632822948042,1.646662529059944,2.236573295278567,5.074934075364517,3.888680898450896,2.381317785952882,3.236981028589468,1.3484552210677894,1.8274347021965225,1.007326393911976,2,4050,Postgraduate,Alone
150,3.1887241358970613,1.3315984389172426,5.429189647432806,2.0740198259202445,2.699771319928883,2.4321087299880584,2.0655719039586007,2.1224894694409886,2.16657905409441,2.236573295278567,1.0699201826570324,1.6803965688486042,3.5570153331961887,4.32173418003109,4.157065710107214,1.8274347021965225,4.061336739578193,1,3830,Postgraduate,Partner
151,0.99890990985217,3.78468977397008,1.586562100989334,1.74732961305499,1.807952979057524,1.7745559783529834,1.7733758771581294,1.5820632822948042,3.206412104163342,2.236573295278567,2.404924813559527,2.7845387336497502,1.452615521743884,1.0674747257062231,1.5276223402740845,1.8274347021965225,1.5626010022149246,2,7987,Graduate,Partner
152,3.365710267008184,0.951542034894972,4.397372991443355,1.9734997604232432,2.659639494589672,1.938944166261752,1.9681732283584437,1.7171698290813504,1.646662529059944,2.236573295278567,1.0699201826570324,0.5762544040474584,2.682652031254738,1.8184576767042693,3.4719173746238816,1.8274347021965225,3.2284248271237703,1,7798,Postgraduate,Alone
153,7.22595017261329,4.02654384925698,1.4887174180937826,1.7221995966807395,8.643740561836493,1.664963853080471,1.7246765393580508,1.5048595412739207,8.925493879542469,2.236573295278567,2.404924813559527,2.7845387336497502,1.180920710406145,1.9853427769260568,3.994488138975576,1.8274347021965225,3.644880783350982,0,92,Postgraduate,Partner
154,1.9400170507092664,3.508285116499338,1.482787437312234,1.6970695803064892,1.7321484200834585,1.756290624140898,1.74902620825809,2.025984793164884,2.6864955791288763,2.236573295278567,5.074934075364517,4.992823063252041,1.7144305217602502,2.569440627702316,1.4728768316277168,1.8274347021965225,1.4237823501391875,0,7055,Graduate,Partner
155,2.8260628722262,1.573452514204142,1.8000414091250825,2.0740198259202445,2.0264484725710066,4.094255963287831,2.187320248458797,2.006683857909663,1.646662529059944,2.236573295278567,1.0699201826570324,0.5762544040474584,1.6897309934568194,3.6541937791439376,2.0253087825137936,2.6382253555203232,2.950787522972296,1,10240,Graduate,Alone
156,2.3512344989459257,2.817273472822482,2.057995573122445,1.7975896458034906,1.736607511787815,1.7745559783529834,1.675977201557972,1.5241604765291417,1.646662529059944,2.236573295278567,1.0699201826570324,0.5762544040474584,2.094803257633085,3.1535384784785734,1.756558103704351,2.908488906628257,2.1178756105178733,2,3025,Graduate,Alone
157,3.0305099651348213,2.229913575697155,2.250719948522774,5.743002216560795,2.949480455372864,4.806604777559163,3.5265520379609576,3.878874577666088,1.646662529059944,2.236573295278567,1.0699201826570324,0.5762544040474584,1.768769484027798,0.7337045252626471,3.1799413285099187,1.8274347021965225,2.5343315667450845,1,9283,Graduate,Alone
158,1.131939915987939,3.542835698683181,1.473892466139911,1.9232397276747424,1.67418022792682,1.7928213325650688,2.08992157285864,1.871577311123117,2.6864955791288763,2.236573295278567,3.739929444462023,3.888680898450896,1.2006803330488895,3.3204235787003618,1.4745357864351822,1.8274347021965225,1.4237823501391875,2,9970,Graduate,Partner
159,1.4741564703679386,2.6445205619032683,1.450172543013717,1.74732961305499,1.6340484025876088,1.7928213325650688,1.7003268704580117,1.620665152805246,2.16657905409441,2.236573295278567,3.739929444462023,3.888680898450896,0.9289855217111508,2.6528831778132096,1.3866111816395006,1.8274347021965225,1.1461450459877132,2,2730,Graduate,Partner
160,1.2540041235040638,3.335532205580124,1.4649974949675884,1.7724596294292403,1.6162120357701817,1.847617395201325,1.8707745527582864,1.7943735701022336,2.16657905409441,2.236573295278567,2.404924813559527,2.7845387336497502,2.3220389180246483,1.234359825928011,1.42144923259628,1.8274347021965225,1.2849636980634502,2,2795,Graduate,Partner
161,2.2636475057339367,0.7787891239757581,1.6814417934941113,1.8478496785519916,1.696475686448604,1.6832292072925563,1.74902620825809,2.006683857909663,1.646662529059944,2.236573295278567,3.739929444462023,3.888680898450896,0.9289855217111508,2.2356704272587398,1.5724141200756585,1.8274347021965225,1.5626010022149246,2,9260,Graduate,Partner
162,2.407225123253855,1.2279466923657143,1.6695818319310138,1.671939563932239,1.6162120357701817,1.6466984988683857,1.675977201557972,1.601364217550025,2.16657905409441,2.236573295278567,3.739929444462023,3.888680898450896,1.3291178802267298,3.1535384784785734,1.481171605665045,1.8274347021965225,1.4237823501391875,2,8182,Postgraduate,Partner
163,2.339246464861738,3.300981623396281,1.6043520433339795,1.671939563932239,1.6429665859963225,1.6466984988683857,1.675977201557972,2.4120034982693017,1.646662529059944,2.236573295278567,2.404924813559527,1.6803965688486042,1.0129639179428154,2.485998077591421,1.524304430659153,2.6382253555203232,1.4237823501391875,2,10095,Graduate,Alone
164,3.656675652415864,2.575419397535583,4.836191569277949,3.4561707265040136,3.591589660800242,2.907007939502279,3.404803693460761,1.9873829226544424,1.646662529059944,2.236573295278567,2.404924813559527,2.7845387336497502,3.823770238873241,1.8184576767042693,4.371070880270288,1.8274347021965225,4.338974043729667,1,8475,Postgraduate,Partner
165,3.815122149420045,3.370082787763967,3.940764471264115,3.3305206446327618,2.1200893983624995,3.2175189611077317,3.8430977336614687,3.627962419348216,1.646662529059944,2.236573295278567,1.0699201826570324,1.6803965688486042,3.354479201108056,4.071406529698407,3.513391244810524,4.800333764383792,3.922518087502456,1,4370,Postgraduate,Partner
166,1.7249294159197186,3.750139191786237,1.5154023316107512,1.671939563932239,1.651884769405036,1.6466984988683857,1.675977201557972,1.5241604765291417,2.16657905409441,2.236573295278567,3.739929444462023,3.888680898450896,0.7709085405691936,2.2356704272587398,1.4015417749066916,1.8274347021965225,1.2849636980634502,2,10573,Postgraduate,Partner
167,1.6985371548351509,3.957442684889294,1.4353475910598457,1.671939563932239,1.6117529440658247,1.6832292072925563,1.675977201557972,1.5048595412739207,1.646662529059944,2.236573295278567,5.074934075364517,4.992823063252041,0.6128315594272364,3.1535384784785734,1.3434783566453925,1.8274347021965225,1.007326393911976,2,3712,Graduate,Partner
168,3.5669977230263994,2.1608124113294696,2.043170621168574,2.325319989662748,3.5826714773915285,3.016600064774792,1.675977201557972,5.789667167932954,1.646662529059944,2.236573295278567,1.0699201826570324,1.6803965688486042,1.6255122198678995,3.821078879365726,2.949346610272187,2.097698253304456,3.922518087502456,1,6637,Undergraduate,Partner
169,2.319545199545089,3.4391839521316525,1.880096149675988,1.74732961305499,1.6875575030398902,1.6832292072925563,1.7977255460581685,1.620665152805246,1.646662529059944,2.236573295278567,2.404924813559527,2.7845387336497502,0.8301874084974274,1.735015126593375,1.6437491767966834,1.8274347021965225,1.840238306366399,2,3152,Postgraduate,Partner
170,0.6745824761016748,3.300981623396281,1.4649974949675884,1.9483697440489929,1.6340484025876088,1.7014945615046415,1.9681732283584437,1.6592670233156877,2.6864955791288763,2.236573295278567,2.404924813559527,2.7845387336497502,0.8351273141581137,0.7337045252626471,1.42144923259628,1.8274347021965225,1.4237823501391875,2,5610,Undergraduate,Partner
171,3.0251199963217754,1.3661490211010854,3.267711652558353,2.325319989662748,2.458980367893616,2.2677205420792896,2.08992157285864,4.206990477004842,1.646662529059944,2.236573295278567,1.0699201826570324,1.6803965688486042,1.9416661821518135,4.238291629920196,3.0405891246828003,1.8274347021965225,3.783699435426719,1,6460,Postgraduate,Partner
172,1.3357364954191242,1.1933961101818715,1.5687721586446883,1.6970695803064892,1.6162120357701817,1.6466984988683857,1.675977201557972,1.7171698290813504,1.646662529059944,2.236573295278567,2.404924813559527,2.7845387336497502,1.368637125512219,1.0674747257062231,1.4363798258634717,1.8274347021965225,1.2849636980634502,2,1349,Postgraduate,Partner
173,1.2322119220099403,3.4046333699478097,1.4323826006690714,1.898109711300492,1.6206711274745382,1.6832292072925563,2.016872566158522,1.6785679585709086,1.646662529059944,2.236573295278567,1.0699201826570324,1.6803965688486042,0.6572907103734118,2.986653378256785,1.3982238652917602,1.8274347021965225,1.2849636980634502,2,1880,Undergraduate,Partner
174,1.0938384123095142,2.1953629935133123,1.45906751418604,1.6970695803064892,1.669721136222463,1.82935204098924,1.7733758771581294,1.620665152805246,1.646662529059944,2.236573295278567,2.404924813559527,2.7845387336497502,3.408818163375604,1.1509172758171171,1.4098365489440203,1.8274347021965225,1.1461450459877132,2,641,Graduate,Partner
175,1.4205820389762025,2.817273472822482,1.533192273955397,1.671939563932239,1.5983756689527544,1.6466984988683857,1.675977201557972,1.5241604765291417,2.16657905409441,2.236573295278567,2.404924813559527,1.6803965688486042,1.1463413707813417,2.2356704272587398,1.3915880460618977,1.8274347021965225,1.2849636980634502,2,8717,Postgraduate,Alone
176,2.767284333014971,1.8153065894910416,2.484954189393942,1.671939563932239,2.066580297910218,1.9937402288980084,1.8951242216583255,3.743768030879542,2.16657905409441,2.236573295278567,2.404924813559527,2.7845387336497502,2.223240804810925,2.569440627702316,2.335533331509879,1.8274347021965225,2.811968870896559,0,10314,Graduate,Partner
177,3.361203137914517,1.124294945814186,3.7510050862545614,2.425840055159749,3.983989730783641,4.203848088560344,3.5265520379609576,1.775072634847013,1.646662529059944,2.236573295278567,1.0699201826570324,1.6803965688486042,2.8950679746642427,1.735015126593375,3.949696359174002,1.8274347021965225,3.783699435426719,1,10854,Graduate,Partner
178,2.0458184212894777,1.0897443636303432,1.5539472066908169,1.6970695803064892,1.669721136222463,1.7014945615046415,1.675977201557972,1.5627623470395833,2.16657905409441,2.236573295278567,3.739929444462023,3.888680898450896,3.013625710520711,2.736325727924104,1.4396977354784029,1.8274347021965225,1.2849636980634502,2,10492,Postgraduate,Partner
179,1.0757634306864563,2.437217068800212,1.4323826006690714,1.7724596294292403,1.6340484025876088,2.1763937710188626,1.675977201557972,2.180392275206651,1.646662529059944,2.236573295278567,2.404924813559527,2.7845387336497502,3.8385899558553,1.5681300263715872,1.4596051931679912,2.6382253555203232,1.1461450459877132,2,6935,Undergraduate,Partner
180,3.031532200599364,4.02654384925698,2.811103132379113,2.2247999241657466,3.515785101826177,4.331705568044942,4.427489787262411,3.4542540020512287,1.646662529059944,2.236573295278567,1.0699201826570324,1.6803965688486042,2.6036135406837597,0.6502619751517529,3.4536688717417587,1.8274347021965225,4.338974043729667,1,7698,Postgraduate,Partner
181,1.6221018212363596,4.061094431440822,1.473892466139911,1.8227196621777408,1.625130219178895,1.7745559783529834,1.7733758771581294,1.9680819873992217,1.646662529059944,12.555767160837409,2.404924813559527,1.6803965688486042,1.951545993473186,8.076648935021321,1.4347208710560055,1.8274347021965225,1.2849636980634502,2,3559,Undergraduate,Alone
182,1.7258122556390965,3.8537909383377658,1.4976123892661055,1.74732961305499,1.6830984113355334,1.7014945615046415,2.1386209106587186,1.910179181633559,2.16657905409441,2.236573295278567,2.404924813559527,2.7845387336497502,2.53939476709484,0.7337045252626471,1.4778536960501136,1.8274347021965225,1.4237823501391875,2,10562,Graduate,Partner
183,2.296219644854151,1.9535089182264127,2.1261903521102536,1.8227196621777408,1.7901166122400969,1.7928213325650688,1.8951242216583255,1.7171698290813504,3.206412104163342,2.236573295278567,3.739929444462023,3.888680898450896,3.0383252388241417,1.9853427769260568,1.84945957292243,1.8274347021965225,2.2566942625936104,0,10796,Graduate,Partner
184,1.376440053007295,1.4698007676526137,1.45906751418604,1.671939563932239,1.6340484025876088,1.7014945615046415,1.7003268704580117,1.620665152805246,2.16657905409441,2.236573295278567,3.739929444462023,3.888680898450896,1.487194861368687,1.6515725764824811,1.378316407602172,1.8274347021965225,1.1461450459877132,2,2563,Graduate,Partner
185,3.1564307882671767,3.4046333699478097,3.374451306626227,2.0740198259202445,2.062121206205861,2.231189833655119,2.0655719039586007,1.6399660880604667,1.646662529059944,2.236573295278567,1.0699201826570324,1.6803965688486042,0.8203075971760552,1.4012449261497992,2.710457117997126,1.8274347021965225,3.644880783350982,1,3518,Postgraduate,Partner
186,3.639948162996067,3.4737345343154957,2.9682476230901504,2.0991498422944947,5.214699041186116,2.139863062594692,5.888469921264769,2.4699063040349643,1.646662529059944,2.236573295278567,1.0699201826570324,1.6803965688486042,1.986125333097989,3.570751229033044,3.98121650051585,3.1787524577361905,2.811968870896559,1,5823,Graduate,Partner
187,3.948988530026804,1.3315984389172426,2.4493743047046506,6.421512658665554,3.7387396870440166,2.5599662094726563,2.4795162752592685,4.8053194699166895,1.646662529059944,2.236573295278567,1.0699201826570324,1.6803965688486042,3.196402219966098,3.570751229033044,3.4337614140521704,1.8274347021965225,2.811968870896559,1,3934,Graduate,Partner
188,2.0966978682746915,3.4391839521316525,1.7140566877926282,1.6970695803064892,1.941725730188228,1.7745559783529834,1.7003268704580117,3.0103324911811487,4.246245154232274,2.236573295278567,3.739929444462023,2.7845387336497502,1.0327235405855602,1.9853427769260568,1.7631939229342135,4.259806662167925,1.840238306366399,2,6982,Postgraduate,Alone
189,3.132315324353637,2.368115904432526,2.757733305345176,1.7724596294292403,1.7410666034921718,1.756290624140898,1.7733758771581294,2.2382950809723137,2.6864955791288763,2.236573295278567,2.404924813559527,1.6803965688486042,0.5881320311238056,3.737636329254832,2.214429630564883,2.908488906628257,2.811968870896559,0,6431,Graduate,Alone
190,3.447349708426468,2.713621726270954,2.2151400638334824,5.139881823578786,4.055335198053349,5.738137842375519,2.236019586258876,3.26124464949902,1.646662529059944,2.236573295278567,1.0699201826570324,0.5762544040474584,1.5859929745824102,2.4025555274805277,3.475235284238813,1.8274347021965225,2.950787522972296,1,9733,Graduate,Alone
191,2.8791261858856645,2.817273472822482,3.169866969662801,2.752530268025004,3.092171389912281,2.413843375775973,3.79439839586139,2.527809109800627,2.6864955791288763,2.236573295278567,2.404924813559527,1.6803965688486042,1.862627691580835,1.5681300263715872,3.2346868371562865,1.8274347021965225,4.20015539165393,1,5602,Graduate,Alone
192,4.666504895639289,2.5063182331678973,3.691705278439076,2.400710038785499,2.2048121407452785,3.034865418986877,5.961518927964887,2.6050128508215105,1.126746004025478,2.236573295278567,1.0699201826570324,1.6803965688486042,3.571835050178247,1.6515725764824811,3.3839927698281995,6.151651519923461,4.20015539165393,1,7829,Postgraduate,Partner
193,1.807823419044487,3.128228712477068,1.4946473988753313,1.671939563932239,1.6474256777006793,1.6466984988683857,1.675977201557972,1.5434614117843624,2.16657905409441,2.236573295278567,3.739929444462023,2.7845387336497502,2.302279295381904,2.6528831778132096,1.389929091254432,1.8274347021965225,1.1461450459877132,2,1324,Postgraduate,Alone
194,0.7973436623436243,0.8133397061596008,1.4472075526229429,1.7724596294292403,1.5939165772483976,1.7745559783529834,1.7246765393580508,1.775072634847013,1.646662529059944,2.236573295278567,1.0699201826570324,0.5762544040474584,3.532315804892757,1.0674747257062231,1.384952226832035,4.259806662167925,1.007326393911976,2,326,Postgraduate,Alone
195,1.295172333576118,3.681038027418552,1.450172543013717,1.8227196621777408,1.6474256777006793,1.7745559783529834,1.822075214958208,1.755771699591792,1.646662529059944,2.236573295278567,2.404924813559527,2.7845387336497502,1.5909328802430962,0.7337045252626471,1.4148134133664172,2.6382253555203232,1.1461450459877132,2,7224,Graduate,Partner
196,2.1834484870156907,2.368115904432526,1.6695818319310138,2.124279858668745,2.093334848136359,2.5051701468364,1.9925228972584828,1.890878246378338,4.246245154232274,2.236573295278567,3.739929444462023,2.7845387336497502,2.623373163326504,2.819768278034997,1.8129625671581848,1.8274347021965225,2.1178756105178733,0,6999,Postgraduate,Alone
197,2.000979456594746,4.061094431440822,1.5895270913801085,1.671939563932239,1.6206711274745382,1.6466984988683857,1.675977201557972,1.5627623470395833,1.646662529059944,2.236573295278567,2.404924813559527,2.7845387336497502,0.6918700499982149,2.569440627702316,1.4347208710560055,1.8274347021965225,1.2849636980634502,2,9938,Graduate,Partner
198,2.916484245589876,1.2279466923657143,4.89845636748421,2.8781803498962555,3.016366830938216,2.413843375775973,2.455166606359229,5.191338175021107,3.726328629197808,2.236573295278567,2.404924813559527,1.6803965688486042,3.833650050194613,3.570751229033044,4.319643281238852,4.259806662167925,3.922518087502456,1,6422,Graduate,Alone
199,2.061523675244731,1.0206431992626577,1.6428969184140454,2.275059956914247,1.892675721440303,2.833946522653937,1.7733758771581294,1.6399660880604667,3.726328629197808,2.236573295278567,2.404924813559527,2.7845387336497502,2.835789106736009,3.403866128811256,1.7266969171699684,1.8274347021965225,1.979056958442136,2,3182,Graduate,Partner
200,3.5426034676225298,1.262497274549557,3.246956719822933,2.2247999241657466,3.011907739233859,2.249455187867204,4.15964342936198,1.7171698290813504,1.646662529059944,2.236573295278567,1.0699201826570324,1.6803965688486042,1.09694231417448,3.570751229033044,3.153398051590468,1.8274347021965225,3.2284248271237703,1,7300,Graduate,Partner
201,1.9816034480168156,3.059127548109382,2.0935754578117365,1.671939563932239,1.7232302366747447,1.6466984988683857,1.675977201557972,1.6785679585709086,5.286078204301206,2.236573295278567,3.739929444462023,3.888680898450896,3.71015240867746,2.4025555274805277,1.7648528777416792,1.8274347021965225,2.1178756105178733,0,10424,Postgraduate,Partner
202,2.0576670596285003,1.3661490211010854,2.645063670495753,1.671939563932239,1.852543896101092,1.9937402288980084,1.8951242216583255,2.334799757248418,6.325911254370139,2.236573295278567,3.739929444462023,3.888680898450896,3.176642597323354,1.9019002268151632,2.224383359409677,1.8274347021965225,2.811968870896559,0,8727,Postgraduate,Partner
203,3.2163709586881133,2.9209252193740105,2.138050313673351,1.9232397276747424,4.059794289757706,6.286098468738082,3.79439839586139,2.527809109800627,1.646662529059944,2.236573295278567,1.0699201826570324,1.6803965688486042,2.66783231427268,0.984032175595329,3.3143166679146403,1.8274347021965225,2.811968870896559,1,2798,Graduate,Partner
204,1.8452744092454756,3.370082787763967,1.9364309671007,1.8478496785519916,2.351962166989053,2.103332354170521,2.1386209106587186,3.2033418437333574,4.246245154232274,2.236573295278567,2.404924813559527,2.7845387336497502,1.027783634924874,1.6515725764824811,2.1265050257692013,1.8274347021965225,2.5343315667450845,0,1030,Graduate,Partner
205,2.344868759916725,0.7096879596080725,1.4649974949675884,1.671939563932239,1.607293852361468,1.6466984988683857,1.675977201557972,1.5048595412739207,1.646662529059944,2.236573295278567,5.074934075364517,3.888680898450896,0.8252475028367412,1.5681300263715872,1.355091040297652,1.8274347021965225,1.007326393911976,2,624,Undergraduate,Alone
206,3.812938282745794,3.4391839521316525,4.619747270751427,2.0740198259202445,3.448898726260825,2.413843375775973,2.8447613087598578,1.7943735701022336,1.646662529059944,2.236573295278567,1.0699201826570324,1.6803965688486042,1.704550710438878,4.071406529698407,4.006100822627836,4.259806662167925,3.922518087502456,1,5176,Postgraduate,Partner
207,1.989688401236384,1.4698007676526137,1.9690458613992168,1.7724596294292403,1.736607511787815,1.6466984988683857,1.675977201557972,2.7594203328632774,2.16657905409441,2.236573295278567,2.404924813559527,1.6803965688486042,2.079983540651026,3.570751229033044,1.799690928698459,1.8274347021965225,1.979056958442136,2,5552,Postgraduate,Alone
208,3.149321605263763,2.2990147400648406,3.872569692276307,2.47610008790825,2.311830341649842,2.413843375775973,2.455166606359229,2.3154988219931973,2.16657905409441,2.236573295278567,2.404924813559527,2.7845387336497502,3.5125561822500133,1.4012449261497992,3.2098025150443013,1.8274347021965225,4.20015539165393,0,868,Graduate,Partner
209,2.0200302084339583,3.8537909383377658,1.5183673220015257,1.9483697440489929,1.700934778152961,2.1763937710188626,1.7003268704580117,1.8329754406126757,1.646662529059944,2.236573295278567,2.404924813559527,2.7845387336497502,0.9783845783180124,0.7337045252626471,1.5160096566218249,1.8274347021965225,1.4237823501391875,2,380,Undergraduate,Partner
210,3.286487018506093,2.575419397535583,2.547218987600202,1.9232397276747424,3.997367005896711,3.107926835835219,2.4064672685591506,1.6785679585709086,1.646662529059944,2.236573295278567,1.0699201826570324,1.6803965688486042,1.7094906160995642,2.3191129773696333,3.06381449198732,1.8274347021965225,2.6731502188208216,1,2677,Graduate,Partner
211,3.526340630686617,0.7442385417919153,2.9712126134809247,1.8478496785519916,2.2761576080149872,1.9937402288980084,1.675977201557972,1.755771699591792,2.16657905409441,2.236573295278567,3.739929444462023,3.888680898450896,0.9635648613359538,2.2356704272587398,2.5113825411012427,1.8274347021965225,3.367243479199508,0,6521,Postgraduate,Partner
212,1.3475851337581466,2.1608124113294696,1.888991120848311,1.6970695803064892,1.700934778152961,1.6466984988683857,1.7003268704580117,1.5434614117843624,3.206412104163342,2.236573295278567,2.404924813559527,2.7845387336497502,3.2556810878943327,1.4012449261497992,1.6337954479518892,1.8274347021965225,1.840238306366399,2,6927,Postgraduate,Partner
213,2.888140444072999,1.9535089182264127,4.08901399080283,2.249929940539997,2.5124894683458976,1.9206788120496667,1.943823559458404,3.26124464949902,3.726328629197808,2.236573295278567,2.404924813559527,1.6803965688486042,3.843529861515986,2.9032108281458915,3.392287543865528,1.8274347021965225,4.338974043729667,0,2877,Graduate,Alone
214,1.8716666703300429,2.229913575697155,1.817831351469728,1.671939563932239,1.6608029528137496,1.6832292072925563,1.7003268704580117,2.2382950809723137,3.206412104163342,2.236573295278567,2.404924813559527,2.7845387336497502,2.86048863503944,1.5681300263715872,1.640431267181752,1.8274347021965225,1.7014196542906617,2,0,Graduate,Partner
215,2.30648846474797,3.542835698683181,2.310019756338259,1.8478496785519916,1.941725730188228,1.6466984988683857,1.943823559458404,4.998328822468898,2.16657905409441,2.236573295278567,2.404924813559527,2.7845387336497502,3.611354295463737,1.735015126593375,2.2824467776709767,1.8274347021965225,2.5343315667450845,0,1584,Graduate,Partner
216,2.3142946264772086,1.573452514204142,3.7628650478176575,2.174539891417246,2.4991121932328277,1.6466984988683857,1.675977201557972,3.26124464949902,2.6864955791288763,2.236573295278567,2.404924813559527,1.6803965688486042,3.389058540732859,3.737636329254832,3.156715961205399,1.8274347021965225,2.6731502188208216,0,7264,Graduate,Alone
217,3.6335824239668666,3.128228712477068,3.77768999977153,3.8331209721177686,4.88918534676807,2.8704772310781084,2.917810315459976,1.8136745053574548,1.646662529059944,2.236573295278567,1.0699201826570324,1.6803965688486042,3.996666936997257,2.0687853270369514,4.235036586058102,1.8274347021965225,2.811968870896559,1,6274,Postgraduate,Partner
218,1.51430244497545,2.9209252193740105,1.4412775718413942,1.6970695803064892,1.6295893108832518,1.7014945615046415,1.675977201557972,1.4855586060186998,1.646662529059944,2.236573295278567,2.404924813559527,2.7845387336497502,1.245139483995065,0.900589625484435,1.355091040297652,1.8274347021965225,1.007326393911976,2,1377,Postgraduate,Partner
219,1.6420818780433384,1.6771042607556703,2.1143303905471567,1.8478496785519916,2.2003530490409218,1.7197599157167271,2.0412222350585614,2.2382950809723137,5.805994729335672,2.236573295278567,3.739929444462023,2.7845387336497502,2.890128069003557,2.569440627702316,2.045216240203382,3.449016008844124,2.5343315667450845,0,454,Graduate,Alone
220,3.728603856920987,0.7096879596080725,4.344003164409418,3.5818208083752654,2.4099303591456915,4.93446225704376,5.036231509763393,2.006683857909663,1.646662529059944,2.236573295278567,2.404924813559527,1.6803965688486042,3.2556810878943327,2.9032108281458915,3.9613090428262616,3.1787524577361905,2.3955129146693475,1,1755,Undergraduate,Alone
221,1.7127090555935895,2.886374637190168,1.43831258145062,1.6970695803064892,1.625130219178895,1.7197599157167271,1.74902620825809,1.5434614117843624,1.646662529059944,2.236573295278567,2.404924813559527,2.7845387336497502,2.613493352005132,2.1522278771478454,1.3633858143349806,1.8274347021965225,1.007326393911976,2,2075,Graduate,Partner
222,0.618127199309862,1.91895833604257,1.429417610278297,1.7724596294292403,1.6117529440658247,1.756290624140898,1.675977201557972,1.5627623470395833,1.646662529059944,2.236573295278567,1.0699201826570324,0.5762544040474584,0.9536850500145816,3.821078879365726,1.3584089499125835,1.8274347021965225,1.1461450459877132,2,4785,Graduate,Alone
223,2.8350771304135343,3.7155886096023942,3.0957422098934444,2.1996699077914963,3.6584760363655935,2.158128416806777,1.9194738905583648,2.103188534185768,2.6864955791288763,2.236573295278567,2.404924813559527,2.7845387336497502,2.875308352021498,2.6528831778132096,3.1799413285099187,1.8274347021965225,4.20015539165393,0,9076,Postgraduate,Partner
224,0.9517012174896338,2.3335653222486834,1.4442425622321684,1.898109711300492,1.6786393196311766,1.756290624140898,1.8707745527582864,1.890878246378338,2.16657905409441,2.236573295278567,2.404924813559527,2.7845387336497502,1.5859929745824102,1.8184576767042693,1.4413566902858683,1.8274347021965225,1.4237823501391875,2,7079,Undergraduate,Partner
225,1.019029362404314,2.229913575697155,1.482787437312234,1.671939563932239,1.607293852361468,1.6466984988683857,1.675977201557972,1.5048595412739207,1.646662529059944,2.236573295278567,2.404924813559527,2.7845387336497502,1.610692502885841,1.234359825928011,1.3650447691424463,1.8274347021965225,1.1461450459877132,2,4653,Postgraduate,Partner
226,3.62572979698924,1.746205425123356,2.6598886224496248,1.7975896458034906,2.142384856884284,1.9206788120496667,2.528215613059347,1.6978688938261293,1.646662529059944,2.236573295278567,2.404924813559527,1.6803965688486042,1.9120267481876967,3.236981028589468,2.330556467087482,1.8274347021965225,3.0896061750480333,0,7375,Postgraduate,Alone
227,0.2681044832006241,2.5063182331678973,1.4442425622321684,1.74732961305499,1.6340484025876088,1.8658827494134105,1.846424883858247,1.871577311123117,3.206412104163342,2.236573295278567,2.404924813559527,1.6803965688486042,1.5020145783507457,1.9853427769260568,1.42144923259628,1.8274347021965225,1.5626010022149246,2,709,Graduate,Alone
228,2.715986698794262,1.435250185468771,1.4531375334044911,1.671939563932239,1.6117529440658247,1.7745559783529834,1.675977201557972,1.5241604765291417,1.646662529059944,2.236573295278567,2.404924813559527,1.6803965688486042,0.8005479745333104,8.66074678579758,1.3633858143349806,1.8274347021965225,1.007326393911976,2,460,Undergraduate,Alone
229,3.3327199406524746,4.02654384925698,4.100873952365927,3.20487056276151,4.964989905742136,5.044054382316274,5.644973232264376,1.871577311123117,1.646662529059944,2.236573295278567,1.0699201826570324,0.5762544040474584,1.793469012331229,2.4025555274805277,4.79078644655911,2.908488906628257,3.506062131275245,1,3726,Graduate,Alone
230,2.9380441208420582,3.991993267073137,2.5620439395540733,4.536761430596778,2.8201667959465166,3.016600064774792,4.695336145162844,2.218994145717093,2.16657905409441,2.236573295278567,2.404924813559527,2.7845387336497502,3.3198998614832527,3.236981028589468,3.000774209303624,1.8274347021965225,2.5343315667450845,1,6798,Graduate,Partner
231,0.979208644535521,3.231880459028596,1.470927475749137,1.6970695803064892,1.6206711274745382,1.6832292072925563,1.7003268704580117,1.5048595412739207,1.646662529059944,2.236573295278567,2.404924813559527,1.6803965688486042,2.233120616132297,2.1522278771478454,1.3700216335648436,1.8274347021965225,1.1461450459877132,2,5341,Graduate,Alone
232,3.343499878278565,0.9169914527111293,3.0868472387211217,5.516832069192542,3.832380612835509,5.628545717103007,1.9925228972584828,4.979027887213677,1.646662529059944,2.236573295278567,1.0699201826570324,1.6803965688486042,1.6403319368499578,0.5668194250408589,4.026008280317424,3.719279559952058,3.506062131275245,1,1606,Graduate,Partner
233,2.7574337003566463,1.91895833604257,3.7687950285992073,1.671939563932239,2.1825166822234947,1.6466984988683857,2.357767930759072,4.419300764812272,4.76616167926674,2.236573295278567,2.404924813559527,2.7845387336497502,3.9522077860510816,3.236981028589468,3.155057006397933,1.8274347021965225,3.922518087502456,0,9617,Graduate,Partner
234,1.3919129807206068,1.711654842939513,1.462032504576814,1.671939563932239,1.6117529440658247,1.6466984988683857,1.675977201557972,1.5048595412739207,2.16657905409441,2.236573295278567,3.739929444462023,3.888680898450896,0.7066897669802734,2.736325727924104,1.355091040297652,1.8274347021965225,1.1461450459877132,2,3233,Postgraduate,Partner
235,3.6430613346380847,2.0226100825940985,5.040775906241375,2.0740198259202445,2.8023304291290896,3.5462953369252688,1.675977201557972,3.0296334264363693,2.16657905409441,2.236573295278567,2.404924813559527,2.7845387336497502,2.588793823701701,2.0687853270369514,4.130522433187763,6.151651519923461,2.5343315667450845,1,89,Graduate,Partner
236,3.4057633111189185,3.197329876844753,4.172033721744509,3.280260611884261,2.3876349006239077,4.075990609075745,1.9681732283584437,2.971730620670707,2.16657905409441,2.236573295278567,2.404924813559527,2.7845387336497502,3.235921465251588,3.6541937791439376,3.632835990948054,1.8274347021965225,3.2284248271237703,1,2936,Graduate,Partner
237,3.0581567879258733,3.750139191786237,3.9911693079072794,5.039361758081785,5.014039914490061,4.386501630681198,2.601264619759465,4.8053194699166895,1.646662529059944,2.236573295278567,1.0699201826570324,1.6803965688486042,3.883049106801475,0.7337045252626471,4.853826729242806,1.8274347021965225,3.2284248271237703,1,9449,Postgraduate,Partner
238,2.9480341492455477,2.6099699797194256,4.27580838542161,2.3755800224112487,2.4054712674413343,5.665076425527177,3.380454024560722,2.8366240738841606,3.206412104163342,2.236573295278567,2.404924813559527,2.7845387336497502,3.5915946728209915,2.3191129773696333,3.866748618800717,1.8274347021965225,3.506062131275245,1,7297,Postgraduate,Partner
239,1.3674722600683489,2.679071144087111,1.4768574565306856,1.74732961305499,1.700934778152961,1.756290624140898,1.7003268704580117,1.736470764336571,2.16657905409441,2.236573295278567,2.404924813559527,1.6803965688486042,2.000945050080048,1.8184576767042693,1.43306191624854,1.8274347021965225,1.2849636980634502,2,11004,Postgraduate,Alone
240,1.310691726537818,2.437217068800212,1.43831258145062,1.74732961305499,1.6206711274745382,1.6466984988683857,1.7246765393580508,1.6978688938261293,2.16657905409441,2.236573295278567,2.404924813559527,1.6803965688486042,1.7984089179919152,0.984032175595329,1.3700216335648436,1.8274347021965225,1.1461450459877132,2,313,Graduate,Alone
241,4.691224407781878,0.8133397061596008,1.9275359959283769,5.39118198732129,3.569294202278458,2.231189833655119,5.86412025236473,4.342097023791389,1.646662529059944,2.236573295278567,1.0699201826570324,0.5762544040474584,2.8110895784325782,1.9019002268151632,3.1716465544725905,6.692178622139329,4.477792695805405,1,9940,Graduate,Alone
242,1.15047955009488,3.819240356153923,1.5628421778631396,2.853050333522005,1.821330254170594,2.0302709373221792,2.162970579558758,1.9680819873992217,2.16657905409441,2.236573295278567,1.0699201826570324,1.6803965688486042,3.77437118226638,3.236981028589468,1.6752693181385316,1.8274347021965225,1.840238306366399,2,10735,Undergraduate,Partner
243,3.4371273537810367,3.300981623396281,3.3566613642815817,2.3755800224112487,3.16351685718199,2.468639438412229,2.698663295359622,2.064586663675326,3.726328629197808,2.236573295278567,3.739929444462023,3.888680898450896,3.892928918122848,2.485998077591421,3.2313689275413555,1.8274347021965225,3.506062131275245,0,9529,Graduate,Partner
244,1.3553448302389963,1.8498571716748844,1.5005773796568798,1.671939563932239,1.625130219178895,1.6466984988683857,1.675977201557972,1.5048595412739207,2.16657905409441,2.236573295278567,2.404924813559527,1.6803965688486042,3.67063316339197,1.9019002268151632,1.3816343172171033,1.8274347021965225,1.1461450459877132,2,6439,Postgraduate,Alone
245,2.8628168837013632,2.2990147400648406,4.15127878900909,2.1996699077914963,2.115630306658143,1.884148103625496,1.9194738905583648,1.890878246378338,2.6864955791288763,2.236573295278567,2.404924813559527,2.7845387336497502,3.655813446409912,2.986653378256785,3.153398051590468,2.908488906628257,2.811968870896559,0,7411,Postgraduate,Partner
246,2.056505428418792,3.991993267073137,1.838586284205148,2.5012301042825005,1.9773984638230824,2.158128416806777,2.260369255158915,1.7171698290813504,3.206412104163342,2.236573295278567,2.404924813559527,1.6803965688486042,3.626174012445795,2.736325727924104,1.8610722565746896,1.8274347021965225,2.2566942625936104,2,2176,Graduate,Alone
247,0.7885617303982313,3.9228921027054513,1.4649974949675884,1.7724596294292403,1.5983756689527544,1.82935204098924,1.822075214958208,1.6785679585709086,3.206412104163342,2.236573295278567,3.739929444462023,2.7845387336497502,2.5146952387914085,2.736325727924104,1.3998828200992262,1.8274347021965225,1.4237823501391875,2,9265,Graduate,Alone
248,1.8124699438833192,1.4698007676526137,1.462032504576814,1.671939563932239,1.607293852361468,1.6466984988683857,1.675977201557972,1.5241604765291417,1.646662529059944,2.236573295278567,5.074934075364517,3.888680898450896,1.5909328802430962,3.3204235787003618,1.355091040297652,1.8274347021965225,1.007326393911976,2,8867,Postgraduate,Alone
249,0.6299293724004962,2.713621726270954,1.4323826006690714,1.7221995966807395,1.625130219178895,1.7197599157167271,1.74902620825809,1.736470764336571,2.16657905409441,2.236573295278567,2.404924813559527,1.6803965688486042,3.685452880374029,1.4846874762606932,1.378316407602172,4.259806662167925,1.1461450459877132,2,8932,Graduate,Alone
250,3.1570348364962246,2.229913575697155,3.0720222867672504,2.702270235276503,2.548162201980752,1.847617395201325,1.675977201557972,1.9487810521440008,2.6864955791288763,2.236573295278567,3.739929444462023,2.7845387336497502,2.5789140123803285,2.4025555274805277,2.728705620879249,1.8274347021965225,3.644880783350982,0,10236,Postgraduate,Alone
251,1.971474023868161,3.577386280867024,1.9245710055376024,1.7221995966807395,1.865921171214162,2.0850669999584355,1.9925228972584828,1.620665152805246,3.206412104163342,2.236573295278567,2.404924813559527,2.7845387336497502,0.6474108990520395,2.2356704272587398,1.783101380623802,1.8274347021965225,2.1178756105178733,2,6340,Postgraduate,Partner
252,1.6721448937505834,1.711654842939513,1.4561025237952654,1.671939563932239,1.6162120357701817,1.7197599157167271,1.7003268704580117,1.5820632822948042,1.646662529059944,2.236573295278567,2.404924813559527,2.7845387336497502,3.468097031303837,1.5681300263715872,1.3683626787573775,1.8274347021965225,1.007326393911976,2,10089,Postgraduate,Partner
253,1.953677833735433,0.951542034894972,1.954220909445345,1.7221995966807395,1.9060529965533728,1.7014945615046415,1.7246765393580508,1.871577311123117,4.246245154232274,2.236573295278567,3.739929444462023,3.888680898450896,3.112423823734434,3.737636329254832,1.783101380623802,3.449016008844124,2.1178756105178733,0,2227,Postgraduate,Partner
254,1.6936118385059888,1.6771042607556703,1.54208724512772,1.7724596294292403,1.6875575030398902,1.7197599157167271,1.7246765393580508,1.871577311123117,3.206412104163342,2.236573295278567,3.739929444462023,3.888680898450896,2.919767502967674,2.569440627702316,1.4761947412426482,1.8274347021965225,1.5626010022149246,2,10992,Postgraduate,Partner
255,3.642596682154201,2.264464157880998,2.861507969022276,3.782860939369268,3.364175983878046,5.391096112345896,3.721349389161272,6.1370840025269295,1.646662529059944,2.236573295278567,1.0699201826570324,1.6803965688486042,0.6029517481058639,2.819768278034997,3.807026245731952,2.6382253555203232,3.0896061750480333,1,5304,Graduate,Partner
256,1.689801688138146,3.059127548109382,1.6577218703679168,1.7221995966807395,1.7455256951965286,1.6466984988683857,1.7003268704580117,2.81732313862894,3.206412104163342,2.236573295278567,3.739929444462023,3.888680898450896,3.660753352070598,2.2356704272587398,1.6321364931444236,4.259806662167925,1.5626010022149246,0,309,Postgraduate,Partner
257,3.3087903377324883,1.0897443636303432,1.9690458613992168,3.5315607756267644,2.918266813442366,4.605685881226223,5.304077867663826,3.7244670956243207,1.646662529059944,2.236573295278567,1.0699201826570324,1.6803965688486042,2.440596653881116,2.2356704272587398,2.954323474694584,1.8274347021965225,2.2566942625936104,1,3406,Graduate,Partner
258,0.9451031522184918,1.0206431992626577,1.45906751418604,1.8478496785519916,1.67418022792682,1.7928213325650688,1.7246765393580508,1.890878246378338,2.16657905409441,2.236573295278567,2.404924813559527,2.7845387336497502,1.9120267481876967,2.2356704272587398,1.438038780670937,1.8274347021965225,1.4237823501391875,2,2661,Graduate,Partner
259,3.1381234804021774,1.711654842939513,3.7361801343006897,2.7776602843992544,3.814544246018082,3.3819071490165,3.45350303126084,4.303495153280947,2.16657905409441,2.236573295278567,1.0699201826570324,0.5762544040474584,3.77437118226638,3.6541937791439376,4.039279918777149,3.449016008844124,2.2566942625936104,1,3153,Graduate,Alone
260,1.3966524360562156,1.1588455279980288,1.4768574565306856,1.8478496785519916,1.692016594744247,1.6466984988683857,1.8707745527582864,1.601364217550025,2.6864955791288763,12.555767160837409,2.404924813559527,1.6803965688486042,1.0870625028531078,1.1509172758171171,1.4264260970186773,1.8274347021965225,1.5626010022149246,2,10264,Postgraduate,Alone
261,2.7960463217673426,0.7096879596080725,1.9245710055376024,1.671939563932239,1.7811984288313831,1.756290624140898,1.7246765393580508,1.736470764336571,2.16657905409441,2.236573295278567,2.404924813559527,2.7845387336497502,1.304418351923299,1.8184576767042693,1.7101073690953117,1.8274347021965225,1.979056958442136,2,1184,Postgraduate,Partner
262,1.2817438767918927,2.54086881535174,1.4679624853583628,1.7221995966807395,1.651884769405036,1.7928213325650688,1.846424883858247,1.5627623470395833,3.206412104163342,2.236573295278567,3.739929444462023,3.888680898450896,1.003084106621443,3.0700959283676794,1.406518639329089,1.8274347021965225,1.4237823501391875,2,4200,Graduate,Partner
263,1.4705321809936494,1.9535089182264127,1.5272622931738482,1.8227196621777408,1.7678211537183126,1.7014945615046415,1.846424883858247,1.6785679585709086,2.6864955791288763,2.236573295278567,3.739929444462023,2.7845387336497502,3.0976041067523754,2.819768278034997,1.4911253345098392,1.8274347021965225,1.4237823501391875,2,9396,Graduate,Alone
264,3.000865136663071,3.6119368630508655,3.2825366045122246,1.8478496785519916,2.030907564275364,1.82935204098924,2.211669917358837,1.620665152805246,2.16657905409441,2.236573295278567,2.404924813559527,2.7845387336497502,2.000945050080048,2.819768278034997,2.604284010319322,1.8274347021965225,3.506062131275245,0,2387,Postgraduate,Partner
265,2.7407062109368496,2.575419397535583,2.0698555346855425,5.743002216560795,2.588294027319963,3.4914992742890125,3.9161467403615866,4.612310117364481,2.16657905409441,2.236573295278567,1.0699201826570324,0.5762544040474584,3.196402219966098,3.403866128811256,2.914508559315407,3.449016008844124,3.506062131275245,1,6690,Graduate,Alone
266,3.538421595267581,1.6425536785718275,1.6310369568509482,4.913711676210534,3.3552578004693325,5.080585090740444,2.211669917358837,1.775072634847013,1.646662529059944,2.236573295278567,1.0699201826570324,1.6803965688486042,0.8845263707649753,1.317802376038905,2.6839138410776755,1.8274347021965225,2.1178756105178733,1,1225,Postgraduate,Partner
267,3.1660026294351717,1.6771042607556703,2.0105557268700567,1.671939563932239,3.872512438174721,2.249455187867204,4.841434158563079,2.527809109800627,1.646662529059944,2.236573295278567,1.0699201826570324,0.5762544040474584,2.8259092954146365,0.900589625484435,2.8614220054765047,3.719279559952058,2.811968870896559,1,9703,Postgraduate,Alone
268,2.886003042647136,2.851824055006325,3.312186508419967,2.048889809545994,2.035366655979721,2.012005583110094,1.846424883858247,4.013981124452634,1.646662529059944,2.236573295278567,2.404924813559527,1.6803965688486042,2.7320510878616,2.4025555274805277,2.833219773749588,1.8274347021965225,3.506062131275245,0,291,Postgraduate,Alone
269,1.0570844008343503,2.229913575697155,1.4412775718413942,2.1494098750429957,1.6295893108832518,2.158128416806777,2.284718924058954,1.8136745053574548,2.6864955791288763,2.236573295278567,2.404924813559527,2.7845387336497502,3.0729045784489446,1.317802376038905,1.4961021989322365,1.8274347021965225,1.5626010022149246,2,4557,Undergraduate,Partner
270,2.30648846474797,3.542835698683181,2.310019756338259,1.8478496785519916,1.941725730188228,1.6466984988683857,1.943823559458404,4.998328822468898,2.16657905409441,2.236573295278567,2.404924813559527,2.7845387336497502,3.611354295463737,1.735015126593375,2.2824467776709767,1.8274347021965225,2.5343315667450845,0,2379,Graduate,Partner
271,1.6741428994312813,1.3315984389172426,1.6784768031033368,1.7975896458034906,1.7589029703095989,4.386501630681198,1.9681732283584437,2.025984793164884,2.16657905409441,2.236573295278567,1.0699201826570324,1.6803965688486042,3.883049106801475,4.238291629920196,1.8527774825373613,1.8274347021965225,2.1178756105178733,2,5726,Graduate,Partner
272,2.969594024497729,3.197329876844753,2.034275649996251,1.8478496785519916,2.2538621494932034,2.012005583110094,2.0412222350585614,2.7594203328632774,1.646662529059944,2.236573295278567,2.404924813559527,2.7845387336497502,1.180920710406145,1.9019002268151632,2.091666974812421,1.8274347021965225,2.5343315667450845,2,3066,Postgraduate,Partner
273,1.9789084636102925,1.262497274549557,1.5065073604384285,1.671939563932239,1.625130219178895,1.6466984988683857,1.675977201557972,1.5434614117843624,2.16657905409441,2.236573295278567,3.739929444462023,3.888680898450896,0.9487451443538952,1.8184576767042693,1.388270136446966,1.8274347021965225,1.2849636980634502,2,6336,Postgraduate,Partner
274,1.3428921436709258,3.231880459028596,1.473892466139911,1.8227196621777408,1.6786393196311766,1.7197599157167271,1.7977255460581685,1.871577311123117,1.646662529059944,2.236573295278567,2.404924813559527,2.7845387336497502,2.326978823685334,1.9019002268151632,1.4430156450933342,1.8274347021965225,1.4237823501391875,2,10967,Graduate,Partner
275,3.417426088464388,1.2279466923657143,2.33077468907368,4.134681168608773,2.615048577546104,4.386501630681198,3.477852700160879,2.9138278149050443,1.646662529059944,2.236573295278567,1.0699201826570324,1.6803965688486042,3.137123352037865,3.737636329254832,2.8697167795138334,1.8274347021965225,3.644880783350982,1,2304,Graduate,Partner
276,2.2846033327570705,3.681038027418552,2.274439871648968,2.3755800224112487,2.6685576779983857,2.651292980533084,4.451839456162451,4.091184865473517,7.885660829473537,2.236573295278567,3.739929444462023,3.888680898450896,3.240861370912274,3.403866128811256,2.751930988183769,1.8274347021965225,3.367243479199508,0,3445,Postgraduate,Partner
277,3.63432586794108,1.2970478567333998,2.600588814634139,6.270732560420052,4.10884429850563,4.6787472980745655,5.109280516463512,2.025984793164884,1.646662529059944,2.236573295278567,1.0699201826570324,0.5762544040474584,0.8252475028367412,2.569440627702316,3.778824014005036,1.8274347021965225,3.506062131275245,1,7828,Graduate,Alone
278,1.565228357209052,2.7827228906386394,2.1647352271903197,1.74732961305499,1.9506439135969411,1.7197599157167271,1.74902620825809,2.4699063040349643,2.6864955791288763,2.236573295278567,1.0699201826570324,0.5762544040474584,2.470236087845233,3.987963979587514,1.973881183482357,1.8274347021965225,2.3955129146693475,2,3762,Postgraduate,Alone
279,1.425739681547306,1.0206431992626577,1.4887174180937826,1.8227196621777408,1.6117529440658247,1.6466984988683857,1.8951242216583255,1.7171698290813504,1.646662529059944,2.236573295278567,1.0699201826570324,1.6803965688486042,2.366498068970824,1.0674747257062231,1.4131544585589515,2.6382253555203232,1.1461450459877132,2,4391,Undergraduate,Partner
280,1.7020685137126637,3.197329876844753,1.545052235518494,1.671939563932239,1.8391666209880213,2.012005583110094,1.8707745527582864,1.755771699591792,2.6864955791288763,2.236573295278567,2.404924813559527,2.7845387336497502,1.4970746726900592,2.3191129773696333,1.554165617193536,1.8274347021965225,1.5626010022149246,2,4669,Graduate,Partner
281,3.752858716579692,1.746205425123356,3.733215143909916,4.913711676210534,4.144517032140485,5.592015008678835,2.187320248458797,5.403648462828537,1.646662529059944,2.236573295278567,1.0699201826570324,1.6803965688486042,3.581714861499619,1.4012449261497992,4.510423084097408,3.1787524577361905,3.0896061750480333,1,10144,Graduate,Partner
282,0.6921463399924608,3.2664310412124387,1.4531375334044911,1.74732961305499,1.6875575030398902,2.0302709373221792,1.7003268704580117,1.736470764336571,2.6864955791288763,2.236573295278567,3.739929444462023,3.888680898450896,1.4032164651370225,2.1522278771478454,1.4396977354784029,1.8274347021965225,1.4237823501391875,2,8652,Graduate,Partner
283,1.2983319704665242,0.8478902883434436,1.4561025237952654,1.6970695803064892,1.6028347606571112,1.6466984988683857,1.7733758771581294,1.6399660880604667,1.646662529059944,2.236573295278567,3.739929444462023,3.888680898450896,2.929647314289046,2.6528831778132096,1.3683626787573775,1.8274347021965225,1.007326393911976,2,1672,Graduate,Partner
284,2.5193922328632667,2.7827228906386394,5.108970685229183,1.671939563932239,1.9461848218925843,1.6466984988683857,1.9925228972584828,2.257596016227535,2.6864955791288763,2.236573295278567,2.404924813559527,2.7845387336497502,3.922568352086965,3.737636329254832,3.6062927140286023,3.449016008844124,3.367243479199508,0,8962,Postgraduate,Partner
285,1.563927330254179,1.3315984389172426,1.4472075526229429,1.7724596294292403,1.6206711274745382,1.7197599157167271,1.74902620825809,1.6399660880604667,1.646662529059944,2.236573295278567,2.404924813559527,1.6803965688486042,2.954346842592477,0.7337045252626471,1.3799753624096378,1.8274347021965225,1.1461450459877132,2,9974,Undergraduate,Alone
286,1.889091138475664,2.126261829145627,1.6221419856786254,1.7724596294292403,1.6608029528137496,1.6466984988683857,1.7733758771581294,1.6978688938261293,1.646662529059944,2.236573295278567,2.404924813559527,2.7845387336497502,3.216161842608844,0.900589625484435,1.4927842893173051,1.8274347021965225,1.4237823501391875,2,10983,Postgraduate,Partner
287,3.1083857214336508,2.1953629935133123,2.600588814634139,2.048889809545994,2.7621986037898782,2.7426197515935105,2.9908593221600936,2.218994145717093,1.646662529059944,2.236573295278567,1.0699201826570324,0.5762544040474584,3.221101748269529,1.234359825928011,2.695526524729935,1.8274347021965225,2.1178756105178733,1,8148,Graduate,Alone
288,2.610510584952769,1.8153065894910416,3.8043749132884974,1.671939563932239,1.9461848218925843,1.6466984988683857,1.675977201557972,2.1610913399514304,3.726328629197808,2.236573295278567,2.404924813559527,1.6803965688486042,1.1018822198351663,2.6528831778132096,2.8464914122093137,2.908488906628257,3.783699435426719,0,10102,Postgraduate,Alone
289,1.557329264983037,2.4717676509840545,1.5361572643461712,1.671939563932239,1.6429665859963225,1.6832292072925563,1.7246765393580508,1.6785679585709086,3.206412104163342,2.236573295278567,3.739929444462023,2.7845387336497502,0.9536850500145816,3.236981028589468,1.429744006633609,1.8274347021965225,1.5626010022149246,2,4697,Graduate,Alone
290,2.652747495737754,2.1608124113294696,2.9504576807455045,2.023759793171744,2.2761576080149872,1.9937402288980084,1.675977201557972,2.025984793164884,1.646662529059944,2.236573295278567,2.404924813559527,2.7845387336497502,1.872507502902208,3.403866128811256,2.5346079084057624,1.8274347021965225,3.367243479199508,0,9262,Undergraduate,Partner
291,2.074533944793461,3.7155886096023942,1.5391222547369456,1.671939563932239,1.7945757039444534,1.7197599157167271,1.74902620825809,1.4855586060186998,1.646662529059944,2.236573295278567,2.404924813559527,2.7845387336497502,1.180920710406145,1.5681300263715872,1.4761947412426482,1.8274347021965225,1.4237823501391875,2,7254,Postgraduate,Partner
292,1.7664693479788791,2.126261829145627,1.6666168415402396,2.048889809545994,2.0041530140492227,2.012005583110094,1.9925228972584828,2.489207239290185,2.6864955791288763,2.236573295278567,2.404924813559527,1.6803965688486042,0.96850476699664,0.7337045252626471,1.779783471008871,1.8274347021965225,1.979056958442136,2,4543,Graduate,Alone
293,1.0336659156466357,2.9900263837416965,1.470927475749137,1.6970695803064892,1.6830984113355334,1.6832292072925563,1.74902620825809,1.9680819873992217,2.6864955791288763,2.236573295278567,2.404924813559527,2.7845387336497502,1.4970746726900592,1.0674747257062231,1.4363798258634717,1.8274347021965225,1.5626010022149246,2,4927,Graduate,Partner
294,3.680976977322956,2.1608124113294696,2.986037565434796,5.36605197094704,2.088875756432002,5.646811071315092,5.255378529863747,2.701517527097615,1.646662529059944,2.236573295278567,1.0699201826570324,1.6803965688486042,2.850608823718068,2.986653378256785,3.339200990026625,2.097698253304456,3.644880783350982,1,10451,Postgraduate,Partner
295,1.175942506211681,2.851824055006325,1.4323826006690714,2.325319989662748,1.700934778152961,1.9572095204738376,2.236019586258876,1.775072634847013,1.646662529059944,2.236573295278567,1.0699201826570324,0.5762544040474584,3.794130804909124,2.569440627702316,1.5043969729695648,3.449016008844124,1.4237823501391875,2,2926,Graduate,Alone
296,3.5186738647025435,3.577386280867024,3.4307861240509387,1.9483697440489929,3.37309416728676,1.9206788120496667,2.77171230205974,1.6978688938261293,1.646662529059944,2.236573295278567,1.0699201826570324,0.5762544040474584,1.1611610877634002,4.154849079809302,3.2462995208085466,3.1787524577361905,2.950787522972296,1,2874,Graduate,Alone
297,2.898037541979712,3.8537909383377658,2.9385977191824075,1.671939563932239,1.7098529615616742,1.6466984988683857,1.675977201557972,1.6785679585709086,1.646662529059944,2.236573295278567,2.404924813559527,2.7845387336497502,2.0305844840441645,2.736325727924104,2.232678133447006,2.908488906628257,2.950787522972296,2,9738,Postgraduate,Partner
298,1.902287269017948,1.0551937814465004,1.8860261304575368,1.7221995966807395,1.7945757039444534,2.012005583110094,1.7733758771581294,1.775072634847013,1.646662529059944,2.236573295278567,1.0699201826570324,1.6803965688486042,2.7024116538974825,0.399934324819071,1.7266969171699684,1.8274347021965225,1.979056958442136,2,7119,Postgraduate,Partner
299,0.5037297577778106,3.6119368630508655,1.43831258145062,1.7975896458034906,1.651884769405036,1.6832292072925563,1.9681732283584437,1.8136745053574548,3.206412104163342,2.236573295278567,2.404924813559527,1.6803965688486042,1.3883967481549635,1.735015126593375,1.4148134133664172,1.8274347021965225,1.5626010022149246,2,3924,Graduate,Alone
300,0.9685216374062068,1.6080030963879848,1.5035423700476542,1.671939563932239,1.625130219178895,1.6832292072925563,1.675977201557972,1.5241604765291417,2.16657905409441,2.236573295278567,5.074934075364517,4.992823063252041,1.793469012331229,2.485998077591421,1.388270136446966,1.8274347021965225,1.2849636980634502,2,5827,Graduate,Partner
301,3.213675974281591,2.091711246961784,3.7065302303929473,2.7776602843992544,4.091007931688203,3.0531307731989625,2.7473626331597005,1.755771699591792,1.646662529059944,2.236573295278567,1.0699201826570324,0.5762544040474584,3.0976041067523754,1.735015126593375,3.828592658229006,1.8274347021965225,3.644880783350982,1,5596,Postgraduate,Alone
302,2.4379386524385365,1.0897443636303432,1.9779408325715395,1.671939563932239,1.7143120532660312,1.7014945615046415,1.7246765393580508,1.8136745053574548,4.246245154232274,2.236573295278567,3.739929444462023,3.888680898450896,1.5464737292969208,2.569440627702316,1.7167431883251745,1.8274347021965225,1.979056958442136,0,10812,Graduate,Partner
303,1.2596264185590509,3.6119368630508655,1.5005773796568798,1.671939563932239,1.6206711274745382,1.6466984988683857,1.675977201557972,1.5048595412739207,2.16657905409441,2.236573295278567,3.739929444462023,3.888680898450896,1.1315216537992834,3.403866128811256,1.3799753624096378,1.8274347021965225,1.2849636980634502,2,1717,Postgraduate,Partner
304,1.7931404005537768,2.679071144087111,1.5598771874723654,1.7724596294292403,1.6830984113355334,1.756290624140898,1.675977201557972,2.006683857909663,2.16657905409441,2.236573295278567,3.739929444462023,3.888680898450896,2.2430004274536697,2.0687853270369514,1.4961021989322365,1.8274347021965225,1.4237823501391875,2,9491,Graduate,Partner
305,3.0096935338568525,1.6771042607556703,1.6992317358387568,3.280260611884261,2.160221223701711,2.833946522653937,1.74902620825809,2.450605368779744,2.16657905409441,2.236573295278567,2.404924813559527,1.6803965688486042,3.96702750303314,0.984032175595329,1.99212968636448,1.8274347021965225,2.3955129146693475,0,9274,Graduate,Alone
306,1.3522781238453672,1.7807560073071989,1.462032504576814,1.671939563932239,1.6206711274745382,1.7014945615046415,1.7003268704580117,1.601364217550025,2.16657905409441,2.236573295278567,3.739929444462023,3.888680898450896,2.3072192010425896,3.821078879365726,1.373339543179775,1.8274347021965225,1.1461450459877132,2,6609,Graduate,Partner
307,2.9303308896095963,1.435250185468771,2.650993651277302,1.7975896458034906,2.1200893983624995,2.3407819589276317,2.3821175996591117,2.971730620670707,2.6864955791288763,2.236573295278567,2.404924813559527,2.7845387336497502,3.196402219966098,2.1522278771478454,2.454978077647409,1.8274347021965225,3.0896061750480333,0,6963,Graduate,Partner
308,1.5189954350626709,3.4391839521316525,1.43831258145062,1.74732961305499,1.6206711274745382,1.756290624140898,1.7246765393580508,1.6592670233156877,1.646662529059944,2.236573295278567,2.404924813559527,2.7845387336497502,2.381317785952882,1.9019002268151632,1.3766574527947064,1.8274347021965225,1.007326393911976,2,4440,Graduate,Partner
309,2.104643425749095,0.8478902883434436,1.4768574565306856,1.671939563932239,1.6028347606571112,1.6466984988683857,1.675977201557972,1.5048595412739207,1.646662529059944,2.236573295278567,3.739929444462023,2.7845387336497502,1.2797188236198682,2.6528831778132096,1.3600679047200492,1.8274347021965225,1.007326393911976,2,1379,Postgraduate,Alone
310,2.9084922228670846,2.057160664777941,3.5968255859342984,3.17974054638726,3.16351685718199,3.071396127411048,1.9681732283584437,2.894526879649823,3.726328629197808,2.236573295278567,2.404924813559527,1.6803965688486042,3.092664201091689,2.986653378256785,3.495142741928401,1.8274347021965225,3.0896061750480333,1,10032,Postgraduate,Alone
311,1.7997849310733072,3.335532205580124,2.686573535966593,2.0991498422944947,2.115630306658143,1.7745559783529834,2.236019586258876,2.2768969514827555,4.246245154232274,2.236573295278567,2.404924813559527,1.6803965688486042,3.226041653930216,3.6541937791439376,2.3720303372741243,1.8274347021965225,3.0896061750480333,0,2826,Graduate,Alone
312,2.80914952181285,2.3335653222486834,3.77768999977153,1.671939563932239,2.81570770424216,2.468639438412229,2.77171230205974,3.9174764481765294,1.646662529059944,2.236573295278567,1.0699201826570324,1.6803965688486042,2.361558163310137,3.3204235787003618,3.455327826549224,1.8274347021965225,2.950787522972296,1,2437,Graduate,Partner
313,0.6095775936064107,1.9880595004102557,1.4916824084845568,1.7221995966807395,1.7143120532660312,1.7014945615046415,1.7246765393580508,1.6592670233156877,2.6864955791288763,2.236573295278567,2.404924813559527,1.6803965688486042,2.376377880292196,1.735015126593375,1.4347208710560055,1.8274347021965225,1.4237823501391875,2,6320,Postgraduate,Alone
314,1.186025465111947,0.7442385417919153,1.4946473988753313,1.6970695803064892,1.6385074942919655,1.6466984988683857,1.7003268704580117,1.5241604765291417,1.646662529059944,2.236573295278567,2.404924813559527,2.7845387336497502,1.7440699557243673,1.0674747257062231,1.388270136446966,1.8274347021965225,1.1461450459877132,2,3050,Graduate,Partner
315,2.4488115205614043,1.91895833604257,1.5272622931738482,1.671939563932239,1.6117529440658247,1.6466984988683857,1.675977201557972,1.4855586060186998,1.646662529059944,2.236573295278567,5.074934075364517,4.992823063252041,2.643132785969249,3.90452142947662,1.389929091254432,1.8274347021965225,1.1461450459877132,2,231,Postgraduate,Partner
316,1.3135261066895056,1.4006996032849282,1.6310369568509482,1.8478496785519916,1.852543896101092,1.82935204098924,1.7977255460581685,1.6978688938261293,3.206412104163342,2.236573295278567,2.404924813559527,1.6803965688486042,3.0630247671275725,0.900589625484435,1.5923215777652469,1.8274347021965225,1.7014196542906617,2,2392,Postgraduate,Alone
317,1.0381265794919148,3.370082787763967,1.4561025237952654,1.6970695803064892,1.6162120357701817,1.7014945615046415,1.675977201557972,1.5627623470395833,1.646662529059944,2.236573295278567,2.404924813559527,1.6803965688486042,2.7567506161650304,1.1509172758171171,1.3650447691424463,1.8274347021965225,1.007326393911976,2,9478,Graduate,Alone
318,1.4992477044976331,2.229913575697155,1.5480172259092684,1.7221995966807395,1.6563438611093928,1.7928213325650688,1.675977201557972,1.601364217550025,1.646662529059944,2.236573295278567,1.0699201826570324,0.5762544040474584,2.0256445783834787,0.6502619751517529,1.4446745999007995,1.8274347021965225,1.2849636980634502,2,113,Postgraduate,Alone
319,3.0018409068792256,3.4737345343154957,4.124593875492121,1.9483697440489929,2.5615394770938225,1.6466984988683857,1.675977201557972,1.92948011688878,2.16657905409441,2.236573295278567,2.404924813559527,2.7845387336497502,2.8209693897539503,3.403866128811256,3.2529353400384093,3.449016008844124,2.950787522972296,0,2863,Postgraduate,Partner
320,1.5541696280926312,0.9860926170788148,1.4976123892661055,1.6970695803064892,1.6474256777006793,1.6832292072925563,1.7246765393580508,1.8329754406126757,1.646662529059944,2.236573295278567,2.404924813559527,2.7845387336497502,3.230981559590902,2.1522278771478454,1.4247671422112114,4.259806662167925,1.1461450459877132,2,1802,Postgraduate,Partner
321,0.9423152373151924,2.402666486616369,1.462032504576814,1.7221995966807395,1.6295893108832518,1.7014945615046415,1.675977201557972,1.6399660880604667,2.16657905409441,2.236573295278567,2.404924813559527,2.7845387336497502,2.3862576916135683,1.1509172758171171,1.3816343172171033,1.8274347021965225,1.2849636980634502,2,520,Graduate,Partner
322,2.8099394310354517,1.9535089182264127,2.369319564153745,2.827920317147755,2.6908531365201696,4.404766984893284,2.796061970959779,4.168388606494401,1.646662529059944,2.236573295278567,3.739929444462023,2.7845387336497502,3.823770238873241,3.0700959283676794,2.8962600564332845,1.8274347021965225,3.506062131275245,1,8275,Graduate,Alone
323,3.4367091665455414,0.9860926170788148,3.792514951725401,5.516832069192542,2.895971354920582,2.9618040021385355,4.037895084861782,2.064586663675326,1.646662529059944,2.236573295278567,1.0699201826570324,0.5762544040474584,3.4038782577149176,2.4025555274805277,3.71910164093627,6.151651519923461,3.506062131275245,1,9750,Graduate,Alone
324,1.344936614600012,1.124294945814186,1.45906751418604,1.7221995966807395,1.6608029528137496,1.847617395201325,1.7246765393580508,1.890878246378338,1.646662529059944,2.236573295278567,2.404924813559527,2.7845387336497502,3.5224359935713854,2.0687853270369514,1.429744006633609,1.8274347021965225,1.1461450459877132,2,2607,Graduate,Partner
325,3.776370132264184,1.262497274549557,3.967449384781084,3.20487056276151,4.131139757027414,2.377312667351802,2.284718924058954,3.8402727071556457,1.646662529059944,2.236573295278567,1.0699201826570324,1.6803965688486042,2.9741064652352214,2.6528831778132096,4.103979156268312,4.800333764383792,3.506062131275245,1,7214,Graduate,Partner
326,3.8009502486616062,1.8844077538587272,3.667985355312881,5.290661921824289,4.09546702339256,3.5462953369252688,3.2343560111604863,5.808968103188175,1.646662529059944,2.236573295278567,1.0699201826570324,1.6803965688486042,1.951545993473186,8.160091485132215,4.400932066804671,3.1787524577361905,2.5343315667450845,1,5835,Postgraduate,Partner
327,3.1096867483885235,3.9228921027054513,2.7814532284713707,2.1494098750429957,5.299421783568896,3.016600064774792,4.549238131762608,2.218994145717093,1.646662529059944,2.236573295278567,1.0699201826570324,0.5762544040474584,3.986787125675885,0.7337045252626471,3.878361302452977,1.8274347021965225,3.367243479199508,1,3896,Graduate,Alone
328,1.843787521297049,1.0206431992626577,1.5391222547369456,2.47610008790825,1.7589029703095989,1.847617395201325,1.74902620825809,1.8329754406126757,1.646662529059944,2.236573295278567,1.0699201826570324,0.5762544040474584,1.5958727859037825,0.900589625484435,1.5574835268084672,1.8274347021965225,1.5626010022149246,2,10350,Graduate,Alone
329,2.485054414304296,2.886374637190168,4.699802011302332,1.671939563932239,1.7901166122400969,1.6466984988683857,1.675977201557972,2.1417904046962093,2.6864955791288763,2.236573295278567,2.404924813559527,2.7845387336497502,3.468097031303837,2.3191129773696333,3.2877733909951887,3.449016008844124,2.950787522972296,0,7786,Postgraduate,Partner
330,2.6746326277286543,3.093678130293225,2.5501839779909763,2.023759793171744,1.892675721440303,1.9937402288980084,2.016872566158522,1.755771699591792,2.16657905409441,2.236573295278567,2.404924813559527,2.7845387336497502,2.470236087845233,3.90452142947662,2.1679788959558435,1.8274347021965225,2.811968870896559,0,2861,Postgraduate,Partner
331,1.1830052239667062,1.0897443636303432,1.4323826006690714,1.8227196621777408,1.6206711274745382,1.6466984988683857,1.7003268704580117,1.5434614117843624,1.646662529059944,2.236573295278567,2.404924813559527,2.7845387336497502,2.1590220312220048,1.9853427769260568,1.3567499951051178,4.259806662167925,1.007326393911976,2,663,Undergraduate,Partner
332,3.758713337876621,2.6445205619032683,2.034275649996251,2.5263601206567508,2.4991121932328277,4.788339423347077,5.401476543263983,4.82462040517191,1.646662529059944,2.236573295278567,1.0699201826570324,0.5762544040474584,1.7292502387423088,3.737636329254832,2.8863063275884904,1.8274347021965225,2.6731502188208216,1,10675,Graduate,Alone
333,1.9780256238909144,2.886374637190168,1.5183673220015257,1.671939563932239,1.6295893108832518,1.6466984988683857,1.675977201557972,1.5434614117843624,2.16657905409441,2.236573295278567,3.739929444462023,3.888680898450896,2.420837031238372,2.6528831778132096,1.3965649104842948,1.8274347021965225,1.1461450459877132,2,2521,Graduate,Partner
334,3.861494467311592,0.640586795240387,1.9898007941346367,4.285461266854275,3.279453241495266,3.6741528164098662,6.278064623665397,5.6931624916568495,1.646662529059944,2.236573295278567,1.0699201826570324,0.5762544040474584,0.6523508047127256,2.2356704272587398,3.3010450294549143,3.449016008844124,2.5343315667450845,1,9592,Graduate,Alone
335,1.3308576443383502,1.7807560073071989,1.473892466139911,1.671939563932239,1.6429665859963225,1.7745559783529834,1.74902620825809,1.620665152805246,2.6864955791288763,2.236573295278567,3.739929444462023,2.7845387336497502,3.3100200501618806,2.1522278771478454,1.3998828200992262,1.8274347021965225,1.2849636980634502,2,10151,Graduate,Alone
336,1.4613785270611497,3.750139191786237,1.4561025237952654,1.671939563932239,1.6028347606571112,1.6466984988683857,1.675977201557972,1.5627623470395833,1.646662529059944,2.236573295278567,2.404924813559527,2.7845387336497502,1.462495333065256,1.735015126593375,1.3534320854901865,2.6382253555203232,1.007326393911976,2,7381,Postgraduate,Partner
337,3.2238983289270218,3.9228921027054513,2.897087853711568,2.5012301042825005,2.726525870155024,1.847617395201325,2.4795162752592685,1.6399660880604667,3.206412104163342,2.236573295278567,2.404924813559527,2.7845387336497502,1.5464737292969208,3.3204235787003618,2.712116072804592,1.8274347021965225,3.644880783350982,0,4099,Graduate,Partner
338,3.262882672324825,3.8537909383377658,3.374451306626227,3.682340873872267,3.618344211026383,2.596496917896827,4.281391773862175,3.2805455847542406,2.16657905409441,2.236573295278567,2.404924813559527,2.7845387336497502,3.230981559590902,0.900589625484435,3.720760595743736,3.989543111059992,3.367243479199508,1,9560,Graduate,Partner
339,3.1609843826092323,1.9535089182264127,2.769593266908273,2.174539891417246,3.8814306215834335,1.884148103625496,2.4064672685591506,1.4855586060186998,2.6864955791288763,2.236573295278567,1.0699201826570324,0.5762544040474584,1.793469012331229,2.569440627702316,3.033953305452937,3.449016008844124,2.6731502188208216,1,1150,Postgraduate,Alone
340,3.2697130638379086,1.262497274549557,3.048302363641056,3.958771053989021,3.4176850843303272,3.82027565010655,1.675977201557972,1.910179181633559,1.646662529059944,2.236573295278567,1.0699201826570324,1.6803965688486042,3.601474484142364,1.9019002268151632,3.297727119839984,1.8274347021965225,2.950787522972296,1,10172,Graduate,Partner
341,2.707530023587587,2.6099699797194256,4.536727539809746,1.671939563932239,2.5570803853894657,1.6466984988683857,1.675977201557972,1.7171698290813504,3.726328629197808,2.236573295278567,2.404924813559527,1.6803965688486042,3.324839767143939,1.735015126593375,3.4453740977044305,1.8274347021965225,3.2284248271237703,0,11191,Postgraduate,Alone
342,1.7151717137581706,2.1953629935133123,1.4946473988753313,1.7221995966807395,1.651884769405036,1.6466984988683857,1.7003268704580117,1.6785679585709086,2.16657905409441,12.555767160837409,3.739929444462023,2.7845387336497502,1.6353920311892718,1.5681300263715872,1.4081775941365544,1.8274347021965225,1.2849636980634502,2,9707,Graduate,Alone
343,2.27712242776655,2.7481723084547967,1.660686860758691,1.671939563932239,1.6385074942919655,1.6466984988683857,1.675977201557972,1.6785679585709086,1.646662529059944,2.236573295278567,2.404924813559527,2.7845387336497502,2.6332529746478763,3.4873086789221497,1.4911253345098392,2.908488906628257,1.4237823501391875,2,6245,Graduate,Partner
344,3.1007189554495773,0.8478902883434436,3.09277721950267,3.280260611884261,5.089844473464126,3.1809882526835604,4.792734820763,2.4120034982693017,1.646662529059944,2.236573295278567,1.0699201826570324,1.6803965688486042,3.3742388237508005,2.3191129773696333,4.097343337038449,1.8274347021965225,2.5343315667450845,1,8234,Postgraduate,Partner
345,2.9432482286615502,2.886374637190168,3.2943965660753216,2.0991498422944947,2.3787167172151937,2.907007939502279,1.675977201557972,1.6399660880604667,1.646662529059944,12.555767160837409,1.0699201826570324,1.6803965688486042,2.134322502918574,4.488619280252878,2.8199481352898625,1.8274347021965225,2.3955129146693475,0,1411,Postgraduate,Partner
346,2.088659380303512,2.437217068800212,2.22700002539658,2.048889809545994,1.89713481314466,1.9206788120496667,2.1386209106587186,2.218994145717093,2.16657905409441,2.236573295278567,3.739929444462023,3.888680898450896,1.892267125544952,4.071406529698407,2.0319446017436564,1.8274347021965225,2.5343315667450845,0,8553,Postgraduate,Partner
347,3.5726200180813867,3.646487445234709,3.61165053788817,5.768132232935045,5.2369944997079,5.518953591830494,5.644973232264376,2.662915656587173,1.646662529059944,2.236573295278567,1.0699201826570324,1.6803965688486042,3.744731748302263,3.3204235787003618,4.898618509044381,2.908488906628257,3.506062131275245,1,1826,Graduate,Partner
348,2.80914952181285,1.9535089182264127,2.9474926903547303,1.671939563932239,1.9595620970056549,1.6466984988683857,1.675977201557972,2.2768969514827555,2.6864955791288763,2.236573295278567,2.404924813559527,1.6803965688486042,1.0771826915317355,2.3191129773696333,2.3819840661189184,1.8274347021965225,3.0896061750480333,2,8842,Postgraduate,Alone
349,1.2411797149488866,2.4717676509840545,1.4857524277030083,1.74732961305499,1.6340484025876088,1.847617395201325,1.8707745527582864,1.601364217550025,2.6864955791288763,2.236573295278567,3.739929444462023,3.888680898450896,1.2056202387095758,1.5681300263715872,1.42144923259628,1.8274347021965225,1.5626010022149246,2,11030,Graduate,Partner
350,1.6721448937505834,1.711654842939513,1.4561025237952654,1.671939563932239,1.6162120357701817,1.7197599157167271,1.7003268704580117,1.5820632822948042,1.646662529059944,2.236573295278567,2.404924813559527,2.7845387336497502,3.468097031303837,1.5681300263715872,1.3683626787573775,1.8274347021965225,1.007326393911976,2,2579,Postgraduate,Partner
351,2.311599642070686,2.9554758015578533,2.161770236799545,1.8729796949262416,2.3029121582411283,1.756290624140898,1.8707745527582864,2.740119397608056,4.76616167926674,2.236573295278567,3.739929444462023,3.888680898450896,3.295200333179822,2.485998077591421,2.1464124834587897,1.8274347021965225,2.6731502188208216,0,175,Graduate,Partner
352,2.466050127713472,2.886374637190168,2.627273728151108,1.671939563932239,1.999693922344866,2.158128416806777,2.3334182618590327,4.226291412260063,2.16657905409441,2.236573295278567,2.404924813559527,1.6803965688486042,3.9324481634083366,2.3191129773696333,2.4765444901444638,1.8274347021965225,2.950787522972296,0,9185,Graduate,Alone
353,3.614996324611537,2.851824055006325,2.4167594104061334,1.671939563932239,5.22361722459483,4.002929192227404,2.698663295359622,2.045285728420105,1.646662529059944,2.236573295278567,1.0699201826570324,1.6803965688486042,2.6036135406837597,3.0700959283676794,3.5631598890344947,1.8274347021965225,4.061336739578193,1,11056,Graduate,Partner
354,1.3886139480850357,3.4737345343154957,1.4353475910598457,1.74732961305499,1.6786393196311766,1.756290624140898,1.943823559458404,1.6592670233156877,2.16657905409441,2.236573295278567,2.404924813559527,1.6803965688486042,2.909887691646301,1.735015126593375,1.4114955037514858,1.8274347021965225,1.2849636980634502,2,9365,Graduate,Alone
355,3.2662746354571723,1.573452514204142,3.899254605793276,2.5012301042825005,4.037498831235922,4.404766984893284,4.9144831652631975,5.982676520485162,1.646662529059944,2.236573295278567,1.0699201826570324,1.6803965688486042,3.4977364652679546,2.9032108281458915,4.531989496594461,1.8274347021965225,2.6731502188208216,1,6201,Graduate,Partner
356,2.3643376989914326,2.817273472822482,3.7687950285992073,1.671939563932239,2.222648507562706,1.8658827494134105,1.8951242216583255,2.218994145717093,2.16657905409441,2.236573295278567,2.404924813559527,1.6803965688486042,3.4285777860183484,1.8184576767042693,2.969254067961775,1.8274347021965225,2.5343315667450845,0,2061,Postgraduate,Alone
357,1.5776810437771225,2.9209252193740105,1.45906751418604,1.7724596294292403,1.6206711274745382,1.6466984988683857,1.822075214958208,1.5434614117843624,1.646662529059944,2.236573295278567,2.404924813559527,2.7845387336497502,0.9240456160504644,1.0674747257062231,1.3766574527947064,1.8274347021965225,1.1461450459877132,2,6184,Undergraduate,Partner
358,2.1582178571408317,3.0245769659255397,1.900851082411408,1.7724596294292403,1.7901166122400969,1.756290624140898,1.7246765393580508,2.218994145717093,4.246245154232274,2.236573295278567,3.739929444462023,3.888680898450896,3.596534578481678,1.8184576767042693,1.7482633296670222,1.8274347021965225,1.979056958442136,0,6142,Graduate,Partner
359,1.292570279666372,2.437217068800212,1.450172543013717,1.6970695803064892,1.6162120357701817,1.7014945615046415,1.7003268704580117,1.6978688938261293,1.646662529059944,2.236573295278567,2.404924813559527,1.6803965688486042,2.0898633519723986,2.2356704272587398,1.3749984979872405,2.6382253555203232,1.1461450459877132,2,4107,Postgraduate,Alone
360,2.884562619947098,2.1953629935133123,4.326213222064773,1.9734997604232432,2.71760768674631,1.938944166261752,1.9681732283584437,3.434953066796008,3.206412104163342,2.236573295278567,2.404924813559527,1.6803965688486042,3.527375899232072,2.569440627702316,3.601315849606205,2.908488906628257,3.2284248271237703,0,7274,Graduate,Alone
361,1.7121514726129297,0.7096879596080725,1.54208724512772,1.7724596294292403,1.6875575030398902,1.7014945615046415,1.74902620825809,1.5434614117843624,2.6864955791288763,2.236573295278567,3.739929444462023,2.7845387336497502,2.4257769368990574,2.0687853270369514,1.447992509515731,3.449016008844124,1.4237823501391875,2,9336,Postgraduate,Alone
362,2.0615701404931195,3.6119368630508655,1.598422062552431,1.671939563932239,1.7098529615616742,1.6466984988683857,1.675977201557972,2.180392275206651,3.206412104163342,2.236573295278567,3.739929444462023,2.7845387336497502,3.9472678803903953,1.8184576767042693,1.525963385466619,1.8274347021965225,1.5626010022149246,2,2958,Postgraduate,Alone
363,0.9690327551384784,1.435250185468771,1.43831258145062,1.898109711300492,1.6563438611093928,1.884148103625496,1.7246765393580508,2.2382950809723137,1.646662529059944,2.236573295278567,1.0699201826570324,0.5762544040474584,2.900007880324929,2.2356704272587398,1.461264147975457,4.259806662167925,1.1461450459877132,2,933,Graduate,Alone
364,1.3265363762382365,1.0897443636303432,1.45906751418604,1.7724596294292403,1.651884769405036,1.7197599157167271,1.7733758771581294,1.5048595412739207,1.646662529059944,2.236573295278567,2.404924813559527,1.6803965688486042,3.28532052185845,0.6502619751517529,1.388270136446966,1.8274347021965225,1.1461450459877132,2,5837,Graduate,Alone
365,3.006115709730952,1.124294945814186,4.521902587855875,2.275059956914247,2.02198938086665,2.231189833655119,2.260369255158915,4.515805441088377,2.16657905409441,2.236573295278567,2.404924813559527,2.7845387336497502,1.9219065595090687,2.986653378256785,3.611269578451,1.8274347021965225,3.0896061750480333,0,10704,Postgraduate,Partner
366,1.3517670061130955,3.819240356153923,1.43831258145062,1.898109711300492,1.6474256777006793,1.6832292072925563,1.9681732283584437,1.7171698290813504,1.646662529059944,2.236573295278567,2.404924813559527,1.6803965688486042,2.465296182184547,2.3191129773696333,1.4114955037514858,1.8274347021965225,1.1461450459877132,2,5125,Graduate,Alone
367,1.479964626416479,1.9535089182264127,1.462032504576814,1.671939563932239,1.6117529440658247,1.6466984988683857,1.675977201557972,1.5048595412739207,1.646662529059944,2.236573295278567,3.739929444462023,3.888680898450896,3.240861370912274,2.3191129773696333,1.355091040297652,1.8274347021965225,1.007326393911976,2,4432,Postgraduate,Partner
368,0.8482695745772264,3.197329876844753,1.43831258145062,1.8227196621777408,1.6117529440658247,1.6466984988683857,1.7246765393580508,1.601364217550025,1.646662529059944,2.236573295278567,2.404924813559527,2.7845387336497502,1.7094906160995642,0.984032175595329,1.3633858143349806,1.8274347021965225,1.007326393911976,2,5955,Graduate,Partner
369,1.1937386963444088,1.124294945814186,1.5569121970815911,1.9734997604232432,2.017530289162293,3.071396127411048,2.6499639575595437,2.547110045055848,2.6864955791288763,2.236573295278567,1.0699201826570324,0.5762544040474584,3.3742388237508005,3.570751229033044,1.8643901661896207,1.8274347021965225,2.1178756105178733,2,2928,Graduate,Alone
370,1.577866904770676,3.888341520521609,1.64586190880482,1.74732961305499,1.9907757389361525,1.8658827494134105,1.7003268704580117,2.103188534185768,4.76616167926674,2.236573295278567,5.074934075364517,4.992823063252041,3.9275082577476494,1.9853427769260568,1.6769282729459971,1.8274347021965225,1.840238306366399,0,5680,Undergraduate,Partner
371,1.5990085927873627,1.7807560073071989,1.4649974949675884,1.671939563932239,1.5939165772483976,1.6466984988683857,1.675977201557972,1.601364217550025,1.646662529059944,2.236573295278567,2.404924813559527,1.6803965688486042,1.0376634462462462,1.317802376038905,1.3584089499125835,1.8274347021965225,1.007326393911976,2,10313,Postgraduate,Alone
372,0.3956515900265711,1.746205425123356,1.4412775718413942,1.8478496785519916,1.6206711274745382,1.756290624140898,1.7733758771581294,1.736470764336571,2.6864955791288763,2.236573295278567,2.404924813559527,1.6803965688486042,2.613493352005132,2.1522278771478454,1.3949059556768288,1.8274347021965225,1.2849636980634502,2,2557,Graduate,Alone
373,1.9545606734548115,1.0206431992626577,2.3604245929814223,1.9483697440489929,1.825789345874951,1.7197599157167271,1.74902620825809,3.550758678327333,2.6864955791288763,2.236573295278567,2.404924813559527,2.7845387336497502,1.8527478802594628,2.4025555274805277,2.1430945738438583,4.53007021327586,2.5343315667450845,0,1245,Postgraduate,Partner
374,2.8646290283885074,3.335532205580124,3.122427123410413,2.928440382644756,2.222648507562706,2.249455187867204,2.8934606465599364,4.554407311598818,3.206412104163342,2.236573295278567,2.404924813559527,2.7845387336497502,3.71015240867746,3.0700959283676794,2.994138390073761,1.8274347021965225,3.644880783350982,0,1519,Graduate,Partner
375,1.7235354584680689,2.575419397535583,1.636966937632497,1.671939563932239,1.6385074942919655,1.6832292072925563,1.8707745527582864,1.92948011688878,1.646662529059944,2.236573295278567,2.404924813559527,2.7845387336497502,3.887989012462161,3.987963979587514,1.5160096566218249,1.8274347021965225,1.4237823501391875,2,10703,Graduate,Partner
376,3.807083661448865,2.6099699797194256,3.997099288688827,2.1996699077914963,2.262780332901917,2.158128416806777,2.187320248458797,3.1454390379676944,2.6864955791288763,2.236573295278567,3.739929444462023,2.7845387336497502,2.648072691629934,2.4025555274805277,3.2728427977279977,1.8274347021965225,2.811968870896559,0,1726,Postgraduate,Alone
377,4.1154270497537775,0.8824408705272864,3.1906219023982216,5.039361758081785,5.094303565168483,2.249455187867204,4.938832834163236,2.5857119155662893,1.126746004025478,2.236573295278567,1.0699201826570324,1.6803965688486042,1.462495333065256,1.4846874762606932,4.210152263946116,3.1787524577361905,3.2284248271237703,1,4459,Graduate,Partner
378,2.8236466793100066,0.640586795240387,1.8445162649866969,1.7724596294292403,1.8614620795098051,1.6466984988683857,1.9925228972584828,1.5627623470395833,2.16657905409441,2.236573295278567,2.404924813559527,2.7845387336497502,1.5859929745824102,1.4846874762606932,1.69517677582812,1.8274347021965225,1.979056958442136,2,1729,Postgraduate,Partner
379,3.3716578188018893,2.9209252193740105,2.5412890068186536,5.491702052818292,3.083253206503568,3.345376440592329,3.8917970714615473,3.0489343616915905,1.646662529059944,2.236573295278567,1.0699201826570324,0.5762544040474584,0.8647667481222305,0.3164917747081768,3.196530876584576,1.8274347021965225,2.6731502188208216,1,1517,Graduate,Alone
380,2.289900371073339,3.6119368630508655,1.731846630137274,1.898109711300492,1.8703802629185189,1.6832292072925563,1.8951242216583255,1.9487810521440008,1.646662529059944,2.236573295278567,1.0699201826570324,1.6803965688486042,2.746870804843658,4.238291629920196,1.673610363331066,1.8274347021965225,1.840238306366399,2,2098,Postgraduate,Partner
381,3.2082860054685454,3.4046333699478097,3.0720222867672504,2.551490137031001,2.093334848136359,1.6466984988683857,1.846424883858247,2.991031555925928,2.6864955791288763,2.236573295278567,2.404924813559527,2.7845387336497502,1.2006803330488895,2.4025555274805277,2.6324862420462387,1.8274347021965225,3.367243479199508,0,9543,Postgraduate,Partner
382,3.1109413100950083,2.575419397535583,4.154243779399864,1.671939563932239,3.841298796244223,3.4549685658648417,2.4064672685591506,2.354100692503639,1.646662529059944,2.236573295278567,1.0699201826570324,1.6803965688486042,1.9021469368663244,0.4833768749299649,3.977898590900919,1.8274347021965225,3.783699435426719,1,6878,Postgraduate,Partner
383,1.9559081656580728,1.262497274549557,1.7140566877926282,1.6970695803064892,1.7767393371270264,1.8658827494134105,1.74902620825809,2.103188534185768,3.206412104163342,2.236573295278567,3.739929444462023,3.888680898450896,3.808950521891183,2.1522278771478454,1.635454402759355,1.8274347021965225,1.7014196542906617,0,3310,Graduate,Partner
384,0.6326243568070189,2.402666486616369,1.4442425622321684,1.7221995966807395,1.6608029528137496,1.7014945615046415,1.7246765393580508,1.8522763758678964,2.16657905409441,2.236573295278567,2.404924813559527,2.7845387336497502,3.883049106801475,1.0674747257062231,1.404859684521623,3.449016008844124,1.1461450459877132,2,2724,Graduate,Partner
385,1.0088534730072711,3.093678130293225,1.4353475910598457,1.671939563932239,1.6162120357701817,1.7928213325650688,1.822075214958208,1.5820632822948042,1.646662529059944,2.236573295278567,2.404924813559527,1.6803965688486042,3.314959955822567,0.817147075373541,1.371680588372309,1.8274347021965225,1.1461450459877132,2,948,Graduate,Alone
386,0.5940582006447108,3.093678130293225,1.4472075526229429,1.7724596294292403,1.6295893108832518,1.756290624140898,2.5525652819593865,2.1610913399514304,3.206412104163342,2.236573295278567,2.404924813559527,2.7845387336497502,3.537255710553444,1.4012449261497992,1.4861484700874423,3.449016008844124,1.5626010022149246,2,6720,Undergraduate,Partner
387,1.3783915934396047,3.4046333699478097,1.4976123892661055,1.6970695803064892,1.700934778152961,1.6466984988683857,1.8707745527582864,1.620665152805246,3.206412104163342,2.236573295278567,3.739929444462023,2.7845387336497502,2.875308352021498,3.403866128811256,1.43306191624854,1.8274347021965225,1.4237823501391875,2,6202,Undergraduate,Alone
388,3.4173331579676107,0.7096879596080725,3.23806174865061,4.310591283228526,2.14684394858864,4.149052025924087,2.698663295359622,1.890878246378338,1.646662529059944,2.236573295278567,1.0699201826570324,1.6803965688486042,3.749671653962949,2.6528831778132096,3.05220180833506,1.8274347021965225,3.644880783350982,1,2066,Graduate,Partner
389,1.888487090246616,3.508285116499338,1.628071966460174,1.7975896458034906,1.8614620795098051,1.7014945615046415,1.8707745527582864,1.8522763758678964,3.726328629197808,2.236573295278567,3.739929444462023,2.7845387336497502,2.1590220312220048,1.9019002268151632,1.597298442187644,1.8274347021965225,1.7014196542906617,2,9799,Graduate,Alone
390,1.337130452870774,1.6425536785718275,1.6221419856786254,2.5766201534052517,1.919430271666444,2.3407819589276317,2.162970579558758,3.608661484092996,1.646662529059944,2.236573295278567,1.0699201826570324,1.6803965688486042,2.9345872199497323,3.0700959283676794,1.8959103075314692,1.8274347021965225,1.979056958442136,2,8318,Graduate,Partner
391,2.499412176056288,1.0206431992626577,2.662853612840399,1.671939563932239,1.7053938698573174,1.6466984988683857,1.675977201557972,1.5627623470395833,5.805994729335672,2.236573295278567,5.074934075364517,3.888680898450896,1.823108446295346,3.4873086789221497,2.0667826527004363,4.53007021327586,2.6731502188208216,0,5642,Postgraduate,Alone
392,2.15022583441804,2.54086881535174,1.4976123892661055,1.671939563932239,1.6385074942919655,1.7014945615046415,1.7246765393580508,1.5241604765291417,1.646662529059944,2.236573295278567,3.739929444462023,3.888680898450896,0.6869301443375289,2.6528831778132096,1.3949059556768288,1.8274347021965225,1.1461450459877132,2,2669,Graduate,Partner
393,1.1840739246796377,1.2970478567333998,1.4857524277030083,1.74732961305499,1.7053938698573174,1.82935204098924,1.8951242216583255,1.5434614117843624,2.6864955791288763,2.236573295278567,2.404924813559527,1.6803965688486042,3.887989012462161,2.0687853270369514,1.4430156450933342,3.449016008844124,1.4237823501391875,2,455,Postgraduate,Alone
394,2.977400186226968,0.6751373774242297,1.888991120848311,1.8478496785519916,1.9461848218925843,1.884148103625496,1.846424883858247,1.6785679585709086,2.6864955791288763,2.236573295278567,3.739929444462023,2.7845387336497502,0.7363292009443905,2.1522278771478454,1.7781245162014048,1.8274347021965225,2.1178756105178733,2,7683,Postgraduate,Alone
395,1.3298818741221954,1.2970478567333998,1.470927475749137,1.671939563932239,1.696475686448604,1.7014945615046415,1.74902620825809,1.5241604765291417,1.646662529059944,2.236573295278567,2.404924813559527,2.7845387336497502,2.504815427470036,1.9019002268151632,1.4032007297141575,1.8274347021965225,1.2849636980634502,2,3428,Postgraduate,Partner
396,2.2631828532500533,1.6080030963879848,2.526464054864782,1.898109711300492,1.999693922344866,1.756290624140898,1.8951242216583255,1.5627623470395833,2.6864955791288763,2.236573295278567,3.739929444462023,3.888680898450896,3.6508735407492257,2.819768278034997,2.139776664228927,1.8274347021965225,2.811968870896559,0,7414,Graduate,Partner
397,1.0169384262268393,3.2664310412124387,1.4412775718413942,2.2247999241657466,1.6385074942919655,1.7014945615046415,1.846424883858247,2.103188534185768,2.16657905409441,2.236573295278567,2.404924813559527,1.6803965688486042,3.4977364652679546,1.234359825928011,1.4579462383605253,3.449016008844124,1.4237823501391875,2,6354,Undergraduate,Alone
398,2.4221404679865066,2.368115904432526,2.636168699323431,3.0038304317675077,2.5749167522068928,2.70608904316934,5.328427536563865,1.9873829226544424,3.206412104163342,2.236573295278567,2.404924813559527,2.7845387336497502,3.537255710553444,1.735015126593375,2.844832457401848,1.8274347021965225,2.3955129146693475,0,798,Graduate,Partner
399,3.007927854418096,0.6751373774242297,4.987406079207438,1.671939563932239,2.4991121932328277,2.3407819589276317,2.3821175996591117,1.755771699591792,2.6864955791288763,2.236573295278567,2.404924813559527,2.7845387336497502,2.8407290123966957,3.4873086789221497,3.790436697657295,2.097698253304456,5.033067304108354,0,8213,Postgraduate,Partner
400,2.099903970413486,3.750139191786237,1.6814417934941113,2.7776602843992544,1.830248437579308,3.509764628501098,3.575251375761036,1.601364217550025,2.6864955791288763,2.236573295278567,2.404924813559527,1.6803965688486042,3.9275082577476494,0.817147075373541,1.9390431325255773,1.8274347021965225,2.3955129146693475,2,2488,Graduate,Alone
401,3.407854247296393,3.508285116499338,3.1580070080997045,2.5263601206567508,2.967316822190291,1.6466984988683857,2.211669917358837,3.898175512921308,2.16657905409441,2.236573295278567,2.404924813559527,2.7845387336497502,3.166762786001982,2.9032108281458915,3.106947316981428,1.8274347021965225,2.950787522972296,0,9999,Graduate,Partner
402,3.444701189268333,3.1627792946609103,2.861507969022276,1.671939563932239,4.224780682818907,4.49609375595371,1.675977201557972,1.7171698290813504,1.646662529059944,2.236573295278567,1.0699201826570324,1.6803965688486042,1.0327235405855602,4.488619280252878,3.3873106794431305,1.8274347021965225,3.0896061750480333,1,7617,Postgraduate,Partner
403,0.8391159206447267,1.4698007676526137,1.4353475910598457,1.7975896458034906,1.6295893108832518,2.158128416806777,1.822075214958208,2.025984793164884,2.6864955791288763,2.236573295278567,2.404924813559527,2.7845387336497502,1.6798511821354472,1.8184576767042693,1.4562872835530598,2.6382253555203232,1.4237823501391875,2,615,Undergraduate,Partner
404,3.6430613346380847,1.0206431992626577,4.293598327766255,2.325319989662748,2.8469213461726577,2.596496917896827,2.3090685929589934,1.9873829226544424,1.646662529059944,2.236573295278567,1.0699201826570324,1.6803965688486042,1.2550192953164374,0.2330492245972828,3.6129285332584655,5.070597315491726,3.367243479199508,1,2552,Graduate,Partner
405,4.150972964770844,1.7807560073071989,3.8666397114947584,4.536761430596778,2.0710393896145747,4.916196902831675,5.011881840863355,3.685865225113879,1.646662529059944,2.236573295278567,1.0699201826570324,0.5762544040474584,3.018565616181397,1.317802376038905,3.7721881947751728,5.070597315491726,4.061336739578193,1,194,Graduate,Alone
406,2.219877241752136,0.7787891239757581,3.2202718063059645,1.671939563932239,2.035366655979721,1.9937402288980084,1.675977201557972,2.025984793164884,5.805994729335672,2.236573295278567,3.739929444462023,3.888680898450896,2.9642266539138493,2.1522278771478454,2.5727638689774737,1.8274347021965225,3.367243479199508,0,3645,Postgraduate,Partner
407,1.657461875259873,1.124294945814186,1.4857524277030083,1.74732961305499,1.67418022792682,1.7014945615046415,1.7003268704580117,1.5434614117843624,2.16657905409441,2.236573295278567,2.404924813559527,2.7845387336497502,0.8548869368008583,1.9853427769260568,1.406518639329089,1.8274347021965225,1.2849636980634502,2,8890,Postgraduate,Partner
408,1.318033235783173,1.6771042607556703,1.4442425622321684,1.74732961305499,1.6385074942919655,1.8658827494134105,1.7977255460581685,1.6592670233156877,1.646662529059944,2.236573295278567,2.404924813559527,2.7845387336497502,0.7758484462298796,1.1509172758171171,1.4015417749066916,1.8274347021965225,1.2849636980634502,2,5049,Graduate,Partner
409,0.7788504934850717,3.231880459028596,1.4353475910598457,1.7221995966807395,1.5983756689527544,1.6832292072925563,1.7003268704580117,1.5048595412739207,1.646662529059944,2.236573295278567,2.404924813559527,2.7845387336497502,0.7066897669802734,1.234359825928011,1.3434783566453925,1.8274347021965225,1.007326393911976,2,9973,Postgraduate,Partner
410,3.756901193189476,1.5389019320202992,4.619747270751427,3.3807806773812628,2.048743931092791,2.1763937710188626,3.8917970714615473,2.798022203373719,1.646662529059944,2.236573295278567,1.0699201826570324,1.6803965688486042,2.5146952387914085,1.9019002268151632,3.70748895728401,5.881387968815528,2.6731502188208216,1,7301,Postgraduate,Partner
411,4.242137782108735,3.300981623396281,5.239430262423252,2.7274002516507534,4.782167145863507,2.651292980533084,1.675977201557972,1.890878246378338,1.126746004025478,2.236573295278567,1.0699201826570324,1.6803965688486042,2.7715703331470887,4.655504380474666,4.842214045590547,3.1787524577361905,3.644880783350982,1,10882,Postgraduate,Partner
412,2.1818222033220995,0.9169914527111293,1.45906751418604,1.671939563932239,1.6206711274745382,1.6832292072925563,1.675977201557972,1.5048595412739207,1.646662529059944,2.236573295278567,5.074934075364517,4.992823063252041,1.610692502885841,3.6541937791439376,1.3600679047200492,1.8274347021965225,1.007326393911976,2,7030,Graduate,Partner
413,4.2367013480473,2.091711246961784,3.063127315594928,5.114751807204536,5.121058115394623,4.916196902831675,4.183993098262018,2.1224894694409886,1.646662529059944,2.236573295278567,1.0699201826570324,1.6803965688486042,0.914165804729092,0.900589625484435,4.30471268797166,4.53007021327586,4.20015539165393,1,7422,Graduate,Partner
414,3.4246282019645777,1.6080030963879848,3.801409922897724,1.671939563932239,2.913807721738009,1.6466984988683857,2.503865944159308,2.5857119155662893,2.16657905409441,2.236573295278567,2.404924813559527,2.7845387336497502,1.0080240122821291,0.6502619751517529,3.297727119839984,3.1787524577361905,2.950787522972296,0,3523,Graduate,Partner
415,0.4030395645203144,2.437217068800212,1.4353475910598457,1.7221995966807395,1.6385074942919655,1.82935204098924,1.822075214958208,1.7171698290813504,2.16657905409441,2.236573295278567,2.404924813559527,2.7845387336497502,0.8647667481222305,0.6502619751517529,1.3982238652917602,1.8274347021965225,1.2849636980634502,2,7106,Undergraduate,Partner
416,2.768585359969844,0.6751373774242297,2.5501839779909763,1.671939563932239,2.432225817667476,3.418437857440671,5.86412025236473,4.8053194699166895,2.16657905409441,2.236573295278567,2.404924813559527,2.7845387336497502,2.712291465218855,2.4025555274805277,2.9991152544961577,1.8274347021965225,3.644880783350982,1,6504,Graduate,Partner
417,3.862888424763241,0.6751373774242297,5.129725617964604,2.0740198259202445,3.1456804903645628,2.4321087299880584,2.0655719039586007,1.7943735701022336,1.646662529059944,2.236573295278567,1.0699201826570324,0.5762544040474584,2.643132785969249,2.986653378256785,4.127204523572831,6.692178622139329,2.6731502188208216,1,5067,Postgraduate,Alone
418,1.8891376037240524,2.091711246961784,2.1261903521102536,1.671939563932239,2.637344036067888,1.9937402288980084,1.7733758771581294,5.172037239765886,3.726328629197808,2.236573295278567,2.404924813559527,2.7845387336497502,3.5915946728209915,0.6502619751517529,2.461613896877272,1.8274347021965225,2.811968870896559,0,4216,Graduate,Partner
419,3.047144524057841,3.2664310412124387,2.956387661527053,2.853050333522005,2.396553084032621,4.368236276469112,3.989195747061705,3.3191474552646825,8.925493879542469,2.236573295278567,3.739929444462023,3.888680898450896,3.166762786001982,2.485998077591421,3.121877910248619,1.8274347021965225,3.922518087502456,0,8581,Undergraduate,Partner
420,3.415474548032078,1.573452514204142,2.7280834014374333,3.3305206446327618,3.37309416728676,1.8658827494134105,2.601264619759465,3.685865225113879,1.646662529059944,2.236573295278567,2.404924813559527,2.7845387336497502,1.6551516538320163,2.736325727924104,3.0986525429440994,1.8274347021965225,3.922518087502456,1,5929,Graduate,Partner
421,1.314269550663719,1.6080030963879848,1.5035423700476542,1.671939563932239,1.6875575030398902,1.6832292072925563,1.74902620825809,1.5820632822948042,2.16657905409441,2.236573295278567,2.404924813559527,1.6803965688486042,1.3142981632446713,2.2356704272587398,1.42144923259628,1.8274347021965225,1.2849636980634502,2,3129,Graduate,Alone
422,2.2866942689345446,2.3335653222486834,1.5213323123922995,1.671939563932239,1.6206711274745382,1.6832292072925563,1.675977201557972,1.601364217550025,1.646662529059944,2.236573295278567,2.404924813559527,2.7845387336497502,2.430716842559744,3.403866128811256,1.4032007297141575,1.8274347021965225,1.1461450459877132,2,6528,Postgraduate,Partner
423,3.045425309867473,1.0551937814465004,2.487919179784716,2.551490137031001,2.797871337424733,2.158128416806777,2.357767930759072,1.755771699591792,2.6864955791288763,2.236573295278567,2.404924813559527,1.6803965688486042,1.5267141066541765,2.569440627702316,2.542902682443091,1.8274347021965225,3.367243479199508,0,1361,Graduate,Alone
424,2.313922904490102,1.124294945814186,2.6154137665880106,1.7724596294292403,1.7455256951965286,1.756290624140898,1.675977201557972,1.910179181633559,2.16657905409441,2.236573295278567,2.404924813559527,1.6803965688486042,2.0454042010262232,3.987963979587514,2.101620703657216,1.8274347021965225,2.6731502188208216,2,6932,Postgraduate,Alone
425,1.4070141864468118,3.7155886096023942,1.7229516589649512,1.671939563932239,1.6563438611093928,1.6832292072925563,1.7003268704580117,1.5820632822948042,2.6864955791288763,2.236573295278567,2.404924813559527,2.7845387336497502,2.124442691597202,2.1522278771478454,1.5292812950815504,1.8274347021965225,1.5626010022149246,2,7284,Postgraduate,Partner
426,0.2681044832006241,3.957442684889294,1.4323826006690714,1.9483697440489929,1.6117529440658247,1.7197599157167271,1.822075214958208,1.6592670233156877,2.16657905409441,2.236573295278567,2.404924813559527,2.7845387336497502,3.092664201091689,0.900589625484435,1.3866111816395006,1.8274347021965225,1.2849636980634502,2,1340,Undergraduate,Partner
427,1.252749561797579,2.575419397535583,1.4442425622321684,1.7724596294292403,1.6474256777006793,1.7928213325650688,1.675977201557972,1.5627623470395833,1.646662529059944,2.236573295278567,2.404924813559527,2.7845387336497502,2.366498068970824,0.6502619751517529,1.3832932720245692,1.8274347021965225,1.1461450459877132,2,8746,Graduate,Partner
428,2.5320307804248907,3.128228712477068,1.6577218703679168,2.3755800224112487,1.7276893283791015,1.938944166261752,1.675977201557972,1.5627623470395833,2.16657905409441,2.236573295278567,2.404924813559527,2.7845387336497502,1.5316540123148623,4.071406529698407,1.585685758535384,1.8274347021965225,1.7014196542906617,2,5987,Postgraduate,Partner
429,0.7606361161168491,1.124294945814186,1.43831258145062,1.6970695803064892,1.5983756689527544,1.7197599157167271,1.74902620825809,1.5048595412739207,1.646662529059944,2.236573295278567,1.0699201826570324,1.6803965688486042,2.20348118216818,4.238291629920196,1.350114175875255,1.8274347021965225,1.007326393911976,2,3767,Graduate,Partner
430,1.3265363762382365,1.0897443636303432,1.45906751418604,1.7724596294292403,1.651884769405036,1.7197599157167271,1.7733758771581294,1.5048595412739207,1.646662529059944,2.236573295278567,2.404924813559527,1.6803965688486042,3.28532052185845,0.6502619751517529,1.388270136446966,1.8274347021965225,1.1461450459877132,2,3725,Graduate,Alone
431,0.854960570345145,4.061094431440822,1.429417610278297,1.8227196621777408,1.6028347606571112,1.7745559783529834,1.822075214958208,1.7171698290813504,1.646662529059944,2.236573295278567,1.0699201826570324,1.6803965688486042,1.1018822198351663,1.9019002268151632,1.3832932720245692,1.8274347021965225,1.1461450459877132,2,4324,Undergraduate,Partner
432,1.0020230814941875,3.128228712477068,1.429417610278297,1.671939563932239,1.5939165772483976,1.6832292072925563,1.9681732283584437,1.5820632822948042,1.646662529059944,2.236573295278567,1.0699201826570324,0.5762544040474584,2.3220389180246483,3.1535384784785734,1.3600679047200492,1.8274347021965225,1.007326393911976,2,238,Graduate,Alone
433,1.899871076101755,3.819240356153923,1.6547568799771426,2.023759793171744,1.919430271666444,1.884148103625496,1.7977255460581685,1.6785679585709086,2.16657905409441,2.236573295278567,2.404924813559527,1.6803965688486042,1.8873272198842657,2.0687853270369514,1.6454081316041491,1.8274347021965225,1.840238306366399,2,6694,Postgraduate,Alone
434,3.6947306908459,3.646487445234709,2.609483785806462,6.446642675039804,3.983989730783641,2.760885105805596,5.474525549964101,2.199693210461872,1.646662529059944,2.236573295278567,1.0699201826570324,0.5762544040474584,1.487194861368687,2.736325727924104,3.614587488065931,2.908488906628257,2.811968870896559,1,498,Graduate,Alone
435,1.0360356433144402,0.8824408705272864,1.470927475749137,1.8478496785519916,1.6385074942919655,1.847617395201325,1.675977201557972,1.5820632822948042,2.16657905409441,2.236573295278567,2.404924813559527,2.7845387336497502,2.4899957104879777,1.735015126593375,1.406518639329089,1.8274347021965225,1.2849636980634502,2,9347,Graduate,Partner
436,2.508054712256516,3.78468977397008,2.046135611559348,1.8478496785519916,1.955103005301298,2.194659125230948,3.283055348960565,2.1610913399514304,2.16657905409441,2.236573295278567,2.404924813559527,2.7845387336497502,1.52177420099349,3.6541937791439376,2.0369214661660537,1.8274347021965225,2.5343315667450845,2,9699,Postgraduate,Partner
437,2.61269445162702,3.093678130293225,2.704363478311239,2.0740198259202445,3.025285014346929,2.4321087299880584,2.260369255158915,2.1224894694409886,3.726328629197808,2.236573295278567,2.404924813559527,1.6803965688486042,2.677712125594052,3.4873086789221497,2.7668615814509603,1.8274347021965225,3.644880783350982,0,10664,Graduate,Alone
438,2.5586553677514,1.4698007676526137,3.374451306626227,2.626880186153752,2.307371249945485,2.7791504600176813,2.8204116398598185,2.199693210461872,2.6864955791288763,2.236573295278567,2.404924813559527,2.7845387336497502,3.048205050145514,2.3191129773696333,2.9875025708438976,1.8274347021965225,3.922518087502456,0,5455,Graduate,Partner
439,1.603051069397147,1.2279466923657143,1.470927475749137,1.7221995966807395,1.7232302366747447,1.7928213325650688,1.7246765393580508,1.5434614117843624,1.646662529059944,2.236573295278567,2.404924813559527,1.6803965688486042,1.8478079745987768,2.1522278771478454,1.4247671422112114,1.8274347021965225,1.4237823501391875,2,456,Postgraduate,Alone
440,3.210702198384738,3.646487445234709,1.847481255377471,3.4310407101297637,2.062121206205861,2.9618040021385355,2.1386209106587186,1.92948011688878,2.16657905409441,2.236573295278567,3.739929444462023,3.888680898450896,1.6255122198678995,1.4012449261497992,2.0418983305884506,1.8274347021965225,2.5343315667450845,0,5012,Undergraduate,Partner
441,2.9859033266820307,1.3661490211010854,2.932667738400859,2.1494098750429957,3.2125668659299147,2.103332354170521,2.8204116398598185,1.6592670233156877,2.6864955791288763,2.236573295278567,2.404924813559527,2.7845387336497502,3.848469767176672,1.735015126593375,2.937733926619927,1.8274347021965225,3.922518087502456,0,7495,Graduate,Partner
442,1.731202224452142,3.750139191786237,1.9156760343652797,2.275059956914247,2.048743931092791,1.8658827494134105,1.74902620825809,2.296197886737976,4.76616167926674,2.236573295278567,5.074934075364517,4.992823063252041,3.937388069069023,2.0687853270369514,1.9042050815687976,1.8274347021965225,2.2566942625936104,0,5029,Graduate,Partner
443,4.081600348927078,2.1608124113294696,3.226201787087513,2.275059956914247,5.93261280558756,5.244973278649213,6.399812968165595,2.7208184623528355,1.646662529059944,2.236573295278567,1.0699201826570324,0.5762544040474584,3.808950521891183,2.569440627702316,4.742676757142605,4.800333764383792,3.783699435426719,1,10642,Undergraduate,Alone
444,1.880773859014154,3.093678130293225,1.7733564956081138,1.9483697440489929,1.9105120882577304,1.7014945615046415,2.08992157285864,2.37340162775886,3.206412104163342,2.236573295278567,2.404924813559527,2.7845387336497502,2.830849201075323,1.0674747257062231,1.7665118325491451,4.259806662167925,1.979056958442136,2,2106,Postgraduate,Partner
445,2.256817114220853,2.437217068800212,1.85341123615902,2.048889809545994,1.8570029878054488,2.0850669999584355,2.236019586258876,1.5820632822948042,2.16657905409441,2.236573295278567,2.404924813559527,2.7845387336497502,0.7610287292478213,3.737636329254832,1.7748066065864734,1.8274347021965225,2.1178756105178733,2,10364,Graduate,Partner
446,3.0171744388473725,3.335532205580124,2.609483785806462,4.084421135860272,3.5826714773915285,5.665076425527177,4.013545415961744,2.103188534185768,1.646662529059944,2.236573295278567,1.0699201826570324,1.6803965688486042,3.7595514652843214,1.234359825928011,3.465281555394019,1.8274347021965225,3.0896061750480333,1,5954,Undergraduate,Partner
447,2.735269776875416,0.7096879596080725,2.977142594262473,1.671939563932239,2.7354440535637377,2.231189833655119,2.0655719039586007,2.7594203328632774,3.206412104163342,2.236573295278567,2.404924813559527,2.7845387336497502,1.4723751443866284,2.736325727924104,2.8083354516376025,3.719279559952058,2.2566942625936104,0,1137,Graduate,Partner
448,3.1798492734548915,2.713621726270954,1.9067810631929567,1.671939563932239,2.71760768674631,5.281503987073384,6.326763961465476,3.8402727071556457,1.646662529059944,2.236573295278567,1.0699201826570324,0.5762544040474584,1.9713056161159308,3.987963979587514,2.86308096028397,1.8274347021965225,3.506062131275245,1,2541,Graduate,Alone
449,2.267039468866284,1.5043513498364565,1.7614965340450168,1.671939563932239,1.6162120357701817,1.6832292072925563,1.7003268704580117,1.755771699591792,2.16657905409441,2.236573295278567,2.404924813559527,1.6803965688486042,1.338997691548102,3.236981028589468,1.5508477075786045,1.8274347021965225,1.5626010022149246,2,1142,Postgraduate,Alone
450,3.642596682154201,2.264464157880998,2.861507969022276,3.782860939369268,3.364175983878046,5.391096112345896,3.721349389161272,6.1370840025269295,1.646662529059944,2.236573295278567,1.0699201826570324,1.6803965688486042,0.6029517481058639,2.819768278034997,3.807026245731952,2.6382253555203232,3.0896061750480333,1,2276,Graduate,Partner
451,1.4614714575579266,2.229913575697155,1.450172543013717,1.7975896458034906,1.7633620620139558,1.9572095204738376,2.0412222350585614,2.199693210461872,2.16657905409441,2.236573295278567,2.404924813559527,2.7845387336497502,1.2056202387095758,1.8184576767042693,1.525963385466619,1.8274347021965225,1.5626010022149246,2,2807,Graduate,Partner
452,3.0133642884795298,3.508285116499338,3.7687950285992073,2.3001899732884974,3.462276001373896,1.938944166261752,2.601264619759465,1.4855586060186998,1.646662529059944,2.236573295278567,1.0699201826570324,0.5762544040474584,1.1710408990847725,2.3191129773696333,3.463622600586553,1.8274347021965225,3.2284248271237703,1,6471,Postgraduate,Alone
453,3.4166361792417863,1.2279466923657143,5.1030407044476345,2.0991498422944947,3.431062359443397,2.06680164574635,2.503865944159308,1.8136745053574548,1.646662529059944,2.236573295278567,1.0699201826570324,1.6803965688486042,2.722171276540227,3.4873086789221497,4.218447037983445,5.881387968815528,2.811968870896559,1,6131,Postgraduate,Partner
454,1.4009272389079417,1.0897443636303432,1.4412775718413942,1.6970695803064892,1.6117529440658247,1.6832292072925563,1.675977201557972,1.5434614117843624,1.646662529059944,2.236573295278567,2.404924813559527,1.6803965688486042,3.581714861499619,2.2356704272587398,1.3517731306827208,1.8274347021965225,1.007326393911976,2,6233,Graduate,Alone
455,2.4189808310961007,3.6119368630508655,2.4226893911876823,2.7274002516507534,2.155762131997354,2.158128416806777,1.7977255460581685,1.5820632822948042,2.6864955791288763,2.236573295278567,3.739929444462023,3.888680898450896,1.1562211821027142,3.821078879365726,2.226042314217143,1.8274347021965225,2.950787522972296,0,4148,Graduate,Partner
456,2.208911443132492,3.819240356153923,3.3240464699830645,1.8729796949262416,2.329666708467269,1.847617395201325,1.8707745527582864,2.6050128508215105,2.6864955791288763,2.236573295278567,2.404924813559527,2.7845387336497502,3.962087597372454,2.1522278771478454,2.8033585872152056,1.8274347021965225,3.644880783350982,0,4947,Postgraduate,Partner
457,2.7751834252409857,2.264464157880998,3.098707200284218,3.5818208083752654,3.3017487000170505,3.1809882526835604,6.351113630365516,3.2033418437333574,3.206412104163342,2.236573295278567,2.404924813559527,2.7845387336497502,2.8555487293787536,1.8184576767042693,3.6295180813331225,1.8274347021965225,4.6166113478811415,1,3225,Graduate,Partner
458,1.657694201501815,1.262497274549557,1.4353475910598457,1.671939563932239,1.625130219178895,1.6832292072925563,1.7246765393580508,1.5434614117843624,1.646662529059944,2.236573295278567,2.404924813559527,2.7845387336497502,1.88238731422358,1.4012449261497992,1.355091040297652,3.449016008844124,1.007326393911976,2,7540,Graduate,Partner
459,2.5652069677741536,3.4391839521316525,3.641300441795913,1.8729796949262416,2.14684394858864,1.847617395201325,1.8707745527582864,1.6399660880604667,4.76616167926674,2.236573295278567,2.404924813559527,2.7845387336497502,4.016426559640001,1.317802376038905,2.8299018641346567,4.53007021327586,3.783699435426719,0,10648,Postgraduate,Partner
460,1.704577637125633,3.78468977397008,1.4946473988753313,1.6970695803064892,1.6474256777006793,1.7197599157167271,1.675977201557972,1.5627623470395833,2.16657905409441,2.236573295278567,3.739929444462023,3.888680898450896,3.270500804876391,1.5681300263715872,1.3998828200992262,1.8274347021965225,1.1461450459877132,2,1992,Graduate,Partner
461,0.8729890867198145,2.6445205619032683,1.4412775718413942,1.6970695803064892,1.6162120357701817,1.7197599157167271,1.7003268704580117,1.6592670233156877,1.646662529059944,2.236573295278567,2.404924813559527,1.6803965688486042,0.7956080688726244,0.7337045252626471,1.3683626787573775,1.8274347021965225,1.1461450459877132,2,7851,Graduate,Alone
462,2.82383254030356,2.0226100825940985,2.846683017068405,1.671939563932239,2.4500621844849024,3.655887462197781,3.5022023690609183,3.743768030879542,3.206412104163342,2.236573295278567,2.404924813559527,2.7845387336497502,3.0383252388241417,3.403866128811256,2.941051836234858,1.8274347021965225,3.644880783350982,0,8594,Graduate,Partner
463,1.8546139241715285,2.9554758015578533,1.4887174180937826,1.74732961305499,1.607293852361468,1.6832292072925563,1.675977201557972,1.5241604765291417,2.16657905409441,2.236573295278567,3.739929444462023,2.7845387336497502,0.8400672198187997,2.0687853270369514,1.378316407602172,1.8274347021965225,1.1461450459877132,2,7059,Postgraduate,Alone
464,2.51432752078894,1.2970478567333998,2.766628276517499,1.671939563932239,1.7633620620139558,1.6466984988683857,1.7733758771581294,1.9487810521440008,1.646662529059944,2.236573295278567,2.404924813559527,2.7845387336497502,0.7709085405691936,1.6515725764824811,2.1862273988379664,1.8274347021965225,2.811968870896559,2,2815,Postgraduate,Partner
465,2.8009251728481166,3.8537909383377658,2.529429045255556,2.2247999241657466,1.7633620620139558,1.756290624140898,1.675977201557972,3.26124464949902,3.206412104163342,2.236573295278567,2.404924813559527,2.7845387336497502,3.6212341067851086,2.0687853270369514,2.2061348565275547,1.8274347021965225,2.6731502188208216,0,2416,Postgraduate,Partner
466,1.8304519950096,2.057160664777941,2.262579910085871,1.8478496785519916,1.964021188710012,1.9206788120496667,1.675977201557972,3.782369901389983,4.76616167926674,2.236573295278567,2.404924813559527,2.7845387336497502,3.581714861499619,1.6515725764824811,2.166319941148378,1.8274347021965225,2.5343315667450845,0,7999,Graduate,Partner
467,1.7299476627456574,2.713621726270954,1.4857524277030083,1.8478496785519916,1.67418022792682,1.6466984988683857,1.7003268704580117,1.9487810521440008,1.646662529059944,2.236573295278567,2.404924813559527,2.7845387336497502,1.4822549557080007,1.9853427769260568,1.4430156450933342,1.8274347021965225,1.2849636980634502,2,9213,Postgraduate,Partner
468,1.6741428994312813,2.5063182331678973,1.5065073604384285,1.74732961305499,1.6474256777006793,1.6832292072925563,1.9194738905583648,1.4855586060186998,1.646662529059944,2.236573295278567,2.404924813559527,1.6803965688486042,2.1787816538647493,2.0687853270369514,1.4164723681738831,1.8274347021965225,1.2849636980634502,2,9697,Postgraduate,Alone
469,1.4173294715890197,1.5389019320202992,1.838586284205148,2.048889809545994,1.7455256951965286,2.103332354170521,1.943823559458404,2.8752259443946024,2.16657905409441,2.236573295278567,2.404924813559527,1.6803965688486042,3.942327974729709,1.9019002268151632,1.8179394315805812,4.259806662167925,1.979056958442136,0,3916,Graduate,Alone
470,1.920269320144229,1.6771042607556703,2.0609605635132198,1.7221995966807395,1.78565752053574,1.6466984988683857,1.7246765393580508,1.5820632822948042,3.206412104163342,2.236573295278567,2.404924813559527,2.7845387336497502,1.7835892010098566,1.8184576767042693,1.7681707873566106,1.8274347021965225,2.1178756105178733,2,2021,Graduate,Partner
471,3.7832469890256553,3.8537909383377658,2.636168699323431,2.3755800224112487,2.035366655979721,3.838541004318635,3.477852700160879,1.8329754406126757,1.646662529059944,2.236573295278567,1.0699201826570324,1.6803965688486042,3.685452880374029,3.0700959283676794,2.566128049747611,1.8274347021965225,3.0896061750480333,1,1581,Postgraduate,Partner
472,3.5822383244977694,1.8498571716748844,2.861507969022276,3.5315607756267644,2.097793939840716,4.733543360710821,2.576914950859426,1.8329754406126757,1.646662529059944,2.236573295278567,1.0699201826570324,0.5762544040474584,3.813890427551869,2.736325727924104,2.811653361252534,3.449016008844124,4.477792695805405,1,564,Postgraduate,Alone
473,2.9446886513615884,0.7787891239757581,3.6175805186697194,1.671939563932239,2.6239667609548176,1.884148103625496,2.162970579558758,2.450605368779744,2.16657905409441,2.236573295278567,2.404924813559527,2.7845387336497502,1.7094906160995642,1.735015126593375,3.073768220832114,1.8274347021965225,2.6731502188208216,0,6619,Postgraduate,Partner
474,2.7118512916877013,3.819240356153923,2.917842786446988,1.9734997604232432,2.0754984813189314,1.938944166261752,1.822075214958208,3.222642778988578,2.16657905409441,2.236573295278567,2.404924813559527,2.7845387336497502,2.406017314256313,1.9019002268151632,2.5462205920580225,1.8274347021965225,3.2284248271237703,0,9081,Graduate,Partner
475,0.5722195339021989,1.4698007676526137,1.462032504576814,1.671939563932239,1.6117529440658247,1.6832292072925563,1.7003268704580117,1.5048595412739207,1.646662529059944,2.236573295278567,2.404924813559527,2.7845387336497502,1.3488775028694744,2.3191129773696333,1.3600679047200492,1.8274347021965225,1.1461450459877132,2,178,Graduate,Partner
476,1.2418766936747114,3.957442684889294,1.5005773796568798,1.6970695803064892,2.0710393896145747,2.1763937710188626,2.3821175996591117,1.755771699591792,1.646662529059944,2.236573295278567,1.0699201826570324,0.5762544040474584,3.596534578481678,3.737636329254832,1.6669745441012032,1.8274347021965225,1.840238306366399,2,916,Undergraduate,Alone
477,3.588139411043086,1.0206431992626577,4.89845636748421,2.1494098750429957,4.238157957931978,3.4549685658648417,3.5265520379609576,4.071883930218297,2.16657905409441,2.236573295278567,2.404924813559527,2.7845387336497502,3.764491370945007,3.236981028589468,4.797422265788972,1.8274347021965225,3.2284248271237703,1,5512,Postgraduate,Partner
478,2.071420773151444,4.061094431440822,1.9779408325715395,1.7221995966807395,1.981857555527439,1.9206788120496667,1.7977255460581685,1.755771699591792,2.16657905409441,2.236573295278567,2.404924813559527,1.6803965688486042,3.418697974696976,1.735015126593375,1.839505844077636,1.8274347021965225,2.2566942625936104,2,8970,Graduate,Alone
479,3.4512063240426984,3.128228712477068,4.344003164409418,2.174539891417246,3.3240441585388347,6.030383509768885,2.8934606465599364,2.257596016227535,1.646662529059944,2.236573295278567,1.0699201826570324,1.6803965688486042,3.018565616181397,3.4873086789221497,4.183608987026665,2.097698253304456,3.506062131275245,1,10581,Graduate,Partner
480,2.6289108233145444,3.300981623396281,3.478225970303327,1.671939563932239,1.89713481314466,1.82935204098924,1.675977201557972,3.994680189197413,3.206412104163342,2.236573295278567,2.404924813559527,1.6803965688486042,3.221101748269529,2.736325727924104,2.8199481352898625,1.8274347021965225,2.1178756105178733,0,5300,Postgraduate,Alone
481,2.503733444156402,3.577386280867024,2.9237727672285363,1.9986297767974932,2.173598498814781,1.7928213325650688,1.675977201557972,1.9873829226544424,1.646662529059944,2.236573295278567,1.0699201826570324,0.5762544040474584,1.645271842510644,4.405176730141983,2.4582959872623404,2.908488906628257,3.2284248271237703,1,5154,Postgraduate,Alone
482,2.6811377625030195,3.681038027418552,2.369319564153745,2.3001899732884974,2.771116787198592,2.103332354170521,2.1386209106587186,1.7171698290813504,2.6864955791288763,2.236573295278567,2.404924813559527,1.6803965688486042,2.7715703331470887,2.9032108281458915,2.4267758459204924,1.8274347021965225,3.2284248271237703,0,8346,Postgraduate,Alone
483,2.501363716488598,1.4006996032849282,1.5154023316107512,1.6970695803064892,1.6295893108832518,1.6832292072925563,1.675977201557972,1.5241604765291417,1.646662529059944,2.236573295278567,2.404924813559527,1.6803965688486042,1.0080240122821291,1.5681300263715872,1.3982238652917602,1.8274347021965225,1.2849636980634502,2,1676,Graduate,Alone
484,3.5737351840427065,3.508285116499338,5.5685441957991975,1.671939563932239,3.025285014346929,2.486904792624314,2.528215613059347,1.8136745053574548,1.646662529059944,2.236573295278567,2.404924813559527,2.7845387336497502,2.7320510878616,2.1522278771478454,4.339550738928441,1.8274347021965225,2.950787522972296,1,9286,Postgraduate,Partner
485,3.0751166035876114,2.817273472822482,2.9978975269978934,1.671939563932239,3.17689413229506,2.7974158142297667,2.357767930759072,1.4855586060186998,2.6864955791288763,2.236573295278567,2.404924813559527,2.7845387336497502,0.7758484462298796,3.987963979587514,2.9460287006572554,1.8274347021965225,3.922518087502456,0,2426,Postgraduate,Partner
486,2.952634208835992,0.951542034894972,2.579833881898719,2.023759793171744,2.5615394770938225,3.3088457321681584,2.016872566158522,1.890878246378338,1.646662529059944,2.236573295278567,1.0699201826570324,1.6803965688486042,2.8209693897539503,4.405176730141983,2.5644690949401454,1.8274347021965225,3.367243479199508,1,5172,Graduate,Partner
487,1.1836092721957543,3.819240356153923,1.4679624853583628,1.7221995966807395,1.6830984113355334,1.7197599157167271,1.675977201557972,1.9487810521440008,2.16657905409441,2.236573295278567,3.739929444462023,3.888680898450896,4.006546748318629,3.90452142947662,1.43306191624854,1.8274347021965225,1.1461450459877132,2,5562,Graduate,Partner
488,2.1652805748958563,0.7096879596080725,1.512437341219977,1.671939563932239,1.607293852361468,1.6466984988683857,1.675977201557972,1.4855586060186998,1.646662529059944,2.236573295278567,2.404924813559527,2.7845387336497502,1.704550710438878,2.986653378256785,1.3799753624096378,1.8274347021965225,1.1461450459877132,2,3436,Postgraduate,Partner
489,1.0477448859082976,0.8478902883434436,1.4768574565306856,2.5766201534052517,1.6830984113355334,2.012005583110094,3.185656673360408,3.5700596135825537,1.646662529059944,2.236573295278567,1.0699201826570324,1.6803965688486042,3.290260427519136,0.5668194250408589,1.7631939229342135,1.8274347021965225,1.7014196542906617,2,3921,Undergraduate,Partner
490,2.9098861803187344,2.9209252193740105,4.533762549418972,1.671939563932239,2.213730324153992,2.8704772310781084,2.601264619759465,4.438601700067492,2.16657905409441,2.236573295278567,2.404924813559527,2.7845387336497502,3.9176284464262783,0.984032175595329,3.7240785053586674,1.8274347021965225,3.2284248271237703,1,3403,Postgraduate,Partner
491,2.2866942689345446,2.3335653222486834,1.5213323123922995,1.671939563932239,1.6206711274745382,1.6832292072925563,1.675977201557972,1.601364217550025,1.646662529059944,2.236573295278567,2.404924813559527,2.7845387336497502,2.430716842559744,3.403866128811256,1.4032007297141575,1.8274347021965225,1.1461450459877132,2,22,Postgraduate,Partner
492,2.4126150920669005,1.6425536785718275,3.845884778759338,1.9232397276747424,2.655180402885315,2.158128416806777,1.9194738905583648,3.5700596135825537,2.16657905409441,2.236573295278567,1.0699201826570324,0.5762544040474584,3.547135521874816,3.6541937791439376,3.3342241256042287,1.8274347021965225,4.20015539165393,1,10965,Graduate,Alone
493,2.9707556557074377,3.300981623396281,2.0965404482025107,5.743002216560795,3.315125975130121,3.58282604534944,2.5525652819593865,2.045285728420105,1.646662529059944,2.236573295278567,2.404924813559527,2.7845387336497502,1.6205723142072133,1.735015126593375,2.894601101625818,1.8274347021965225,3.783699435426719,1,9426,Graduate,Partner
494,3.693383198642638,3.300981623396281,2.891157872930019,3.4310407101297637,3.0342031977556427,4.313440213832856,2.6499639575595437,3.106837167457253,1.646662529059944,2.236573295278567,1.0699201826570324,0.5762544040474584,2.2923994840605317,0.6502619751517529,3.2462995208085466,1.8274347021965225,3.506062131275245,1,6605,Graduate,Alone
495,1.5428785727342684,3.093678130293225,1.530227283564623,1.7724596294292403,1.8837575380315892,1.7014945615046415,1.9194738905583648,1.871577311123117,1.646662529059944,2.236573295278567,1.0699201826570324,1.6803965688486042,2.430716842559744,0.399934324819071,1.554165617193536,1.8274347021965225,1.5626010022149246,2,3136,Graduate,Partner
496,2.765611584072991,2.3335653222486834,2.5620439395540733,5.139881823578786,1.8792984463272324,2.7426197515935105,2.3090685929589934,2.624313786076731,4.246245154232274,2.236573295278567,2.404924813559527,1.6803965688486042,3.354479201108056,3.1535384784785734,2.537925818020694,1.8274347021965225,3.2284248271237703,0,8737,Graduate,Alone
497,1.7626591976110368,3.991993267073137,1.805971389906631,1.6970695803064892,1.8391666209880213,1.6466984988683857,1.7003268704580117,2.0838875989305468,2.6864955791288763,2.236573295278567,2.404924813559527,2.7845387336497502,2.56409429539827,1.317802376038905,1.6852230469833258,2.6382253555203232,1.840238306366399,2,11088,Postgraduate,Partner
498,2.7145927413426123,0.8478902883434436,2.3930394872799394,3.7577309229950178,2.92718499685108,3.2175189611077317,3.088257997760251,3.2419437142437992,1.646662529059944,2.236573295278567,2.404924813559527,1.6803965688486042,2.850608823718068,1.4846874762606932,2.891283192010888,1.8274347021965225,3.644880783350982,1,716,Graduate,Alone
499,2.192695071444968,3.8537909383377658,2.1350853232825764,2.0991498422944947,1.892675721440303,1.7928213325650688,1.9194738905583648,1.601364217550025,2.6864955791288763,2.236573295278567,3.739929444462023,3.888680898450896,1.8329882576167185,2.736325727924104,1.902546126761332,2.908488906628257,2.3955129146693475,0,466,Graduate,Partner
500,4.060598056655556,3.335532205580124,4.892526386702661,3.983901070363271,3.4087669009216137,2.9618040021385355,4.81708448966304,2.547110045055848,1.646662529059944,2.236573295278567,1.0699201826570324,1.6803965688486042,1.1018822198351663,3.1535384784785734,4.518717858134735,3.1787524577361905,3.0896061750480333,1,9135,Postgraduate,Partner
501,1.969847740174569,2.7827228906386394,2.271474881258193,1.671939563932239,1.8347075292836643,1.6466984988683857,1.822075214958208,2.489207239290185,3.206412104163342,2.236573295278567,2.404924813559527,2.7845387336497502,2.6332529746478763,4.238291629920196,1.985493867134617,1.8274347021965225,2.3955129146693475,0,10623,Postgraduate,Partner
502,3.691152866719999,2.264464157880998,5.248325233595574,2.174539891417246,4.322880700314757,3.107926835835219,3.1613070044603684,2.006683857909663,1.646662529059944,2.236573295278567,1.0699201826570324,0.5762544040474584,2.766630427486403,1.8184576767042693,4.792445401366576,1.8274347021965225,3.506062131275245,1,8151,Postgraduate,Alone
503,1.61294816730386,0.951542034894972,1.6221419856786254,1.671939563932239,1.7945757039444534,1.7197599157167271,1.74902620825809,1.871577311123117,3.206412104163342,2.236573295278567,3.739929444462023,3.888680898450896,3.112423823734434,2.986653378256785,1.5558245720010015,1.8274347021965225,1.5626010022149246,2,5140,Graduate,Partner
504,1.1321257769814923,3.300981623396281,1.462032504576814,1.8478496785519916,1.6295893108832518,1.7014945615046415,1.7003268704580117,1.6978688938261293,1.646662529059944,2.236573295278567,2.404924813559527,1.6803965688486042,2.3862576916135683,0.5668194250408589,1.3965649104842948,1.8274347021965225,1.1461450459877132,2,10160,Graduate,Alone
505,3.235700502017656,1.4698007676526137,2.1024704289840592,2.249929940539997,3.3240441585388347,2.413843375775973,2.187320248458797,2.933128750160265,1.646662529059944,2.236573295278567,1.0699201826570324,1.6803965688486042,2.119502785936516,3.1535384784785734,2.6158966939715818,1.8274347021965225,2.811968870896559,1,4945,Graduate,Partner
506,3.6453845970575007,1.2970478567333998,4.498182664729681,5.039361758081785,4.577048927463094,2.103332354170521,2.601264619759465,1.4855586060186998,1.646662529059944,2.236573295278567,1.0699201826570324,1.6803965688486042,1.180920710406145,4.405176730141983,4.4822208523704905,3.449016008844124,3.2284248271237703,1,10584,Postgraduate,Partner
507,1.3428456784225375,2.9554758015578533,1.5094723508292027,1.6970695803064892,1.6429665859963225,1.6832292072925563,1.675977201557972,1.6785679585709086,2.16657905409441,2.236573295278567,3.739929444462023,2.7845387336497502,1.343937597208788,2.6528831778132096,1.4131544585589515,1.8274347021965225,1.2849636980634502,2,6071,Graduate,Alone
508,3.332673475404086,3.9228921027054513,4.341038174018644,3.506430759252514,3.1545986737732763,2.669558334745169,2.016872566158522,4.863222275682352,1.646662529059944,2.236573295278567,1.0699201826570324,0.5762544040474584,1.180920710406145,0.817147075373541,4.0658231956966,2.6382253555203232,2.2566942625936104,1,3386,Postgraduate,Alone
509,1.9032630392341023,2.2990147400648406,1.9601508902268936,1.7221995966807395,1.874839354622876,2.3407819589276317,2.08992157285864,2.6050128508215105,1.646662529059944,2.236573295278567,1.0699201826570324,1.6803965688486042,2.1540821255613185,0.4833768749299649,1.9207946296434548,1.8274347021965225,2.2566942625936104,2,8939,Graduate,Partner
510,3.195554527410145,3.1627792946609103,5.518139359156034,2.5012301042825005,2.552621293685109,1.6466984988683857,2.4795162752592685,2.7594203328632774,1.646662529059944,2.236573295278567,1.0699201826570324,1.6803965688486042,3.73485193698089,3.6541937791439376,4.191903761063994,4.259806662167925,2.6731502188208216,1,9925,Graduate,Partner
511,1.1065698903679146,1.8498571716748844,1.524297302783074,1.6970695803064892,1.874839354622876,1.938944166261752,1.9681732283584437,3.1261381027124737,2.6864955791288763,2.236573295278567,2.404924813559527,2.7845387336497502,3.843529861515986,0.817147075373541,1.6752693181385316,3.449016008844124,1.5626010022149246,2,4320,Graduate,Partner
512,1.4473924872962645,3.2664310412124387,1.4531375334044911,1.7724596294292403,1.6563438611093928,1.7745559783529834,1.822075214958208,1.5241604765291417,1.646662529059944,2.236573295278567,2.404924813559527,2.7845387336497502,3.41375806903629,0.900589625484435,1.3965649104842948,1.8274347021965225,1.1461450459877132,2,5389,Graduate,Partner
513,3.5375387555482027,1.3315984389172426,4.041574144550442,2.626880186153752,3.011907739233859,1.938944166261752,2.284718924058954,1.7171698290813504,1.646662529059944,2.236573295278567,1.0699201826570324,1.6803965688486042,1.645271842510644,3.236981028589468,3.46859946500895,1.8274347021965225,3.2284248271237703,1,6036,Postgraduate,Partner
514,2.259279772385434,3.128228712477068,1.847481255377471,2.048889809545994,2.2716985163106305,2.8704772310781084,2.43081693745919,2.1610913399514304,1.646662529059944,2.236573295278567,1.0699201826570324,1.6803965688486042,0.6918700499982149,1.6515725764824811,2.060146833470573,1.8274347021965225,2.5343315667450845,2,182,Postgraduate,Partner
515,2.792979615373713,1.3315984389172426,4.394408001052581,5.567092101941043,3.279453241495266,5.738137842375519,2.08992157285864,3.801670836645204,1.646662529059944,2.236573295278567,1.0699201826570324,0.5762544040474584,3.976907314354512,2.736325727924104,4.470608168718231,1.8274347021965225,2.811968870896559,1,203,Graduate,Alone
516,2.2035679395678347,3.0245769659255397,2.0402056307778,1.9232397276747424,1.8882166297359464,2.194659125230948,2.3334182618590327,2.8559250091393817,4.246245154232274,2.236573295278567,3.739929444462023,3.888680898450896,1.7638295783671118,3.0700959283676794,2.0087192344391367,1.8274347021965225,2.3955129146693475,0,11025,Postgraduate,Partner
517,2.1351710939402238,3.4046333699478097,1.909746053583731,3.20487056276151,1.9595620970056549,3.418437857440671,3.063908328860212,2.662915656587173,3.206412104163342,2.236573295278567,2.404924813559527,1.6803965688486042,3.0531449558062,1.8184576767042693,2.191204263260363,1.8274347021965225,2.6731502188208216,0,10203,Undergraduate,Alone
518,3.296662907903136,2.886374637190168,3.2647466621675787,3.0289604481417576,2.748821328676808,3.966398483803233,2.9908593221600936,2.527809109800627,1.646662529059944,2.236573295278567,2.404924813559527,1.6803965688486042,1.9910652387586756,2.3191129773696333,3.264548023690669,1.8274347021965225,2.811968870896559,1,4607,Graduate,Alone
519,2.612462125385078,2.437217068800212,2.7814532284713707,1.7724596294292403,1.696475686448604,1.6466984988683857,1.675977201557972,1.6592670233156877,4.76616167926674,2.236573295278567,3.739929444462023,3.888680898450896,0.6424709933913533,1.6515725764824811,2.144753528651324,2.908488906628257,2.811968870896559,0,3711,Postgraduate,Partner
520,2.954539284019913,2.886374637190168,1.7614965340450168,1.8227196621777408,1.999693922344866,1.7014945615046415,1.8951242216583255,2.218994145717093,2.16657905409441,2.236573295278567,3.739929444462023,3.888680898450896,2.7172313708795413,2.9032108281458915,1.7582170585118164,1.8274347021965225,1.979056958442136,2,3696,Graduate,Partner
521,1.2469878709974271,2.6099699797194256,1.462032504576814,1.74732961305499,1.6875575030398902,1.6832292072925563,1.7246765393580508,1.601364217550025,2.16657905409441,2.236573295278567,2.404924813559527,1.6803965688486042,2.450476465202488,1.234359825928011,1.4032007297141575,1.8274347021965225,1.2849636980634502,2,2532,Graduate,Alone
522,2.1198375619720764,3.059127548109382,1.9393959574914736,1.9734997604232432,2.088875756432002,1.7928213325650688,1.675977201557972,1.775072634847013,3.206412104163342,2.236573295278567,2.404924813559527,2.7845387336497502,2.781450144468461,3.821078879365726,1.8560953921522927,1.8274347021965225,2.2566942625936104,2,9214,Postgraduate,Partner
523,2.0073451956239463,0.640586795240387,1.660686860758691,1.671939563932239,1.6385074942919655,1.6466984988683857,1.675977201557972,1.620665152805246,1.646662529059944,2.236573295278567,2.404924813559527,2.7845387336497502,1.3883967481549635,2.485998077591421,1.4861484700874423,1.8274347021965225,1.4237823501391875,2,4943,Graduate,Partner
524,3.49660287171809,1.2970478567333998,2.8051731515975646,5.466572036444042,2.8915122632162253,2.833946522653937,3.136957335560329,2.064586663675326,1.646662529059944,2.236573295278567,1.0699201826570324,0.5762544040474584,1.2500793896557512,2.485998077591421,3.088698814099305,4.800333764383792,2.6731502188208216,1,35,Graduate,Alone
525,2.5796111947745337,2.368115904432526,1.7229516589649512,1.7724596294292403,1.7321484200834585,2.322516604715546,2.9908593221600936,1.601364217550025,2.16657905409441,2.236573295278567,2.404924813559527,2.7845387336497502,2.193601370846808,3.737636329254832,1.711766323902777,1.8274347021965225,1.979056958442136,2,2258,Undergraduate,Partner
526,0.9857137793098862,2.9554758015578533,1.4857524277030083,1.74732961305499,1.67418022792682,1.7197599157167271,1.7977255460581685,1.9873829226544424,2.6864955791288763,2.236573295278567,2.404924813559527,1.6803965688486042,1.5168342953328038,1.317802376038905,1.4529693739381284,1.8274347021965225,1.4237823501391875,2,4322,Postgraduate,Alone
527,1.0958828832386005,2.229913575697155,1.4323826006690714,1.898109711300492,1.625130219178895,1.847617395201325,1.74902620825809,1.910179181633559,2.6864955791288763,2.236573295278567,2.404924813559527,2.7845387336497502,1.7440699557243673,1.6515725764824811,1.4164723681738831,1.8274347021965225,1.4237823501391875,2,713,Undergraduate,Partner
528,1.9472656294578443,1.91895833604257,1.616212004897077,1.9232397276747424,1.9595620970056549,1.7745559783529834,2.1386209106587186,1.8522763758678964,2.16657905409441,2.236573295278567,2.404924813559527,1.6803965688486042,4.006546748318629,2.3191129773696333,1.6603387248713404,1.8274347021965225,1.840238306366399,2,4702,Graduate,Alone
529,1.9041458789534809,1.9535089182264127,2.1765951887534167,1.74732961305499,1.7767393371270264,1.7197599157167271,1.74902620825809,3.4542540020512287,2.16657905409441,2.236573295278567,2.404924813559527,1.6803965688486042,3.4433975030004067,1.0674747257062231,2.0004244604018084,1.8274347021965225,2.2566942625936104,2,3281,Postgraduate,Alone
530,3.830548611884968,0.951542034894972,5.811673407842688,2.1494098750429957,3.38647144239983,1.6466984988683857,2.1386209106587186,1.4855586060186998,1.646662529059944,2.236573295278567,1.0699201826570324,1.6803965688486042,2.1985412765074943,1.234359825928011,4.510423084097408,5.881387968815528,3.2284248271237703,1,702,Postgraduate,Partner
531,2.4314335176641717,2.575419397535583,2.016485707651605,2.124279858668745,2.7131485950419534,2.231189833655119,4.305741442762215,2.527809109800627,2.16657905409441,2.236573295278567,2.404924813559527,2.7845387336497502,2.5146952387914085,1.735015126593375,2.4251168911130265,1.8274347021965225,3.0896061750480333,0,2004,Graduate,Partner
532,1.06651684625718,4.02654384925698,1.4531375334044911,1.7724596294292403,1.6340484025876088,1.756290624140898,1.846424883858247,1.601364217550025,2.16657905409441,2.236573295278567,2.404924813559527,2.7845387336497502,1.1463413707813417,0.5668194250408589,1.3949059556768288,1.8274347021965225,1.4237823501391875,2,4769,Undergraduate,Partner
533,3.897969687296425,2.9900263837416965,2.662853612840399,2.827920317147755,5.714117312074078,2.7426197515935105,4.281391773862175,2.37340162775886,1.646662529059944,2.236573295278567,1.0699201826570324,0.5762544040474584,1.4427357104225114,2.736325727924104,3.98121650051585,3.449016008844124,2.3955129146693475,1,4437,Graduate,Alone
534,2.1429772556694613,3.128228712477068,1.5539472066908169,1.8478496785519916,1.7811984288313831,2.012005583110094,1.9681732283584437,1.6785679585709086,1.646662529059944,2.236573295278567,2.404924813559527,2.7845387336497502,1.615632408546527,1.4012449261497992,1.5491887527711388,1.8274347021965225,1.5626010022149246,2,8724,Graduate,Partner
535,0.826337977337938,2.264464157880998,1.470927475749137,1.74732961305499,1.6830984113355334,1.6832292072925563,1.7003268704580117,2.025984793164884,3.206412104163342,2.236573295278567,3.739929444462023,3.888680898450896,1.3488775028694744,2.4025555274805277,1.4413566902858683,4.259806662167925,1.4237823501391875,2,10741,Graduate,Partner
536,1.1815648012666682,1.7807560073071989,1.4798224469214598,1.671939563932239,1.6028347606571112,1.6466984988683857,1.675977201557972,1.5048595412739207,2.16657905409441,2.236573295278567,3.739929444462023,3.888680898450896,1.0426033519069324,1.9853427769260568,1.361726859527515,1.8274347021965225,1.1461450459877132,2,1991,Postgraduate,Partner
537,1.7572227635496032,3.646487445234709,1.473892466139911,1.7724596294292403,1.6340484025876088,1.7014945615046415,1.7733758771581294,1.8329754406126757,2.16657905409441,2.236573295278567,3.739929444462023,2.7845387336497502,1.0327235405855602,2.819768278034997,1.4164723681738831,1.8274347021965225,1.2849636980634502,2,6931,Undergraduate,Alone
538,0.9174098641790512,0.640586795240387,1.4472075526229429,2.0740198259202445,1.696475686448604,1.847617395201325,1.675977201557972,2.1417904046962093,2.16657905409441,2.236573295278567,2.404924813559527,1.6803965688486042,0.9932042953000708,0.6502619751517529,1.4778536960501136,4.259806662167925,1.4237823501391875,2,11096,Graduate,Alone
539,2.730948508775302,3.1627792946609103,2.787383209252919,1.671939563932239,1.696475686448604,1.756290624140898,1.7733758771581294,2.1417904046962093,2.16657905409441,2.236573295278567,2.404924813559527,1.6803965688486042,1.2895986349412405,2.1522278771478454,2.199499037297692,1.8274347021965225,2.811968870896559,2,304,Postgraduate,Alone
540,0.9613195239060166,3.197329876844753,1.5183673220015257,1.74732961305499,1.7990347956488102,1.9937402288980084,2.187320248458797,2.296197886737976,1.646662529059944,2.236573295278567,1.0699201826570324,1.6803965688486042,2.746870804843658,2.819768278034997,1.5956394873801782,1.8274347021965225,1.5626010022149246,2,3665,Graduate,Partner
541,3.715732983117422,0.7787891239757581,1.9601508902268936,2.3755800224112487,3.908185171809575,3.6741528164098662,4.670986476262804,2.392702563014081,1.646662529059944,2.236573295278567,1.0699201826570324,1.6803965688486042,1.7490098613850535,3.987963979587514,2.9991152544961577,3.449016008844124,3.922518087502456,1,10591,Postgraduate,Partner
542,1.9390877457415,2.368115904432526,1.6962667454479825,2.0991498422944947,2.02198938086665,1.9206788120496667,1.822075214958208,1.775072634847013,4.246245154232274,2.236573295278567,3.739929444462023,3.888680898450896,3.823770238873241,3.737636329254832,1.7250379623625025,1.8274347021965225,1.979056958442136,0,5036,Graduate,Partner
543,2.4696279518393727,2.6099699797194256,2.3426346506367763,3.8079909557435183,2.2003530490409218,3.509764628501098,2.77171230205974,3.7630689661347625,2.16657905409441,2.236573295278567,2.404924813559527,1.6803965688486042,2.983986276556594,1.5681300263715872,2.6457578805059643,1.8274347021965225,3.2284248271237703,1,5547,Postgraduate,Alone
544,3.632560188502324,1.6771042607556703,3.080917257939573,4.913711676210534,4.982826272559563,2.1763937710188626,6.18066594806524,3.627962419348216,1.646662529059944,2.236573295278567,1.0699201826570324,1.6803965688486042,2.8110895784325782,1.234359825928011,4.26655672739995,3.1787524577361905,3.0896061750480333,1,7822,Graduate,Partner
545,0.6312303993553692,1.573452514204142,1.450172543013717,1.7724596294292403,1.6474256777006793,1.9206788120496667,1.8707745527582864,1.8136745053574548,2.16657905409441,2.236573295278567,1.0699201826570324,1.6803965688486042,2.218300899150239,2.2356704272587398,1.43306191624854,1.8274347021965225,1.4237823501391875,2,8541,Undergraduate,Partner
546,3.997916436579709,2.7481723084547967,5.853183273313529,2.626880186153752,2.869216804694441,2.5599662094726563,3.063908328860212,2.1224894694409886,1.646662529059944,2.236573295278567,2.404924813559527,2.7845387336497502,2.5789140123803285,3.1535384784785734,4.573463366781104,6.692178622139329,3.2284248271237703,1,10955,Graduate,Partner
547,1.454780461790008,0.7787891239757581,1.5183673220015257,1.8729796949262416,1.6429665859963225,1.7928213325650688,1.8707745527582864,1.7171698290813504,1.646662529059944,2.236573295278567,2.404924813559527,2.7845387336497502,2.0355243897048507,1.5681300263715872,1.4562872835530598,1.8274347021965225,1.4237823501391875,2,4368,Graduate,Partner
548,3.71773098879812,3.231880459028596,2.167700217581093,5.516832069192542,5.78100368763943,2.70608904316934,4.938832834163236,2.218994145717093,1.126746004025478,2.236573295278567,1.0699201826570324,0.5762544040474584,2.4554163708631744,1.4012449261497992,3.9347657659068105,1.8274347021965225,3.2284248271237703,1,9671,Graduate,Alone
549,3.2418339148049147,1.0551937814465004,2.808138141988339,2.3001899732884974,2.178057590519138,4.130786671712002,1.675977201557972,2.199693210461872,2.16657905409441,2.236573295278567,2.404924813559527,2.7845387336497502,2.410957219916999,2.1522278771478454,2.6457578805059643,1.8274347021965225,3.922518087502456,0,2256,Postgraduate,Partner
550,2.822113326113192,1.0897443636303432,1.8119013706881797,4.913711676210534,2.744362236972451,4.715278006498735,4.622287138462726,3.087536232202032,3.726328629197808,2.236573295278567,2.404924813559527,2.7845387336497502,1.4032164651370225,2.2356704272587398,2.80169963240774,1.8274347021965225,3.506062131275245,1,4279,Undergraduate,Partner
551,2.18707277638998,0.951542034894972,1.9453259382730224,2.124279858668745,1.9506439135969411,2.158128416806777,1.822075214958208,1.9487810521440008,2.6864955791288763,2.236573295278567,2.404924813559527,1.6803965688486042,1.7539497670457396,2.819768278034997,1.876002849841881,1.8274347021965225,2.2566942625936104,2,5371,Postgraduate,Alone
552,2.343103080477969,2.2990147400648406,1.9898007941346367,1.7221995966807395,1.718771144970388,1.7014945615046415,1.7246765393580508,2.257596016227535,2.16657905409441,2.236573295278567,2.404924813559527,2.7845387336497502,0.6968099556589011,3.90452142947662,1.7665118325491451,1.8274347021965225,1.979056958442136,2,9240,Postgraduate,Partner
553,3.0125743792569284,3.4046333699478097,3.644265432186687,1.9232397276747424,2.307371249945485,2.833946522653937,2.6499639575595437,2.296197886737976,3.206412104163342,2.236573295278567,2.404924813559527,1.6803965688486042,3.408818163375604,2.9032108281458915,3.0936756785217026,1.8274347021965225,2.6731502188208216,0,9460,Graduate,Alone
554,1.2809539675692911,2.713621726270954,1.4472075526229429,1.671939563932239,1.5983756689527544,1.6832292072925563,1.675977201557972,1.5048595412739207,1.646662529059944,2.236573295278567,3.739929444462023,3.888680898450896,2.0454042010262232,3.821078879365726,1.345137311452858,1.8274347021965225,1.007326393911976,2,9504,Postgraduate,Partner
555,2.1355892811757182,2.126261829145627,1.470927475749137,1.671939563932239,1.6028347606571112,1.6466984988683857,1.675977201557972,1.5627623470395833,1.646662529059944,2.236573295278567,2.404924813559527,1.6803965688486042,2.361558163310137,1.4846874762606932,1.361726859527515,1.8274347021965225,1.007326393911976,2,8692,Graduate,Alone
556,1.6945876087221436,1.2970478567333998,1.4649974949675884,1.671939563932239,1.607293852361468,1.6466984988683857,1.675977201557972,1.5048595412739207,1.646662529059944,2.236573295278567,3.739929444462023,3.888680898450896,3.398938352054232,2.2356704272587398,1.355091040297652,1.8274347021965225,1.007326393911976,2,448,Graduate,Partner
557,2.010040180030469,1.5389019320202992,1.719986668574177,1.671939563932239,2.062121206205861,2.541700855260571,1.9194738905583648,3.531457743072112,3.726328629197808,2.236573295278567,2.404924813559527,2.7845387336497502,3.823770238873241,1.9019002268151632,1.9390431325255773,1.8274347021965225,2.1178756105178733,0,8314,Graduate,Partner
558,1.705878664080506,2.6445205619032683,1.524297302783074,1.671939563932239,1.6117529440658247,1.6466984988683857,1.675977201557972,1.5048595412739207,2.16657905409441,2.236573295278567,3.739929444462023,3.888680898450896,1.343937597208788,2.4025555274805277,1.389929091254432,1.8274347021965225,1.1461450459877132,2,8420,Postgraduate,Partner
559,1.7128484513387543,2.091711246961784,1.5806321202077855,1.9734997604232432,1.807952979057524,1.9572095204738376,2.260369255158915,1.9487810521440008,2.6864955791288763,2.236573295278567,2.404924813559527,1.6803965688486042,2.015764767062106,1.5681300263715872,1.6205238094921637,1.8274347021965225,1.7014196542906617,2,3174,Undergraduate,Alone
560,2.912581164725257,1.573452514204142,2.0224156884331537,1.7975896458034906,1.78565752053574,1.6466984988683857,1.9194738905583648,1.871577311123117,1.646662529059944,2.236573295278567,2.404924813559527,2.7845387336497502,2.228180710471611,2.2356704272587398,1.7897371998536649,1.8274347021965225,2.1178756105178733,2,7685,Postgraduate,Partner
561,1.6369242354722346,2.575419397535583,1.5035423700476542,1.8227196621777408,1.700934778152961,1.756290624140898,1.675977201557972,1.4855586060186998,2.16657905409441,2.236573295278567,2.404924813559527,2.7845387336497502,1.9219065595090687,1.317802376038905,1.429744006633609,1.8274347021965225,1.2849636980634502,2,3179,Postgraduate,Partner
562,2.80027465937068,1.573452514204142,4.542657520591295,1.9734997604232432,2.23156669097142,1.6466984988683857,1.675977201557972,1.9487810521440008,2.6864955791288763,2.236573295278567,2.404924813559527,2.7845387336497502,3.1272435407164925,1.6515725764824811,3.367403221753542,5.34086086659966,3.0896061750480333,0,9780,Postgraduate,Partner
563,2.302678314380128,0.9860926170788148,1.776321485998888,1.671939563932239,1.6875575030398902,1.884148103625496,1.675977201557972,2.064586663675326,2.6864955791288763,2.236573295278567,3.739929444462023,3.888680898450896,1.027783634924874,2.4025555274805277,1.6288185835294922,1.8274347021965225,1.7014196542906617,2,10681,Graduate,Partner
564,0.5357443139173652,2.2990147400648406,1.4561025237952654,1.7724596294292403,1.6652620445181063,1.82935204098924,1.7246765393580508,1.620665152805246,3.206412104163342,2.236573295278567,3.739929444462023,3.888680898450896,2.119502785936516,2.2356704272587398,1.4081775941365544,1.8274347021965225,1.4237823501391875,2,10232,Graduate,Partner
565,2.1254133917786757,1.9880595004102557,1.5954570721616568,1.671939563932239,1.6385074942919655,1.6466984988683857,1.675977201557972,1.6399660880604667,2.16657905409441,2.236573295278567,3.739929444462023,3.888680898450896,2.000945050080048,2.569440627702316,1.4513104191306625,1.8274347021965225,1.4237823501391875,2,4184,Postgraduate,Partner
566,2.4567570780358072,3.577386280867024,1.859341216940568,1.9986297767974932,1.7945757039444534,1.9572095204738376,1.7246765393580508,1.5627623470395833,4.246245154232274,2.236573295278567,3.739929444462023,3.888680898450896,2.341798540667393,3.403866128811256,1.703471549865449,1.8274347021965225,1.979056958442136,0,9120,Postgraduate,Partner
567,2.020169604179124,2.851824055006325,2.0313106596054764,1.671939563932239,1.6340484025876088,1.6466984988683857,1.675977201557972,1.5241604765291417,3.726328629197808,2.236573295278567,3.739929444462023,3.888680898450896,3.532315804892757,1.9019002268151632,1.68356409217586,2.908488906628257,1.979056958442136,0,891,Postgraduate,Partner
568,1.81023961196068,3.0245769659255397,2.2299650157873536,1.74732961305499,1.7098529615616742,2.3590473131397167,1.822075214958208,3.3963511962855657,4.76616167926674,2.236573295278567,2.404924813559527,2.7845387336497502,2.900007880324929,3.821078879365726,2.063464743085505,1.8274347021965225,2.3955129146693475,0,10381,Graduate,Partner
569,2.1416297634662,2.5063182331678973,1.4561025237952654,1.671939563932239,1.6608029528137496,1.756290624140898,1.822075214958208,1.6785679585709086,1.646662529059944,2.236573295278567,3.739929444462023,3.888680898450896,1.8329882576167185,2.485998077591421,1.404859684521623,1.8274347021965225,1.1461450459877132,2,3525,Undergraduate,Partner
570,1.19508618854767,2.6099699797194256,1.5391222547369456,1.9734997604232432,1.692016594744247,1.7928213325650688,1.943823559458404,2.489207239290185,1.646662529059944,2.236573295278567,1.0699201826570324,1.6803965688486042,2.7616905218257166,3.821078879365726,1.56411934603833,1.8274347021965225,1.4237823501391875,2,6818,Postgraduate,Partner
571,1.7528085649527123,2.851824055006325,1.565807168253914,1.671939563932239,1.6206711274745382,1.6466984988683857,1.675977201557972,1.5241604765291417,2.16657905409441,2.236573295278567,2.404924813559527,2.7845387336497502,1.0179038236035016,1.1509172758171171,1.4181313229813486,1.8274347021965225,1.2849636980634502,2,3526,Graduate,Partner
572,1.1672070395146763,0.9860926170788148,1.5213323123922995,1.6970695803064892,1.6474256777006793,1.7745559783529834,1.7246765393580508,1.6592670233156877,3.206412104163342,2.236573295278567,3.739929444462023,3.888680898450896,0.9438052386932092,2.1522278771478454,1.4314029614410742,1.8274347021965225,1.5626010022149246,2,8181,Undergraduate,Partner
573,3.6275419416763848,2.886374637190168,4.572307424499038,2.1996699077914963,3.952776088853143,2.231189833655119,1.675977201557972,5.808968103188175,1.646662529059944,2.236573295278567,1.0699201826570324,0.5762544040474584,3.769431276605693,3.4873086789221497,4.424157434109191,5.881387968815528,3.506062131275245,1,1029,Graduate,Alone
574,2.7908886791962386,3.197329876844753,2.212175073442708,2.853050333522005,2.4277667259631186,2.633027626320998,2.8204116398598185,1.6978688938261293,2.16657905409441,2.236573295278567,2.404924813559527,2.7845387336497502,2.01082486140142,2.986653378256785,2.3405101959322763,1.8274347021965225,3.0896061750480333,0,7369,Postgraduate,Partner
575,2.422372794228448,0.7787891239757581,2.6124487761972364,1.7724596294292403,1.7232302366747447,1.756290624140898,1.7733758771581294,2.064586663675326,2.6864955791288763,2.236573295278567,2.404924813559527,2.7845387336497502,0.8005479745333104,3.4873086789221497,2.11157443250201,2.908488906628257,2.6731502188208216,2,2574,Graduate,Partner
576,1.045049901501775,3.888341520521609,1.4531375334044911,1.898109711300492,1.6295893108832518,1.6832292072925563,1.7977255460581685,1.910179181633559,1.646662529059944,2.236573295278567,1.0699201826570324,1.6803965688486042,2.134322502918574,3.1535384784785734,1.4181313229813486,1.8274347021965225,1.2849636980634502,2,8159,Graduate,Partner
577,1.763542037330415,2.057160664777941,1.4857524277030083,1.671939563932239,1.7455256951965286,1.756290624140898,1.7733758771581294,1.8136745053574548,2.16657905409441,12.555767160837409,2.404924813559527,1.6803965688486042,3.675573069052657,1.0674747257062231,1.461264147975457,3.449016008844124,1.2849636980634502,2,1160,Postgraduate,Alone
578,4.201991807501223,1.5043513498364565,3.851814759540887,6.270732560420052,5.143353573916407,3.58282604534944,5.644973232264376,1.871577311123117,1.126746004025478,2.236573295278567,1.0699201826570324,1.6803965688486042,3.3742388237508005,1.8184576767042693,4.7874685369441785,5.070597315491726,3.506062131275245,1,10242,Postgraduate,Partner
579,3.166699608160996,3.888341520521609,2.295194804384388,4.863451643462033,4.420980717810607,4.05772525486366,4.768385151862962,4.670212923130143,1.646662529059944,2.236573295278567,1.0699201826570324,0.5762544040474584,1.7292502387423088,2.6528831778132096,3.778824014005036,1.8274347021965225,3.2284248271237703,1,5253,Postgraduate,Alone
580,1.4612391313159847,0.951542034894972,1.4649974949675884,1.8227196621777408,1.5983756689527544,1.847617395201325,1.7246765393580508,1.7943735701022336,1.646662529059944,2.236573295278567,2.404924813559527,2.7845387336497502,1.3291178802267298,1.6515725764824811,1.4081775941365544,1.8274347021965225,1.1461450459877132,2,5966,Graduate,Partner
581,2.7062754618811025,2.264464157880998,1.814866361078954,2.425840055159749,2.3385848918759824,2.012005583110094,2.503865944159308,1.4855586060186998,1.646662529059944,2.236573295278567,1.0699201826570324,1.6803965688486042,2.0256445783834787,2.0687853270369514,1.9606095450226315,1.8274347021965225,2.5343315667450845,2,5314,Postgraduate,Partner
582,0.730851891899934,1.0551937814465004,1.4472075526229429,1.7724596294292403,1.6608029528137496,1.7014945615046415,1.9194738905583648,2.064586663675326,2.6864955791288763,2.236573295278567,2.404924813559527,2.7845387336497502,1.986125333097989,1.8184576767042693,1.4413566902858683,3.449016008844124,1.4237823501391875,2,5081,Postgraduate,Partner
583,1.0305992092530063,3.4046333699478097,1.4768574565306856,1.9734997604232432,1.669721136222463,1.7745559783529834,1.7003268704580117,1.736470764336571,1.646662529059944,2.236573295278567,2.404924813559527,1.6803965688486042,3.6064143898030494,2.3191129773696333,1.438038780670937,1.8274347021965225,1.2849636980634502,2,5123,Graduate,Alone
584,1.879008179575398,1.3315984389172426,1.4857524277030083,1.671939563932239,1.6295893108832518,1.6466984988683857,1.675977201557972,1.5241604765291417,2.16657905409441,2.236573295278567,3.739929444462023,3.888680898450896,1.8379281632774045,2.3191129773696333,1.3766574527947064,1.8274347021965225,1.1461450459877132,2,5756,Postgraduate,Partner
585,1.138119794023586,1.9880595004102557,1.4412775718413942,1.8478496785519916,1.6563438611093928,1.884148103625496,1.8951242216583255,1.775072634847013,2.6864955791288763,2.236573295278567,2.404924813559527,2.7845387336497502,2.5146952387914085,1.5681300263715872,1.4314029614410742,1.8274347021965225,1.4237823501391875,2,8036,Undergraduate,Partner
586,1.364173227432778,2.6099699797194256,1.5213323123922995,1.74732961305499,1.7276893283791015,1.6832292072925563,1.8707745527582864,1.5627623470395833,2.6864955791288763,2.236573295278567,2.404924813559527,2.7845387336497502,3.9522077860510816,1.317802376038905,1.4579462383605253,1.8274347021965225,1.5626010022149246,2,9058,Graduate,Partner
587,1.317336257057348,1.573452514204142,1.5361572643461712,1.671939563932239,1.5983756689527544,1.6466984988683857,1.675977201557972,1.5627623470395833,1.646662529059944,2.236573295278567,2.404924813559527,1.6803965688486042,3.023505521842083,2.986653378256785,1.3965649104842948,1.8274347021965225,1.1461450459877132,2,5057,Graduate,Alone
588,2.83795797581361,3.508285116499338,2.9890025558255706,2.3755800224112487,2.191434865632208,1.82935204098924,2.187320248458797,3.3963511962855657,2.6864955791288763,2.236573295278567,2.404924813559527,2.7845387336497502,3.883049106801475,3.0700959283676794,2.685572795885141,1.8274347021965225,3.367243479199508,0,254,Graduate,Partner
589,3.307210519287285,3.370082787763967,2.6154137665880106,2.47610008790825,3.903726080105218,2.94353864792645,3.5022023690609183,2.527809109800627,1.646662529059944,2.236573295278567,1.0699201826570324,0.5762544040474584,1.9960051444193616,3.4873086789221497,3.2363457919637524,1.8274347021965225,2.811968870896559,1,4179,Graduate,Alone
590,2.775694542973257,3.0245769659255397,2.645063670495753,2.0740198259202445,2.097793939840716,1.6466984988683857,1.7977255460581685,2.4313044335245224,2.6864955791288763,2.236573295278567,3.739929444462023,3.888680898450896,3.389058540732859,4.071406529698407,2.3123079642053592,1.8274347021965225,2.950787522972296,0,3710,Postgraduate,Partner
591,2.225127814820017,3.300981623396281,1.6666168415402396,1.74732961305499,1.7053938698573174,1.7197599157167271,1.7246765393580508,1.755771699591792,3.206412104163342,2.236573295278567,3.739929444462023,3.888680898450896,3.1519430690199237,2.569440627702316,1.5408939787338105,1.8274347021965225,1.5626010022149246,2,7627,Postgraduate,Partner
592,0.936646477011817,1.1588455279980288,1.690336764666434,1.9232397276747424,1.7945757039444534,1.6832292072925563,1.74902620825809,2.7208184623528355,3.206412104163342,2.236573295278567,2.404924813559527,1.6803965688486042,3.290260427519136,0.900589625484435,1.6802461825609287,3.449016008844124,1.7014196542906617,2,4501,Postgraduate,Alone
593,1.891089144156362,4.061094431440822,1.5924920817708823,1.671939563932239,1.6162120357701817,1.6832292072925563,1.675977201557972,1.5627623470395833,2.16657905409441,2.236573295278567,2.404924813559527,1.6803965688486042,1.2698390122984955,1.9853427769260568,1.438038780670937,1.8274347021965225,1.2849636980634502,2,6424,Graduate,Alone
594,1.13468136564285,2.7481723084547967,1.4442425622321684,1.6970695803064892,1.6474256777006793,1.7014945615046415,1.7977255460581685,1.5048595412739207,1.646662529059944,2.236573295278567,5.074934075364517,3.888680898450896,2.9345872199497323,3.403866128811256,1.373339543179775,1.8274347021965225,1.1461450459877132,2,3075,Graduate,Alone
595,1.3507912358969407,1.435250185468771,1.4531375334044911,1.7724596294292403,1.6117529440658247,1.9206788120496667,1.7246765393580508,1.6978688938261293,2.16657905409441,2.236573295278567,2.404924813559527,2.7845387336497502,3.6064143898030494,1.8184576767042693,1.4015417749066916,1.8274347021965225,1.1461450459877132,2,4992,Undergraduate,Partner
596,3.6911064014716106,3.542835698683181,2.645063670495753,1.671939563932239,4.229239774523264,4.331705568044942,2.211669917358837,1.910179181633559,1.646662529059944,2.236573295278567,1.0699201826570324,1.6803965688486042,0.849947031140172,2.6528831778132096,3.306021893877312,2.097698253304456,2.950787522972296,1,5252,Graduate,Partner
597,1.168461601221161,3.197329876844753,1.7288816397464997,1.9986297767974932,1.9283484550751573,2.012005583110094,2.1142712417586798,2.257596016227535,2.16657905409441,2.236573295278567,1.0699201826570324,0.5762544040474584,2.13926240857926,2.3191129773696333,1.771488696971542,1.8274347021965225,1.979056958442136,2,7444,Postgraduate,Alone
598,2.0108300892530706,3.750139191786237,1.909746053583731,2.3001899732884974,1.825789345874951,1.938944166261752,1.675977201557972,1.6785679585709086,1.646662529059944,2.236573295278567,1.0699201826570324,0.5762544040474584,2.297339389721217,4.405176730141983,1.7681707873566106,1.8274347021965225,2.1178756105178733,2,6919,Postgraduate,Alone
599,0.8014326042017967,2.057160664777941,1.4353475910598457,1.8729796949262416,1.5939165772483976,1.7197599157167271,1.846424883858247,1.775072634847013,1.646662529059944,2.236573295278567,2.404924813559527,2.7845387336497502,3.379178729411487,1.9853427769260568,1.388270136446966,1.8274347021965225,1.1461450459877132,2,3537,Undergraduate,Partner
600,0.9685216374062068,1.6080030963879848,1.5035423700476542,1.671939563932239,1.625130219178895,1.6832292072925563,1.675977201557972,1.5241604765291417,2.16657905409441,2.236573295278567,5.074934075364517,4.992823063252041,1.793469012331229,2.485998077591421,1.388270136446966,1.8274347021965225,1.2849636980634502,2,10277,Graduate,Partner
601,2.161098702540908,3.1627792946609103,2.582798872289493,3.958771053989021,2.6953122282245263,2.815681168441852,2.869110977659897,2.2768969514827555,2.6864955791288763,2.236573295278567,1.0699201826570324,0.5762544040474584,3.537255710553444,2.3191129773696333,2.79008694875548,3.449016008844124,3.644880783350982,1,2453,Postgraduate,Alone
602,2.049442710663767,3.681038027418552,2.0668905442947683,1.9986297767974932,1.9773984638230824,1.9572095204738376,2.08992157285864,1.9487810521440008,3.726328629197808,2.236573295278567,3.739929444462023,3.888680898450896,2.257820144435728,1.9019002268151632,1.9456789517554405,1.8274347021965225,2.3955129146693475,0,7972,Graduate,Partner
603,1.582652825354673,3.888341520521609,1.5094723508292027,1.671939563932239,1.6117529440658247,1.6466984988683857,1.675977201557972,1.5434614117843624,2.16657905409441,2.236573295278567,5.074934075364517,3.888680898450896,2.657952502951307,2.6528831778132096,1.384952226832035,1.8274347021965225,1.1461450459877132,2,895,Postgraduate,Alone
604,7.465432062806707,1.711654842939513,1.6814417934941113,1.6970695803064892,1.6608029528137496,1.6832292072925563,1.7003268704580117,1.5241604765291417,1.126746004025478,2.236573295278567,3.739929444462023,3.888680898450896,2.519635144452095,1.735015126593375,1.5043969729695648,1.8274347021965225,0.7296890897605017,2,1177,Postgraduate,Partner
605,2.436265903496557,1.711654842939513,1.4442425622321684,1.8227196621777408,1.6340484025876088,1.756290624140898,1.7977255460581685,1.6785679585709086,1.646662529059944,2.236573295278567,3.739929444462023,2.7845387336497502,2.900007880324929,1.5681300263715872,1.3965649104842948,1.8274347021965225,1.1461450459877132,2,7141,Graduate,Alone
606,1.3378274315965988,0.8478902883434436,1.9601508902268936,1.8729796949262416,1.9595620970056549,1.9937402288980084,1.943823559458404,1.9873829226544424,3.726328629197808,2.236573295278567,2.404924813559527,2.7845387336497502,3.9522077860510816,3.0700959283676794,1.8677080758045528,1.8274347021965225,2.2566942625936104,0,7232,Postgraduate,Partner
607,2.449926686522724,1.435250185468771,2.473094227830845,1.671939563932239,1.7098529615616742,1.82935204098924,1.675977201557972,1.775072634847013,2.6864955791288763,2.236573295278567,2.404924813559527,2.7845387336497502,2.3319187293460204,2.986653378256785,1.9971065507868768,1.8274347021965225,2.5343315667450845,2,8477,Postgraduate,Partner
608,1.3894038573076375,3.819240356153923,1.4798224469214598,1.8729796949262416,1.6429665859963225,1.847617395201325,2.0412222350585614,2.103188534185768,1.646662529059944,2.236573295278567,1.0699201826570324,0.5762544040474584,2.317099012363962,2.1522278771478454,1.4844895152799764,1.8274347021965225,1.2849636980634502,2,2457,Graduate,Alone
609,3.278959648267185,2.437217068800212,3.2825366045122246,2.551490137031001,2.34304398358034,2.70608904316934,2.08992157285864,2.1610913399514304,1.646662529059944,2.236573295278567,1.0699201826570324,0.5762544040474584,1.1364615594599694,3.987963979587514,2.884647372781025,4.259806662167925,2.3955129146693475,1,988,Graduate,Alone
610,1.6376676794464475,2.368115904432526,1.45906751418604,1.8227196621777408,1.6385074942919655,1.6466984988683857,1.7733758771581294,1.5241604765291417,1.646662529059944,2.236573295278567,2.404924813559527,1.6803965688486042,1.492134767029373,1.5681300263715872,1.3816343172171033,1.8274347021965225,1.1461450459877132,2,7930,Undergraduate,Alone
611,3.2946184369740497,2.5063182331678973,2.585763862680268,2.2247999241657466,3.029744106051286,3.5462953369252688,2.528215613059347,3.550758678327333,1.646662529059944,2.236573295278567,1.0699201826570324,1.6803965688486042,2.519635144452095,3.4873086789221497,2.954323474694584,2.097698253304456,3.367243479199508,1,4587,Undergraduate,Partner
612,0.5526576643307148,3.8537909383377658,1.45906751418604,1.7221995966807395,1.6563438611093928,1.6832292072925563,1.7003268704580117,1.601364217550025,2.16657905409441,2.236573295278567,2.404924813559527,2.7845387336497502,3.1815825029840403,1.735015126593375,1.3866111816395006,1.8274347021965225,1.2849636980634502,2,6682,Graduate,Partner
613,3.831803173591453,2.575419397535583,2.0668905442947683,3.255130595510011,3.8502169796529366,5.865995321860117,2.43081693745919,5.152736304510665,1.646662529059944,2.236573295278567,2.404924813559527,1.6803965688486042,2.519635144452095,1.8184576767042693,3.379015905405802,1.8274347021965225,3.2284248271237703,1,6222,Graduate,Alone
614,3.21730026365588,1.6080030963879848,4.397372991443355,2.0991498422944947,4.140057940436129,3.345376440592329,4.719685814062883,1.8136745053574548,4.76616167926674,2.236573295278567,2.404924813559527,2.7845387336497502,3.7793110879270655,3.0700959283676794,4.354481332195632,3.449016008844124,4.338974043729667,1,10299,Graduate,Partner
615,1.5220621414562998,3.888341520521609,1.4857524277030083,2.124279858668745,1.736607511787815,2.0850669999584355,1.7003268704580117,1.6399660880604667,2.6864955791288763,2.236573295278567,3.739929444462023,2.7845387336497502,3.8534096728373584,1.6515725764824811,1.497761153739702,1.8274347021965225,1.4237823501391875,2,3083,Postgraduate,Alone
616,1.2563738511718685,3.2664310412124387,1.5509822163000426,1.7975896458034906,2.164680315406068,1.82935204098924,1.74902620825809,1.5434614117843624,2.6864955791288763,2.236573295278567,2.404924813559527,1.6803965688486042,3.3445993897866835,1.6515725764824811,1.6437491767966834,1.8274347021965225,1.840238306366399,2,8953,Graduate,Alone
617,3.129620339947114,2.126261829145627,4.931071261782726,4.360851315977026,2.4768167347110435,2.3590473131397167,2.4064672685591506,2.064586663675326,2.16657905409441,2.236573295278567,2.404924813559527,2.7845387336497502,1.6847910877961334,2.2356704272587398,3.9579911332113302,1.8274347021965225,3.783699435426719,1,1503,Postgraduate,Partner
618,2.9625313067427044,2.229913575697155,3.2173068159151903,2.8027903007735047,2.5124894683458976,2.3042512505034605,2.1142712417586798,2.527809109800627,1.646662529059944,2.236573295278567,1.0699201826570324,1.6803965688486042,0.6671705216947841,3.236981028589468,2.9244622881602016,1.8274347021965225,2.3955129146693475,1,8650,Postgraduate,Partner
619,2.822113326113192,1.0897443636303432,1.8119013706881797,4.913711676210534,2.744362236972451,4.715278006498735,4.622287138462726,3.087536232202032,3.726328629197808,2.236573295278567,2.404924813559527,2.7845387336497502,1.4032164651370225,2.2356704272587398,2.80169963240774,1.8274347021965225,3.506062131275245,1,10862,Undergraduate,Partner
620,1.4166324928631946,1.573452514204142,1.45906751418604,2.275059956914247,1.6563438611093928,1.884148103625496,1.7003268704580117,2.064586663675326,1.646662529059944,2.236573295278567,1.0699201826570324,0.5762544040474584,1.2500793896557512,3.0700959283676794,1.481171605665045,4.259806662167925,1.4237823501391875,2,2782,Undergraduate,Alone
621,3.818839369291111,1.0551937814465004,2.9534226711362788,2.2247999241657466,4.853512613133216,2.413843375775973,6.497211643765752,3.0103324911811487,1.646662529059944,2.236573295278567,1.0699201826570324,0.5762544040474584,2.746870804843658,1.9853427769260568,3.959650088018796,3.449016008844124,3.367243479199508,1,6941,Graduate,Alone
622,2.0617560014866725,0.7442385417919153,1.470927475749137,1.671939563932239,1.5939165772483976,1.6466984988683857,1.675977201557972,1.5048595412739207,1.646662529059944,2.236573295278567,5.074934075364517,3.888680898450896,1.1364615594599694,2.9032108281458915,1.3534320854901865,1.8274347021965225,1.007326393911976,2,10972,Graduate,Alone
623,3.849367037482239,3.128228712477068,2.576868891507945,2.174539891417246,4.768789870750437,2.3407819589276317,2.9908593221600936,4.631611052619702,1.646662529059944,2.236573295278567,1.0699201826570324,0.5762544040474584,2.5146952387914085,3.737636329254832,3.607951668836068,1.8274347021965225,4.894248652032616,1,10708,Graduate,Alone
624,2.530079239992581,0.8478902883434436,1.7881814475619855,4.260331250480025,1.89713481314466,1.7928213325650688,2.7473626331597005,2.4120034982693017,1.646662529059944,2.236573295278567,2.404924813559527,2.7845387336497502,3.240861370912274,2.9032108281458915,1.9788580479047544,1.8274347021965225,2.3955129146693475,0,6583,Graduate,Partner
625,2.8525015985591557,2.4717676509840545,4.290633337375481,3.405910693755513,2.833544071059587,2.633027626320998,2.6743136264595826,2.81732313862894,3.726328629197808,2.236573295278567,2.404924813559527,1.6803965688486042,3.744731748302263,3.90452142947662,3.7771650591975696,3.449016008844124,3.506062131275245,1,3641,Postgraduate,Alone
626,3.343685739272119,2.6445205619032683,3.5256658165557155,2.1996699077914963,2.70423041163324,3.199253606895646,2.723012964259661,2.894526879649823,2.16657905409441,2.236573295278567,2.404924813559527,2.7845387336497502,1.7490098613850535,2.1522278771478454,3.282796526572792,2.6382253555203232,2.811968870896559,1,10156,Graduate,Partner
627,2.8646290283885074,3.335532205580124,3.122427123410413,2.928440382644756,2.222648507562706,2.249455187867204,2.8934606465599364,4.554407311598818,3.206412104163342,2.236573295278567,2.404924813559527,2.7845387336497502,3.71015240867746,3.0700959283676794,2.994138390073761,1.8274347021965225,3.644880783350982,0,4299,Graduate,Partner
628,3.457479132575122,2.6099699797194256,3.166901979272027,3.3305206446327618,4.501244368489029,1.9572095204738376,1.675977201557972,1.9873829226544424,1.646662529059944,2.236573295278567,1.0699201826570324,1.6803965688486042,0.8203075971760552,4.071406529698407,3.5631598890344947,1.8274347021965225,3.367243479199508,1,3469,Postgraduate,Partner
629,2.840374168729803,1.91895833604257,4.581202395671361,3.90851102124052,2.044284839388434,1.938944166261752,1.9681732283584437,1.9680819873992217,3.206412104163342,2.236573295278567,2.404924813559527,1.6803965688486042,3.28532052185845,3.1535384784785734,3.495142741928401,1.8274347021965225,3.2284248271237703,0,5063,Postgraduate,Alone
630,2.0526488128025613,1.3315984389172426,2.3337396794644536,1.74732961305499,1.7098529615616742,1.7197599157167271,1.74902620825809,4.264893282770505,2.16657905409441,2.236573295278567,2.404924813559527,1.6803965688486042,2.653012597290621,2.736325727924104,2.133140844999064,2.6382253555203232,2.3955129146693475,0,10727,Graduate,Alone
631,3.5268052831705,3.1627792946609103,4.987406079207438,4.310591283228526,4.969448997446492,1.6466984988683857,2.698663295359622,4.322796088536167,1.646662529059944,2.236573295278567,1.0699201826570324,1.6803965688486042,2.9395271256104185,4.154849079809302,5.062855034983484,5.881387968815528,2.2566942625936104,1,9624,Postgraduate,Partner
632,2.078529956154857,2.575419397535583,1.9127110439745048,1.7221995966807395,1.7678211537183126,1.7928213325650688,1.943823559458404,1.6978688938261293,4.76616167926674,2.236573295278567,3.739929444462023,3.888680898450896,2.1442023142399464,2.1522278771478454,1.7167431883251745,1.8274347021965225,1.979056958442136,0,5156,Postgraduate,Partner
633,4.820351333053027,1.8844077538587272,4.42109291456955,6.220472527671552,2.053203022797148,5.33630004970964,2.187320248458797,5.48085220384942,1.126746004025478,2.236573295278567,1.0699201826570324,1.6803965688486042,3.176642597323354,2.2356704272587398,4.186926896641596,5.070597315491726,4.755429999956879,1,4376,Graduate,Partner
634,2.488306981691479,0.951542034894972,1.8000414091250825,1.8227196621777408,1.914971179962087,1.7928213325650688,1.7733758771581294,1.8522763758678964,1.646662529059944,2.236573295278567,2.404924813559527,1.6803965688486042,1.5662333519396654,2.2356704272587398,1.7167431883251745,1.8274347021965225,1.979056958442136,2,8923,Postgraduate,Alone
635,3.5768948209331124,2.091711246961784,3.567175682026556,1.671939563932239,2.2672394246062737,3.82027565010655,2.8934606465599364,2.450605368779744,2.6864955791288763,2.236573295278567,2.404924813559527,2.7845387336497502,0.7709085405691936,1.6515725764824811,3.138467458323276,1.8274347021965225,4.061336739578193,1,8461,Postgraduate,Partner
636,3.02748972398958,1.6080030963879848,2.3633895833721965,1.7724596294292403,1.865921171214162,2.3955780215638875,2.43081693745919,4.303495153280947,2.16657905409441,2.236573295278567,2.404924813559527,2.7845387336497502,2.000945050080048,3.236981028589468,2.320602738242688,1.8274347021965225,2.6731502188208216,0,6945,Graduate,Partner
637,4.5093129603415925,1.435250185468771,4.394408001052581,2.1494098750429957,4.759871687341724,3.9298677753790634,4.47618912506249,2.218994145717093,1.126746004025478,2.236573295278567,1.0699201826570324,0.5762544040474584,1.2401995783343789,3.0700959283676794,4.658070061961855,2.908488906628257,3.2284248271237703,1,944,Postgraduate,Alone
638,1.2718932441335682,1.9535089182264127,1.4768574565306856,1.671939563932239,1.6652620445181063,1.756290624140898,1.74902620825809,1.601364217550025,2.16657905409441,2.236573295278567,2.404924813559527,2.7845387336497502,3.90280872944422,0.984032175595329,1.406518639329089,1.8274347021965225,1.1461450459877132,2,1907,Graduate,Partner
639,3.0534637978386527,2.817273472822482,3.6739153360944297,3.682340873872267,2.5570803853894657,2.1763937710188626,3.623950713561115,1.6978688938261293,3.726328629197808,2.236573295278567,2.404924813559527,2.7845387336497502,3.976907314354512,1.9019002268151632,3.274501752535463,1.8274347021965225,4.338974043729667,0,701,Graduate,Partner
640,2.271500132711563,3.093678130293225,1.5183673220015257,1.7221995966807395,1.700934778152961,1.6466984988683857,1.7003268704580117,1.6592670233156877,1.646662529059944,2.236573295278567,2.404924813559527,2.7845387336497502,0.96850476699664,3.90452142947662,1.438038780670937,1.8274347021965225,1.4237823501391875,2,3856,Postgraduate,Partner
641,2.2164388133714,0.951542034894972,2.078750505857865,1.74732961305499,2.035366655979721,2.1215977083826063,1.675977201557972,1.8136745053574548,2.16657905409441,2.236573295278567,2.404924813559527,1.6803965688486042,4.021366465300687,3.4873086789221497,1.9324073132957147,1.8274347021965225,2.3955129146693475,2,4149,Graduate,Alone
642,7.071732013212447,3.4391839521316525,1.4323826006690714,1.6970695803064892,1.5939165772483976,1.664963853080471,1.7003268704580117,1.5048595412739207,1.126746004025478,2.236573295278567,1.0699201826570324,0.5762544040474584,1.2895986349412405,1.8184576767042693,1.3368425374155295,1.8274347021965225,0.5908704376847644,2,2131,Graduate,Alone
643,2.7669126110278643,3.646487445234709,1.7585315436542426,1.74732961305499,1.7143120532660312,1.6832292072925563,1.822075214958208,1.775072634847013,2.16657905409441,2.236573295278567,2.404924813559527,2.7845387336497502,1.45755542740457,3.6541937791439376,1.600616351802575,1.8274347021965225,1.7014196542906617,2,2942,Graduate,Partner
644,1.15047955009488,3.819240356153923,1.5628421778631396,2.853050333522005,1.821330254170594,2.0302709373221792,2.162970579558758,1.9680819873992217,2.16657905409441,2.236573295278567,1.0699201826570324,1.6803965688486042,3.77437118226638,3.236981028589468,1.6752693181385316,1.8274347021965225,1.840238306366399,2,1173,Undergraduate,Partner
645,3.3143197022906987,1.8844077538587272,2.645063670495753,4.4865013978482775,3.462276001373896,1.6466984988683857,3.6726500513611935,2.8559250091393817,1.646662529059944,2.236573295278567,2.404924813559527,2.7845387336497502,2.079983540651026,4.154849079809302,3.143444322745673,1.8274347021965225,4.061336739578193,1,4381,Postgraduate,Partner
646,2.091122038468093,3.6119368630508655,1.7259166493557254,1.6970695803064892,1.7633620620139558,1.756290624140898,1.7003268704580117,2.952429685415486,3.206412104163342,2.236573295278567,5.074934075364517,3.888680898450896,1.828048351956032,2.569440627702316,1.696835730635586,2.6382253555203232,1.7014196542906617,2,4611,Postgraduate,Alone
647,2.5334247378765404,3.508285116499338,2.9385977191824075,1.671939563932239,1.8792984463272324,1.7745559783529834,1.943823559458404,1.5820632822948042,3.206412104163342,2.236573295278567,2.404924813559527,2.7845387336497502,3.398938352054232,2.819768278034997,2.3172848286277565,1.8274347021965225,3.0896061750480333,0,3376,Graduate,Partner
648,0.8482695745772264,3.197329876844753,1.43831258145062,1.8227196621777408,1.6117529440658247,1.6466984988683857,1.7246765393580508,1.601364217550025,1.646662529059944,2.236573295278567,2.404924813559527,2.7845387336497502,1.7094906160995642,0.984032175595329,1.3633858143349806,1.8274347021965225,1.007326393911976,2,4679,Graduate,Partner
649,2.629933058779088,3.646487445234709,2.748838334172853,3.0038304317675077,2.539244018572038,3.5462953369252688,4.062244753761823,4.399999829557052,1.646662529059944,2.236573295278567,2.404924813559527,1.6803965688486042,1.5069544840114315,1.8184576767042693,3.0920167237142366,1.8274347021965225,3.783699435426719,1,10928,Graduate,Alone
650,1.1260852946910105,1.6425536785718275,1.4353475910598457,1.7221995966807395,1.6385074942919655,2.3955780215638875,1.846424883858247,1.6978688938261293,1.646662529059944,2.236573295278567,1.0699201826570324,1.6803965688486042,3.848469767176672,1.4012449261497992,1.449651464323197,1.8274347021965225,1.2849636980634502,2,4248,Undergraduate,Partner
651,0.600842126909406,3.681038027418552,1.4412775718413942,1.6970695803064892,1.6385074942919655,1.756290624140898,1.7246765393580508,1.5241604765291417,1.646662529059944,2.236573295278567,1.0699201826570324,1.6803965688486042,3.2754407105370773,3.403866128811256,1.3700216335648436,1.8274347021965225,1.1461450459877132,2,6728,Postgraduate,Partner
652,0.7880506126659597,3.300981623396281,1.4472075526229429,1.6970695803064892,1.6206711274745382,2.06680164574635,1.7733758771581294,1.8522763758678964,1.646662529059944,2.236573295278567,1.0699201826570324,1.6803965688486042,3.295200333179822,3.1535384784785734,1.4264260970186773,1.8274347021965225,1.1461450459877132,2,6661,Graduate,Partner
653,2.0137109346531465,1.5043513498364565,1.470927475749137,1.671939563932239,1.6028347606571112,1.6466984988683857,1.675977201557972,1.5434614117843624,1.646662529059944,2.236573295278567,2.404924813559527,2.7845387336497502,2.608553446344445,1.9019002268151632,1.3600679047200492,1.8274347021965225,1.007326393911976,2,4725,Postgraduate,Partner
654,0.8983126470914504,1.8153065894910416,1.4323826006690714,1.9232397276747424,1.6385074942919655,1.9937402288980084,1.74902620825809,1.775072634847013,2.16657905409441,2.236573295278567,2.404924813559527,1.6803965688486042,1.9564858991338725,0.817147075373541,1.4247671422112114,1.8274347021965225,1.2849636980634502,2,3277,Undergraduate,Alone
655,1.2757963249981874,2.126261829145627,1.5065073604384285,1.671939563932239,1.6162120357701817,1.6466984988683857,1.675977201557972,1.5241604765291417,1.646662529059944,2.236573295278567,2.404924813559527,2.7845387336497502,2.643132785969249,2.4025555274805277,1.3832932720245692,1.8274347021965225,1.1461450459877132,2,5555,Postgraduate,Partner
656,2.4607995546455914,3.2664310412124387,1.7585315436542426,2.0740198259202445,1.754443878605242,1.7745559783529834,1.8951242216583255,1.8329754406126757,2.6864955791288763,2.236573295278567,3.739929444462023,3.888680898450896,1.7440699557243673,2.1522278771478454,1.6553618604489433,1.8274347021965225,1.840238306366399,2,2564,Undergraduate,Partner
657,2.675190210709314,3.4391839521316525,2.6687835936219475,3.20487056276151,3.49794873500875,3.107926835835219,2.917810315459976,1.6785679585709086,2.6864955791288763,2.236573295278567,2.404924813559527,2.7845387336497502,2.2430004274536697,2.736325727924104,3.065473446794785,1.8274347021965225,4.061336739578193,1,946,Postgraduate,Partner
658,2.67254169155118,3.646487445234709,2.398969468061488,1.898109711300492,2.13346667347557,1.9937402288980084,2.016872566158522,3.087536232202032,3.726328629197808,2.236573295278567,3.739929444462023,2.7845387336497502,1.739130050063681,2.9032108281458915,2.2791288680560453,1.8274347021965225,2.811968870896559,0,3867,Postgraduate,Alone
659,3.02028761048939,1.7807560073071989,2.529429045255556,5.667612167438044,2.454521276189259,2.70608904316934,4.257042104962136,4.206990477004842,3.206412104163342,2.236573295278567,2.404924813559527,1.6803965688486042,3.823770238873241,2.2356704272587398,3.033953305452937,1.8274347021965225,2.3955129146693475,1,6940,Graduate,Alone
660,3.513841478870158,1.9535089182264127,2.244789967741225,3.1546105300130094,2.066580297910218,2.907007939502279,4.13529376046194,2.624313786076731,2.16657905409441,2.236573295278567,2.404924813559527,2.7845387336497502,1.551413634957607,1.4012449261497992,2.438388529572752,1.8274347021965225,3.0896061750480333,1,55,Graduate,Partner
661,2.3643376989914326,2.817273472822482,3.7687950285992073,1.671939563932239,2.222648507562706,1.8658827494134105,1.8951242216583255,2.218994145717093,2.16657905409441,2.236573295278567,2.404924813559527,1.6803965688486042,3.4285777860183484,1.8184576767042693,2.969254067961775,1.8274347021965225,2.5343315667450845,0,7093,Postgraduate,Alone
662,1.1626069799242322,1.5389019320202992,1.4323826006690714,1.6970695803064892,1.6117529440658247,1.6466984988683857,1.74902620825809,1.5048595412739207,1.646662529059944,2.236573295278567,3.739929444462023,3.888680898450896,0.7758484462298796,1.9019002268151632,1.345137311452858,1.8274347021965225,1.007326393911976,2,5084,Graduate,Partner
663,3.697239814258869,1.2279466923657143,4.4062679626156775,1.9734997604232432,2.2360257826757763,2.231189833655119,1.9681732283584437,2.180392275206651,2.6864955791288763,2.236573295278567,2.404924813559527,2.7845387336497502,3.5866547671603053,2.819768278034997,3.385651724635665,3.719279559952058,3.0896061750480333,0,1777,Postgraduate,Partner
664,3.187841296177683,3.231880459028596,1.983870813353088,3.707470890246517,2.2538621494932034,2.103332354170521,2.723012964259661,3.2419437142437992,1.646662529059944,2.236573295278567,1.0699201826570324,0.5762544040474584,1.4674352387259422,1.4846874762606932,2.2824467776709767,1.8274347021965225,2.811968870896559,1,8162,Graduate,Alone
665,1.5991015232841397,1.0897443636303432,1.5954570721616568,1.7724596294292403,1.9283484550751573,1.9572095204738376,1.7003268704580117,1.8329754406126757,3.206412104163342,2.236573295278567,2.404924813559527,2.7845387336497502,2.4554163708631744,0.984032175595329,1.6122290354548352,4.259806662167925,1.7014196542906617,2,10826,Undergraduate,Partner
666,2.953563513803758,1.2970478567333998,2.51163910291091,2.47610008790825,2.111171214953786,2.2677205420792896,4.354440780562293,1.601364217550025,1.646662529059944,2.236573295278567,1.0699201826570324,0.5762544040474584,1.5168342953328038,1.4012449261497992,2.428434800727958,1.8274347021965225,3.2284248271237703,1,8754,Postgraduate,Alone
667,3.084734910003994,2.402666486616369,3.193586892788996,2.249929940539997,2.1379257651799266,1.82935204098924,2.236019586258876,4.457902635322714,2.16657905409441,2.236573295278567,2.404924813559527,1.6803965688486042,1.8428680689380903,2.819768278034997,2.866398869898902,1.8274347021965225,3.506062131275245,1,1987,Graduate,Alone
668,3.113775690246696,3.4391839521316525,4.7857867326347865,5.039361758081785,3.3017487000170505,4.843135485983334,4.938832834163236,3.7051661603691,1.646662529059944,2.236573295278567,1.0699201826570324,0.5762544040474584,3.887989012462161,2.485998077591421,4.76756107925459,1.8274347021965225,4.6166113478811415,1,11007,Graduate,Alone
669,1.8265024488965929,1.746205425123356,1.530227283564623,1.9483697440489929,2.2003530490409218,4.916196902831675,3.1613070044603684,2.354100692503639,1.646662529059944,2.236573295278567,1.0699201826570324,1.6803965688486042,2.2627600500964142,1.234359825928011,2.101620703657216,1.8274347021965225,2.5343315667450845,1,7426,Undergraduate,Partner
670,1.7292506840198325,3.542835698683181,1.7733564956081138,1.8227196621777408,1.955103005301298,1.756290624140898,1.822075214958208,2.2768969514827555,2.16657905409441,2.236573295278567,2.404924813559527,2.7845387336497502,1.8132286349739732,3.4873086789221497,1.7532401940894196,1.8274347021965225,1.979056958442136,2,9153,Graduate,Partner
671,2.9759597635269297,3.646487445234709,3.104637181065768,2.47610008790825,3.5291623769392477,2.158128416806777,2.455166606359229,2.527809109800627,1.646662529059944,2.236573295278567,1.0699201826570324,1.6803965688486042,1.5365939179755486,2.485998077591421,3.228051017926424,1.8274347021965225,2.811968870896559,1,10379,Graduate,Partner
672,3.008438972150368,4.061094431440822,2.532394035646331,2.124279858668745,2.151303040292997,2.5051701468364,2.8447613087598578,2.991031555925928,2.16657905409441,2.236573295278567,2.404924813559527,1.6803965688486042,2.954346842592477,1.735015126593375,2.4699086709146005,1.8274347021965225,3.0896061750480333,0,9204,Postgraduate,Alone
673,3.955447199552781,3.957442684889294,4.094943971584378,4.235201234105775,5.326176333795036,4.075990609075745,4.15964342936198,2.257596016227535,1.646662529059944,2.236573295278567,1.0699201826570324,0.5762544040474584,3.823770238873241,2.0687853270369514,4.833919271553219,3.449016008844124,3.506062131275245,1,3197,Postgraduate,Alone
674,7.391366456875721,1.3661490211010854,1.5924920817708823,2.0740198259202445,8.822104230010765,1.9572095204738376,1.74902620825809,1.5627623470395833,8.925493879542469,2.236573295278567,1.0699201826570324,1.6803965688486042,4.016426559640001,1.234359825928011,4.175314212989337,1.8274347021965225,4.6166113478811415,1,2920,Postgraduate,Partner
675,3.536702381077213,2.0226100825940985,3.682810307266753,2.677140218902253,3.729821503635303,1.6466984988683857,2.6499639575595437,1.9873829226544424,1.646662529059944,2.236573295278567,1.0699201826570324,1.6803965688486042,0.8054878801939966,0.6502619751517529,3.5598419794195637,3.449016008844124,3.367243479199508,1,6961,Postgraduate,Partner
676,3.147834717315337,0.7442385417919153,2.2003151118796107,3.8331209721177686,4.08208974827949,2.7974158142297667,1.8951242216583255,2.778721268118498,1.646662529059944,2.236573295278567,1.0699201826570324,1.6803965688486042,1.9317863708304412,2.3191129773696333,3.0588376275649227,1.8274347021965225,2.5343315667450845,1,4673,Postgraduate,Partner
677,2.2712678064696217,4.02654384925698,2.7903481996436934,1.671939563932239,1.696475686448604,1.756290624140898,1.675977201557972,1.5627623470395833,4.246245154232274,2.236573295278567,2.404924813559527,1.6803965688486042,3.7150923143381456,3.0700959283676794,2.144753528651324,4.53007021327586,2.811968870896559,0,9937,Postgraduate,Alone
678,2.76370650888907,3.1627792946609103,2.811103132379113,1.671939563932239,2.588294027319963,3.82027565010655,2.869110977659897,3.3963511962855657,1.646662529059944,2.236573295278567,1.0699201826570324,0.5762544040474584,2.109622974615143,2.2356704272587398,2.914508559315407,1.8274347021965225,2.2566942625936104,1,8779,Graduate,Alone
679,1.885792105840093,3.750139191786237,1.628071966460174,2.048889809545994,1.9461848218925843,1.9572095204738376,1.943823559458404,3.0296334264363693,2.6864955791288763,2.236573295278567,2.404924813559527,2.7845387336497502,2.326978823685334,3.236981028589468,1.7748066065864734,1.8274347021965225,1.840238306366399,2,9596,Postgraduate,Partner
680,0.5275664302010203,1.6425536785718275,1.4353475910598457,1.671939563932239,1.6206711274745382,1.7014945615046415,1.846424883858247,1.6785679585709086,1.646662529059944,2.236573295278567,1.0699201826570324,1.6803965688486042,1.768769484027798,3.737636329254832,1.3749984979872405,1.8274347021965225,1.1461450459877132,2,2891,Undergraduate,Partner
681,2.129966986120731,0.7442385417919153,1.628071966460174,1.6970695803064892,1.6786393196311766,1.6466984988683857,1.7246765393580508,2.0838875989305468,2.6864955791288763,2.236573295278567,3.739929444462023,2.7845387336497502,2.5443346727555256,3.987963979587514,1.5276223402740845,3.449016008844124,1.4237823501391875,2,4910,Postgraduate,Alone
682,2.7968826962383324,3.888341520521609,1.702196726229531,1.7724596294292403,1.669721136222463,1.7014945615046415,1.74902620825809,1.601364217550025,1.646662529059944,2.236573295278567,3.739929444462023,3.888680898450896,2.257820144435728,2.986653378256785,1.5359171143114132,1.8274347021965225,1.5626010022149246,2,75,Postgraduate,Partner
683,1.5377209301631647,2.886374637190168,1.4412775718413942,1.7221995966807395,1.6385074942919655,1.6832292072925563,1.675977201557972,1.5627623470395833,1.646662529059944,2.236573295278567,1.0699201826570324,0.5762544040474584,1.057423068888991,0.1496066744863888,1.3650447691424463,1.8274347021965225,1.007326393911976,2,10120,Graduate,Alone
684,1.151780577049753,1.7807560073071989,1.4887174180937826,1.6970695803064892,1.7143120532660312,1.7014945615046415,1.74902620825809,1.5241604765291417,2.6864955791288763,2.236573295278567,3.739929444462023,2.7845387336497502,2.7962698614505195,3.987963979587514,1.42144923259628,3.449016008844124,1.2849636980634502,2,6327,Postgraduate,Alone
685,2.0541357007509875,2.229913575697155,2.2388599869596764,1.9483697440489929,2.3831758089195505,2.7791504600176813,3.696999720261233,2.045285728420105,2.16657905409441,2.236573295278567,1.0699201826570324,0.5762544040474584,1.7638295783671118,2.986653378256785,2.3819840661189184,1.8274347021965225,3.0896061750480333,1,10142,Graduate,Alone
686,3.565650230823138,1.6425536785718275,2.7162234398743363,2.2247999241657466,3.319585066834478,3.5462953369252688,2.211669917358837,2.1417904046962093,1.646662529059944,2.236573295278567,1.0699201826570324,1.6803965688486042,0.9882643896393846,3.0700959283676794,2.992479435266295,2.097698253304456,4.338974043729667,1,9826,Graduate,Partner
687,3.585769683375282,4.061094431440822,2.381179525716842,1.9483697440489929,2.967316822190291,2.249455187867204,2.3090685929589934,2.1417904046962093,2.6864955791288763,2.236573295278567,2.404924813559527,1.6803965688486042,1.9960051444193616,1.9853427769260568,2.5445616372505566,1.8274347021965225,2.950787522972296,0,1501,Graduate,Alone
688,3.238488416920956,1.5389019320202992,2.057995573122445,4.762931577965031,2.3787167172151937,1.9206788120496667,3.2343560111604863,1.92948011688878,2.16657905409441,2.236573295278567,3.739929444462023,3.888680898450896,1.1265817481385971,1.5681300263715872,2.345487060354673,1.8274347021965225,3.0896061750480333,0,10767,Graduate,Partner
689,3.2196699913236846,1.6771042607556703,4.124593875492121,1.9734997604232432,2.82908497935523,1.6466984988683857,1.9681732283584437,6.15638493778215,2.6864955791288763,2.236573295278567,2.404924813559527,1.6803965688486042,1.2698390122984955,1.5681300263715872,3.737350143818393,2.6382253555203232,3.0896061750480333,1,7279,Graduate,Alone
690,4.1129643915891965,1.573452514204142,4.939966232955049,2.47610008790825,3.159057765477633,2.0302709373221792,2.0655719039586007,1.7943735701022336,1.646662529059944,2.236573295278567,1.0699201826570324,0.5762544040474584,0.8894662764256613,0.7337045252626471,4.01605455147263,6.151651519923461,2.5343315667450845,1,7230,Postgraduate,Alone
691,1.8402561624195364,1.4698007676526137,1.7614965340450168,2.1494098750429957,1.6830984113355334,1.938944166261752,2.016872566158522,1.5820632822948042,2.6864955791288763,2.236573295278567,2.404924813559527,1.6803965688486042,1.5020145783507457,2.4025555274805277,1.6371133575668206,1.8274347021965225,1.840238306366399,2,143,Postgraduate,Alone
692,3.262882672324825,3.8537909383377658,3.374451306626227,3.682340873872267,3.618344211026383,2.596496917896827,4.281391773862175,3.2805455847542406,2.16657905409441,2.236573295278567,2.404924813559527,2.7845387336497502,3.230981559590902,0.900589625484435,3.720760595743736,3.989543111059992,3.367243479199508,1,450,Graduate,Partner
693,1.577588113280346,1.8153065894910416,1.4976123892661055,1.671939563932239,1.625130219178895,1.756290624140898,1.7246765393580508,1.8329754406126757,1.646662529059944,2.236573295278567,2.404924813559527,1.6803965688486042,0.5980118424451779,2.2356704272587398,1.42144923259628,1.8274347021965225,1.2849636980634502,2,9316,Postgraduate,Alone
694,1.9262168719379344,3.681038027418552,3.021617450124088,1.8227196621777408,1.7767393371270264,1.938944166261752,1.822075214958208,2.064586663675326,2.16657905409441,2.236573295278567,2.404924813559527,1.6803965688486042,2.7863900501291474,3.821078879365726,2.3836430209263844,1.8274347021965225,3.0896061750480333,0,6379,Graduate,Alone
695,3.0037459820631467,3.957442684889294,3.540490768509587,1.671939563932239,1.7901166122400969,1.6466984988683857,1.675977201557972,5.172037239765886,2.6864955791288763,2.236573295278567,2.404924813559527,2.7845387336497502,1.6749112764747611,4.071406529698407,2.899577966048216,2.6382253555203232,2.1178756105178733,0,9239,Postgraduate,Partner
696,1.5541696280926312,0.9860926170788148,1.4976123892661055,1.6970695803064892,1.6474256777006793,1.6832292072925563,1.7246765393580508,1.8329754406126757,1.646662529059944,2.236573295278567,2.404924813559527,2.7845387336497502,3.230981559590902,2.1522278771478454,1.4247671422112114,4.259806662167925,1.1461450459877132,2,8315,Postgraduate,Partner
697,1.092955572590136,1.5389019320202992,1.4323826006690714,1.74732961305499,1.607293852361468,1.6832292072925563,1.7246765393580508,1.601364217550025,1.646662529059944,2.236573295278567,2.404924813559527,2.7845387336497502,2.326978823685334,0.900589625484435,1.3567499951051178,1.8274347021965225,1.007326393911976,2,2868,Graduate,Partner
698,2.486820093743052,2.3335653222486834,3.3981712297524216,3.129480513638759,1.9595620970056549,2.231189833655119,1.675977201557972,2.7594203328632774,3.206412104163342,2.236573295278567,2.404924813559527,1.6803965688486042,3.6311139181064807,2.6528831778132096,2.8249249997122594,1.8274347021965225,3.644880783350982,0,10888,Postgraduate,Alone
699,1.4645381639515558,1.0206431992626577,1.4472075526229429,1.9232397276747424,1.6830984113355334,1.9937402288980084,2.016872566158522,2.296197886737976,2.16657905409441,2.236573295278567,2.404924813559527,1.6803965688486042,3.028445427502769,1.8184576767042693,1.5126917470068937,1.8274347021965225,1.4237823501391875,2,1277,Graduate,Alone
700,2.6330926956694936,2.1608124113294696,2.315949737119808,1.7975896458034906,2.485734918119757,2.0302709373221792,2.187320248458797,2.4313044335245224,2.6864955791288763,2.236573295278567,1.0699201826570324,1.6803965688486042,2.618433257665818,3.6541937791439376,2.3156258738202906,1.8274347021965225,2.950787522972296,0,9977,Graduate,Partner
701,2.25551608726598,3.231880459028596,1.7229516589649512,1.9986297767974932,1.8837575380315892,2.4321087299880584,1.8707745527582864,1.5627623470395833,2.6864955791288763,2.236573295278567,2.404924813559527,2.7845387336497502,2.1985412765074943,1.234359825928011,1.7134252787102429,1.8274347021965225,1.979056958442136,2,10196,Graduate,Partner
702,3.4796895213047403,2.851824055006325,3.650195412968236,2.677140218902253,2.900430446624939,3.856806358530721,5.571924225564258,4.322796088536167,1.646662529059944,2.236573295278567,1.0699201826570324,1.6803965688486042,3.398938352054232,1.8184576767042693,3.8335695226514033,1.8274347021965225,1.979056958442136,1,6384,Postgraduate,Partner
703,3.9762636308307497,1.2970478567333998,2.452339295095425,2.3001899732884974,3.823462429426796,2.7974158142297667,5.036231509763393,3.0296334264363693,1.646662529059944,2.236573295278567,1.0699201826570324,0.5762544040474584,3.769431276605693,3.0700959283676794,3.2380047467712183,4.800333764383792,2.811968870896559,1,8029,Undergraduate,Alone
704,1.1207882563747416,2.1953629935133123,1.4561025237952654,1.7724596294292403,1.669721136222463,1.7745559783529834,1.7977255460581685,1.5820632822948042,2.16657905409441,2.236573295278567,2.404924813559527,2.7845387336497502,3.0729045784489446,1.5681300263715872,1.406518639329089,1.8274347021965225,1.2849636980634502,2,968,Graduate,Partner
705,2.64758985316665,3.300981623396281,2.734013382218982,3.707470890246517,3.2304032327473418,1.6466984988683857,4.646636807362765,4.843921340427132,4.246245154232274,2.236573295278567,2.404924813559527,1.6803965688486042,2.835789106736009,2.2356704272587398,3.292750255417586,1.8274347021965225,4.061336739578193,1,6988,Graduate,Alone
706,2.017985737504872,0.951542034894972,1.4531375334044911,1.7221995966807395,1.6117529440658247,1.7014945615046415,1.675977201557972,1.5434614117843624,1.646662529059944,2.236573295278567,3.739929444462023,2.7845387336497502,1.0426033519069324,3.236981028589468,1.361726859527515,1.8274347021965225,1.007326393911976,2,4472,Graduate,Alone
707,3.395494491225099,0.6751373774242297,3.4159611720970675,1.898109711300492,2.699771319928883,1.6466984988683857,2.357767930759072,1.6592670233156877,2.16657905409441,2.236573295278567,2.404924813559527,2.7845387336497502,3.339659484125997,2.6528831778132096,2.9277801977751325,1.8274347021965225,2.5343315667450845,0,6991,Postgraduate,Partner
708,2.666222417770368,3.750139191786237,2.9830725750440217,1.671939563932239,2.1869757739278515,2.158128416806777,2.357767930759072,4.477203570577935,1.646662529059944,2.236573295278567,1.0699201826570324,1.6803965688486042,2.677712125594052,3.570751229033044,2.7685205362584258,1.8274347021965225,3.367243479199508,1,3336,Graduate,Partner
709,0.8018972566856799,2.126261829145627,1.4472075526229429,1.671939563932239,1.6162120357701817,1.6832292072925563,1.7003268704580117,1.5048595412739207,2.16657905409441,2.236573295278567,2.404924813559527,2.7845387336497502,0.7709085405691936,1.0674747257062231,1.3534320854901865,1.8274347021965225,1.1461450459877132,2,4301,Postgraduate,Partner
710,3.273941401441246,3.370082787763967,3.1995168735705444,5.843522282057796,4.251535233045049,4.788339423347077,5.718022238964494,6.291491484568697,1.646662529059944,2.236573295278567,1.0699201826570324,1.6803965688486042,3.0630247671275725,2.6528831778132096,4.556873818706447,1.8274347021965225,2.6731502188208216,1,1940,Graduate,Partner
711,0.2681044832006241,1.2970478567333998,1.450172543013717,1.671939563932239,1.6429665859963225,1.884148103625496,1.846424883858247,2.103188534185768,3.726328629197808,2.236573295278567,2.404924813559527,2.7845387336497502,4.03124627662206,1.735015126593375,1.4446745999007995,4.259806662167925,1.5626010022149246,2,1272,Graduate,Partner
712,2.000979456594746,4.061094431440822,1.5895270913801085,1.671939563932239,1.6206711274745382,1.6466984988683857,1.675977201557972,1.5627623470395833,1.646662529059944,2.236573295278567,2.404924813559527,2.7845387336497502,0.6918700499982149,2.569440627702316,1.4347208710560055,1.8274347021965225,1.2849636980634502,2,1388,Graduate,Partner
713,3.655188764467437,2.7827228906386394,2.748838334172853,2.3001899732884974,4.73757622881994,3.107926835835219,3.5265520379609576,2.4120034982693017,1.646662529059944,2.236573295278567,1.0699201826570324,1.6803965688486042,1.6650314651533886,3.4873086789221497,3.616246442873397,2.097698253304456,3.783699435426719,1,1044,Graduate,Partner
714,3.4050663323930936,2.057160664777941,2.3011247851659364,5.240401889075788,2.5615394770938225,4.642216589650394,3.088257997760251,4.399999829557052,1.646662529059944,2.236573295278567,1.0699201826570324,0.5762544040474584,1.3538174085301606,1.735015126593375,3.030635395838006,1.8274347021965225,3.644880783350982,1,6969,Postgraduate,Alone
715,2.5663685989838614,2.713621726270954,2.295194804384388,1.74732961305499,1.932807546779514,1.82935204098924,1.74902620825809,1.9873829226544424,4.76616167926674,2.236573295278567,5.074934075364517,4.992823063252041,1.8774474085628936,2.6528831778132096,2.0087192344391367,1.8274347021965225,2.5343315667450845,0,10479,Postgraduate,Partner
716,4.096422763162953,1.2279466923657143,2.650993651277302,2.2247999241657466,2.178057590519138,2.724354397381425,2.357767930759072,5.017629757724119,1.646662529059944,2.236573295278567,1.0699201826570324,1.6803965688486042,2.7616905218257166,0.4833768749299649,2.713775027612058,3.1787524577361905,4.061336739578193,1,3619,Graduate,Partner
717,1.589854938854863,1.4698007676526137,1.4531375334044911,1.671939563932239,1.6028347606571112,1.6466984988683857,1.675977201557972,1.4855586060186998,1.646662529059944,2.236573295278567,3.739929444462023,2.7845387336497502,1.9466060878125,3.987963979587514,1.345137311452858,1.8274347021965225,1.007326393911976,2,1715,Postgraduate,Alone
718,2.409827177163601,2.713621726270954,2.4641992566585222,1.7724596294292403,1.9372666384838708,1.756290624140898,1.675977201557972,2.3154988219931973,5.286078204301206,2.236573295278567,3.739929444462023,3.888680898450896,4.001606842657943,3.6541937791439376,2.12318711615427,1.8274347021965225,2.6731502188208216,0,10159,Postgraduate,Partner
719,3.00365305156637,2.6099699797194256,2.401934458452262,1.898109711300492,2.142384856884284,1.8658827494134105,2.260369255158915,3.5893605488377744,4.76616167926674,2.236573295278567,3.739929444462023,3.888680898450896,2.475175993505919,1.5681300263715872,2.332215421894948,1.8274347021965225,2.811968870896559,0,1463,Graduate,Partner
720,2.0138967956467,3.197329876844753,1.8563762265497936,1.7221995966807395,2.030907564275364,1.7745559783529834,1.7246765393580508,2.064586663675326,3.726328629197808,2.236573295278567,5.074934075364517,3.888680898450896,1.8527478802594628,4.071406529698407,1.7980319738909931,1.8274347021965225,2.1178756105178733,0,5114,Postgraduate,Alone
721,4.087269109230453,1.4006996032849282,4.767996790290141,2.3755800224112487,2.5303258351633247,2.322516604715546,2.357767930759072,2.296197886737976,2.6864955791288763,2.236573295278567,3.739929444462023,2.7845387336497502,1.8873272198842657,1.9853427769260568,3.768870285160241,4.53007021327586,2.1178756105178733,0,4990,Graduate,Alone
722,3.2662746354571723,2.229913575697155,4.2965633181570295,1.671939563932239,4.340717067132184,2.4321087299880584,2.8934606465599364,1.4855586060186998,1.646662529059944,2.236573295278567,1.0699201826570324,1.6803965688486042,0.8894662764256613,3.987963979587514,4.108956020690709,6.151651519923461,4.061336739578193,1,4329,Graduate,Partner
723,3.0528597496096044,3.0245769659255397,2.710293459092788,3.6572108574980167,3.1100077567297086,4.879666194407505,4.9875321719633146,4.766717599406247,2.16657905409441,2.236573295278567,2.404924813559527,2.7845387336497502,2.845668918057381,1.9853427769260568,3.5415934765374404,1.8274347021965225,2.950787522972296,1,10936,Graduate,Partner
724,3.197506067842454,1.6425536785718275,1.838586284205148,2.6520102025280026,1.8703802629185189,2.651292980533084,2.1142712417586798,1.890878246378338,1.646662529059944,2.236573295278567,2.404924813559527,2.7845387336497502,0.7165695783016457,3.737636329254832,1.880979714264278,1.8274347021965225,2.2566942625936104,2,4692,Postgraduate,Partner
725,0.732152918854807,1.91895833604257,1.429417610278297,1.671939563932239,1.5939165772483976,1.7745559783529834,1.7733758771581294,1.601364217550025,1.646662529059944,2.236573295278567,2.404924813559527,2.7845387336497502,2.900007880324929,0.6502619751517529,1.3567499951051178,1.8274347021965225,1.007326393911976,2,7212,Undergraduate,Partner
726,2.8414428694427345,1.5389019320202992,2.9385977191824075,5.014231741707535,3.805626062609369,3.071396127411048,2.260369255158915,3.3577493257751243,2.16657905409441,2.236573295278567,2.404924813559527,2.7845387336497502,3.9917270313365703,2.3191129773696333,3.5465703409598377,1.8274347021965225,3.0896061750480333,1,6086,Graduate,Partner
727,2.898409263966818,0.9169914527111293,4.240228500732318,1.9232397276747424,1.9729393721187252,1.884148103625496,2.187320248458797,1.890878246378338,3.206412104163342,2.236573295278567,2.404924813559527,1.6803965688486042,2.875308352021498,3.6541937791439376,3.150080141975536,1.8274347021965225,4.20015539165393,0,437,Postgraduate,Alone
728,1.5431573642245984,1.5389019320202992,1.545052235518494,1.7221995966807395,1.700934778152961,1.7197599157167271,1.74902620825809,1.9487810521440008,2.16657905409441,2.236573295278567,3.739929444462023,3.888680898450896,2.959286748253163,3.403866128811256,1.4878074248949078,1.8274347021965225,1.4237823501391875,2,11171,Postgraduate,Partner
729,2.1855858884415538,3.370082787763967,1.512437341219977,1.6970695803064892,1.6830984113355334,1.7014945615046415,1.675977201557972,1.6785679585709086,2.6864955791288763,2.236573295278567,5.074934075364517,3.888680898450896,1.4723751443866284,3.90452142947662,1.4314029614410742,1.8274347021965225,1.4237823501391875,2,11101,Postgraduate,Alone
730,1.7179131634130815,3.093678130293225,1.4679624853583628,1.9483697440489929,1.696475686448604,1.884148103625496,1.8707745527582864,2.257596016227535,2.16657905409441,2.236573295278567,2.404924813559527,2.7845387336497502,2.228180710471611,1.5681300263715872,1.5077148825844962,1.8274347021965225,1.5626010022149246,2,5329,Undergraduate,Partner
731,3.74017370376968,3.508285116499338,2.339669660246002,2.325319989662748,3.194730499112488,4.167317380136173,2.43081693745919,2.257596016227535,1.646662529059944,2.236573295278567,1.0699201826570324,1.6803965688486042,1.3538174085301606,2.736325727924104,2.823266044904794,2.097698253304456,3.367243479199508,1,610,Graduate,Partner
732,3.8154474061587633,2.6099699797194256,4.100873952365927,2.4509700715339995,3.127844123547136,3.016600064774792,2.43081693745919,5.172037239765886,1.646662529059944,2.236573295278567,1.0699201826570324,1.6803965688486042,2.62831306898719,3.737636329254832,3.9380836755217423,3.1787524577361905,3.2284248271237703,1,9384,Graduate,Partner
733,0.7096637386348585,1.91895833604257,1.4353475910598457,1.7975896458034906,1.6429665859963225,1.7197599157167271,1.8707745527582864,1.620665152805246,2.6864955791288763,2.236573295278567,2.404924813559527,2.7845387336497502,1.5859929745824102,1.8184576767042693,1.389929091254432,1.8274347021965225,1.4237823501391875,2,5956,Undergraduate,Partner
734,3.2262215913464383,1.6771042607556703,2.2685098908674197,2.0991498422944947,3.2482395995647693,4.167317380136173,4.257042104962136,2.334799757248418,1.646662529059944,2.236573295278567,1.0699201826570324,0.5762544040474584,1.1414014651206557,0.1496066744863888,2.9194854237378043,1.8274347021965225,3.783699435426719,1,10430,Graduate,Alone
735,1.4853545952295244,1.8153065894910416,1.4412775718413942,1.74732961305499,1.6206711274745382,1.6466984988683857,1.74902620825809,1.6978688938261293,1.646662529059944,2.236573295278567,2.404924813559527,1.6803965688486042,2.0058849557407337,2.2356704272587398,1.373339543179775,2.6382253555203232,1.007326393911976,2,7875,Graduate,Alone
736,2.8731321688435707,0.640586795240387,3.7094952207837215,3.682340873872267,2.7131485950419534,1.9206788120496667,2.503865944159308,2.740119397608056,1.646662529059944,2.236573295278567,1.0699201826570324,1.6803965688486042,1.334057785887416,3.570751229033044,3.342518899641557,4.259806662167925,4.338974043729667,1,7072,Undergraduate,Partner
737,3.7968148415550456,3.7155886096023942,2.965282632699376,2.7274002516507534,4.898103530176783,2.651292980533084,3.0395586599601723,3.106837167457253,1.646662529059944,2.236573295278567,1.0699201826570324,1.6803965688486042,1.477315050047315,2.0687853270369514,3.810344155346884,1.8274347021965225,3.506062131275245,1,6255,Postgraduate,Partner
738,2.3134117867578308,3.819240356153923,2.4671642470492965,1.8729796949262416,1.8837575380315892,1.9572095204738376,1.7733758771581294,1.5627623470395833,2.16657905409441,2.236573295278567,2.404924813559527,2.7845387336497502,1.916966653848383,3.236981028589468,2.071759517122833,1.8274347021965225,2.6731502188208216,2,6516,Postgraduate,Partner
739,2.629933058779088,3.646487445234709,2.748838334172853,3.0038304317675077,2.539244018572038,3.5462953369252688,4.062244753761823,4.399999829557052,1.646662529059944,2.236573295278567,2.404924813559527,1.6803965688486042,1.5069544840114315,1.8184576767042693,3.0920167237142366,1.8274347021965225,3.783699435426719,1,5564,Graduate,Alone
740,3.681069907819733,1.3315984389172426,3.7361801343006897,6.145082478548801,4.661771669845873,2.3955780215638875,2.3334182618590327,2.334799757248418,1.646662529059944,2.236573295278567,1.0699201826570324,1.6803965688486042,2.98892618221728,2.3191129773696333,4.241672405287964,6.151651519923461,3.922518087502456,1,5682,Graduate,Partner
741,3.4280666303453136,2.575419397535583,3.531595797337264,4.009031086737521,3.257157782973483,3.5462953369252688,3.623950713561115,3.0296334264363693,1.646662529059944,2.236573295278567,1.0699201826570324,1.6803965688486042,0.8746465594436028,1.4846874762606932,3.715783731321338,1.8274347021965225,3.367243479199508,1,7458,Graduate,Partner
742,2.886653556124573,1.6080030963879848,2.493849160566265,2.551490137031001,2.989612280712075,3.345376440592329,4.500538793962529,3.2033418437333574,1.646662529059944,2.236573295278567,1.0699201826570324,1.6803965688486042,3.082784389770317,1.5681300263715872,2.9957973448812263,1.8274347021965225,3.783699435426719,1,5237,Undergraduate,Partner
743,2.8106828750096646,2.54086881535174,3.79844493250695,1.9734997604232432,3.26161687467784,1.938944166261752,1.9681732283584437,1.7171698290813504,3.726328629197808,2.236573295278567,2.404924813559527,2.7845387336497502,3.981847220015198,2.0687853270369514,3.36076740252368,3.449016008844124,3.0896061750480333,0,7761,Postgraduate,Partner
744,2.6383897339857625,1.5043513498364565,4.083084010021281,1.9232397276747424,2.0398257476840773,1.884148103625496,1.675977201557972,4.419300764812272,3.726328629197808,2.236573295278567,2.404924813559527,2.7845387336497502,1.986125333097989,2.736325727924104,3.2695248881130663,1.8274347021965225,2.6731502188208216,0,5278,Graduate,Partner
745,1.8089850502541949,0.640586795240387,1.5480172259092684,1.7221995966807395,1.692016594744247,1.6466984988683857,1.7733758771581294,1.92948011688878,2.16657905409441,2.236573295278567,2.404924813559527,2.7845387336497502,2.914827597306988,1.4846874762606932,1.4795126508575795,1.8274347021965225,1.4237823501391875,2,3560,Postgraduate,Partner
746,1.7238142499583988,3.6119368630508655,1.6547568799771426,1.671939563932239,1.6206711274745382,1.6466984988683857,1.675977201557972,1.7943735701022336,1.646662529059944,2.236573295278567,2.404924813559527,2.7845387336497502,1.003084106621443,3.1535384784785734,1.4911253345098392,1.8274347021965225,1.5626010022149246,2,7235,Postgraduate,Partner
747,1.5702001387866025,0.9169914527111293,1.462032504576814,1.7975896458034906,1.6875575030398902,1.8658827494134105,1.7977255460581685,1.6978688938261293,2.16657905409441,2.236573295278567,2.404924813559527,2.7845387336497502,1.916966653848383,1.317802376038905,1.4363798258634717,1.8274347021965225,1.4237823501391875,2,10548,Undergraduate,Partner
748,3.5971536692304213,1.7807560073071989,2.155840256017997,2.0740198259202445,2.5838349356156063,2.0302709373221792,2.723012964259661,1.7943735701022336,2.16657905409441,2.236573295278567,3.739929444462023,2.7845387336497502,0.914165804729092,2.485998077591421,2.2625393199813884,1.8274347021965225,2.950787522972296,0,2281,Graduate,Alone
749,3.5571470903680757,1.0897443636303432,3.347766393109259,4.360851315977026,3.3329623419475483,4.843135485983334,3.3074050178606043,2.257596016227535,1.646662529059944,2.236573295278567,1.0699201826570324,1.6803965688486042,1.793469012331229,0.7337045252626471,3.694217318824285,1.8274347021965225,3.367243479199508,1,4073,Postgraduate,Partner
750,1.3891250658173075,1.0551937814465004,1.545052235518494,1.6970695803064892,1.6295893108832518,1.6832292072925563,1.7003268704580117,2.1417904046962093,1.646662529059944,2.236573295278567,2.404924813559527,1.6803965688486042,2.6381928803085626,1.5681300263715872,1.4695589220127854,4.259806662167925,1.2849636980634502,2,6974,Postgraduate,Alone
751,3.4104098359577506,3.819240356153923,2.0313106596054764,2.551490137031001,2.949480455372864,2.486904792624314,2.08992157285864,5.866870908953837,1.646662529059944,2.236573295278567,1.0699201826570324,0.5762544040474584,0.7758484462298796,3.737636329254832,2.7087981631896607,1.8274347021965225,3.0896061750480333,1,7938,Graduate,Alone
752,2.1836808132576326,3.750139191786237,1.838586284205148,1.74732961305499,1.7589029703095989,1.7197599157167271,1.675977201557972,2.624313786076731,2.6864955791288763,2.236573295278567,2.404924813559527,2.7845387336497502,2.7024116538974825,3.4873086789221497,1.728355871977434,1.8274347021965225,1.840238306366399,2,7094,Graduate,Partner
753,3.403811770686609,0.9169914527111293,3.169866969662801,2.9535703990190063,5.593721836056444,6.158240989253484,1.675977201557972,3.1454390379676944,1.646662529059944,2.236573295278567,1.0699201826570324,1.6803965688486042,3.828710144533927,1.6515725764824811,4.427475343724122,1.8274347021965225,2.811968870896559,1,3667,Graduate,Partner
754,3.052766819112828,0.8478902883434436,3.193586892788996,4.1095511522345225,2.887053171511869,3.966398483803233,4.9144831652631975,3.820971771900425,1.646662529059944,2.236573295278567,1.0699201826570324,1.6803965688486042,3.8583495784980446,0.817147075373541,3.589703165953946,1.8274347021965225,4.477792695805405,1,7723,Graduate,Partner
755,2.09841708246506,3.78468977397008,1.5569121970815911,1.9734997604232432,1.692016594744247,2.1763937710188626,2.0412222350585614,2.662915656587173,1.646662529059944,2.236573295278567,2.404924813559527,2.7845387336497502,2.0750436349903403,2.6528831778132096,1.630477538336958,1.8274347021965225,1.5626010022149246,2,3870,Undergraduate,Partner
756,2.803155504770756,2.437217068800212,2.3218797179013566,1.8478496785519916,1.919430271666444,1.82935204098924,1.675977201557972,2.6050128508215105,3.206412104163342,2.236573295278567,2.404924813559527,2.7845387336497502,2.559154389737584,3.403866128811256,2.073418471930299,1.8274347021965225,2.5343315667450845,0,4012,Postgraduate,Partner
757,3.268040314895929,0.7442385417919153,1.963115880617668,2.47610008790825,3.141221398660206,3.034865418986877,2.455166606359229,3.222642778988578,2.16657905409441,2.236573295278567,2.404924813559527,2.7845387336497502,2.37143797463151,1.4846874762606932,2.5843765526297338,1.8274347021965225,3.2284248271237703,0,5909,Graduate,Partner
758,3.5875353628140383,2.6099699797194256,3.783619980553079,4.561891446971028,2.6730167697027425,4.386501630681198,1.675977201557972,5.442250333338978,1.646662529059944,2.236573295278567,1.0699201826570324,1.6803965688486042,1.5711732576003516,3.821078879365726,3.826933703421541,1.8274347021965225,3.2284248271237703,1,10470,Postgraduate,Partner
759,1.904610531437364,0.951542034894972,2.591693843461816,1.7975896458034906,1.9952348306405088,2.158128416806777,2.3090685929589934,3.647263354603437,5.286078204301206,2.236573295278567,3.739929444462023,2.7845387336497502,2.7172313708795413,2.6528831778132096,2.411845252653301,3.449016008844124,2.950787522972296,0,6488,Graduate,Alone
760,1.4818697016004003,1.4006996032849282,1.545052235518494,1.6970695803064892,1.6875575030398902,1.7014945615046415,1.7733758771581294,1.7171698290813504,2.6864955791288763,2.236573295278567,3.739929444462023,3.888680898450896,2.7715703331470887,2.0687853270369514,1.461264147975457,1.8274347021965225,1.4237823501391875,2,10270,Graduate,Partner
761,0.2372050930223892,3.2664310412124387,1.7466715820911454,1.7221995966807395,1.6429665859963225,1.6832292072925563,1.7246765393580508,1.7171698290813504,1.126746004025478,2.236573295278567,2.404924813559527,2.7845387336497502,3.393998446393545,3.3204235787003618,1.554165617193536,1.8274347021965225,0.7296890897605017,2,6887,Postgraduate,Partner
762,1.8456925964809705,3.6119368630508655,1.4679624853583628,1.671939563932239,1.6028347606571112,1.6466984988683857,1.675977201557972,1.4855586060186998,1.646662529059944,2.236573295278567,3.739929444462023,3.888680898450896,2.959286748253163,3.6541937791439376,1.3534320854901865,1.8274347021965225,1.007326393911976,2,6406,Graduate,Partner
763,1.8135386445962507,2.851824055006325,1.636966937632497,1.671939563932239,1.6652620445181063,1.6466984988683857,1.675977201557972,1.601364217550025,2.16657905409441,2.236573295278567,2.404924813559527,1.6803965688486042,2.0849234463117123,2.6528831778132096,1.481171605665045,1.8274347021965225,1.4237823501391875,2,7573,Postgraduate,Alone
764,3.3696598131211912,3.750139191786237,3.44561107600481,1.9483697440489929,3.337421433651905,3.016600064774792,1.675977201557972,1.4855586060186998,1.646662529059944,2.236573295278567,1.0699201826570324,1.6803965688486042,1.3488775028694744,3.236981028589468,3.247958475616012,1.8274347021965225,2.950787522972296,1,4508,Postgraduate,Partner
765,2.2951044788928314,3.370082787763967,1.5065073604384285,1.6970695803064892,1.6385074942919655,1.6466984988683857,1.7003268704580117,1.5627623470395833,2.16657905409441,2.236573295278567,3.739929444462023,2.7845387336497502,1.5415338236362346,3.4873086789221497,1.3982238652917602,1.8274347021965225,1.1461450459877132,2,221,Postgraduate,Alone
766,3.277101038331652,1.6080030963879848,2.977142594262473,1.671939563932239,3.917103355218289,5.792933905011775,4.597937469562687,4.071883930218297,2.16657905409441,2.236573295278567,2.404924813559527,1.6803965688486042,2.0207046727227924,2.1522278771478454,3.856794889955923,1.8274347021965225,3.367243479199508,1,5331,Graduate,Alone
767,3.2403005616081,3.6119368630508655,2.650993651277302,1.9734997604232432,4.024121556122852,3.071396127411048,6.107616941365123,1.4855586060186998,1.646662529059944,2.236573295278567,1.0699201826570324,0.5762544040474584,1.0080240122821291,1.9019002268151632,3.367403221753542,1.8274347021965225,3.0896061750480333,1,1911,Postgraduate,Alone
768,1.605513727561728,2.091711246961784,1.4472075526229429,1.7975896458034906,1.6117529440658247,1.7928213325650688,1.675977201557972,1.5820632822948042,2.16657905409441,2.236573295278567,3.739929444462023,3.888680898450896,0.9635648613359538,1.735015126593375,1.3749984979872405,1.8274347021965225,1.1461450459877132,2,20,Graduate,Partner
769,0.8761951888586086,1.9880595004102557,1.4353475910598457,1.74732961305499,1.6162120357701817,1.7197599157167271,1.7003268704580117,1.6592670233156877,1.646662529059944,2.236573295278567,2.404924813559527,1.6803965688486042,0.8301874084974274,2.2356704272587398,1.3683626787573775,1.8274347021965225,1.1461450459877132,2,8786,Graduate,Alone
770,1.3352718429352408,0.9169914527111293,1.4323826006690714,1.74732961305499,1.625130219178895,1.6832292072925563,1.7977255460581685,1.5820632822948042,1.646662529059944,2.236573295278567,2.404924813559527,2.7845387336497502,1.092002408513794,2.0687853270369514,1.366703723949912,1.8274347021965225,1.007326393911976,2,10582,Graduate,Partner
771,1.387452316875328,2.0226100825940985,1.4472075526229429,1.7221995966807395,1.6563438611093928,1.756290624140898,1.822075214958208,1.5434614117843624,1.646662529059944,2.236573295278567,2.404924813559527,2.7845387336497502,2.4455365595418024,2.0687853270369514,1.389929091254432,1.8274347021965225,1.1461450459877132,2,1915,Graduate,Partner
772,0.8686678186197003,0.8133397061596008,1.4412775718413942,1.9734997604232432,1.6117529440658247,1.7014945615046415,2.0655719039586007,1.8136745053574548,2.16657905409441,2.236573295278567,2.404924813559527,2.7845387336497502,3.5915946728209915,0.900589625484435,1.42144923259628,1.8274347021965225,1.2849636980634502,2,8897,Undergraduate,Partner
773,0.7162153386576122,3.957442684889294,1.482787437312234,1.7221995966807395,1.67418022792682,1.6466984988683857,1.7246765393580508,1.601364217550025,3.726328629197808,2.236573295278567,3.739929444462023,3.888680898450896,1.2500793896557512,3.0700959283676794,1.404859684521623,1.8274347021965225,1.5626010022149246,2,2371,Postgraduate,Partner
774,1.8973619526887853,1.6080030963879848,2.390074496889165,2.8781803498962555,2.418848542554405,2.3590473131397167,2.1142712417586798,5.307143786552432,4.246245154232274,2.236573295278567,2.404924813559527,1.6803965688486042,3.270500804876391,2.4025555274805277,2.675619067040347,4.259806662167925,3.0896061750480333,0,4303,Postgraduate,Alone
775,1.9540030904741517,1.4006996032849282,2.398969468061488,1.898109711300492,2.14684394858864,2.103332354170521,1.7733758771581294,4.168388606494401,4.246245154232274,2.236573295278567,2.404924813559527,2.7845387336497502,0.7412691066050765,1.5681300263715872,2.370371382466659,2.6382253555203232,2.811968870896559,0,6825,Postgraduate,Partner
776,1.8144679495640168,1.6771042607556703,2.108400409765608,2.3504500060369984,1.9060529965533728,1.884148103625496,1.74902620825809,2.1417904046962093,3.206412104163342,2.236573295278567,2.404924813559527,1.6803965688486042,3.843529861515986,1.735015126593375,1.952314770985303,1.8274347021965225,2.3955129146693475,2,1072,Graduate,Alone
777,2.8398165857491438,2.1953629935133123,2.974177603871699,5.893782314806297,4.73757622881994,3.107926835835219,3.5265520379609576,2.662915656587173,1.646662529059944,2.236573295278567,1.0699201826570324,1.6803965688486042,3.206282031287471,4.32173418003109,4.001123958205438,1.8274347021965225,2.3955129146693475,1,4964,Postgraduate,Partner
778,3.7305553973532968,2.6445205619032683,1.9749758421807653,2.249929940539997,3.578212385687172,2.194659125230948,2.236019586258876,1.92948011688878,1.646662529059944,2.236573295278567,1.0699201826570324,1.6803965688486042,3.547135521874816,3.3204235787003618,2.5362668632132284,6.151651519923461,2.811968870896559,1,2461,Postgraduate,Partner
779,0.7008353414410773,2.3335653222486834,1.4412775718413942,1.8729796949262416,1.6385074942919655,1.8658827494134105,1.7246765393580508,1.736470764336571,1.646662529059944,2.236573295278567,1.0699201826570324,0.5762544040474584,2.2923994840605317,3.90452142947662,1.4098365489440203,2.6382253555203232,1.2849636980634502,2,10736,Graduate,Alone
780,2.3017490094123616,1.91895833604257,1.972010851789991,1.7221995966807395,1.874839354622876,1.7745559783529834,1.7246765393580508,1.7171698290813504,3.206412104163342,2.236573295278567,3.739929444462023,3.888680898450896,1.7885291066705429,1.5681300263715872,1.7748066065864734,1.8274347021965225,2.1178756105178733,2,3194,Graduate,Partner
781,2.081364336306545,3.059127548109382,1.5213323123922995,2.1494098750429957,1.7455256951965286,2.1215977083826063,2.016872566158522,2.489207239290185,2.16657905409441,2.236573295278567,2.404924813559527,1.6803965688486042,2.8110895784325782,2.986653378256785,1.6205238094921637,1.8274347021965225,1.5626010022149246,2,10839,Graduate,Alone
782,2.019054438217804,1.7807560073071989,2.078750505857865,1.74732961305499,1.8570029878054488,1.8658827494134105,1.8951242216583255,1.7171698290813504,1.646662529059944,2.236573295278567,1.0699201826570324,0.5762544040474584,3.1815825029840403,2.9032108281458915,1.84945957292243,2.908488906628257,2.2566942625936104,2,49,Postgraduate,Alone
783,3.191744377042302,4.02654384925698,2.8496480074591792,2.3755800224112487,2.195893957336565,3.016600064774792,2.016872566158522,2.1610913399514304,2.6864955791288763,2.236573295278567,2.404924813559527,2.7845387336497502,0.5930719367844917,3.570751229033044,2.599307145896925,1.8274347021965225,3.367243479199508,0,4290,Postgraduate,Partner
784,2.715010928578107,1.2279466923657143,3.1609719984904787,2.7776602843992544,2.5347849268676814,2.486904792624314,1.8707745527582864,4.901824146192794,2.6864955791288763,2.236573295278567,2.404924813559527,1.6803965688486042,3.6212341067851086,2.6528831778132096,3.1036294073664967,1.8274347021965225,3.783699435426719,1,10219,Undergraduate,Alone
785,3.3546050726433747,2.5063182331678973,3.288466585293773,3.958771053989021,4.251535233045049,4.550889818589967,3.8917970714615473,1.775072634847013,1.646662529059944,2.236573295278567,1.0699201826570324,1.6803965688486042,2.979046370895908,1.9853427769260568,3.948037404366536,1.8274347021965225,3.783699435426719,1,4211,Graduate,Partner
786,0.8177419063860982,1.9880595004102557,1.5005773796568798,1.6970695803064892,1.6608029528137496,1.8658827494134105,1.7246765393580508,1.5820632822948042,2.6864955791288763,2.236573295278567,2.404924813559527,2.7845387336497502,1.5612934462789794,2.4025555274805277,1.4264260970186773,1.8274347021965225,1.5626010022149246,2,1135,Graduate,Partner
787,2.794512968570528,3.4391839521316525,2.4078644392338107,1.7975896458034906,2.2984530665367715,2.3042512505034605,2.3334182618590327,1.7943735701022336,3.206412104163342,2.236573295278567,2.404924813559527,2.7845387336497502,1.5662333519396654,2.2356704272587398,2.27746991324858,1.8274347021965225,2.950787522972296,0,6299,Postgraduate,Partner
788,2.1027383505651738,3.093678130293225,1.4857524277030083,1.6970695803064892,1.6340484025876088,1.6832292072925563,1.7003268704580117,1.6399660880604667,1.646662529059944,2.236573295278567,3.739929444462023,2.7845387336497502,2.86048863503944,3.403866128811256,1.3949059556768288,1.8274347021965225,1.1461450459877132,2,10846,Graduate,Alone
789,1.5383714436406013,2.7827228906386394,1.512437341219977,2.249929940539997,1.718771144970388,2.1763937710188626,2.016872566158522,2.392702563014081,2.6864955791288763,2.236573295278567,3.739929444462023,3.888680898450896,3.1865224086447266,3.821078879365726,1.6089111258399038,1.8274347021965225,1.5626010022149246,2,347,Graduate,Partner
790,3.763034605976735,0.9169914527111293,3.226201787087513,5.39118198732129,2.6061303941373906,1.9206788120496667,5.279728198763786,1.910179181633559,1.646662529059944,2.236573295278567,1.0699201826570324,0.5762544040474584,1.7539497670457396,4.405176730141983,3.2628890688832035,1.8274347021965225,4.338974043729667,1,6543,Postgraduate,Alone
791,2.158868370618268,3.2664310412124387,4.510042626292778,2.752530268025004,2.4991121932328277,4.441297693317454,3.088257997760251,2.045285728420105,2.6864955791288763,2.236573295278567,1.0699201826570324,1.6803965688486042,2.806149672771892,3.236981028589468,3.858453844763389,5.34086086659966,3.644880783350982,1,10446,Graduate,Partner
792,2.2280551254684813,2.9209252193740105,2.648028660886528,1.671939563932239,1.7053938698573174,1.6466984988683857,1.675977201557972,1.890878246378338,4.246245154232274,2.236573295278567,3.739929444462023,3.888680898450896,1.7588896727064258,1.735015126593375,2.0866901103900246,1.8274347021965225,2.6731502188208216,0,3479,Postgraduate,Partner
793,2.5611644911643694,3.508285116499338,1.530227283564623,1.6970695803064892,1.67418022792682,1.6832292072925563,1.846424883858247,1.4855586060186998,1.646662529059944,2.236573295278567,2.404924813559527,2.7845387336497502,1.0722427858710493,2.1522278771478454,1.4314029614410742,1.8274347021965225,1.2849636980634502,2,11075,Postgraduate,Partner
794,2.487610002965654,1.6080030963879848,1.9067810631929567,2.3755800224112487,2.195893957336565,2.231189833655119,1.74902620825809,2.354100692503639,3.206412104163342,2.236573295278567,2.404924813559527,2.7845387336497502,1.828048351956032,3.3204235787003618,1.9987655055943423,1.8274347021965225,2.3955129146693475,0,4442,Graduate,Partner
795,2.6920106306258877,3.646487445234709,3.276606623730676,3.0038304317675077,2.3831758089195505,2.06680164574635,2.08992157285864,4.052582994963076,4.76616167926674,2.236573295278567,3.739929444462023,3.888680898450896,2.8802482576821844,2.0687853270369514,3.030635395838006,2.908488906628257,2.3955129146693475,0,199,Graduate,Partner
796,3.28853148943518,2.126261829145627,3.2202718063059645,2.325319989662748,3.685230586591735,3.893337066954892,5.596273894464297,3.2998465200094618,2.16657905409441,2.236573295278567,2.404924813559527,1.6803965688486042,2.806149672771892,2.0687853270369514,3.778824014005036,1.8274347021965225,3.367243479199508,1,6722,Graduate,Alone
797,1.1682292749792194,0.640586795240387,1.43831258145062,1.9232397276747424,1.625130219178895,1.7014945615046415,2.0655719039586007,2.103188534185768,1.646662529059944,2.236573295278567,1.0699201826570324,1.6803965688486042,1.8527478802594628,1.317802376038905,1.4463335547082656,1.8274347021965225,1.1461450459877132,2,796,Graduate,Partner
798,0.9120663606143942,0.6751373774242297,1.4649974949675884,1.7221995966807395,1.6652620445181063,1.756290624140898,1.7003268704580117,1.6785679585709086,2.16657905409441,2.236573295278567,2.404924813559527,1.6803965688486042,2.736990993522286,2.0687853270369514,1.406518639329089,3.449016008844124,1.2849636980634502,2,3749,Graduate,Alone
799,3.3194773448618022,0.6751373774242297,1.9749758421807653,6.0445624130518,2.730984961859381,2.5599662094726563,2.4064672685591506,2.103188534185768,1.646662529059944,2.236573295278567,1.0699201826570324,0.5762544040474584,0.7313892952837042,1.8184576767042693,2.531289998790831,1.8274347021965225,2.6731502188208216,1,8523,Graduate,Alone
800,2.370656972772245,3.128228712477068,2.5946588338525904,1.671939563932239,2.655180402885315,3.290580377956073,3.356104355660683,2.81732313862894,4.246245154232274,2.236573295278567,2.404924813559527,2.7845387336497502,3.107483918073748,3.4873086789221497,2.7535899429912347,1.8274347021965225,3.506062131275245,0,310,Postgraduate,Partner
801,4.186054227304028,3.128228712477068,2.645063670495753,3.506430759252514,4.920398988698567,3.034865418986877,5.596273894464297,2.064586663675326,1.126746004025478,2.236573295278567,1.0699201826570324,1.6803965688486042,1.6650314651533886,0.900589625484435,3.810344155346884,1.8274347021965225,3.644880783350982,1,8629,Postgraduate,Partner
802,2.9848346259690994,1.0551937814465004,2.544253997209428,1.898109711300492,1.9595620970056549,1.9937402288980084,1.7733758771581294,1.5627623470395833,2.16657905409441,2.236573295278567,2.404924813559527,2.7845387336497502,0.8252475028367412,2.2356704272587398,2.148071438266255,1.8274347021965225,2.811968870896559,2,236,Postgraduate,Partner
803,1.3494437436936797,3.7155886096023942,1.450172543013717,1.7221995966807395,1.607293852361468,1.6832292072925563,1.7003268704580117,1.5627623470395833,1.646662529059944,2.236573295278567,3.739929444462023,3.888680898450896,1.1265817481385971,1.735015126593375,1.3600679047200492,1.8274347021965225,1.007326393911976,2,9930,Graduate,Partner
804,0.965408465764189,2.9554758015578533,1.6310369568509482,1.671939563932239,2.597212210728677,2.5782315636847417,5.498875218864141,2.798022203373719,2.6864955791288763,2.236573295278567,1.0699201826570324,0.5762544040474584,3.463157125643152,3.570751229033044,2.2724930488261825,1.8274347021965225,2.811968870896559,1,3483,Graduate,Alone
805,2.971684960675204,2.5063182331678973,3.3329414411553877,2.023759793171744,1.807952979057524,1.6466984988683857,1.846424883858247,2.5857119155662893,1.646662529059944,2.236573295278567,2.404924813559527,2.7845387336497502,1.0426033519069324,2.0687853270369514,2.602625055511856,1.8274347021965225,3.367243479199508,0,4599,Graduate,Partner
806,1.1186043897004905,1.8153065894910416,1.4531375334044911,1.8478496785519916,1.6295893108832518,1.884148103625496,1.822075214958208,1.7171698290813504,2.16657905409441,2.236573295278567,2.404924813559527,2.7845387336497502,2.0750436349903403,1.5681300263715872,1.4181313229813486,1.8274347021965225,1.2849636980634502,2,7326,Undergraduate,Partner
807,3.470117680136746,1.1588455279980288,3.920009538528696,3.0038304317675077,5.1745672158469045,2.06680164574635,3.404803693460761,1.8136745053574548,1.646662529059944,2.236573295278567,1.0699201826570324,0.5762544040474584,2.6628924086119934,1.4012449261497992,4.326279100468716,5.070597315491726,2.950787522972296,1,7352,Postgraduate,Alone
808,0.9447778954797736,2.126261829145627,1.450172543013717,1.9232397276747424,1.6474256777006793,1.7014945615046415,1.943823559458404,1.6978688938261293,2.16657905409441,2.236573295278567,2.404924813559527,2.7845387336497502,2.193601370846808,2.0687853270369514,1.4181313229813486,1.8274347021965225,1.2849636980634502,2,2350,Graduate,Partner
809,2.572362616025955,0.640586795240387,2.8051731515975646,1.7975896458034906,1.874839354622876,1.7745559783529834,1.675977201557972,2.199693210461872,1.646662529059944,2.236573295278567,1.0699201826570324,0.5762544040474584,0.6572907103734118,2.986653378256785,2.2841057324784426,3.989543111059992,2.950787522972296,1,9145,Graduate,Alone
810,0.9613195239060166,3.197329876844753,1.5183673220015257,1.74732961305499,1.7990347956488102,1.9937402288980084,2.187320248458797,2.296197886737976,1.646662529059944,2.236573295278567,1.0699201826570324,1.6803965688486042,2.746870804843658,2.819768278034997,1.5956394873801782,1.8274347021965225,1.5626010022149246,2,2964,Graduate,Partner
811,3.997916436579709,2.7481723084547967,5.853183273313529,2.626880186153752,2.869216804694441,2.5599662094726563,3.063908328860212,2.1224894694409886,1.646662529059944,2.236573295278567,2.404924813559527,2.7845387336497502,2.5789140123803285,3.1535384784785734,4.573463366781104,6.692178622139329,3.2284248271237703,1,5585,Graduate,Partner
812,3.560306727258481,2.402666486616369,3.6590903841405584,4.737801561590781,3.711985136817876,2.3590473131397167,5.401476543263983,2.1417904046962093,1.646662529059944,2.236573295278567,2.404924813559527,1.6803965688486042,2.7567506161650304,3.1535384784785734,3.941401585136673,1.8274347021965225,3.783699435426719,1,9687,Undergraduate,Alone
813,4.259655180751132,3.991993267073137,5.221640320078606,2.048889809545994,2.869216804694441,2.012005583110094,1.675977201557972,1.775072634847013,2.6864955791288763,2.236573295278567,5.074934075364517,4.992823063252041,2.653012597290621,3.570751229033044,4.007759777435301,4.259806662167925,2.5343315667450845,0,3732,Graduate,Partner
814,1.678742959021725,3.231880459028596,1.4946473988753313,1.6970695803064892,1.625130219178895,1.6832292072925563,1.7003268704580117,1.5241604765291417,2.16657905409441,2.236573295278567,5.074934075364517,3.888680898450896,3.221101748269529,2.9032108281458915,1.3866111816395006,1.8274347021965225,1.1461450459877132,2,6303,Graduate,Alone
815,3.683067913500431,3.508285116499338,3.9793093463441815,2.3755800224112487,3.4132259926259705,2.980069356350621,3.0395586599601723,2.5664109803110686,1.646662529059944,2.236573295278567,2.404924813559527,1.6803965688486042,2.6332529746478763,3.236981028589468,3.7854598332348974,1.8274347021965225,3.506062131275245,1,11176,Postgraduate,Alone
816,0.6876392108987934,1.435250185468771,1.43831258145062,1.671939563932239,1.6117529440658247,1.884148103625496,1.675977201557972,1.5048595412739207,1.646662529059944,2.236573295278567,2.404924813559527,2.7845387336497502,1.180920710406145,1.0674747257062231,1.3633858143349806,1.8274347021965225,1.1461450459877132,2,2986,Graduate,Partner
817,2.4943474639819607,2.886374637190168,1.45906751418604,1.7975896458034906,1.7143120532660312,1.847617395201325,1.7003268704580117,1.6399660880604667,1.646662529059944,2.236573295278567,3.739929444462023,2.7845387336497502,1.6699713708140749,1.735015126593375,1.4314029614410742,1.8274347021965225,1.2849636980634502,2,7462,Postgraduate,Alone
818,2.186608123906097,3.888341520521609,2.4701292374400707,2.0740198259202445,2.285075791423701,1.7745559783529834,1.7977255460581685,4.284194218025726,1.646662529059944,2.236573295278567,1.0699201826570324,0.5762544040474584,3.833650050194613,0.399934324819071,2.454978077647409,1.8274347021965225,2.950787522972296,1,3900,Graduate,Alone
819,2.5483865478575805,2.091711246961784,2.6776785647942707,1.7975896458034906,1.9907757389361525,1.6466984988683857,2.0655719039586007,1.6785679585709086,2.6864955791288763,2.236573295278567,3.739929444462023,3.888680898450896,2.6628924086119934,2.485998077591421,2.226042314217143,1.8274347021965225,2.950787522972296,0,7034,Postgraduate,Partner
820,1.0872868122867605,0.9860926170788148,1.4353475910598457,1.7975896458034906,1.6206711274745382,1.6466984988683857,2.1142712417586798,1.8329754406126757,2.16657905409441,2.236573295278567,2.404924813559527,2.7845387336497502,1.9219065595090687,1.4012449261497992,1.4098365489440203,1.8274347021965225,1.2849636980634502,2,9493,Undergraduate,Partner
821,1.5663899884187602,3.888341520521609,1.5035423700476542,1.6970695803064892,1.6295893108832518,1.6832292072925563,1.7003268704580117,1.5048595412739207,2.16657905409441,2.236573295278567,3.739929444462023,3.888680898450896,3.0580848614668863,2.485998077591421,1.3915880460618977,1.8274347021965225,1.1461450459877132,2,1143,Graduate,Partner
822,3.236815667978976,2.368115904432526,2.4256543815784566,4.762931577965031,2.811248612537803,2.486904792624314,4.670986476262804,4.206990477004842,3.726328629197808,2.236573295278567,2.404924813559527,2.7845387336497502,2.845668918057381,3.403866128811256,3.057178672757457,1.8274347021965225,3.783699435426719,1,1,Graduate,Partner
823,2.219366124019865,2.229913575697155,1.9957307749161848,1.898109711300492,2.02198938086665,1.6466984988683857,1.822075214958208,3.068235296946811,2.16657905409441,2.236573295278567,2.404924813559527,1.6803965688486042,2.712291465218855,2.0687853270369514,1.9655864094450288,1.8274347021965225,2.2566942625936104,2,3855,Postgraduate,Alone
824,3.715918844110975,4.02654384925698,3.098707200284218,2.928440382644756,5.0407944647162015,2.158128416806777,2.43081693745919,5.094833498745002,1.646662529059944,2.236573295278567,1.0699201826570324,0.5762544040474584,3.769431276605693,1.4012449261497992,4.035962009162218,1.8274347021965225,4.20015539165393,1,5536,Graduate,Alone
825,2.05185890357996,2.091711246961784,1.5213323123922995,1.671939563932239,1.6162120357701817,1.6466984988683857,1.7003268704580117,1.6399660880604667,1.646662529059944,2.236573295278567,2.404924813559527,1.6803965688486042,2.376377880292196,1.4012449261497992,1.4032007297141575,1.8274347021965225,1.1461450459877132,2,5989,Undergraduate,Alone
826,2.550849206022161,1.6771042607556703,2.8496480074591792,1.7975896458034906,1.955103005301298,1.7745559783529834,2.08992157285864,4.786018534661469,2.16657905409441,2.236573295278567,2.404924813559527,1.6803965688486042,1.0821225971924218,1.6515725764824811,2.58935341705213,2.6382253555203232,3.0896061750480333,0,9499,Graduate,Alone
827,1.5006416619492828,1.0206431992626577,1.482787437312234,1.8227196621777408,1.6563438611093928,1.8658827494134105,1.8707745527582864,1.8136745053574548,2.6864955791288763,2.236573295278567,3.739929444462023,3.888680898450896,2.2084210878288664,3.90452142947662,1.4529693739381284,1.8274347021965225,1.4237823501391875,2,6768,Graduate,Partner
828,1.780501852992153,2.7481723084547967,1.6992317358387568,3.3053906282585115,1.821330254170594,1.82935204098924,2.7473626331597005,2.025984793164884,2.6864955791288763,2.236573295278567,2.404924813559527,2.7845387336497502,3.4384575973397205,1.9019002268151632,1.8079857027357875,1.8274347021965225,2.1178756105178733,2,2150,Graduate,Partner
829,1.5076114492075314,1.0551937814465004,1.4442425622321684,1.8478496785519916,1.696475686448604,1.9937402288980084,2.016872566158522,1.871577311123117,3.206412104163342,2.236573295278567,2.404924813559527,1.6803965688486042,0.8252475028367412,0.7337045252626471,1.4745357864351822,1.8274347021965225,1.5626010022149246,2,6646,Graduate,Alone
830,0.8219237787410472,3.2664310412124387,1.4353475910598457,2.023759793171744,1.7143120532660312,1.938944166261752,1.74902620825809,1.620665152805246,3.206412104163342,2.236573295278567,2.404924813559527,2.7845387336497502,3.532315804892757,1.317802376038905,1.4430156450933342,1.8274347021965225,1.5626010022149246,2,4887,Graduate,Partner
831,3.75318397331841,0.7096879596080725,2.502744131738588,2.928440382644756,3.51132601012182,4.094255963287831,2.528215613059347,2.527809109800627,1.646662529059944,2.236573295278567,1.0699201826570324,1.6803965688486042,2.2528802387750417,3.0700959283676794,3.095334633329168,1.8274347021965225,2.811968870896559,1,8560,Undergraduate,Partner
832,3.6928256156619774,2.126261829145627,3.576070653198878,3.5315607756267644,5.731953678891505,3.418437857440671,3.015208991060133,3.994680189197413,1.646662529059944,2.236573295278567,1.0699201826570324,1.6803965688486042,1.4130962764583943,2.2356704272587398,4.659729016769321,6.151651519923461,3.0896061750480333,1,3321,Graduate,Partner
833,2.782710795479894,1.573452514204142,3.223236796696739,3.958771053989021,3.368635075582403,1.6466984988683857,2.77171230205974,5.442250333338978,2.16657905409441,2.236573295278567,1.0699201826570324,0.5762544040474584,3.739791842641576,0.4833768749299649,3.558183024612098,1.8274347021965225,2.950787522972296,1,11003,Undergraduate,Alone
834,2.4883999121882554,2.713621726270954,3.0512673540318302,1.8478496785519916,2.213730324153992,1.6466984988683857,1.846424883858247,2.701517527097615,2.6864955791288763,2.236573295278567,2.404924813559527,1.6803965688486042,3.314959955822567,3.403866128811256,2.5943302814745275,1.8274347021965225,3.367243479199508,0,10402,Postgraduate,Alone
835,2.2419482347365896,3.370082787763967,1.7377766109188224,1.6970695803064892,1.830248437579308,1.884148103625496,1.8951242216583255,1.755771699591792,2.16657905409441,2.236573295278567,2.404924813559527,1.6803965688486042,1.81816854063466,2.819768278034997,1.6503849960265462,1.8274347021965225,1.840238306366399,2,9904,Graduate,Alone
836,0.6199393439970067,3.957442684889294,1.4531375334044911,1.7221995966807395,1.6563438611093928,1.6466984988683857,1.9194738905583648,1.8329754406126757,3.206412104163342,2.236573295278567,3.739929444462023,3.888680898450896,2.6381928803085626,1.4012449261497992,1.4148134133664172,1.8274347021965225,1.5626010022149246,2,6141,Graduate,Partner
837,2.2041255225484946,1.2279466923657143,2.0935754578117365,1.7221995966807395,1.700934778152961,1.7745559783529834,1.675977201557972,3.608661484092996,2.16657905409441,2.236573295278567,2.404924813559527,1.6803965688486042,2.470236087845233,1.9019002268151632,1.937384177718112,1.8274347021965225,2.1178756105178733,2,5687,Graduate,Alone
838,2.9549110060070194,0.640586795240387,2.567973920335622,1.671939563932239,2.044284839388434,2.0302709373221792,2.455166606359229,1.5820632822948042,2.6864955791288763,2.236573295278567,2.404924813559527,2.7845387336497502,1.4229760877797668,3.570751229033044,2.2293602238320744,1.8274347021965225,2.950787522972296,0,10856,Postgraduate,Partner
839,3.745888929321444,1.9535089182264127,3.077952267548799,3.0289604481417576,5.357389975725534,5.33630004970964,4.9144831652631975,2.701517527097615,1.646662529059944,2.236573295278567,1.0699201826570324,1.6803965688486042,3.5520754275355024,3.3204235787003618,4.400932066804671,2.908488906628257,3.922518087502456,1,5121,Undergraduate,Partner
840,1.3527427763292503,2.126261829145627,1.5005773796568798,1.671939563932239,1.5983756689527544,1.6466984988683857,1.675977201557972,1.6592670233156877,2.16657905409441,2.236573295278567,3.739929444462023,3.888680898450896,0.756088823587135,2.569440627702316,1.384952226832035,2.6382253555203232,1.1461450459877132,2,4186,Postgraduate,Partner
841,2.0743945490482965,0.6751373774242297,2.639133689714205,1.671939563932239,1.6830984113355334,1.6466984988683857,1.675977201557972,1.8136745053574548,2.6864955791288763,2.236573295278567,2.404924813559527,2.7845387336497502,1.1018822198351663,1.9019002268151632,2.0667826527004363,4.800333764383792,2.6731502188208216,2,368,Postgraduate,Partner
842,2.7295545513236523,1.5043513498364565,2.2151400638334824,6.6728128224080585,2.94056227196415,5.920791384496374,1.8951242216583255,4.766717599406247,4.76616167926674,2.236573295278567,2.404924813559527,1.6803965688486042,2.830849201075323,1.4846874762606932,3.284455481380258,1.8274347021965225,3.922518087502456,1,3312,Graduate,Alone
843,1.712058542116153,0.7096879596080725,1.530227283564623,1.671939563932239,1.6206711274745382,1.6466984988683857,1.675977201557972,1.4855586060186998,1.646662529059944,2.236573295278567,2.404924813559527,2.7845387336497502,1.1661009934240865,1.9853427769260568,1.3949059556768288,1.8274347021965225,1.1461450459877132,2,11121,Postgraduate,Partner
844,2.491791875320603,2.9209252193740105,2.5383240164278797,3.280260611884261,2.106712123249429,3.1809882526835604,2.284718924058954,2.7208184623528355,2.6864955791288763,2.236573295278567,3.739929444462023,3.888680898450896,3.0333853331634555,0.984032175595329,2.532948953598297,1.8274347021965225,3.2284248271237703,0,5332,Graduate,Partner
845,1.6740499689345048,2.3335653222486834,1.5094723508292027,1.7221995966807395,1.6340484025876088,1.6466984988683857,1.675977201557972,1.5048595412739207,2.16657905409441,2.236573295278567,3.739929444462023,3.888680898450896,3.7150923143381456,2.569440627702316,1.3932470008693634,1.8274347021965225,1.1461450459877132,2,5848,Graduate,Partner
846,3.902151559651374,0.8133397061596008,3.208411844742868,2.174539891417246,3.1501395820689195,2.1763937710188626,2.4064672685591506,2.1224894694409886,1.646662529059944,2.236573295278567,1.0699201826570324,1.6803965688486042,2.6628924086119934,0.6502619751517529,3.088698814099305,3.1787524577361905,4.061336739578193,1,10343,Undergraduate,Partner
847,0.99890990985217,3.093678130293225,1.4679624853583628,1.7221995966807395,1.669721136222463,1.756290624140898,1.7003268704580117,1.4855586060186998,2.16657905409441,2.236573295278567,2.404924813559527,2.7845387336497502,1.3488775028694744,2.3191129773696333,1.3932470008693634,1.8274347021965225,1.2849636980634502,2,5935,Graduate,Partner
848,1.992058128904188,1.8498571716748844,1.9245710055376024,1.7221995966807395,1.986316647231796,1.6466984988683857,1.675977201557972,2.1417904046962093,4.246245154232274,2.236573295278567,3.739929444462023,3.888680898450896,1.2500793896557512,2.3191129773696333,1.811303612350719,1.8274347021965225,2.1178756105178733,0,2895,Postgraduate,Partner
849,0.2681044832006241,3.888341520521609,1.429417610278297,1.7221995966807395,1.6028347606571112,1.7197599157167271,1.7003268704580117,1.5820632822948042,1.646662529059944,2.236573295278567,1.0699201826570324,1.6803965688486042,3.235921465251588,0.817147075373541,1.3517731306827208,1.8274347021965225,1.007326393911976,2,10262,Graduate,Partner
850,1.7170303236937037,3.4046333699478097,1.565807168253914,2.551490137031001,1.89713481314466,3.1809882526835604,2.6743136264595826,2.7594203328632774,4.246245154232274,2.236573295278567,2.404924813559527,2.7845387336497502,3.7150923143381456,0.6502619751517529,1.892592397916538,1.8274347021965225,2.1178756105178733,0,7848,Undergraduate,Partner
851,2.2202954289876318,2.7481723084547967,1.690336764666434,2.6520102025280026,1.9372666384838708,2.70608904316934,1.9925228972584828,3.2805455847542406,2.16657905409441,2.236573295278567,2.404924813559527,1.6803965688486042,1.5464737292969208,1.8184576767042693,1.9390431325255773,1.8274347021965225,2.1178756105178733,2,9477,Undergraduate,Alone
852,2.6102317934624386,1.6425536785718275,2.149910275236448,1.9483697440489929,2.1200893983624995,1.82935204098924,1.74902620825809,1.775072634847013,2.6864955791288763,2.236573295278567,2.404924813559527,2.7845387336497502,2.480115899166605,1.9853427769260568,1.99212968636448,1.8274347021965225,2.5343315667450845,2,4856,Postgraduate,Partner
853,1.9388089542511695,0.640586795240387,2.244789967741225,1.9483697440489929,1.892675721440303,2.103332354170521,1.846424883858247,1.620665152805246,2.6864955791288763,2.236573295278567,2.404924813559527,1.6803965688486042,2.86048863503944,2.569440627702316,1.9788580479047544,1.8274347021965225,2.5343315667450845,2,7186,Postgraduate,Alone
854,0.8249904851346765,3.4046333699478097,1.4472075526229429,1.671939563932239,1.607293852361468,1.6466984988683857,1.675977201557972,1.4855586060186998,1.646662529059944,2.236573295278567,3.739929444462023,2.7845387336497502,1.9614258047945583,0.900589625484435,1.3434783566453925,1.8274347021965225,1.007326393911976,2,5794,Postgraduate,Alone
855,2.390265307592117,2.5063182331678973,1.7881814475619855,3.23000057913576,1.9907757389361525,2.888742585290194,2.162970579558758,3.898175512921308,2.6864955791288763,2.236573295278567,2.404924813559527,2.7845387336497502,2.657952502951307,1.5681300263715872,2.133140844999064,1.8274347021965225,2.3955129146693475,0,1456,Graduate,Partner
856,1.33889613230953,3.093678130293225,1.4412775718413942,1.9734997604232432,1.6563438611093928,1.9937402288980084,1.846424883858247,1.7171698290813504,2.16657905409441,2.236573295278567,2.404924813559527,2.7845387336497502,3.6508735407492257,1.4846874762606932,1.4413566902858683,1.8274347021965225,1.2849636980634502,2,4877,Graduate,Partner
857,3.177897733022582,1.573452514204142,5.307625041411061,1.671939563932239,3.3552578004693325,2.06680164574635,1.675977201557972,1.4855586060186998,1.646662529059944,2.236573295278567,1.0699201826570324,1.6803965688486042,1.9416661821518135,1.1509172758171171,4.191903761063994,3.449016008844124,2.811968870896559,1,425,Postgraduate,Partner
858,2.8213698821389785,2.7481723084547967,2.956387661527053,2.853050333522005,2.7800349706073053,2.7791504600176813,3.283055348960565,2.218994145717093,2.16657905409441,2.236573295278567,2.404924813559527,1.6803965688486042,1.4476756160831976,3.1535384784785734,2.977548841999104,2.908488906628257,2.5343315667450845,1,3007,Graduate,Alone
859,0.9267493791051042,2.54086881535174,1.4412775718413942,1.671939563932239,1.6608029528137496,1.9572095204738376,1.7733758771581294,1.5627623470395833,2.6864955791288763,2.236573295278567,2.404924813559527,2.7845387336497502,0.6770503330161564,1.735015126593375,1.4015417749066916,1.8274347021965225,1.5626010022149246,2,1031,Graduate,Partner
860,1.8895093257111588,1.8498571716748844,1.5717371490354626,1.9986297767974932,1.8436257126923783,2.0850669999584355,2.0412222350585614,1.9680819873992217,3.206412104163342,2.236573295278567,3.739929444462023,2.7845387336497502,1.0129639179428154,1.317802376038905,1.6288185835294922,1.8274347021965225,1.7014196542906617,2,4297,Undergraduate,Alone
861,2.7700722479182702,1.8153065894910416,3.0957422098934444,3.129480513638759,2.3385848918759824,2.4321087299880584,2.0655719039586007,4.226291412260063,1.646662529059944,2.236573295278567,2.404924813559527,2.7845387336497502,1.9021469368663244,1.5681300263715872,2.967595113154309,1.8274347021965225,3.644880783350982,1,807,Postgraduate,Partner
862,3.674564773045368,3.9228921027054513,3.7094952207837215,2.2247999241657466,3.819003337722439,5.482422883406324,5.157979854263591,2.1224894694409886,1.646662529059944,2.236573295278567,1.0699201826570324,1.6803965688486042,1.9960051444193616,3.6541937791439376,4.108956020690709,4.259806662167925,2.950787522972296,1,9553,Graduate,Partner
863,1.9099540350020208,2.851824055006325,2.5531489683817505,1.7724596294292403,2.0041530140492227,1.8658827494134105,1.8951242216583255,3.377050261030345,4.76616167926674,2.236573295278567,3.739929444462023,2.7845387336497502,2.3862576916135683,2.1522278771478454,2.313966919012825,1.8274347021965225,2.811968870896559,0,4271,Postgraduate,Alone
864,1.7746007664468355,1.6771042607556703,1.5154023316107512,1.9734997604232432,1.852543896101092,1.9937402288980084,1.7003268704580117,2.180392275206651,2.16657905409441,2.236573295278567,2.404924813559527,2.7845387336497502,3.0580848614668863,1.1509172758171171,1.585685758535384,1.8274347021965225,1.5626010022149246,2,4120,Graduate,Partner
865,3.935327747000637,1.0551937814465004,2.576868891507945,3.3807806773812628,4.126680665323057,3.2723150237439875,2.77171230205974,2.798022203373719,1.646662529059944,2.236573295278567,1.0699201826570324,0.5762544040474584,1.0080240122821291,3.403866128811256,3.36076740252368,1.8274347021965225,4.338974043729667,1,2036,Postgraduate,Alone
866,0.7149607769511275,3.957442684889294,1.4649974949675884,2.249929940539997,1.7589029703095989,2.194659125230948,2.1142712417586798,1.620665152805246,3.206412104163342,2.236573295278567,2.404924813559527,2.7845387336497502,3.196402219966098,1.5681300263715872,1.5392350239263446,1.8274347021965225,1.5626010022149246,2,115,Undergraduate,Partner
867,1.0701876008798576,1.1933961101818715,1.4472075526229429,1.9232397276747424,1.6429665859963225,1.7014945615046415,2.0412222350585614,2.257596016227535,2.6864955791288763,2.236573295278567,2.404924813559527,1.6803965688486042,1.274778917959182,2.0687853270369514,1.4695589220127854,4.259806662167925,1.4237823501391875,2,4259,Graduate,Alone
868,1.582931616845003,1.1933961101818715,1.5094723508292027,1.6970695803064892,1.651884769405036,1.7197599157167271,1.7003268704580117,1.890878246378338,2.16657905409441,2.236573295278567,2.404924813559527,2.7845387336497502,3.655813446409912,1.8184576767042693,1.4396977354784029,1.8274347021965225,1.2849636980634502,2,8687,Graduate,Partner
869,1.6214977730073112,3.335532205580124,1.4561025237952654,1.6970695803064892,1.6117529440658247,1.6466984988683857,1.675977201557972,1.5048595412739207,1.646662529059944,2.236573295278567,3.739929444462023,2.7845387336497502,2.2726398614177867,1.8184576767042693,1.3534320854901865,1.8274347021965225,1.007326393911976,2,2447,Graduate,Alone
870,2.294500430663783,3.508285116499338,1.4946473988753313,1.671939563932239,1.67418022792682,1.756290624140898,1.7977255460581685,1.5434614117843624,2.16657905409441,2.236573295278567,3.739929444462023,3.888680898450896,0.6375310877306672,1.317802376038905,1.4181313229813486,1.8274347021965225,1.2849636980634502,2,10140,Undergraduate,Partner
871,3.955447199552781,3.957442684889294,4.094943971584378,4.235201234105775,5.326176333795036,4.075990609075745,4.15964342936198,2.257596016227535,1.646662529059944,2.236573295278567,1.0699201826570324,0.5762544040474584,3.823770238873241,2.0687853270369514,4.833919271553219,3.449016008844124,3.506062131275245,1,9353,Postgraduate,Alone
872,3.733110986014655,2.9554758015578533,4.065294067676636,3.054090464516008,4.643935303028446,4.715278006498735,3.9161467403615866,3.975379253942192,1.646662529059944,2.236573295278567,1.0699201826570324,1.6803965688486042,2.376377880292196,2.2356704272587398,4.674659610036511,1.8274347021965225,3.0896061750480333,1,3623,Postgraduate,Partner
873,2.0677500185287663,3.646487445234709,1.9898007941346367,1.7221995966807395,1.8347075292836643,1.6466984988683857,1.7977255460581685,1.7171698290813504,3.206412104163342,2.236573295278567,5.074934075364517,3.888680898450896,3.453277314321779,3.6541937791439376,1.7631939229342135,1.8274347021965225,2.1178756105178733,0,738,Postgraduate,Alone
874,1.8824466079561335,1.8153065894910416,1.5717371490354626,1.671939563932239,1.5983756689527544,1.6466984988683857,1.675977201557972,1.5820632822948042,2.16657905409441,2.236573295278567,3.739929444462023,3.888680898450896,1.576113163261038,3.1535384784785734,1.4181313229813486,1.8274347021965225,1.2849636980634502,2,7631,Graduate,Partner
875,2.2984035115284023,2.229913575697155,2.1113654001563824,2.023759793171744,2.285075791423701,3.1444575442593896,2.260369255158915,2.6050128508215105,5.286078204301206,2.236573295278567,3.739929444462023,3.888680898450896,2.830849201075323,2.9032108281458915,2.2625393199813884,1.8274347021965225,2.811968870896559,0,4789,Graduate,Partner
876,3.0835268135458977,0.8824408705272864,3.9555894232179862,3.17974054638726,2.5124894683458976,3.071396127411048,2.5525652819593865,2.4120034982693017,2.16657905409441,2.236573295278567,1.0699201826570324,0.5762544040474584,1.551413634957607,1.5681300263715872,3.4520099169342933,1.8274347021965225,3.0896061750480333,1,773,Postgraduate,Alone
877,1.3978605325143123,3.1627792946609103,1.533192273955397,1.74732961305499,1.6786393196311766,1.7197599157167271,1.7003268704580117,1.871577311123117,2.16657905409441,2.236573295278567,2.404924813559527,2.7845387336497502,3.082784389770317,1.9853427769260568,1.464582057590388,2.6382253555203232,1.2849636980634502,2,10602,Graduate,Partner
878,2.307464234964125,2.5063182331678973,2.0372406403870253,2.174539891417246,1.7990347956488102,2.06680164574635,1.7246765393580508,2.5664109803110686,4.246245154232274,2.236573295278567,3.739929444462023,2.7845387336497502,3.843529861515986,2.6528831778132096,1.9124998556061263,1.8274347021965225,2.2566942625936104,0,1446,Postgraduate,Alone
879,3.4802471042854,3.8537909383377658,2.1854901599257395,2.4509700715339995,3.578212385687172,2.377312667351802,3.0395586599601723,4.863222275682352,1.646662529059944,2.236573295278567,1.0699201826570324,1.6803965688486042,1.4081563707977085,1.1509172758171171,2.990820480458829,1.8274347021965225,3.922518087502456,1,3270,Graduate,Partner
880,1.168043413985666,2.437217068800212,1.429417610278297,1.671939563932239,1.5939165772483976,1.7928213325650688,1.74902620825809,1.5241604765291417,1.646662529059944,2.236573295278567,2.404924813559527,1.6803965688486042,0.8845263707649753,0.4833768749299649,1.350114175875255,1.8274347021965225,1.007326393911976,2,8443,Undergraduate,Alone
881,2.19399609839984,2.4717676509840545,2.725118411046659,1.8729796949262416,2.508030376641541,4.569155172802052,2.869110977659897,2.296197886737976,2.16657905409441,2.236573295278567,1.0699201826570324,0.5762544040474584,3.122303635055806,4.488619280252878,2.823266044904794,4.259806662167925,3.644880783350982,1,9653,Postgraduate,Alone
882,2.487284746226936,3.4391839521316525,3.875534682667081,1.8729796949262416,1.825789345874951,1.847617395201325,1.675977201557972,6.15638493778215,2.16657905409441,2.236573295278567,2.404924813559527,1.6803965688486042,3.3742388237508005,2.0687853270369514,3.216438334274164,1.8274347021965225,3.783699435426719,0,8916,Postgraduate,Alone
883,2.897572889495829,0.9169914527111293,2.3663545737629708,3.129480513638759,2.307371249945485,3.034865418986877,2.917810315459976,4.091184865473517,1.646662529059944,2.236573295278567,2.404924813559527,2.7845387336497502,2.1985412765074943,3.403866128811256,2.649075790120896,3.449016008844124,3.2284248271237703,1,8017,Graduate,Partner
884,3.559284491793938,3.991993267073137,3.670950345703656,5.139881823578786,3.1679759488863466,4.569155172802052,5.791071245664612,2.662915656587173,2.16657905409441,2.236573295278567,2.404924813559527,1.6803965688486042,1.363697219851533,3.236981028589468,4.044256783199547,1.8274347021965225,3.783699435426719,1,5830,Graduate,Alone
885,1.64287178726594,2.368115904432526,2.004625746088508,3.054090464516008,2.1869757739278515,1.9206788120496667,1.675977201557972,1.5434614117843624,2.6864955791288763,2.236573295278567,2.404924813559527,2.7845387336497502,2.1787816538647493,1.9019002268151632,1.99212968636448,1.8274347021965225,2.5343315667450845,2,4597,Postgraduate,Partner
886,0.9346949365795074,1.9535089182264127,1.450172543013717,2.0991498422944947,1.669721136222463,1.756290624140898,1.9194738905583648,1.9873829226544424,3.206412104163342,2.236573295278567,2.404924813559527,1.6803965688486042,1.823108446295346,0.900589625484435,1.466241012397854,1.8274347021965225,1.5626010022149246,2,7023,Graduate,Alone
887,3.698169119226636,2.7481723084547967,1.972010851789991,2.5012301042825005,3.7877896957919415,2.724354397381425,4.183993098262018,2.5857119155662893,1.646662529059944,2.236573295278567,1.0699201826570324,1.6803965688486042,3.0976041067523754,3.236981028589468,2.866398869898902,1.8274347021965225,2.950787522972296,1,8086,Graduate,Partner
888,2.435104272286849,2.229913575697155,1.9364309671007,1.671939563932239,1.6385074942919655,1.6466984988683857,1.7003268704580117,1.871577311123117,2.16657905409441,2.236573295278567,2.404924813559527,1.6803965688486042,2.1540821255613185,2.2356704272587398,1.6636566344862718,1.8274347021965225,1.840238306366399,2,8825,Graduate,Alone
889,3.0246553438378925,3.1627792946609103,2.149910275236448,4.2100712177315245,3.3953896258085434,2.1763937710188626,2.6499639575595437,2.257596016227535,1.646662529059944,2.236573295278567,1.0699201826570324,1.6803965688486042,2.317099012363962,2.485998077591421,2.7502720333763038,1.8274347021965225,2.6731502188208216,1,2930,Graduate,Partner
890,2.57278080326145,1.2970478567333998,1.9660808710084423,2.1996699077914963,1.89713481314466,2.3590473131397167,1.74902620825809,3.338448390519903,1.646662529059944,2.236573295278567,1.0699201826570324,1.6803965688486042,1.610692502885841,1.9853427769260568,2.0054013248242053,1.8274347021965225,2.2566942625936104,2,1928,Graduate,Partner
891,2.657208159583033,0.9860926170788148,1.8771311592852136,1.8478496785519916,1.986316647231796,1.6466984988683857,1.846424883858247,2.025984793164884,3.726328629197808,2.236573295278567,5.074934075364517,4.992823063252041,2.8703684463608123,2.3191129773696333,1.7947140642760615,1.8274347021965225,2.1178756105178733,0,7108,Graduate,Partner
892,3.872506731179624,3.888341520521609,2.8941228633207934,3.983901070363271,3.3329623419475483,5.190177216012957,1.943823559458404,6.1370840025269295,1.646662529059944,2.236573295278567,1.0699201826570324,0.5762544040474584,0.9882643896393846,1.6515725764824811,3.6875814995944216,1.8274347021965225,2.950787522972296,1,10925,Graduate,Alone
893,3.935560073242579,0.9860926170788148,2.8051731515975646,2.3755800224112487,5.482244543447524,2.1763937710188626,2.1142712417586798,2.199693210461872,1.126746004025478,2.236573295278567,1.0699201826570324,0.5762544040474584,1.6749112764747611,2.986653378256785,3.73071432458853,3.719279559952058,3.0896061750480333,1,9960,Graduate,Alone
894,2.042333527660354,1.91895833604257,1.4442425622321684,1.6970695803064892,1.6117529440658247,1.82935204098924,1.675977201557972,1.620665152805246,1.646662529059944,2.236573295278567,2.404924813559527,1.6803965688486042,1.6205723142072133,2.1522278771478454,1.373339543179775,1.8274347021965225,1.007326393911976,2,8800,Graduate,Alone
895,2.144789400356606,3.888341520521609,1.5154023316107512,1.671939563932239,1.718771144970388,1.6466984988683857,1.7977255460581685,1.5627623470395833,1.646662529059944,2.236573295278567,2.404924813559527,2.7845387336497502,1.45755542740457,1.9019002268151632,1.438038780670937,1.8274347021965225,1.2849636980634502,2,9224,Graduate,Partner
896,2.053345791528386,1.435250185468771,1.731846630137274,1.898109711300492,1.807952979057524,2.0850669999584355,1.74902620825809,1.7171698290813504,1.646662529059944,2.236573295278567,1.0699201826570324,1.6803965688486042,1.1364615594599694,0.900589625484435,1.657020815256409,1.8274347021965225,1.840238306366399,2,5519,Postgraduate,Partner
897,3.5634198989004986,3.231880459028596,3.2202718063059645,2.3755800224112487,4.594885294280521,3.3088457321681584,2.357767930759072,2.025984793164884,1.646662529059944,2.236573295278567,1.0699201826570324,0.5762544040474584,2.3911975972742545,2.569440627702316,3.737350143818393,1.8274347021965225,3.506062131275245,1,5046,Postgraduate,Alone
898,3.4098057877287027,2.0226100825940985,3.122427123410413,1.9734997604232432,3.921562446922645,2.7974158142297667,3.136957335560329,1.9487810521440008,1.646662529059944,2.236573295278567,1.0699201826570324,1.6803965688486042,1.7440699557243673,0.399934324819071,3.405559182325254,1.8274347021965225,3.0896061750480333,1,7037,Graduate,Partner
899,2.348725375532956,1.4698007676526137,4.255053452686189,1.671939563932239,1.9060529965533728,1.6466984988683857,1.675977201557972,4.843921340427132,4.246245154232274,2.236573295278567,2.404924813559527,1.6803965688486042,3.156882974680609,2.819768278034997,3.3143166679146403,3.449016008844124,4.061336739578193,0,905,Postgraduate,Alone
900,1.5756830380964246,1.0206431992626577,1.616212004897077,1.74732961305499,1.8882166297359464,1.7928213325650688,1.8951242216583255,2.025984793164884,2.16657905409441,2.236573295278567,2.404924813559527,2.7845387336497502,2.317099012363962,2.0687853270369514,1.6221827642996294,3.449016008844124,1.7014196542906617,2,8624,Postgraduate,Partner
901,4.358393833576319,1.6425536785718275,3.712460211174496,2.400710038785499,5.55804910242159,6.21303705188974,2.3334182618590327,1.9487810521440008,1.646662529059944,2.236573295278567,1.0699201826570324,0.5762544040474584,3.418697974696976,0.2330492245972828,4.628208875427472,4.800333764383792,2.950787522972296,1,8945,Graduate,Alone
902,2.838562024042658,2.402666486616369,2.609483785806462,3.20487056276151,2.771116787198592,4.167317380136173,3.1613070044603684,2.508508174545406,1.646662529059944,2.236573295278567,1.0699201826570324,1.6803965688486042,2.6332529746478763,3.570751229033044,2.9460287006572554,1.8274347021965225,2.3955129146693475,1,6445,Graduate,Partner
903,3.316828825703668,3.6119368630508655,3.6264754898420417,2.1494098750429957,2.2761576080149872,2.5599662094726563,1.8951242216583255,2.025984793164884,1.646662529059944,2.236573295278567,1.0699201826570324,1.6803965688486042,1.5020145783507457,3.0700959283676794,2.9875025708438976,1.8274347021965225,2.5343315667450845,1,2727,Postgraduate,Partner
904,3.830548611884968,0.951542034894972,5.811673407842688,2.1494098750429957,3.38647144239983,1.6466984988683857,2.1386209106587186,1.4855586060186998,1.646662529059944,2.236573295278567,1.0699201826570324,1.6803965688486042,2.1985412765074943,1.234359825928011,4.510423084097408,5.881387968815528,3.2284248271237703,1,6404,Postgraduate,Partner
905,1.8993599583694836,1.6771042607556703,1.8919561112390848,2.400710038785499,1.8391666209880213,2.194659125230948,2.455166606359229,2.392702563014081,2.16657905409441,2.236573295278567,2.404924813559527,1.6803965688486042,1.6946708991175057,3.570751229033044,1.9075229911837293,1.8274347021965225,2.2566942625936104,2,11074,Undergraduate,Alone
906,3.387641864247472,3.1627792946609103,4.27580838542161,3.280260611884261,3.6584760363655935,4.313440213832856,1.675977201557972,1.7943735701022336,1.646662529059944,2.236573295278567,1.0699201826570324,0.5762544040474584,2.598673635023073,3.570751229033044,4.064164240889135,2.097698253304456,3.922518087502456,1,10150,Postgraduate,Alone
907,2.0577135248768887,1.5043513498364565,1.54208724512772,1.671939563932239,1.5983756689527544,1.6466984988683857,1.675977201557972,1.601364217550025,1.646662529059944,2.236573295278567,3.739929444462023,3.888680898450896,0.96850476699664,3.4873086789221497,1.4032007297141575,3.1787524577361905,1.1461450459877132,2,1968,Postgraduate,Partner
908,3.2815617021769308,2.9554758015578533,2.3633895833721965,2.325319989662748,3.698607861704805,5.665076425527177,1.9681732283584437,4.998328822468898,1.646662529059944,2.236573295278567,1.0699201826570324,0.5762544040474584,2.751810710504344,0.3164917747081768,3.364085312138611,1.8274347021965225,3.0896061750480333,1,6534,Graduate,Alone
909,1.7716269905499833,2.9554758015578533,1.473892466139911,2.174539891417246,1.700934778152961,1.6832292072925563,1.846424883858247,1.9873829226544424,1.646662529059944,2.236573295278567,2.404924813559527,1.6803965688486042,3.161822880341296,2.3191129773696333,1.4844895152799764,3.449016008844124,1.4237823501391875,2,9485,Postgraduate,Alone
910,1.52122576698531,2.6445205619032683,1.4857524277030083,1.8227196621777408,1.6786393196311766,1.6466984988683857,1.7977255460581685,1.7171698290813504,2.6864955791288763,2.236573295278567,3.739929444462023,3.888680898450896,0.8647667481222305,4.071406529698407,1.429744006633609,1.8274347021965225,1.4237823501391875,2,7053,Postgraduate,Partner
911,3.777764089715833,3.4737345343154957,3.836989807587016,4.159811184983023,3.51132601012182,5.97558744713263,5.304077867663826,2.1224894694409886,1.646662529059944,2.236573295278567,2.404924813559527,2.7845387336497502,0.7956080688726244,0.900589625484435,4.248308224517827,2.097698253304456,4.061336739578193,1,4654,Graduate,Partner
912,1.053413646211673,4.02654384925698,1.64586190880482,2.3755800224112487,2.5570803853894657,1.82935204098924,2.260369255158915,3.7051661603691,2.6864955791288763,2.236573295278567,1.0699201826570324,1.6803965688486042,3.883049106801475,1.4846874762606932,2.101620703657216,1.8274347021965225,2.3955129146693475,2,9760,Postgraduate,Partner
913,3.5245284859994723,3.8537909383377658,2.532394035646331,2.249929940539997,3.3017487000170505,6.21303705188974,1.9681732283584437,3.5700596135825537,1.646662529059944,2.236573295278567,1.0699201826570324,1.6803965688486042,1.274778917959182,1.5681300263715872,3.233027882348821,2.097698253304456,3.0896061750480333,1,1048,Graduate,Partner
914,3.3634334698371564,2.4717676509840545,4.011924240642698,4.461371381474027,4.728658045411225,4.29517485962077,3.015208991060133,4.689513858385364,1.646662529059944,2.236573295278567,1.0699201826570324,0.5762544040474584,1.4822549557080007,1.234359825928011,4.731064073490344,2.908488906628257,3.0896061750480333,1,10619,Undergraduate,Alone
915,3.3716578188018893,2.9209252193740105,2.5412890068186536,5.491702052818292,3.083253206503568,3.345376440592329,3.8917970714615473,3.0489343616915905,1.646662529059944,2.236573295278567,1.0699201826570324,0.5762544040474584,0.8647667481222305,0.3164917747081768,3.196530876584576,1.8274347021965225,2.6731502188208216,1,9308,Graduate,Alone
916,3.0976987143043364,0.8478902883434436,3.682810307266753,3.682340873872267,3.667394219774308,1.9572095204738376,1.9925228972584828,3.0296334264363693,1.646662529059944,2.236573295278567,2.404924813559527,2.7845387336497502,1.6946708991175057,1.735015126593375,3.675968815942162,1.8274347021965225,3.367243479199508,1,10505,Postgraduate,Partner
917,3.6197357799471455,2.091711246961784,2.825928084332985,1.671939563932239,3.863594254766007,3.4549685658648417,2.187320248458797,1.7171698290813504,1.646662529059944,2.236573295278567,1.0699201826570324,1.6803965688486042,0.9932042953000708,1.9019002268151632,3.173305509280056,1.8274347021965225,3.2284248271237703,1,8362,Postgraduate,Partner
918,2.0619883277286144,3.335532205580124,1.5213323123922995,1.898109711300492,1.7098529615616742,1.938944166261752,1.8951242216583255,2.1224894694409886,1.646662529059944,2.236573295278567,2.404924813559527,1.6803965688486042,1.274778917959182,0.6502619751517529,1.5342581595039475,1.8274347021965225,1.4237823501391875,2,2625,Graduate,Alone
919,2.9375330031097864,1.6425536785718275,3.857744740322436,1.671939563932239,1.9105120882577304,1.8658827494134105,1.675977201557972,2.701517527097615,2.16657905409441,2.236573295278567,2.404924813559527,1.6803965688486042,3.976907314354512,3.821078879365726,2.9294391525825985,2.908488906628257,3.783699435426719,0,4637,Postgraduate,Alone
920,1.1018304350323056,3.4737345343154957,1.4323826006690714,1.7724596294292403,1.6028347606571112,1.7928213325650688,1.8951242216583255,1.620665152805246,1.646662529059944,2.236573295278567,2.404924813559527,2.7845387336497502,3.324839767143939,0.6502619751517529,1.3799753624096378,1.8274347021965225,1.1461450459877132,2,9972,Undergraduate,Partner
921,3.4104098359577506,3.819240356153923,2.0313106596054764,2.551490137031001,2.949480455372864,2.486904792624314,2.08992157285864,5.866870908953837,1.646662529059944,2.236573295278567,1.0699201826570324,0.5762544040474584,0.7758484462298796,3.737636329254832,2.7087981631896607,1.8274347021965225,3.0896061750480333,1,4483,Graduate,Alone
922,1.4479500702769244,3.335532205580124,1.5065073604384285,1.671939563932239,1.6563438611093928,1.6832292072925563,1.7003268704580117,1.5241604765291417,2.16657905409441,2.236573295278567,2.404924813559527,2.7845387336497502,0.7610287292478213,2.1522278771478454,1.4032007297141575,1.8274347021965225,1.4237823501391875,2,4487,Postgraduate,Partner
923,3.2556340935762464,2.5063182331678973,2.479024208612393,2.1996699077914963,2.976235005599005,4.69701265228665,3.5022023690609183,2.103188534185768,1.646662529059944,2.236573295278567,1.0699201826570324,1.6803965688486042,1.8132286349739732,2.1522278771478454,2.9194854237378043,1.8274347021965225,2.811968870896559,1,4988,Graduate,Partner
924,3.0576921354419904,2.1953629935133123,5.144550569918475,1.671939563932239,3.5826714773915285,2.06680164574635,3.404803693460761,2.1610913399514304,2.6864955791288763,2.236573295278567,2.404924813559527,2.7845387336497502,2.5789140123803285,2.2356704272587398,4.361117151425495,2.097698253304456,4.338974043729667,1,8931,Postgraduate,Partner
925,2.486308976010781,2.679071144087111,2.529429045255556,2.0991498422944947,2.650721311180958,2.06680164574635,2.260369255158915,3.531457743072112,2.6864955791288763,2.236573295278567,2.404924813559527,1.6803965688486042,2.317099012363962,2.1522278771478454,2.619214603586513,1.8274347021965225,3.783699435426719,0,5871,Graduate,Alone
926,2.733271771194718,0.9169914527111293,3.172831960053576,1.8478496785519916,1.9283484550751573,3.655887462197781,2.0412222350585614,1.775072634847013,2.16657905409441,2.236573295278567,2.404924813559527,1.6803965688486042,2.188661465186122,1.8184576767042693,2.6723011574254154,1.8274347021965225,3.506062131275245,0,2008,Postgraduate,Alone
927,2.932003638551576,2.402666486616369,2.852612997849953,3.8331209721177686,2.699771319928883,3.016600064774792,3.770048726961351,4.264893282770505,5.286078204301206,2.236573295278567,3.739929444462023,2.7845387336497502,2.4850558048272915,3.737636329254832,3.184918192932316,1.8274347021965225,2.5343315667450845,0,3139,Undergraduate,Alone
928,2.524782201676312,2.402666486616369,2.962317642308602,1.9734997604232432,1.830248437579308,1.938944166261752,1.822075214958208,3.801670836645204,2.16657905409441,2.236573295278567,2.404924813559527,2.7845387336497502,2.287459578399845,2.9032108281458915,2.5296310439833656,1.8274347021965225,3.0896061750480333,0,10037,Postgraduate,Partner
929,3.730927119340404,3.2664310412124387,2.221070044615031,4.134681168608773,4.29166705838426,2.523435501048485,3.380454024560722,3.377050261030345,1.646662529059944,2.236573295278567,1.0699201826570324,0.5762544040474584,2.5492745784162114,1.1509172758171171,3.296068165032517,4.800333764383792,2.1178756105178733,1,10673,Graduate,Alone
930,4.305191124171689,2.7827228906386394,4.723521934428526,2.275059956914247,5.11213993198591,4.569155172802052,2.77171230205974,4.8053194699166895,1.126746004025478,2.236573295278567,1.0699201826570324,1.6803965688486042,2.969166559574536,3.6541937791439376,5.145802775356769,6.151651519923461,3.0896061750480333,1,5303,Graduate,Partner
931,0.6122261127645452,3.6119368630508655,1.450172543013717,1.8478496785519916,1.651884769405036,1.7745559783529834,2.0655719039586007,1.775072634847013,2.6864955791288763,2.236573295278567,1.0699201826570324,0.5762544040474584,3.324839767143939,0.900589625484435,1.4363798258634717,1.8274347021965225,1.4237823501391875,2,538,Undergraduate,Alone
932,2.3155027229353053,2.713621726270954,4.886596405921113,1.671939563932239,1.803493887353167,1.6466984988683857,1.675977201557972,2.180392275206651,1.646662529059944,2.236573295278567,1.0699201826570324,1.6803965688486042,3.729912031320204,0.817147075373541,3.4005823179028565,4.259806662167925,3.0896061750480333,1,7922,Postgraduate,Partner
933,2.611672216162477,2.575419397535583,2.203280102270385,2.7274002516507534,2.23156669097142,2.651292980533084,2.8447613087598578,4.052582994963076,2.6864955791288763,2.236573295278567,2.404924813559527,2.7845387336497502,1.245139483995065,1.234359825928011,2.4599549420698064,1.8274347021965225,2.950787522972296,0,5692,Undergraduate,Partner
934,3.091983488752573,3.508285116499338,1.8296913130328252,2.3001899732884974,1.8168711624662373,2.06680164574635,2.284718924058954,2.37340162775886,2.16657905409441,2.236573295278567,3.739929444462023,2.7845387336497502,1.9317863708304412,1.4846874762606932,1.832870024847773,1.8274347021965225,2.1178756105178733,2,4843,Graduate,Alone
935,1.767584513940199,3.819240356153923,1.4472075526229429,1.7221995966807395,1.669721136222463,1.6832292072925563,1.8707745527582864,1.755771699591792,1.646662529059944,2.236573295278567,2.404924813559527,2.7845387336497502,1.6008126915644687,1.6515725764824811,1.4098365489440203,1.8274347021965225,1.2849636980634502,2,6383,Graduate,Partner
936,3.0742802291166216,1.711654842939513,3.537525778118813,2.3755800224112487,2.222648507562706,2.541700855260571,2.1142712417586798,2.392702563014081,2.16657905409441,2.236573295278567,2.404924813559527,1.6803965688486042,3.729912031320204,1.8184576767042693,2.977548841999104,1.8274347021965225,2.5343315667450845,0,1628,Undergraduate,Alone
937,1.2170177857869586,3.4046333699478097,1.462032504576814,1.671939563932239,1.6474256777006793,1.6832292072925563,1.7733758771581294,1.6978688938261293,1.646662529059944,2.236573295278567,2.404924813559527,2.7845387336497502,0.8351273141581137,1.4846874762606932,1.3949059556768288,1.8274347021965225,1.2849636980634502,2,1204,Postgraduate,Partner
938,2.344636433674784,1.9880595004102557,1.5539472066908169,1.671939563932239,1.6652620445181063,1.6466984988683857,1.675977201557972,1.8329754406126757,2.6864955791288763,2.236573295278567,3.739929444462023,3.888680898450896,0.845007125479486,1.735015126593375,1.454628328745594,2.6382253555203232,1.4237823501391875,2,3673,Postgraduate,Partner
939,1.966455777042222,1.3315984389172426,1.6636518511494651,1.8478496785519916,1.848084804396735,1.756290624140898,1.74902620825809,1.8329754406126757,3.206412104163342,2.236573295278567,3.739929444462023,2.7845387336497502,3.137123352037865,1.9853427769260568,1.6105700806473695,3.449016008844124,1.7014196542906617,2,760,Postgraduate,Alone
940,1.906794398111615,2.4717676509840545,1.4887174180937826,1.8227196621777408,1.7811984288313831,1.9937402288980084,1.7977255460581685,2.218994145717093,1.646662529059944,2.236573295278567,3.739929444462023,2.7845387336497502,2.6332529746478763,2.1522278771478454,1.5442118883487417,1.8274347021965225,1.4237823501391875,2,8957,Postgraduate,Alone
941,2.061941862480226,3.542835698683181,1.5183673220015257,1.671939563932239,1.625130219178895,1.6832292072925563,1.675977201557972,1.755771699591792,1.646662529059944,2.236573295278567,3.739929444462023,3.888680898450896,0.8301874084974274,1.735015126593375,1.4164723681738831,1.8274347021965225,1.1461450459877132,2,4128,Postgraduate,Partner
942,0.706132379757346,2.368115904432526,1.4887174180937826,1.7221995966807395,1.692016594744247,1.7014945615046415,1.7003268704580117,1.5627623470395833,3.726328629197808,2.236573295278567,3.739929444462023,3.888680898450896,3.077844484109631,1.735015126593375,1.4148134133664172,1.8274347021965225,1.5626010022149246,2,6810,Postgraduate,Partner
943,2.6960995724840595,3.957442684889294,1.7703915052173396,2.3504500060369984,1.78565752053574,1.7197599157167271,5.231028860963708,4.168388606494401,2.6864955791288763,2.236573295278567,2.404924813559527,2.7845387336497502,3.4285777860183484,2.6528831778132096,2.114892342116941,3.449016008844124,2.3955129146693475,0,5386,Graduate,Partner
944,2.414798958741152,3.888341520521609,2.209210083051934,1.7975896458034906,2.6284258526591744,2.907007939502279,2.6743136264595826,3.087536232202032,3.206412104163342,2.236573295278567,2.404924813559527,1.6803965688486042,3.9522077860510816,3.737636329254832,2.478203444951929,1.8274347021965225,3.0896061750480333,0,8700,Graduate,Alone
945,2.6629698503831856,1.5043513498364565,1.6340019472417224,1.7221995966807395,1.6563438611093928,1.6832292072925563,1.7246765393580508,1.601364217550025,2.16657905409441,2.236573295278567,3.739929444462023,3.888680898450896,0.849947031140172,1.9853427769260568,1.4861484700874423,1.8274347021965225,1.4237823501391875,2,3202,Graduate,Partner
946,2.439750797125681,2.2990147400648406,2.221070044615031,1.74732961305499,1.7232302366747447,1.7197599157167271,1.675977201557972,2.5857119155662893,3.206412104163342,2.236573295278567,2.404924813559527,1.6803965688486042,2.7024116538974825,3.3204235787003618,1.925771494065852,1.8274347021965225,2.2566942625936104,2,1328,Postgraduate,Alone
947,3.202245523178063,2.886374637190168,3.09277721950267,3.8079909557435183,2.351962166989053,2.103332354170521,4.670986476262804,3.685865225113879,2.16657905409441,2.236573295278567,2.404924813559527,1.6803965688486042,3.7793110879270655,2.485998077591421,3.1169010458262223,1.8274347021965225,3.922518087502456,1,8405,Graduate,Alone
948,2.3635477897688317,3.0245769659255397,2.8881928825392444,1.671939563932239,1.754443878605242,1.7745559783529834,1.675977201557972,2.296197886737976,2.6864955791288763,2.236573295278567,2.404924813559527,1.6803965688486042,0.849947031140172,2.9032108281458915,2.285764687285908,1.8274347021965225,2.950787522972296,2,6515,Postgraduate,Alone
949,1.825666074425603,1.0551937814465004,1.470927475749137,1.8478496785519916,1.6295893108832518,1.756290624140898,2.0655719039586007,1.7171698290813504,2.16657905409441,2.236573295278567,2.404924813559527,2.7845387336497502,3.28532052185845,2.3191129773696333,1.43306191624854,3.449016008844124,1.2849636980634502,2,2882,Postgraduate,Partner
950,1.7890514586956043,3.542835698683181,1.6666168415402396,1.7724596294292403,1.7945757039444534,1.6466984988683857,2.08992157285864,1.5241604765291417,3.726328629197808,2.236573295278567,2.404924813559527,2.7845387336497502,1.862627691580835,1.8184576767042693,1.5740730748831242,1.8274347021965225,1.7014196542906617,2,7574,Postgraduate,Partner
951,2.251380680159419,2.264464157880998,1.717021678183403,1.9734997604232432,1.964021188710012,1.884148103625496,1.9194738905583648,1.775072634847013,4.76616167926674,2.236573295278567,3.739929444462023,3.888680898450896,0.6078916537665502,1.4012449261497992,1.7101073690953117,1.8274347021965225,1.979056958442136,2,6387,Graduate,Partner
952,2.463726865294056,3.646487445234709,2.013520717260831,4.360851315977026,2.601671302433034,1.7745559783529834,3.11260766666029,4.013981124452634,2.6864955791288763,2.236573295278567,2.404924813559527,2.7845387336497502,2.0207046727227924,3.1535384784785734,2.5346079084057624,1.8274347021965225,3.0896061750480333,0,5320,Graduate,Partner
953,4.238792284224775,1.8498571716748844,3.484155951084876,2.1996699077914963,5.714117312074078,2.2129244794430334,2.260369255158915,3.106837167457253,1.646662529059944,2.236573295278567,1.0699201826570324,1.6803965688486042,2.13926240857926,1.9853427769260568,4.276510456244744,5.070597315491726,3.644880783350982,1,5048,Graduate,Partner
954,1.4748534490937637,2.264464157880998,1.5569121970815911,1.7221995966807395,1.7098529615616742,1.6466984988683857,1.8951242216583255,1.7171698290813504,2.6864955791288763,2.236573295278567,2.404924813559527,2.7845387336497502,3.675573069052657,1.9853427769260568,1.481171605665045,1.8274347021965225,1.5626010022149246,2,8146,Graduate,Partner
955,1.527126853530627,2.2990147400648406,1.470927475749137,1.671939563932239,1.5983756689527544,1.6466984988683857,1.675977201557972,1.620665152805246,1.646662529059944,2.236573295278567,2.404924813559527,2.7845387336497502,2.7715703331470887,1.9019002268151632,1.3650447691424463,3.449016008844124,1.007326393911976,2,10031,Postgraduate,Partner
956,1.9645507018583008,2.229913575697155,1.9809058229623135,2.5766201534052517,2.632884944363531,3.2175189611077317,3.4291533623608004,2.4120034982693017,4.246245154232274,2.236573295278567,2.404924813559527,2.7845387336497502,3.67063316339197,1.4012449261497992,2.4251168911130265,1.8274347021965225,3.0896061750480333,0,5748,Graduate,Partner
957,3.832871874304384,1.573452514204142,2.7162234398743363,5.114751807204536,3.37309416728676,2.468639438412229,5.011881840863355,2.354100692503639,1.646662529059944,2.236573295278567,1.0699201826570324,1.6803965688486042,1.3142981632446713,0.7337045252626471,3.3143166679146403,1.8274347021965225,2.950787522972296,1,2134,Graduate,Partner
958,1.8110295211832808,1.91895833604257,1.6043520433339795,1.671939563932239,1.6385074942919655,1.7197599157167271,1.7246765393580508,1.5820632822948042,3.206412104163342,2.236573295278567,5.074934075364517,4.992823063252041,3.196402219966098,2.4025555274805277,1.461264147975457,1.8274347021965225,1.5626010022149246,0,1523,Postgraduate,Partner
959,0.6498629639590867,0.9169914527111293,1.4768574565306856,1.7975896458034906,1.7232302366747447,1.7928213325650688,1.846424883858247,1.9873829226544424,2.6864955791288763,12.555767160837409,2.404924813559527,2.7845387336497502,3.5224359935713854,0.7337045252626471,1.4795126508575795,1.8274347021965225,1.5626010022149246,2,9665,Undergraduate,Partner
960,2.663480968115457,1.6425536785718275,2.1113654001563824,2.551490137031001,1.9238893633708003,2.7974158142297667,3.063908328860212,2.0838875989305468,2.6864955791288763,2.236573295278567,2.404924813559527,1.6803965688486042,1.6946708991175057,3.1535384784785734,2.1414356190363923,1.8274347021965225,2.6731502188208216,0,4640,Undergraduate,Alone
961,3.663459578680558,3.577386280867024,3.887394644230178,5.139881823578786,3.5068669184174635,2.7426197515935105,3.9161467403615866,1.775072634847013,1.646662529059944,2.236573295278567,1.0699201826570324,1.6803965688486042,3.665693257731284,2.1522278771478454,3.921494127447085,1.8274347021965225,3.783699435426719,1,3635,Postgraduate,Partner
962,3.8094533891166695,0.7096879596080725,2.3722845545445197,1.8729796949262416,3.404307809217257,4.386501630681198,2.528215613059347,1.6399660880604667,1.646662529059944,2.236573295278567,1.0699201826570324,1.6803965688486042,1.309358257583985,2.9032108281458915,2.86308096028397,1.8274347021965225,3.783699435426719,1,3547,Graduate,Partner
963,3.7565294712023696,2.9209252193740105,5.005196021552083,3.054090464516008,3.573753293982815,4.715278006498735,2.1142712417586798,1.8329754406126757,1.646662529059944,2.236573295278567,1.0699201826570324,1.6803965688486042,4.03124627662206,3.1535384784785734,4.495492490830216,3.1787524577361905,3.0896061750480333,1,2456,Postgraduate,Partner
964,2.5663685989838614,2.713621726270954,2.295194804384388,1.74732961305499,1.932807546779514,1.82935204098924,1.74902620825809,1.9873829226544424,4.76616167926674,2.236573295278567,5.074934075364517,4.992823063252041,1.8774474085628936,2.6528831778132096,2.0087192344391367,1.8274347021965225,2.5343315667450845,0,5633,Postgraduate,Partner
965,1.578610348744889,2.5063182331678973,1.5183673220015257,1.898109711300492,1.6429665859963225,1.6832292072925563,1.943823559458404,2.064586663675326,2.6864955791288763,2.236573295278567,3.739929444462023,3.888680898450896,1.462495333065256,3.737636329254832,1.482830560472511,1.8274347021965225,1.4237823501391875,2,7801,Graduate,Partner
966,2.3870592054533226,3.059127548109382,3.59089560515275,2.0991498422944947,2.1825166822234947,1.847617395201325,1.675977201557972,5.2492409807867695,3.726328629197808,2.236573295278567,2.404924813559527,2.7845387336497502,2.0207046727227924,3.570751229033044,3.1268547746710165,2.6382253555203232,3.783699435426719,0,10489,Graduate,Partner
967,2.093212974645567,2.54086881535174,1.4649974949675884,1.6970695803064892,1.6028347606571112,1.6466984988683857,1.675977201557972,1.620665152805246,1.646662529059944,2.236573295278567,3.739929444462023,2.7845387336497502,2.326978823685334,3.0700959283676794,1.3650447691424463,1.8274347021965225,1.007326393911976,2,7011,Undergraduate,Alone
968,0.1454826927038395,1.3315984389172426,1.4353475910598457,1.6970695803064892,1.5939165772483976,1.664963853080471,1.675977201557972,1.5048595412739207,1.126746004025478,2.236573295278567,1.0699201826570324,0.5762544040474584,0.6227113707486087,2.6528831778132096,1.3368425374155295,1.8274347021965225,0.5908704376847644,2,2620,Graduate,Alone
969,1.4744352618582686,3.335532205580124,1.4946473988753313,1.74732961305499,1.669721136222463,1.6466984988683857,1.675977201557972,1.6978688938261293,1.646662529059944,2.236573295278567,2.404924813559527,1.6803965688486042,2.1985412765074943,1.4846874762606932,1.4164723681738831,1.8274347021965225,1.2849636980634502,2,3933,Postgraduate,Alone
970,2.8791261858856645,2.817273472822482,3.169866969662801,2.752530268025004,3.092171389912281,2.413843375775973,3.79439839586139,2.527809109800627,2.6864955791288763,2.236573295278567,2.404924813559527,1.6803965688486042,1.862627691580835,1.5681300263715872,3.2346868371562865,1.8274347021965225,4.20015539165393,1,10981,Graduate,Alone
971,3.67228797587434,1.2279466923657143,3.4278211336601645,5.893782314806297,2.0710393896145747,5.153646507588785,2.698663295359622,5.944074649974721,1.646662529059944,2.236573295278567,1.0699201826570324,1.6803965688486042,2.1590220312220048,3.90452142947662,3.674309861134696,5.070597315491726,3.644880783350982,1,1734,Graduate,Partner
972,2.9562120329618926,2.126261829145627,2.271474881258193,1.74732961305499,1.964021188710012,1.7197599157167271,1.846424883858247,1.92948011688878,2.16657905409441,2.236573295278567,2.404924813559527,2.7845387336497502,2.129382597257888,1.9019002268151632,1.9987655055943423,1.8274347021965225,2.5343315667450845,2,10995,Postgraduate,Partner
973,3.7376645803567103,1.0897443636303432,4.46260278004039,4.009031086737521,4.492326185080316,2.541700855260571,3.015208991060133,2.199693210461872,1.646662529059944,2.236573295278567,1.0699201826570324,1.6803965688486042,1.6551516538320163,1.5681300263715872,4.492174581215284,1.8274347021965225,3.0896061750480333,1,6357,Postgraduate,Partner
974,3.4397758729391708,2.229913575697155,5.562614215017649,2.2247999241657466,4.746494412228653,3.2723150237439875,3.8917970714615473,4.998328822468898,1.646662529059944,2.236573295278567,1.0699201826570324,1.6803965688486042,1.8082887293132877,2.3191129773696333,5.451050459930457,5.881387968815528,4.061336739578193,1,9209,Graduate,Partner
975,3.622384299105281,2.886374637190168,2.3515296218090995,2.325319989662748,4.443276176332391,4.93446225704376,2.576914950859426,3.820971771900425,1.646662529059944,2.236573295278567,1.0699201826570324,0.5762544040474584,2.62831306898719,1.735015126593375,3.5084143803881265,1.8274347021965225,4.20015539165393,1,10286,Undergraduate,Alone
976,1.5616969983315394,0.6751373774242297,1.5094723508292027,1.671939563932239,1.6429665859963225,1.6466984988683857,1.7003268704580117,1.5820632822948042,2.16657905409441,2.236573295278567,3.739929444462023,2.7845387336497502,0.5881320311238056,3.403866128811256,1.4015417749066916,1.8274347021965225,1.2849636980634502,2,2611,Postgraduate,Alone
977,3.9008969979448898,0.8478902883434436,5.272045156721769,2.0991498422944947,2.976235005599005,2.468639438412229,3.356104355660683,2.4699063040349643,1.646662529059944,2.236573295278567,1.0699201826570324,0.5762544040474584,1.0821225971924218,3.570751229033044,4.294758959126867,6.692178622139329,2.811968870896559,1,1600,Graduate,Alone
978,1.075856361183233,1.746205425123356,1.43831258145062,1.8227196621777408,1.6206711274745382,1.6466984988683857,1.675977201557972,1.5434614117843624,1.646662529059944,2.236573295278567,2.404924813559527,2.7845387336497502,3.4384575973397205,2.0687853270369514,1.3584089499125835,1.8274347021965225,1.007326393911976,2,3308,Undergraduate,Partner
979,1.872131322813926,1.8153065894910416,2.5946588338525904,1.7975896458034906,2.195893957336565,1.7745559783529834,1.7977255460581685,2.006683857909663,3.726328629197808,2.236573295278567,2.404924813559527,2.7845387336497502,3.883049106801475,1.317802376038905,2.27746991324858,2.6382253555203232,2.950787522972296,0,5407,Postgraduate,Partner
980,2.9142539136672365,3.059127548109382,2.075785515467091,3.255130595510011,2.8469213461726577,4.149052025924087,2.528215613059347,2.8366240738841606,3.206412104163342,2.236573295278567,2.404924813559527,1.6803965688486042,1.2352596726736926,0.6502619751517529,2.662347428580621,1.8274347021965225,3.367243479199508,1,2166,Graduate,Alone
981,2.920666117944825,2.3335653222486834,1.6251069760693997,1.671939563932239,1.6608029528137496,1.6466984988683857,1.822075214958208,1.871577311123117,2.16657905409441,2.236573295278567,3.739929444462023,2.7845387336497502,0.6227113707486087,3.570751229033044,1.506055927777031,1.8274347021965225,1.4237823501391875,2,3955,Graduate,Alone
982,1.5377209301631647,2.886374637190168,1.4412775718413942,1.7221995966807395,1.6385074942919655,1.6832292072925563,1.675977201557972,1.5627623470395833,1.646662529059944,2.236573295278567,1.0699201826570324,0.5762544040474584,1.057423068888991,0.1496066744863888,1.3650447691424463,1.8274347021965225,1.007326393911976,2,6634,Graduate,Alone
983,3.4248140629581307,1.5043513498364565,3.786584970943853,1.671939563932239,4.019662464418495,3.3819071490165,3.088257997760251,1.4855586060186998,1.646662529059944,2.236573295278567,1.0699201826570324,1.6803965688486042,1.734190144402995,1.5681300263715872,3.8037083361170207,2.097698253304456,3.644880783350982,1,3056,Graduate,Partner
984,1.131939915987939,3.542835698683181,1.473892466139911,1.9232397276747424,1.67418022792682,1.7928213325650688,2.08992157285864,1.871577311123117,2.6864955791288763,2.236573295278567,3.739929444462023,3.888680898450896,1.2006803330488895,3.3204235787003618,1.4745357864351822,1.8274347021965225,1.4237823501391875,2,5718,Graduate,Partner
985,2.3750711713691355,0.8824408705272864,2.567973920335622,2.3001899732884974,2.8915122632162253,4.02119454643949,2.6743136264595826,2.7208184623528355,2.6864955791288763,2.236573295278567,2.404924813559527,2.7845387336497502,2.1689018425433773,1.9853427769260568,2.879670508358628,2.6382253555203232,3.644880783350982,1,6872,Graduate,Partner
986,2.06101255751246,1.8153065894910416,2.1528752656272223,1.8729796949262416,1.7321484200834585,1.7745559783529834,1.7246765393580508,2.450605368779744,3.206412104163342,2.236573295278567,2.404924813559527,1.6803965688486042,1.7638295783671118,3.403866128811256,1.8959103075314692,1.8274347021965225,2.2566942625936104,2,8164,Graduate,Alone
987,3.545205521532276,1.9535089182264127,1.897886092020634,2.1494098750429957,2.8736758963987983,2.103332354170521,1.675977201557972,2.218994145717093,1.646662529059944,2.236573295278567,2.404924813559527,1.6803965688486042,3.833650050194613,3.403866128811256,2.2028169469126238,5.881387968815528,3.2284248271237703,0,4580,Postgraduate,Alone
988,4.341666344156522,0.6751373774242297,5.239430262423252,2.1996699077914963,3.591589660800242,3.58282604534944,2.162970579558758,1.871577311123117,1.646662529059944,2.236573295278567,1.0699201826570324,0.5762544040474584,1.8873272198842657,0.817147075373541,4.480561897563025,5.070597315491726,2.1178756105178733,1,9305,Postgraduate,Alone
989,2.53732781874116,1.5043513498364565,2.4641992566585222,2.0740198259202445,2.23156669097142,2.158128416806777,1.7977255460581685,4.998328822468898,3.726328629197808,2.236573295278567,3.739929444462023,3.888680898450896,2.8555487293787536,1.317802376038905,2.5279720891759,4.53007021327586,2.950787522972296,0,453,Undergraduate,Partner
990,0.9620165026318416,1.5043513498364565,1.4412775718413942,1.9734997604232432,1.6385074942919655,1.7014945615046415,1.9925228972584828,1.775072634847013,2.16657905409441,2.236573295278567,2.404924813559527,2.7845387336497502,3.0630247671275725,0.817147075373541,1.423108187403746,1.8274347021965225,1.2849636980634502,2,8545,Graduate,Partner
991,1.6355767432689732,2.368115904432526,2.0906104674209622,1.7221995966807395,1.7276893283791015,1.6466984988683857,1.7246765393580508,2.2382950809723137,3.726328629197808,2.236573295278567,2.404924813559527,2.7845387336497502,2.6036135406837597,3.570751229033044,1.8195983863880476,1.8274347021965225,2.1178756105178733,2,9850,Postgraduate,Partner
992,1.5984045445583148,2.229913575697155,1.8949211016298595,2.752530268025004,2.155762131997354,2.888742585290194,3.0395586599601723,2.199693210461872,4.246245154232274,2.236573295278567,2.404924813559527,1.6803965688486042,3.1173637293951204,3.570751229033044,2.1364587546139955,4.259806662167925,2.6731502188208216,0,7378,Graduate,Alone
993,2.9662949918621586,3.957442684889294,2.606518795415688,2.827920317147755,2.8736758963987983,2.012005583110094,2.601264619759465,2.8366240738841606,2.16657905409441,2.236573295278567,2.404924813559527,2.7845387336497502,3.5570153331961887,3.6541937791439376,2.751930988183769,1.8274347021965225,3.506062131275245,0,7646,Postgraduate,Partner
994,3.8154474061587633,2.6099699797194256,4.100873952365927,2.4509700715339995,3.127844123547136,3.016600064774792,2.43081693745919,5.172037239765886,1.646662529059944,2.236573295278567,1.0699201826570324,1.6803965688486042,2.62831306898719,3.737636329254832,3.9380836755217423,3.1787524577361905,3.2284248271237703,1,1640,Graduate,Partner
995,0.826337977337938,2.264464157880998,1.470927475749137,1.74732961305499,1.6830984113355334,1.6832292072925563,1.7003268704580117,2.025984793164884,3.206412104163342,2.236573295278567,3.739929444462023,3.888680898450896,1.3488775028694744,2.4025555274805277,1.4413566902858683,2.6382253555203232,1.4237823501391875,2,5184,Graduate,Partner
996,1.6265624850816385,2.437217068800212,1.45906751418604,1.671939563932239,1.6028347606571112,1.6466984988683857,1.675977201557972,1.5627623470395833,1.646662529059944,2.236573295278567,3.739929444462023,2.7845387336497502,2.6381928803085626,2.819768278034997,1.355091040297652,1.8274347021965225,1.007326393911976,2,8492,Postgraduate,Alone
997,3.5238315072736475,1.6771042607556703,5.076355790930666,1.671939563932239,3.3552578004693325,5.884260676072202,6.010218265764966,4.535106376343597,1.646662529059944,2.236573295278567,2.404924813559527,2.7845387336497502,3.912688540765593,1.4846874762606932,4.9666356561504745,4.53007021327586,3.367243479199508,1,11188,Graduate,Partner
998,2.2051012927646494,2.817273472822482,1.6695818319310138,1.6970695803064892,1.7276893283791015,1.6832292072925563,1.7003268704580117,1.4855586060186998,1.646662529059944,2.236573295278567,2.404924813559527,2.7845387336497502,1.4229760877797668,1.735015126593375,1.5193275662367562,1.8274347021965225,1.5626010022149246,2,1212,Postgraduate,Partner
999,1.3213787336671323,2.402666486616369,1.8860261304575368,2.174539891417246,1.8837575380315892,1.6466984988683857,1.9681732283584437,2.006683857909663,4.76616167926674,2.236573295278567,2.404924813559527,1.6803965688486042,2.954346842592477,1.5681300263715872,1.7897371998536649,1.8274347021965225,2.1178756105178733,2,9097,Graduate,Alone
1000,1.5018962236557676,1.124294945814186,1.616212004897077,1.671939563932239,1.6830984113355334,1.7745559783529834,1.675977201557972,1.7171698290813504,1.646662529059944,2.236573295278567,2.404924813559527,2.7845387336497502,3.833650050194613,2.4025555274805277,1.497761153739702,1.8274347021965225,1.4237823501391875,2,10473,Postgraduate,Partner
1001,1.6944017477285902,1.3315984389172426,1.5183673220015257,1.671939563932239,1.6385074942919655,1.6466984988683857,1.675977201557972,1.5434614117843624,2.6864955791288763,2.236573295278567,3.739929444462023,3.888680898450896,0.9438052386932092,2.1522278771478454,1.3998828200992262,1.8274347021965225,1.4237823501391875,2,7962,Postgraduate,Partner
1002,2.680208457535253,2.575419397535583,1.6962667454479825,3.3556506610070125,2.325207616762912,2.194659125230948,2.723012964259661,1.6978688938261293,1.646662529059944,2.236573295278567,1.0699201826570324,1.6803965688486042,0.938865333032523,3.821078879365726,2.0004244604018084,1.8274347021965225,2.5343315667450845,1,9984,Postgraduate,Partner
1003,3.215116396981629,2.057160664777941,3.312186508419967,4.536761430596778,2.722066778450667,4.05772525486366,5.377126874363944,2.952429685415486,1.646662529059944,2.236573295278567,1.0699201826570324,1.6803965688486042,0.9981442009607568,2.6528831778132096,3.58804421114648,3.1787524577361905,3.2284248271237703,1,5527,Undergraduate,Partner
1004,2.436405299241722,3.128228712477068,1.805971389906631,1.7724596294292403,1.914971179962087,1.9206788120496667,1.822075214958208,1.6978688938261293,1.646662529059944,2.236573295278567,1.0699201826570324,1.6803965688486042,2.5492745784162114,2.3191129773696333,1.7184021431326395,1.8274347021965225,1.979056958442136,2,6374,Graduate,Partner
1005,1.4204426432310373,0.6751373774242297,1.4679624853583628,1.74732961305499,1.6162120357701817,1.756290624140898,1.7977255460581685,1.601364217550025,1.646662529059944,2.236573295278567,2.404924813559527,2.7845387336497502,3.265560899215705,1.9853427769260568,1.3915880460618977,1.8274347021965225,1.1461450459877132,2,7453,Graduate,Partner
1006,0.8572838327645611,1.573452514204142,1.482787437312234,2.7274002516507534,1.696475686448604,1.9206788120496667,2.162970579558758,1.8329754406126757,1.646662529059944,2.236573295278567,1.0699201826570324,0.5762544040474584,3.028445427502769,1.735015126593375,1.554165617193536,1.8274347021965225,1.5626010022149246,2,8952,Graduate,Alone
1007,1.544086669192365,3.300981623396281,1.5628421778631396,1.7221995966807395,1.7053938698573174,1.7197599157167271,1.7003268704580117,1.5048595412739207,2.6864955791288763,2.236573295278567,2.404924813559527,2.7845387336497502,0.6375310877306672,1.9853427769260568,1.4579462383605253,1.8274347021965225,1.5626010022149246,2,241,Graduate,Partner
1008,1.24108678445211,3.646487445234709,1.54208724512772,1.6970695803064892,1.696475686448604,1.6466984988683857,1.675977201557972,1.4855586060186998,1.646662529059944,2.236573295278567,2.404924813559527,2.7845387336497502,2.351678351988765,1.9019002268151632,1.4314029614410742,1.8274347021965225,1.2849636980634502,2,8975,Postgraduate,Partner
1009,2.9168095023285945,3.4391839521316525,4.352898135581741,2.5766201534052517,2.3385848918759824,1.938944166261752,1.675977201557972,3.5700596135825537,4.76616167926674,2.236573295278567,5.074934075364517,4.992823063252041,2.969166559574536,3.6541937791439376,3.506755425580661,3.449016008844124,3.0896061750480333,0,6119,Postgraduate,Partner
1010,1.4791747171938776,2.402666486616369,1.6102820241155285,1.671939563932239,1.6028347606571112,1.6466984988683857,1.675977201557972,1.620665152805246,1.646662529059944,2.236573295278567,2.404924813559527,2.7845387336497502,0.6128315594272364,2.569440627702316,1.4446745999007995,1.8274347021965225,1.2849636980634502,2,5236,Postgraduate,Partner
1011,0.7255548535836651,3.370082787763967,1.4412775718413942,1.898109711300492,1.6608029528137496,1.9572095204738376,1.675977201557972,1.7171698290813504,2.16657905409441,2.236573295278567,2.404924813559527,2.7845387336497502,3.5668951445175607,1.5681300263715872,1.423108187403746,1.8274347021965225,1.2849636980634502,2,5723,Graduate,Partner
1012,2.5365379095185583,1.0206431992626577,2.025380678823928,3.0038304317675077,2.35642125869341,3.7654795874702938,3.550901706860997,3.087536232202032,2.6864955791288763,2.236573295278567,2.404924813559527,2.7845387336497502,2.7962698614505195,2.485998077591421,2.4914750834116544,1.8274347021965225,3.0896061750480333,0,1710,Postgraduate,Partner
1013,1.250705090868493,2.5063182331678973,1.4857524277030083,1.8729796949262416,1.718771144970388,1.6466984988683857,1.9681732283584437,1.9873829226544424,1.646662529059944,2.236573295278567,2.404924813559527,1.6803965688486042,2.129382597257888,1.5681300263715872,1.482830560472511,4.259806662167925,1.4237823501391875,2,1970,Graduate,Alone
1014,0.6183595255518037,3.8537909383377658,1.4412775718413942,1.8729796949262416,1.6385074942919655,1.9937402288980084,1.9681732283584437,1.9873829226544424,2.16657905409441,2.236573295278567,2.404924813559527,1.6803965688486042,3.137123352037865,0.817147075373541,1.4596051931679912,1.8274347021965225,1.2849636980634502,2,5313,Undergraduate,Alone
1015,1.41454155668572,0.640586795240387,1.482787437312234,1.671939563932239,1.5983756689527544,1.6466984988683857,1.675977201557972,1.5241604765291417,1.646662529059944,2.236573295278567,2.404924813559527,1.6803965688486042,2.228180710471611,3.236981028589468,1.3633858143349806,1.8274347021965225,1.1461450459877132,2,10634,Postgraduate,Alone
1016,3.093935029184882,2.5063182331678973,3.81919986524237,3.682340873872267,2.307371249945485,3.838541004318635,1.943823559458404,2.1224894694409886,3.726328629197808,2.236573295278567,2.404924813559527,2.7845387336497502,3.561955238856875,2.736325727924104,3.335883080411694,1.8274347021965225,4.338974043729667,0,7010,Undergraduate,Partner
1017,3.3830418046570285,1.3661490211010854,2.556113958772525,4.134681168608773,4.857971704837572,3.655887462197781,4.403140118362372,2.025984793164884,1.646662529059944,2.236573295278567,1.0699201826570324,1.6803965688486042,2.3911975972742545,2.1522278771478454,3.7506217822781194,4.800333764383792,3.506062131275245,1,8562,Graduate,Partner
1018,4.1804783974974296,2.6445205619032683,3.1372520753642847,5.994302380303298,5.874644613430922,3.9298677753790634,4.47618912506249,1.8522763758678964,1.646662529059944,2.236573295278567,1.0699201826570324,0.5762544040474584,3.196402219966098,2.1522278771478454,4.591711869663227,3.449016008844124,3.2284248271237703,1,3158,Graduate,Alone
1019,3.1115453583240567,0.7442385417919153,2.787383209252919,3.707470890246517,3.17689413229506,3.58282604534944,2.8934606465599364,2.257596016227535,1.646662529059944,2.236573295278567,1.0699201826570324,1.6803965688486042,0.6078916537665502,2.3191129773696333,3.13680850351581,1.8274347021965225,2.6731502188208216,1,4436,Graduate,Partner
1020,1.3626398742359631,4.061094431440822,1.4442425622321684,1.9232397276747424,1.6474256777006793,1.7014945615046415,1.8707745527582864,1.7943735701022336,1.646662529059944,2.236573295278567,2.404924813559527,2.7845387336497502,3.171702691662668,1.6515725764824811,1.4181313229813486,1.8274347021965225,1.1461450459877132,2,5287,Undergraduate,Partner
1021,3.6179236352600017,3.059127548109382,2.4671642470492965,3.17974054638726,4.122221573618701,3.655887462197781,4.9144831652631975,4.284194218025726,1.646662529059944,2.236573295278567,1.0699201826570324,1.6803965688486042,0.8252475028367412,1.9853427769260568,3.593021075568877,3.1787524577361905,3.0896061750480333,1,2445,Graduate,Partner
1022,1.2239411077968188,2.886374637190168,1.545052235518494,2.5012301042825005,2.1691394071104244,2.3955780215638875,2.3090685929589934,2.334799757248418,2.16657905409441,2.236573295278567,1.0699201826570324,0.5762544040474584,3.892928918122848,1.4012449261497992,1.8461416633074983,1.8274347021965225,2.1178756105178733,2,6059,Graduate,Alone
1023,1.6543487036178557,2.1608124113294696,1.5065073604384285,1.6970695803064892,1.6608029528137496,1.6832292072925563,1.7246765393580508,1.775072634847013,3.206412104163342,2.236573295278567,3.739929444462023,3.888680898450896,1.1957404273882033,3.236981028589468,1.429744006633609,1.8274347021965225,1.5626010022149246,2,4550,Postgraduate,Partner
1024,2.0766713462193245,0.8478902883434436,1.6310369568509482,1.671939563932239,1.6608029528137496,1.6466984988683857,1.675977201557972,1.6399660880604667,2.6864955791288763,2.236573295278567,3.739929444462023,2.7845387336497502,1.9910652387586756,2.0687853270369514,1.4795126508575795,1.8274347021965225,1.4237823501391875,2,4240,Postgraduate,Alone
1025,1.6446839319530846,0.951542034894972,1.5628421778631396,1.74732961305499,1.6295893108832518,1.7197599157167271,1.7733758771581294,1.620665152805246,1.646662529059944,2.236573295278567,2.404924813559527,2.7845387336497502,1.0376634462462462,2.1522278771478454,1.4463335547082656,4.259806662167925,1.2849636980634502,2,8911,Postgraduate,Partner
1026,2.136146864156378,3.9228921027054513,2.493849160566265,1.671939563932239,2.1869757739278515,1.884148103625496,2.3090685929589934,3.859573642410867,3.206412104163342,2.236573295278567,2.404924813559527,2.7845387336497502,2.5443346727555256,3.6541937791439376,2.413504207460767,1.8274347021965225,2.950787522972296,0,3706,Graduate,Partner
1027,2.7623590166858083,3.059127548109382,2.6243087377603334,2.275059956914247,1.718771144970388,1.756290624140898,2.260369255158915,5.6931624916568495,2.16657905409441,2.236573295278567,2.404924813559527,2.7845387336497502,0.9191057103897784,3.1535384784785734,2.4947929930265857,2.6382253555203232,2.811968870896559,0,3628,Graduate,Partner
1028,1.7316668769360253,3.819240356153923,1.530227283564623,1.6970695803064892,1.651884769405036,1.6466984988683857,1.675977201557972,1.5820632822948042,2.6864955791288763,12.555767160837409,3.739929444462023,3.888680898450896,3.5668951445175607,3.570751229033044,1.4164723681738831,1.8274347021965225,1.2849636980634502,2,10175,Graduate,Partner
1029,0.2926381343496587,2.7827228906386394,1.64586190880482,2.124279858668745,1.8837575380315892,1.7745559783529834,1.9681732283584437,1.5241604765291417,8.925493879542469,2.236573295278567,1.0699201826570324,0.5762544040474584,3.794130804909124,0.4833768749299649,1.6221827642996294,1.8274347021965225,0.7296890897605017,0,8985,Graduate,Alone
1030,3.4547376829202108,3.577386280867024,2.295194804384388,2.425840055159749,3.439980542852111,2.7974158142297667,2.4795162752592685,5.345745657062874,1.646662529059944,2.236573295278567,1.0699201826570324,1.6803965688486042,0.7709085405691936,2.9032108281458915,3.0405891246828003,2.097698253304456,2.3955129146693475,1,5204,Graduate,Partner
1031,1.5332602663178858,0.7096879596080725,1.470927475749137,1.671939563932239,1.6608029528137496,1.6466984988683857,1.675977201557972,1.601364217550025,1.646662529059944,2.236573295278567,2.404924813559527,2.7845387336497502,2.2380605217929834,0.900589625484435,1.3866111816395006,3.449016008844124,1.1461450459877132,2,9220,Graduate,Partner
1032,1.4607744788321018,0.640586795240387,1.6666168415402396,1.6970695803064892,1.754443878605242,1.6466984988683857,1.7003268704580117,1.5434614117843624,2.6864955791288763,2.236573295278567,2.404924813559527,1.6803965688486042,3.67063316339197,2.6528831778132096,1.5292812950815504,1.8274347021965225,1.5626010022149246,2,9888,Postgraduate,Alone
1033,1.4801504874100324,3.78468977397008,1.5183673220015257,1.9483697440489929,1.736607511787815,1.884148103625496,1.822075214958208,2.045285728420105,1.646662529059944,2.236573295278567,2.404924813559527,2.7845387336497502,1.9564858991338725,2.569440627702316,1.5292812950815504,1.8274347021965225,1.4237823501391875,2,5263,Postgraduate,Partner
1034,3.499158460379448,0.7442385417919153,2.8022081612067904,4.084421135860272,3.074335023094854,4.715278006498735,2.9665096532600543,1.6785679585709086,1.646662529059944,2.236573295278567,2.404924813559527,2.7845387336497502,1.867567597241521,3.0700959283676794,3.189895057354713,1.8274347021965225,4.20015539165393,1,1020,Postgraduate,Partner
1035,1.555006002563621,2.9900263837416965,1.6517918895863684,1.9734997604232432,2.2181894158583493,2.4321087299880584,2.6256142886595044,5.094833498745002,4.246245154232274,2.236573295278567,2.404924813559527,2.7845387336497502,3.517496087910699,1.0674747257062231,2.1513893478811865,3.449016008844124,2.2566942625936104,0,9503,Graduate,Partner
1036,1.9886661657718403,4.02654384925698,3.0245824405148616,1.9986297767974932,1.9952348306405088,1.9572095204738376,1.822075214958208,1.9873829226544424,4.246245154232274,2.236573295278567,2.404924813559527,2.7845387336497502,2.361558163310137,2.569440627702316,2.473226580529532,2.908488906628257,3.2284248271237703,0,10613,Graduate,Partner
1037,3.215116396981629,2.057160664777941,3.312186508419967,4.536761430596778,2.722066778450667,4.05772525486366,5.377126874363944,2.952429685415486,1.646662529059944,2.236573295278567,1.0699201826570324,1.6803965688486042,0.9981442009607568,2.6528831778132096,3.58804421114648,3.1787524577361905,3.2284248271237703,1,67,Undergraduate,Partner
1038,1.2561415249299266,1.1933961101818715,1.4531375334044911,1.671939563932239,1.6028347606571112,1.6466984988683857,1.675977201557972,1.5048595412739207,1.646662529059944,2.236573295278567,3.739929444462023,3.888680898450896,0.7066897669802734,2.569440627702316,1.3467962662603237,2.6382253555203232,1.007326393911976,2,6019,Postgraduate,Partner
1039,3.130270853424551,3.4737345343154957,5.328379974146481,2.2247999241657466,5.067549014942342,4.29517485962077,1.675977201557972,4.921125081448015,1.646662529059944,2.236573295278567,1.0699201826570324,1.6803965688486042,3.048205050145514,3.987963979587514,5.374738538787035,1.8274347021965225,3.922518087502456,1,5863,Postgraduate,Partner
1040,1.1258065032006803,0.6751373774242297,1.4412775718413942,1.7221995966807395,1.6429665859963225,1.7745559783529834,1.7977255460581685,1.9873829226544424,2.16657905409441,2.236573295278567,3.739929444462023,2.7845387336497502,3.0580848614668863,2.2356704272587398,1.4197902777888145,3.449016008844124,1.2849636980634502,2,3717,Undergraduate,Alone
1041,1.178823351611757,2.851824055006325,1.4649974949675884,1.671939563932239,1.6474256777006793,1.6832292072925563,1.675977201557972,1.6785679585709086,1.646662529059944,2.236573295278567,2.404924813559527,2.7845387336497502,2.8110895784325782,1.1509172758171171,1.388270136446966,1.8274347021965225,1.1461450459877132,2,6730,Postgraduate,Partner
1042,3.199875795510259,2.9900263837416965,2.4582692758769733,2.7776602843992544,3.9706124556705698,1.9572095204738376,1.675977201557972,1.9873829226544424,1.646662529059944,2.236573295278567,1.0699201826570324,0.5762544040474584,3.71015240867746,0.984032175595329,2.93275706219753,1.8274347021965225,3.367243479199508,1,10749,Graduate,Alone
1043,1.8970366959500675,4.02654384925698,1.9986957653069597,1.7975896458034906,1.825789345874951,1.6466984988683857,1.7977255460581685,1.775072634847013,3.206412104163342,2.236573295278567,2.404924813559527,2.7845387336497502,3.892928918122848,1.9019002268151632,1.7748066065864734,1.8274347021965225,2.1178756105178733,2,4998,Graduate,Partner
1044,2.396770442366482,1.746205425123356,2.1439802944549,1.671939563932239,1.6429665859963225,1.6466984988683857,1.675977201557972,1.9680819873992217,1.646662529059944,2.236573295278567,1.0699201826570324,1.6803965688486042,2.188661465186122,3.821078879365726,1.788078245046199,1.8274347021965225,2.1178756105178733,2,6287,Postgraduate,Partner
1045,3.275707080880002,3.646487445234709,3.30032654685687,2.3755800224112487,3.778871512383228,2.194659125230948,2.016872566158522,2.5664109803110686,1.646662529059944,2.236573295278567,1.0699201826570324,0.5762544040474584,3.448337408661093,3.737636329254832,3.4005823179028565,1.8274347021965225,3.506062131275245,1,5985,Graduate,Alone
1046,3.0608982375807843,3.542835698683181,2.4256543815784566,2.3755800224112487,2.8469213461726577,5.007523673892102,2.9908593221600936,2.527809109800627,1.646662529059944,2.236573295278567,1.0699201826570324,1.6803965688486042,2.835789106736009,0.817147075373541,2.882988417973559,1.8274347021965225,2.811968870896559,1,4754,Graduate,Partner
1047,2.8397236552523664,0.7442385417919153,4.687942049739235,1.671939563932239,1.7901166122400969,1.6466984988683857,1.675977201557972,2.1417904046962093,6.845827779404605,2.236573295278567,3.739929444462023,3.888680898450896,3.729912031320204,3.987963979587514,3.281137571765326,2.908488906628257,2.950787522972296,0,4002,Postgraduate,Partner
1048,2.948963454213314,1.8153065894910416,3.63240547062359,2.1494098750429957,2.396553084032621,1.8658827494134105,1.675977201557972,5.345745657062874,2.16657905409441,2.236573295278567,3.739929444462023,3.888680898450896,2.2627600500964142,3.236981028589468,3.242981611193615,2.6382253555203232,3.922518087502456,0,8870,Graduate,Partner
1049,1.8711555525977712,1.435250185468771,1.7970764187343082,3.7577309229950178,2.7800349706073053,3.199253606895646,3.11260766666029,2.1610913399514304,2.16657905409441,2.236573295278567,1.0699201826570324,0.5762544040474584,3.230981559590902,0.817147075373541,2.4101862978458355,3.449016008844124,3.0896061750480333,1,966,Postgraduate,Alone
1050,1.5858589274934674,1.91895833604257,1.473892466139911,1.671939563932239,1.625130219178895,1.7197599157167271,1.7246765393580508,1.871577311123117,2.16657905409441,2.236573295278567,3.739929444462023,2.7845387336497502,0.7906681632119381,1.9853427769260568,1.4081775941365544,2.6382253555203232,1.1461450459877132,2,4767,Postgraduate,Alone
1051,2.9642969861814605,1.4006996032849282,2.606518795415688,2.1494098750429957,1.89713481314466,1.8658827494134105,1.675977201557972,1.6592670233156877,1.646662529059944,2.236573295278567,2.404924813559527,2.7845387336497502,0.9783845783180124,2.736325727924104,2.166319941148378,1.8274347021965225,2.811968870896559,2,9725,Postgraduate,Partner
1052,0.7030192081153284,1.2970478567333998,1.45906751418604,1.7724596294292403,1.607293852361468,1.7014945615046415,1.74902620825809,1.755771699591792,2.6864955791288763,2.236573295278567,3.739929444462023,3.888680898450896,3.823770238873241,2.986653378256785,1.389929091254432,1.8274347021965225,1.2849636980634502,2,4475,Graduate,Partner
1053,3.800764387668053,0.8824408705272864,3.000862517388668,4.612151479719529,4.6127216610979485,4.094255963287831,2.7473626331597005,4.322796088536167,1.646662529059944,2.236573295278567,1.0699201826570324,0.5762544040474584,0.8795864651042891,0.399934324819071,4.064164240889135,4.53007021327586,3.644880783350982,1,5740,Graduate,Alone
1054,2.9015689008572245,2.437217068800212,5.0318809350690525,2.5012301042825005,2.699771319928883,2.815681168441852,4.500538793962529,4.361397959046609,5.286078204301206,2.236573295278567,2.404924813559527,1.6803965688486042,4.021366465300687,2.6528831778132096,4.356140287003098,1.8274347021965225,4.061336739578193,1,5731,Undergraduate,Alone
1055,0.9559760203413594,3.78468977397008,1.43831258145062,1.7221995966807395,1.6206711274745382,1.6466984988683857,1.7733758771581294,1.5241604765291417,1.646662529059944,2.236573295278567,1.0699201826570324,0.5762544040474584,4.016426559640001,3.403866128811256,1.3567499951051178,1.8274347021965225,1.007326393911976,2,7290,Graduate,Alone
1056,3.03385546301878,3.8537909383377658,2.7458733437820797,2.7776602843992544,3.292830516608337,1.847617395201325,1.8707745527582864,1.8136745053574548,1.646662529059944,12.555767160837409,1.0699201826570324,1.6803965688486042,1.1661009934240865,1.5681300263715872,2.8299018641346567,1.8274347021965225,3.783699435426719,1,3846,Graduate,Partner
1057,1.4479500702769244,3.335532205580124,1.5065073604384285,1.671939563932239,1.6563438611093928,1.6832292072925563,1.7003268704580117,1.5241604765291417,2.16657905409441,2.236573295278567,2.404924813559527,2.7845387336497502,0.7610287292478213,2.1522278771478454,1.4032007297141575,1.8274347021965225,1.4237823501391875,2,8104,Postgraduate,Partner
1058,3.2053122295716925,1.435250185468771,3.61165053788817,4.536761430596778,2.833544071059587,3.1444575442593896,3.5265520379609576,5.152736304510665,4.246245154232274,2.236573295278567,2.404924813559527,2.7845387336497502,3.418697974696976,2.569440627702316,3.7771650591975696,1.8274347021965225,3.2284248271237703,1,4507,Graduate,Partner
1059,2.704045129958463,3.508285116499338,2.8318580651145333,2.1996699077914963,2.374257625510837,1.9937402288980084,2.187320248458797,2.5664109803110686,2.6864955791288763,2.236573295278567,2.404924813559527,2.7845387336497502,3.433517691679034,3.4873086789221497,2.5976481910894598,1.8274347021965225,3.367243479199508,0,11013,Graduate,Partner
1060,1.7653077167691713,3.819240356153923,1.524297302783074,1.671939563932239,1.6117529440658247,1.6832292072925563,1.675977201557972,1.6399660880604667,2.16657905409441,2.236573295278567,2.404924813559527,2.7845387336497502,1.2056202387095758,3.6541937791439376,1.404859684521623,1.8274347021965225,1.2849636980634502,2,4491,Graduate,Partner
1061,2.0853603476679408,0.7787891239757581,2.283334842821291,1.9232397276747424,1.7232302366747447,1.7197599157167271,1.9194738905583648,3.898175512921308,1.646662529059944,2.236573295278567,1.0699201826570324,1.6803965688486042,2.297339389721217,3.236981028589468,2.101620703657216,1.8274347021965225,2.3955129146693475,2,3759,Graduate,Partner
1062,4.024680419651382,1.746205425123356,4.542657520591295,6.145082478548801,4.064253381462063,3.0531307731989625,5.036231509763393,3.7630689661347625,1.646662529059944,2.236573295278567,1.0699201826570324,1.6803965688486042,2.37143797463151,2.986653378256785,4.83723718116815,2.097698253304456,3.367243479199508,1,1162,Graduate,Partner
1063,3.970037287546714,1.573452514204142,4.397372991443355,2.7776602843992544,2.066580297910218,2.70608904316934,2.7473626331597005,2.334799757248418,1.646662529059944,2.236573295278567,1.0699201826570324,1.6803965688486042,2.682652031254738,1.317802376038905,3.48021214866121,3.989543111059992,3.922518087502456,1,2055,Postgraduate,Partner
1064,1.1698555586728108,0.9860926170788148,1.4561025237952654,1.6970695803064892,1.6206711274745382,1.6466984988683857,1.74902620825809,1.5241604765291417,2.16657905409441,2.236573295278567,3.739929444462023,3.888680898450896,2.134322502918574,1.735015126593375,1.3633858143349806,1.8274347021965225,1.1461450459877132,2,10766,Undergraduate,Partner
1065,2.2435280531817927,0.951542034894972,2.1232253617194794,2.023759793171744,1.932807546779514,1.9937402288980084,1.9194738905583648,2.296197886737976,2.16657905409441,2.236573295278567,2.404924813559527,1.6803965688486042,1.368637125512219,2.4025555274805277,1.9838349123271517,1.8274347021965225,2.3955129146693475,2,4415,Postgraduate,Alone
1066,1.8253408176868848,2.886374637190168,1.450172543013717,1.7221995966807395,1.6162120357701817,1.6832292072925563,1.675977201557972,1.5434614117843624,1.646662529059944,2.236573295278567,2.404924813559527,2.7845387336497502,2.7271111822009133,1.5681300263715872,1.3600679047200492,1.8274347021965225,1.007326393911976,2,3005,Postgraduate,Partner
1067,2.999982296943693,2.9900263837416965,2.173630198362642,4.385981332351276,3.078794114799211,2.833946522653937,3.9161467403615866,3.743768030879542,1.646662529059944,2.236573295278567,1.0699201826570324,0.5762544040474584,1.1018822198351663,2.6528831778132096,2.9310981073900644,1.8274347021965225,2.2566942625936104,1,2223,Graduate,Alone
1068,1.6255867148654837,1.1933961101818715,1.9393959574914736,1.9232397276747424,2.14684394858864,2.0302709373221792,1.9925228972584828,1.7943735701022336,4.246245154232274,2.236573295278567,2.404924813559527,2.7845387336497502,3.4977364652679546,2.1522278771478454,1.919135674835989,3.449016008844124,2.3955129146693475,0,4817,Graduate,Partner
1069,3.6115578962308015,1.0551937814465004,3.104637181065768,2.7274002516507534,4.033039739531565,2.815681168441852,3.696999720261233,3.3963511962855657,1.646662529059944,2.236573295278567,1.0699201826570324,1.6803965688486042,3.9275082577476494,3.403866128811256,3.6510844938301767,3.449016008844124,2.6731502188208216,1,2875,Graduate,Partner
1070,1.8004819097991318,3.9228921027054513,1.4442425622321684,1.671939563932239,1.625130219178895,1.6832292072925563,1.675977201557972,1.4855586060186998,1.646662529059944,2.236573295278567,2.404924813559527,2.7845387336497502,2.1491422199006327,1.234359825928011,1.3517731306827208,1.8274347021965225,1.007326393911976,2,10536,Graduate,Partner
1071,3.420539260106405,1.1933961101818715,4.15127878900909,3.104350497264509,5.344012700612463,3.4549685658648417,2.601264619759465,4.052582994963076,1.646662529059944,2.236573295278567,1.0699201826570324,0.5762544040474584,3.1173637293951204,2.2356704272587398,4.789127491751644,3.719279559952058,3.2284248271237703,1,11112,Postgraduate,Alone
1072,2.439564936132128,2.229913575697155,3.36259134506313,1.8729796949262416,2.2939939748324147,2.0302709373221792,1.675977201557972,4.226291412260063,3.206412104163342,2.236573295278567,2.404924813559527,2.7845387336497502,3.107483918073748,1.6515725764824811,2.954323474694584,1.8274347021965225,3.644880783350982,0,3807,Graduate,Partner
1073,1.0423549170952522,0.7442385417919153,1.4412775718413942,1.6970695803064892,1.6206711274745382,1.6832292072925563,1.7003268704580117,1.5241604765291417,2.16657905409441,2.236573295278567,3.739929444462023,2.7845387336497502,1.872507502902208,2.2356704272587398,1.355091040297652,1.8274347021965225,1.1461450459877132,2,9197,Graduate,Alone
1074,3.8440699991659706,3.4046333699478097,1.880096149675988,2.3504500060369984,2.048743931092791,3.58282604534944,2.9908593221600936,3.0489343616915905,1.126746004025478,2.236573295278567,1.0699201826570324,1.6803965688486042,3.260620993555019,3.236981028589468,2.1945221728752946,6.692178622139329,3.644880783350982,1,10832,Postgraduate,Partner
1075,1.953677833735433,3.300981623396281,1.4531375334044911,1.671939563932239,1.6295893108832518,1.6832292072925563,1.7003268704580117,1.5434614117843624,1.646662529059944,2.236573295278567,2.404924813559527,2.7845387336497502,0.8697066537829168,1.1509172758171171,1.3650447691424463,1.8274347021965225,1.007326393911976,2,6421,Graduate,Partner
1076,3.2507552424954724,0.640586795240387,2.4256543815784566,4.938841692584784,3.422144176034684,6.030383509768885,2.455166606359229,2.3154988219931973,1.646662529059944,2.236573295278567,1.0699201826570324,0.5762544040474584,1.1018822198351663,3.236981028589468,3.304362939069846,3.449016008844124,2.811968870896559,1,4207,Postgraduate,Alone
1077,3.9083779029354098,2.7827228906386394,4.210578596824576,2.1494098750429957,5.34847179231682,2.103332354170521,3.989195747061705,2.218994145717093,1.646662529059944,2.236573295278567,1.0699201826570324,1.6803965688486042,0.7412691066050765,1.9853427769260568,4.5751223215885695,3.1787524577361905,3.2284248271237703,1,577,Postgraduate,Partner
1078,1.7405882046265837,3.78468977397008,1.6310369568509482,1.8729796949262416,1.669721136222463,1.9937402288980084,1.8707745527582864,1.7171698290813504,2.16657905409441,2.236573295278567,2.404924813559527,1.6803965688486042,0.90428599340772,1.9019002268151632,1.547529797963673,1.8274347021965225,1.5626010022149246,2,10855,Postgraduate,Alone
1079,3.235700502017656,1.4698007676526137,2.1024704289840592,2.249929940539997,3.3240441585388347,2.413843375775973,2.187320248458797,2.933128750160265,1.646662529059944,2.236573295278567,1.0699201826570324,1.6803965688486042,2.119502785936516,3.1535384784785734,2.6158966939715818,1.8274347021965225,2.811968870896559,1,3081,Graduate,Partner
1080,1.7121514726129297,0.7096879596080725,1.54208724512772,1.7724596294292403,1.6875575030398902,1.7014945615046415,1.74902620825809,1.5434614117843624,2.6864955791288763,2.236573295278567,3.739929444462023,2.7845387336497502,2.4257769368990574,2.0687853270369514,1.447992509515731,1.8274347021965225,1.4237823501391875,2,3535,Postgraduate,Alone
1081,2.5791000770422623,1.4006996032849282,1.7407416013095969,1.671939563932239,1.6295893108832518,1.6832292072925563,1.7003268704580117,1.5627623470395833,2.6864955791288763,2.236573295278567,3.739929444462023,3.888680898450896,1.1265817481385971,2.6528831778132096,1.5276223402740845,1.8274347021965225,1.5626010022149246,2,247,Postgraduate,Partner
1082,2.792329101896277,2.575419397535583,1.909746053583731,2.928440382644756,2.035366655979721,2.651292980533084,2.4064672685591506,2.006683857909663,1.646662529059944,2.236573295278567,2.404924813559527,1.6803965688486042,2.1985412765074943,1.4846874762606932,2.030285646936191,1.8274347021965225,2.5343315667450845,2,8707,Graduate,Alone
1083,3.627681337421549,2.5063182331678973,3.131322094582736,1.8729796949262416,2.552621293685109,2.0302709373221792,2.0655719039586007,2.1224894694409886,1.646662529059944,2.236573295278567,2.404924813559527,1.6803965688486042,0.7215094839623319,3.236981028589468,2.7668615814509603,1.8274347021965225,2.2566942625936104,0,9523,Graduate,Alone
1084,3.679118367387424,3.093678130293225,1.9038160728021825,3.682340873872267,3.234862324451699,2.8704772310781084,2.6256142886595044,2.2768969514827555,1.646662529059944,2.236573295278567,1.0699201826570324,0.5762544040474584,3.581714861499619,0.900589625484435,2.581058643014802,1.8274347021965225,2.5343315667450845,1,6072,Undergraduate,Alone
1085,1.2015913233220354,1.9535089182264127,1.4472075526229429,1.671939563932239,1.6117529440658247,1.6466984988683857,1.675977201557972,1.5048595412739207,1.646662529059944,2.236573295278567,2.404924813559527,2.7845387336497502,2.722171276540227,1.234359825928011,1.3467962662603237,1.8274347021965225,1.007326393911976,2,6295,Postgraduate,Partner
1086,2.557679597535245,2.7827228906386394,3.2499217102137075,2.551490137031001,2.3029121582411283,2.70608904316934,2.528215613059347,2.1610913399514304,2.16657905409441,2.236573295278567,2.404924813559527,2.7845387336497502,3.270500804876391,1.4846874762606932,2.881329463166093,1.8274347021965225,3.783699435426719,0,10914,Graduate,Partner
1087,3.8147504274329385,3.335532205580124,4.08901399080283,5.7178722001865445,3.5068669184174635,5.044054382316274,5.596273894464297,2.006683857909663,1.126746004025478,2.236573295278567,1.0699201826570324,0.5762544040474584,1.892267125544952,1.8184576767042693,4.415862660071863,5.881387968815528,2.950787522972296,1,1509,Graduate,Alone
1088,2.4384962354191964,1.262497274549557,1.636966937632497,3.0289604481417576,2.0754984813189314,3.107926835835219,1.8951242216583255,2.354100692503639,2.16657905409441,2.236573295278567,2.404924813559527,2.7845387336497502,2.588793823701701,1.4846874762606932,1.935725222910646,1.8274347021965225,2.2566942625936104,2,5577,Undergraduate,Partner
1089,1.708898905225747,3.9228921027054513,1.785216457171211,2.1494098750429957,2.508030376641541,2.103332354170521,2.1386209106587186,2.527809109800627,4.246245154232274,2.236573295278567,2.404924813559527,2.7845387336497502,2.223240804810925,0.900589625484435,2.061805788278039,1.8274347021965225,2.5343315667450845,2,7348,Graduate,Partner
1090,2.390962286317942,2.9209252193740105,2.055030582731671,1.7221995966807395,1.7232302366747447,1.7745559783529834,1.846424883858247,1.6785679585709086,2.16657905409441,2.236573295278567,2.404924813559527,2.7845387336497502,1.8033488236526007,2.2356704272587398,1.7698297421640763,1.8274347021965225,2.1178756105178733,2,1127,Graduate,Partner
1091,1.3146412726508254,1.6080030963879848,1.462032504576814,1.671939563932239,1.6608029528137496,1.7745559783529834,1.822075214958208,1.890878246378338,1.646662529059944,2.236573295278567,2.404924813559527,2.7845387336497502,1.0673028802103632,2.0687853270369514,1.4280850518261428,1.8274347021965225,1.2849636980634502,2,1833,Graduate,Partner
1092,3.453064933978231,3.335532205580124,3.682810307266753,3.0038304317675077,3.37309416728676,1.9572095204738376,3.940496409261626,1.4855586060186998,1.646662529059944,2.236573295278567,1.0699201826570324,0.5762544040474584,1.704550710438878,3.0700959283676794,3.521686018847852,2.097698253304456,3.367243479199508,1,4944,Postgraduate,Alone
1093,2.2833023058021973,1.0897443636303432,1.586562100989334,1.671939563932239,1.625130219178895,1.6466984988683857,1.675977201557972,1.5241604765291417,1.646662529059944,2.236573295278567,2.404924813559527,2.7845387336497502,0.6375310877306672,3.737636329254832,1.4314029614410742,1.8274347021965225,1.2849636980634502,2,9080,Postgraduate,Partner
1094,0.6312303993553692,1.573452514204142,1.450172543013717,1.7724596294292403,1.6474256777006793,1.9206788120496667,1.8707745527582864,1.8136745053574548,2.16657905409441,2.236573295278567,1.0699201826570324,1.6803965688486042,2.218300899150239,2.2356704272587398,1.43306191624854,1.8274347021965225,1.4237823501391875,2,6466,Undergraduate,Partner
1095,2.961369675532996,1.2279466923657143,2.588728853071042,2.47610008790825,1.9015939048490165,2.0302709373221792,2.455166606359229,1.7943735701022336,2.16657905409441,2.236573295278567,2.404924813559527,2.7845387336497502,1.3291178802267298,1.9019002268151632,2.259221410366457,2.908488906628257,2.950787522972296,2,9964,Undergraduate,Partner
1096,3.008624833143921,3.093678130293225,2.0194506980423794,1.898109711300492,1.8436257126923783,2.012005583110094,2.187320248458797,1.601364217550025,4.76616167926674,2.236573295278567,3.739929444462023,3.888680898450896,0.7313892952837042,2.6528831778132096,1.8444827085000328,1.8274347021965225,2.2566942625936104,0,4790,Graduate,Partner
1097,3.4868916348049304,3.370082787763967,2.9593526519178277,3.0792204808902586,3.591589660800242,3.2175189611077317,2.4795162752592685,1.7943735701022336,1.646662529059944,2.236573295278567,1.0699201826570324,0.5762544040474584,3.0037458991993384,3.570751229033044,3.244640566001081,1.8274347021965225,2.6731502188208216,1,10245,Graduate,Alone
1098,3.715732983117422,0.6751373774242297,3.531595797337264,2.8027903007735047,2.1022530315450725,2.194659125230948,5.571924225564258,2.354100692503639,1.646662529059944,2.236573295278567,1.0699201826570324,0.5762544040474584,2.983986276556594,1.1509172758171171,3.158374916012865,3.719279559952058,2.6731502188208216,1,1109,Undergraduate,Alone
1099,2.450391339006607,3.335532205580124,1.4649974949675884,1.671939563932239,1.607293852361468,1.6466984988683857,1.675977201557972,1.4855586060186998,1.646662529059944,2.236573295278567,3.739929444462023,2.7845387336497502,1.2797188236198682,1.9853427769260568,1.3534320854901865,1.8274347021965225,1.007326393911976,2,6001,Postgraduate,Alone
1100,4.5093129603415925,1.435250185468771,4.394408001052581,2.1494098750429957,4.759871687341724,3.9298677753790634,4.47618912506249,2.218994145717093,1.126746004025478,2.236573295278567,1.0699201826570324,0.5762544040474584,1.2401995783343789,3.0700959283676794,4.658070061961855,2.908488906628257,3.2284248271237703,1,5538,Postgraduate,Alone
1101,0.6755582463178296,3.231880459028596,1.4857524277030083,1.74732961305499,1.669721136222463,1.7014945615046415,1.7003268704580117,1.4855586060186998,2.6864955791288763,2.236573295278567,2.404924813559527,1.6803965688486042,2.0849234463117123,1.0674747257062231,1.3998828200992262,1.8274347021965225,1.4237823501391875,2,10552,Postgraduate,Alone
1102,3.256702794289178,3.059127548109382,5.058565848586021,2.3755800224112487,2.213730324153992,1.6466984988683857,2.016872566158522,4.728115728895806,2.6864955791288763,2.236573295278567,2.404924813559527,2.7845387336497502,2.094803257633085,2.1522278771478454,3.9380836755217423,4.259806662167925,2.1178756105178733,1,1545,Graduate,Partner
1103,1.479407043435819,0.9860926170788148,1.4768574565306856,1.7221995966807395,1.669721136222463,1.7014945615046415,1.675977201557972,1.9487810521440008,1.646662529059944,2.236573295278567,2.404924813559527,2.7845387336497502,1.8527478802594628,1.1509172758171171,1.4314029614410742,4.259806662167925,1.1461450459877132,2,7409,Postgraduate,Partner
1104,1.6045379573455734,1.4698007676526137,1.690336764666434,2.6520102025280026,1.830248437579308,2.815681168441852,2.357767930759072,4.438601700067492,1.646662529059944,2.236573295278567,1.0699201826570324,1.6803965688486042,1.981185427437303,1.1509172758171171,2.0336035565511223,4.259806662167925,2.1178756105178733,1,4444,Postgraduate,Partner
1105,0.971309552309506,2.264464157880998,1.4353475910598457,2.249929940539997,1.6385074942919655,1.7928213325650688,1.822075214958208,2.37340162775886,1.646662529059944,2.236573295278567,1.0699201826570324,1.6803965688486042,3.201342125626785,2.569440627702316,1.4861484700874423,1.8274347021965225,1.2849636980634502,2,146,Undergraduate,Partner
1106,2.104643425749095,4.02654384925698,2.9356327287916333,1.9483697440489929,1.852543896101092,2.06680164574635,1.7977255460581685,2.045285728420105,3.726328629197808,2.236573295278567,2.404924813559527,2.7845387336497502,2.0207046727227924,1.5681300263715872,2.380325111311453,1.8274347021965225,3.0896061750480333,0,6271,Undergraduate,Partner
1107,3.1984818380586093,0.7787891239757581,2.559078949163299,2.3755800224112487,2.548162201980752,3.1809882526835604,2.357767930759072,1.890878246378338,2.16657905409441,2.236573295278567,2.404924813559527,1.6803965688486042,1.9021469368663244,2.4025555274805277,2.582717597822268,1.8274347021965225,3.367243479199508,1,10065,Graduate,Alone
1108,1.3881492956011527,1.1588455279980288,1.648826899195594,1.671939563932239,1.7767393371270264,1.6832292072925563,1.7003268704580117,1.601364217550025,2.16657905409441,2.236573295278567,2.404924813559527,2.7845387336497502,3.473036936964524,1.4846874762606932,1.5342581595039475,1.8274347021965225,1.5626010022149246,2,4741,Postgraduate,Partner
1109,2.337387854926205,2.9554758015578533,1.8623062073313423,1.671939563932239,2.0041530140492227,1.7745559783529834,1.9925228972584828,2.894526879649823,3.726328629197808,2.236573295278567,3.739929444462023,2.7845387336497502,2.6036135406837597,1.9853427769260568,1.8776618046493467,1.8274347021965225,2.1178756105178733,2,246,Postgraduate,Alone
1110,2.174387763579968,1.746205425123356,1.4976123892661055,2.0991498422944947,1.692016594744247,2.4321087299880584,2.162970579558758,1.6592670233156877,1.646662529059944,2.236573295278567,2.404924813559527,1.6803965688486042,1.5118943896721178,1.4846874762606932,1.5508477075786045,1.8274347021965225,1.5626010022149246,2,375,Graduate,Alone
1111,2.091122038468093,2.0226100825940985,1.7555665532634683,1.7975896458034906,2.2003530490409218,2.1215977083826063,2.236019586258876,2.045285728420105,2.16657905409441,2.236573295278567,2.404924813559527,2.7845387336497502,3.4927965596072683,3.570751229033044,1.8743438950344156,1.8274347021965225,2.2566942625936104,2,1524,Graduate,Partner
1112,1.7574086245431564,2.5063182331678973,1.918641024756054,1.74732961305499,2.24494396608449,1.7197599157167271,2.260369255158915,2.2768969514827555,4.76616167926674,2.236573295278567,3.739929444462023,2.7845387336497502,3.3445993897866835,2.9032108281458915,1.963927454637563,3.449016008844124,2.3955129146693475,0,10022,Graduate,Alone
1113,3.932261040607008,3.335532205580124,4.266913414249287,2.853050333522005,3.792248787496298,3.1444575442593896,2.8204116398598185,3.3191474552646825,3.206412104163342,2.236573295278567,3.739929444462023,2.7845387336497502,3.996666936997257,2.569440627702316,4.183608987026665,1.8274347021965225,2.5343315667450845,1,7451,Graduate,Alone
1114,2.1002756924005928,3.888341520521609,1.5509822163000426,1.671939563932239,1.6652620445181063,1.7014945615046415,1.7003268704580117,1.7943735701022336,2.16657905409441,2.236573295278567,5.074934075364517,4.992823063252041,0.914165804729092,1.6515725764824811,1.4562872835530598,1.8274347021965225,1.2849636980634502,2,11010,Graduate,Partner
1115,0.6900554038149862,2.402666486616369,1.4323826006690714,1.74732961305499,1.607293852361468,1.6832292072925563,1.74902620825809,1.6978688938261293,1.646662529059944,2.236573295278567,1.0699201826570324,0.5762544040474584,3.221101748269529,0.984032175595329,1.366703723949912,1.8274347021965225,1.007326393911976,2,4356,Undergraduate,Alone
1116,2.893298086644103,2.091711246961784,1.9512559190545709,2.400710038785499,5.2369944997079,1.6466984988683857,2.4795162752592685,3.647263354603437,1.646662529059944,2.236573295278567,1.0699201826570324,0.5762544040474584,1.5316540123148623,3.737636329254832,3.264548023690669,3.449016008844124,3.922518087502456,1,3885,Undergraduate,Alone
1117,3.0504900219418,2.9554758015578533,3.845884778759338,1.8729796949262416,1.825789345874951,1.847617395201325,1.675977201557972,2.8366240738841606,3.206412104163342,2.236573295278567,2.404924813559527,2.7845387336497502,3.206282031287471,3.821078879365726,2.914508559315407,2.908488906628257,2.3955129146693475,0,1175,Postgraduate,Partner
1118,1.124459010997419,3.646487445234709,1.4472075526229429,1.6970695803064892,1.5983756689527544,1.6832292072925563,1.675977201557972,1.5627623470395833,1.646662529059944,2.236573295278567,3.739929444462023,2.7845387336497502,1.88238731422358,2.485998077591421,1.3517731306827208,1.8274347021965225,1.007326393911976,2,880,Graduate,Alone
1119,1.9033559697308795,1.6425536785718275,1.4531375334044911,1.7724596294292403,1.6786393196311766,1.756290624140898,1.74902620825809,1.7943735701022336,1.646662529059944,2.236573295278567,2.404924813559527,2.7845387336497502,0.6968099556589011,1.5681300263715872,1.42144923259628,1.8274347021965225,1.1461450459877132,2,2320,Graduate,Partner
1120,3.897319173818989,3.7155886096023942,3.555315720463459,2.7274002516507534,5.442112718108313,5.646811071315092,2.4064672685591506,3.106837167457253,2.16657905409441,2.236573295278567,2.404924813559527,2.7845387336497502,3.5224359935713854,1.735015126593375,4.571804411973638,2.097698253304456,3.644880783350982,1,850,Graduate,Partner
1121,3.30707112354212,3.197329876844753,4.593062357234458,5.139881823578786,4.933776263811638,1.6466984988683857,2.1386209106587186,2.2382950809723137,1.646662529059944,2.236573295278567,1.0699201826570324,0.5762544040474584,1.7885291066705429,0.984032175595329,4.666364835999183,6.151651519923461,3.367243479199508,1,4713,Graduate,Alone
1122,2.2274975424878214,3.991993267073137,1.921606015146828,1.7975896458034906,2.066580297910218,1.847617395201325,1.8707745527582864,2.045285728420105,2.16657905409441,2.236573295278567,2.404924813559527,2.7845387336497502,0.7659686349085073,1.9019002268151632,1.8677080758045528,1.8274347021965225,2.2566942625936104,2,675,Undergraduate,Partner
1123,1.628514025513948,2.817273472822482,1.5154023316107512,1.7724596294292403,1.7410666034921718,1.6832292072925563,1.7733758771581294,1.5627623470395833,2.6864955791288763,2.236573295278567,3.739929444462023,3.888680898450896,4.011486653979316,2.4025555274805277,1.454628328745594,1.8274347021965225,1.4237823501391875,2,5025,Postgraduate,Partner
1124,3.9015010461739377,3.681038027418552,3.546420749291136,3.5818208083752654,3.350798708764976,3.7654795874702938,1.675977201557972,1.7171698290813504,1.646662529059944,2.236573295278567,1.0699201826570324,0.5762544040474584,2.672772219933365,2.9032108281458915,3.5050964707731955,3.449016008844124,3.2284248271237703,1,2308,Postgraduate,Alone
1125,0.4297570823436003,1.8153065894910416,1.4531375334044911,1.7724596294292403,1.6340484025876088,1.6832292072925563,1.7246765393580508,1.5627623470395833,2.16657905409441,2.236573295278567,1.0699201826570324,0.5762544040474584,0.7758484462298796,0.6502619751517529,1.3766574527947064,1.8274347021965225,1.4237823501391875,2,5995,Postgraduate,Alone
1126,2.227915729723316,3.4391839521316525,2.108400409765608,1.7975896458034906,1.8391666209880213,1.7014945615046415,1.7246765393580508,1.871577311123117,2.16657905409441,2.236573295278567,2.404924813559527,2.7845387336497502,3.1173637293951204,2.986653378256785,1.84945957292243,1.8274347021965225,2.2566942625936104,2,6749,Graduate,Partner
1127,2.527663047076389,2.886374637190168,2.378214535326068,2.8781803498962555,2.1825166822234947,2.3590473131397167,3.4291533623608004,2.4120034982693017,3.206412104163342,2.236573295278567,2.404924813559527,2.7845387336497502,2.43565674822043,3.6541937791439376,2.421798981498095,1.8274347021965225,3.0896061750480333,0,1010,Postgraduate,Partner
1128,1.6460314241563458,2.402666486616369,1.4976123892661055,1.671939563932239,1.7053938698573174,1.7745559783529834,2.0412222350585614,1.5434614117843624,1.646662529059944,2.236573295278567,2.404924813559527,2.7845387336497502,3.1272435407164925,0.6502619751517529,1.449651464323197,1.8274347021965225,1.4237823501391875,2,8977,Graduate,Partner
1129,0.9084885364884931,3.2664310412124387,1.4323826006690714,1.7975896458034906,1.625130219178895,1.7197599157167271,1.8707745527582864,1.871577311123117,2.16657905409441,2.236573295278567,2.404924813559527,1.6803965688486042,0.8301874084974274,1.5681300263715872,1.4032007297141575,1.8274347021965225,1.2849636980634502,2,4756,Undergraduate,Alone
1130,1.4724372561775707,3.2664310412124387,1.5954570721616568,1.671939563932239,1.6429665859963225,1.6466984988683857,1.675977201557972,1.8329754406126757,2.16657905409441,2.236573295278567,2.404924813559527,1.6803965688486042,2.1491422199006327,2.9032108281458915,1.4695589220127854,1.8274347021965225,1.4237823501391875,2,3412,Postgraduate,Alone
1131,2.8601683645432283,3.542835698683181,2.9356327287916333,4.788061594339283,2.699771319928883,2.5599662094726563,2.601264619759465,4.071883930218297,1.646662529059944,2.236573295278567,1.0699201826570324,0.5762544040474584,1.7539497670457396,4.32173418003109,3.156715961205399,1.8274347021965225,3.922518087502456,1,606,Graduate,Alone
1132,0.9072339747820084,2.575419397535583,1.5154023316107512,1.671939563932239,1.700934778152961,1.6832292072925563,1.7246765393580508,1.5434614117843624,3.206412104163342,2.236573295278567,2.404924813559527,2.7845387336497502,1.3735770311729052,1.9019002268151632,1.4280850518261428,1.8274347021965225,1.5626010022149246,2,5961,Postgraduate,Partner
1133,1.87868292283668,1.711654842939513,1.565807168253914,1.8478496785519916,1.852543896101092,1.6832292072925563,1.7733758771581294,2.006683857909663,2.16657905409441,2.236573295278567,2.404924813559527,2.7845387336497502,1.6847910877961334,1.317802376038905,1.5674372556532614,4.259806662167925,1.5626010022149246,2,2975,Graduate,Partner
1134,2.449647895032394,0.640586795240387,2.7755232476898217,1.671939563932239,2.351962166989053,1.7928213325650688,2.1386209106587186,2.103188534185768,7.365744304439071,2.236573295278567,3.739929444462023,3.888680898450896,3.813890427551869,3.403866128811256,2.461613896877272,1.8274347021965225,3.2284248271237703,0,2894,Graduate,Partner
1135,2.60270442322353,3.78468977397008,2.4671642470492965,1.74732961305499,1.7633620620139558,1.6466984988683857,1.675977201557972,1.8522763758678964,2.16657905409441,2.236573295278567,2.404924813559527,2.7845387336497502,1.7193704274209365,3.570751229033044,2.0087192344391367,1.8274347021965225,2.5343315667450845,2,7613,Postgraduate,Partner
1136,1.1544755614562758,2.0226100825940985,1.45906751418604,1.671939563932239,1.625130219178895,1.6466984988683857,1.675977201557972,1.6592670233156877,1.646662529059944,2.236573295278567,2.404924813559527,1.6803965688486042,3.67063316339197,0.900589625484435,1.371680588372309,4.259806662167925,1.007326393911976,2,10542,Graduate,Alone
1137,2.591970950845828,2.679071144087111,3.608685547497396,2.677140218902253,2.4054712674413343,2.596496917896827,2.162970579558758,2.064586663675326,2.16657905409441,2.236573295278567,1.0699201826570324,0.5762544040474584,2.356618257649451,4.488619280252878,3.085380904484374,1.8274347021965225,4.061336739578193,1,8015,Postgraduate,Alone
1138,3.085850075965314,3.957442684889294,4.08901399080283,4.838321627087783,2.4634394595979727,3.3088457321681584,4.403140118362372,2.199693210461872,2.6864955791288763,2.236573295278567,2.404924813559527,2.7845387336497502,3.892928918122848,2.736325727924104,3.747303872663187,1.8274347021965225,3.506062131275245,1,10617,Graduate,Partner
1139,0.2681044832006241,2.7481723084547967,1.4442425622321684,1.7221995966807395,1.6028347606571112,1.7014945615046415,1.675977201557972,1.5820632822948042,1.646662529059944,2.236573295278567,2.404924813559527,2.7845387336497502,3.892928918122848,1.4846874762606932,1.3567499951051178,1.8274347021965225,1.007326393911976,2,11166,Graduate,Partner
1140,3.782968197535325,1.124294945814186,3.733215143909916,2.551490137031001,4.849053521428859,2.3590473131397167,5.011881840863355,3.685865225113879,1.646662529059944,2.236573295278567,1.0699201826570324,1.6803965688486042,3.77437118226638,1.9019002268151632,4.367752970655357,4.800333764383792,4.061336739578193,1,849,Graduate,Partner
1141,2.437892187190148,1.1933961101818715,1.909746053583731,1.8227196621777408,1.754443878605242,1.756290624140898,1.9925228972584828,1.736470764336571,2.16657905409441,2.236573295278567,2.404924813559527,2.7845387336497502,1.0179038236035016,3.0700959283676794,1.7200610979401056,1.8274347021965225,1.979056958442136,2,523,Postgraduate,Partner
1142,0.9925441708229696,4.02654384925698,1.533192273955397,1.671939563932239,1.6385074942919655,1.6466984988683857,1.675977201557972,1.5241604765291417,3.206412104163342,2.236573295278567,3.739929444462023,2.7845387336497502,0.7462090122657628,2.819768278034997,1.406518639329089,1.8274347021965225,1.4237823501391875,2,4066,Postgraduate,Alone
1143,2.0592933433220915,1.0206431992626577,2.443444323923102,1.898109711300492,2.088875756432002,1.9937402288980084,2.016872566158522,1.8522763758678964,6.325911254370139,2.236573295278567,3.739929444462023,3.888680898450896,2.282519672739159,1.735015126593375,2.181250534415569,3.449016008844124,2.811968870896559,0,8414,Graduate,Partner
1144,2.5548916826319457,2.437217068800212,2.194385131098062,4.310591283228526,2.655180402885315,5.97558744713263,5.86412025236473,1.6592670233156877,1.646662529059944,2.236573295278567,1.0699201826570324,1.6803965688486042,3.408818163375604,1.9019002268151632,3.019022712185746,1.8274347021965225,2.5343315667450845,1,819,Graduate,Partner
1145,3.6094204948049375,1.2970478567333998,3.380381287407776,3.682340873872267,3.743198778748373,3.893337066954892,1.9925228972584828,1.736470764336571,1.646662529059944,2.236573295278567,1.0699201826570324,1.6803965688486042,0.7412691066050765,2.986653378256785,3.59965689479874,1.8274347021965225,1.979056958442136,1,4961,Graduate,Partner
1146,2.582259713932668,2.7481723084547967,2.484954189393942,3.682340873872267,3.056498656277427,4.167317380136173,2.08992157285864,3.531457743072112,2.16657905409441,2.236573295278567,2.404924813559527,2.7845387336497502,2.9345872199497323,3.821078879365726,3.02897644103054,1.8274347021965225,3.783699435426719,1,749,Graduate,Partner
1147,1.9815105175200387,3.1627792946609103,2.0609605635132198,1.7975896458034906,1.7143120532660312,1.7745559783529834,1.846424883858247,2.2768969514827555,1.646662529059944,2.236573295278567,2.404924813559527,2.7845387336497502,1.0722427858710493,2.6528831778132096,1.8262342056179104,1.8274347021965225,2.1178756105178733,2,5430,Graduate,Partner
1148,2.449647895032394,0.640586795240387,2.7755232476898217,1.671939563932239,2.351962166989053,1.7928213325650688,2.1386209106587186,2.103188534185768,7.365744304439071,2.236573295278567,3.739929444462023,3.888680898450896,3.813890427551869,3.403866128811256,2.461613896877272,1.8274347021965225,3.2284248271237703,0,7755,Graduate,Partner
1149,2.688665132741928,3.197329876844753,2.784418218862145,1.7724596294292403,1.718771144970388,1.6466984988683857,1.675977201557972,1.6592670233156877,1.646662529059944,2.236573295278567,2.404924813559527,2.7845387336497502,3.636053823767167,2.6528831778132096,2.154707257496118,2.908488906628257,2.811968870896559,0,10525,Graduate,Partner
1150,3.6686636865000506,2.54086881535174,2.1439802944549,2.8027903007735047,4.282748874975546,2.2677205420792896,2.3090685929589934,2.527809109800627,1.646662529059944,2.236573295278567,1.0699201826570324,1.6803965688486042,3.9275082577476494,0.2330492245972828,2.992479435266295,1.8274347021965225,3.367243479199508,1,1453,Graduate,Partner
1151,1.7942091012667083,2.2990147400648406,2.0520655923408966,1.671939563932239,1.6162120357701817,1.6466984988683857,1.675977201557972,1.5241604765291417,2.16657905409441,2.236573295278567,2.404924813559527,2.7845387336497502,1.867567597241521,1.9019002268151632,1.6885409565982572,1.8274347021965225,1.979056958442136,2,8310,Postgraduate,Partner
1152,2.833450846719942,2.4717676509840545,2.736978372609756,2.551490137031001,1.9595620970056549,1.7745559783529834,2.3821175996591117,1.6978688938261293,3.206412104163342,2.236573295278567,2.404924813559527,2.7845387336497502,2.573974106719642,2.0687853270369514,2.332215421894948,1.8274347021965225,3.0896061750480333,0,10710,Graduate,Partner
1153,2.195715312590208,1.0897443636303432,1.4857524277030083,1.9986297767974932,1.669721136222463,1.82935204098924,1.846424883858247,1.6399660880604667,1.646662529059944,2.236573295278567,2.404924813559527,2.7845387336497502,2.361558163310137,2.4025555274805277,1.4513104191306625,1.8274347021965225,1.2849636980634502,2,5031,Undergraduate,Partner
1154,1.5608606238605496,1.8153065894910416,1.512437341219977,1.898109711300492,1.754443878605242,1.8658827494134105,1.846424883858247,1.736470764336571,2.6864955791288763,2.236573295278567,5.074934075364517,4.992823063252041,3.9275082577476494,2.4025555274805277,1.5027380181620993,1.8274347021965225,1.4237823501391875,0,2613,Graduate,Partner
1155,3.504037311460222,2.5063182331678973,2.840753036286856,3.5566907920010147,2.311830341649842,2.1763937710188626,5.352777205463904,3.3577493257751243,1.646662529059944,2.236573295278567,1.0699201826570324,1.6803965688486042,2.5443346727555256,4.071406529698407,2.969254067961775,1.8274347021965225,2.811968870896559,1,213,Graduate,Partner
1156,3.7138279079335006,3.0245769659255397,2.5086741125201364,2.677140218902253,3.484571459895679,4.532624464377881,3.136957335560329,2.450605368779744,1.646662529059944,2.236573295278567,1.0699201826570324,0.5762544040474584,1.368637125512219,2.3191129773696333,3.146762232360605,1.8274347021965225,2.6731502188208216,1,967,Graduate,Alone
1157,0.5896904672962084,3.4391839521316525,1.429417610278297,1.671939563932239,1.5983756689527544,1.7014945615046415,1.74902620825809,1.6399660880604667,1.646662529059944,2.236573295278567,1.0699201826570324,1.6803965688486042,1.2401995783343789,0.0661641243754949,1.3534320854901865,2.6382253555203232,1.007326393911976,2,1077,Undergraduate,Partner
1158,0.854960570345145,4.061094431440822,1.429417610278297,1.8227196621777408,1.6028347606571112,1.7745559783529834,1.822075214958208,1.7171698290813504,1.646662529059944,2.236573295278567,1.0699201826570324,1.6803965688486042,1.1018822198351663,1.9019002268151632,1.3832932720245692,1.8274347021965225,1.1461450459877132,2,7959,Undergraduate,Partner
1159,3.367987064179212,0.7442385417919153,3.988204317516504,3.7577309229950178,4.028580647827209,3.2175189611077317,4.086594422661861,2.1224894694409886,1.646662529059944,2.236573295278567,1.0699201826570324,1.6803965688486042,3.907748635104906,0.5668194250408589,4.165360484144543,1.8274347021965225,2.6731502188208216,1,640,Postgraduate,Partner
1160,3.0200552842474484,2.7481723084547967,2.4641992566585222,1.8478496785519916,1.7455256951965286,1.6466984988683857,1.675977201557972,2.392702563014081,2.6864955791288763,2.236573295278567,3.739929444462023,3.888680898450896,1.4180361821190806,3.3204235787003618,2.0535110142407107,2.908488906628257,2.5343315667450845,0,4252,Postgraduate,Partner
1161,1.0219566730527785,2.886374637190168,1.4442425622321684,2.249929940539997,1.6563438611093928,1.6466984988683857,2.1142712417586798,1.755771699591792,2.16657905409441,2.236573295278567,2.404924813559527,2.7845387336497502,3.240861370912274,1.4846874762606932,1.4513104191306625,1.8274347021965225,1.2849636980634502,2,8432,Undergraduate,Partner
1162,2.119884027220465,3.8537909383377658,1.9749758421807653,1.7221995966807395,1.67418022792682,1.7928213325650688,1.8707745527582864,1.5627623470395833,2.6864955791288763,2.236573295278567,2.404924813559527,2.7845387336497502,1.7144305217602502,3.0700959283676794,1.7001536402505173,1.8274347021965225,1.979056958442136,2,6218,Postgraduate,Partner
1163,1.4735988873872787,1.4698007676526137,1.4531375334044911,1.671939563932239,1.625130219178895,1.6466984988683857,1.675977201557972,1.5241604765291417,1.646662529059944,2.236573295278567,3.739929444462023,3.888680898450896,3.5668951445175607,3.737636329254832,1.3567499951051178,1.8274347021965225,1.007326393911976,2,6905,Postgraduate,Partner
1164,2.446674119135541,0.9169914527111293,2.250719948522774,2.1996699077914963,1.874839354622876,2.7791504600176813,2.187320248458797,1.9680819873992217,2.16657905409441,2.236573295278567,2.404924813559527,2.7845387336497502,2.6036135406837597,1.317802376038905,2.106597568079613,1.8274347021965225,2.6731502188208216,2,5922,Graduate,Partner
1165,1.244339351839293,3.128228712477068,1.5598771874723654,1.7975896458034906,1.67418022792682,1.6466984988683857,1.7733758771581294,1.8522763758678964,2.6864955791288763,2.236573295278567,3.739929444462023,2.7845387336497502,2.7715703331470887,1.317802376038905,1.4778536960501136,1.8274347021965225,1.4237823501391875,2,3598,Graduate,Alone
1166,4.13113230370903,1.6425536785718275,4.856946502013369,4.687541528842281,5.669526395030509,3.3636417948044146,5.182329523163629,3.338448390519903,1.646662529059944,2.236573295278567,1.0699201826570324,0.5762544040474584,1.2599592009771234,0.4833768749299649,5.51574969742162,3.1787524577361905,2.950787522972296,1,6116,Postgraduate,Alone
1167,2.1531996103148927,1.7807560073071989,2.535359026037105,2.023759793171744,1.9595620970056549,1.756290624140898,1.8951242216583255,1.8522763758678964,2.6864955791288763,12.555767160837409,2.404924813559527,2.7845387336497502,3.216161842608844,3.90452142947662,2.1630020315334466,1.8274347021965225,2.811968870896559,0,6263,Graduate,Partner
1168,1.92412593576046,2.9900263837416965,1.8267263226420511,1.8729796949262416,1.9283484550751573,1.756290624140898,1.675977201557972,1.6978688938261293,1.646662529059944,2.236573295278567,2.404924813559527,2.7845387336497502,3.2556810878943327,3.3204235787003618,1.7167431883251745,1.8274347021965225,1.979056958442136,2,10486,Graduate,Partner
1169,2.4732987064620504,2.54086881535174,4.833226578887174,1.671939563932239,1.8570029878054488,1.6466984988683857,1.675977201557972,1.9487810521440008,2.6864955791288763,2.236573295278567,2.404924813559527,1.6803965688486042,3.1865224086447266,2.986653378256785,3.370721131368474,4.53007021327586,3.0896061750480333,0,2410,Postgraduate,Alone
1170,0.6191959000227936,3.2664310412124387,1.4472075526229429,1.9734997604232432,1.6028347606571112,2.0302709373221792,1.822075214958208,2.257596016227535,3.726328629197808,2.236573295278567,3.739929444462023,2.7845387336497502,2.672772219933365,3.236981028589468,1.4728768316277168,1.8274347021965225,1.5626010022149246,2,193,Undergraduate,Alone
1171,1.1720394253470618,1.2279466923657143,1.4412775718413942,1.6970695803064892,1.6385074942919655,1.6466984988683857,1.675977201557972,1.5048595412739207,1.646662529059944,2.236573295278567,2.404924813559527,1.6803965688486042,0.845007125479486,2.1522278771478454,1.355091040297652,1.8274347021965225,1.007326393911976,2,3363,Graduate,Alone
1172,0.957044721054291,3.888341520521609,1.4442425622321684,1.7724596294292403,1.625130219178895,1.6832292072925563,1.675977201557972,1.5820632822948042,1.646662529059944,2.236573295278567,2.404924813559527,1.6803965688486042,2.223240804810925,0.984032175595329,1.366703723949912,1.8274347021965225,1.1461450459877132,2,8278,Graduate,Alone
1173,1.9823468919910283,3.6119368630508655,1.5005773796568798,1.7221995966807395,1.6786393196311766,1.6832292072925563,1.7246765393580508,1.6785679585709086,2.16657905409441,2.236573295278567,3.739929444462023,3.888680898450896,2.124442691597202,2.6528831778132096,1.4264260970186773,1.8274347021965225,1.2849636980634502,2,10660,Graduate,Partner
1174,2.800460520364233,1.5043513498364565,4.094943971584378,1.671939563932239,2.0398257476840773,1.6466984988683857,1.675977201557972,1.871577311123117,1.646662529059944,2.236573295278567,2.404924813559527,1.6803965688486042,2.109622974615143,3.737636329254832,3.019022712185746,2.097698253304456,4.061336739578193,0,8686,Postgraduate,Alone
1175,1.3831310487752138,1.4006996032849282,1.7496365724819196,1.6970695803064892,1.7143120532660312,1.884148103625496,1.7003268704580117,1.5627623470395833,2.16657905409441,2.236573295278567,2.404924813559527,2.7845387336497502,3.4038782577149176,2.9032108281458915,1.5840268037279184,1.8274347021965225,1.7014196542906617,2,1604,Postgraduate,Partner
1176,2.0520912298219014,1.1588455279980288,1.5094723508292027,1.7221995966807395,1.6206711274745382,1.6466984988683857,1.7246765393580508,1.736470764336571,1.646662529059944,2.236573295278567,3.739929444462023,3.888680898450896,1.1908005217275173,1.9019002268151632,1.4114955037514858,1.8274347021965225,1.1461450459877132,2,5907,Undergraduate,Partner
1177,3.570807873394242,1.8498571716748844,3.848849769150113,3.3305206446327618,4.037498831235922,5.592015008678835,3.283055348960565,3.3963511962855657,1.646662529059944,2.236573295278567,1.0699201826570324,0.5762544040474584,3.324839767143939,2.2356704272587398,4.3329149196985774,3.449016008844124,2.6731502188208216,1,10669,Postgraduate,Alone
1178,3.04993243896114,3.4391839521316525,5.277975137503318,1.671939563932239,1.9015939048490165,2.322516604715546,2.016872566158522,2.296197886737976,3.206412104163342,2.236573295278567,2.404924813559527,1.6803965688486042,3.4977364652679546,2.3191129773696333,3.7506217822781194,5.881387968815528,3.506062131275245,0,2918,Postgraduate,Alone
1179,2.6332320914146585,2.54086881535174,1.45906751418604,1.671939563932239,1.6385074942919655,1.9572095204738376,2.3821175996591117,2.045285728420105,1.646662529059944,2.236573295278567,2.404924813559527,1.6803965688486042,0.9339254273718368,3.0700959283676794,1.4861484700874423,1.8274347021965225,1.2849636980634502,2,5735,Graduate,Alone
1180,2.8147253516194484,3.888341520521609,1.6873717742756598,1.9986297767974932,1.7410666034921718,1.82935204098924,1.822075214958208,1.6785679585709086,1.646662529059944,2.236573295278567,2.404924813559527,1.6803965688486042,1.2401995783343789,3.737636329254832,1.5923215777652469,1.8274347021965225,1.7014196542906617,2,359,Graduate,Alone
1181,1.9474050252030093,2.368115904432526,1.598422062552431,1.7221995966807395,1.8168711624662373,1.7197599157167271,1.7246765393580508,1.92948011688878,2.6864955791288763,2.236573295278567,3.739929444462023,3.888680898450896,2.7271111822009133,2.3191129773696333,1.5574835268084672,1.8274347021965225,1.5626010022149246,2,8387,Postgraduate,Partner
1182,2.886003042647136,2.851824055006325,3.312186508419967,2.048889809545994,2.035366655979721,2.012005583110094,1.846424883858247,4.013981124452634,1.646662529059944,2.236573295278567,2.404924813559527,1.6803965688486042,2.7320510878616,2.4025555274805277,2.833219773749588,1.8274347021965225,3.506062131275245,0,1829,Postgraduate,Alone
1183,2.09841708246506,3.78468977397008,1.5569121970815911,1.9734997604232432,1.692016594744247,2.1763937710188626,2.0412222350585614,2.662915656587173,1.646662529059944,2.236573295278567,2.404924813559527,2.7845387336497502,2.0750436349903403,2.6528831778132096,1.630477538336958,1.8274347021965225,1.5626010022149246,2,3839,Undergraduate,Partner
1184,3.176410845074156,1.0206431992626577,4.287668346984707,2.5263601206567508,2.2003530490409218,1.9206788120496667,1.675977201557972,1.6978688938261293,2.16657905409441,2.236573295278567,2.404924813559527,2.7845387336497502,2.835789106736009,2.3191129773696333,3.2529353400384093,2.908488906628257,2.950787522972296,0,9392,Postgraduate,Partner
1185,3.5473893882065277,3.128228712477068,3.1253921138011878,1.8729796949262416,2.744362236972451,2.2677205420792896,2.528215613059347,3.0296334264363693,1.646662529059944,2.236573295278567,1.0699201826570324,1.6803965688486042,1.0080240122821291,2.0687853270369514,2.965936158346844,1.8274347021965225,2.3955129146693475,1,2292,Postgraduate,Partner
1186,2.669614380902716,0.8478902883434436,2.440479333532328,5.240401889075788,2.093334848136359,6.377425239798509,5.352777205463904,2.7594203328632774,2.6864955791288763,2.236573295278567,2.404924813559527,1.6803965688486042,3.8385899558553,2.986653378256785,3.105288362173962,1.8274347021965225,3.922518087502456,1,10466,Undergraduate,Alone
1187,2.466328919203802,0.640586795240387,1.616212004897077,1.8227196621777408,1.8436257126923783,1.884148103625496,1.9925228972584828,1.910179181633559,3.206412104163342,2.236573295278567,3.739929444462023,3.888680898450896,2.0256445783834787,1.6515725764824811,1.6155469450697666,1.8274347021965225,1.7014196542906617,2,9855,Graduate,Partner
1188,2.6198500998788217,2.9209252193740105,2.0846804866394137,4.285461266854275,2.34304398358034,3.509764628501098,3.575251375761036,3.106837167457253,2.6864955791288763,12.555767160837409,2.404924813559527,2.7845387336497502,3.156882974680609,3.1535384784785734,2.5843765526297338,1.8274347021965225,3.2284248271237703,0,4088,Graduate,Partner
1189,2.3084864704286683,2.091711246961784,1.8445162649866969,1.74732961305499,1.718771144970388,1.7197599157167271,1.7977255460581685,1.755771699591792,2.16657905409441,2.236573295278567,2.404924813559527,2.7845387336497502,1.477315050047315,3.236981028589468,1.6503849960265462,1.8274347021965225,1.840238306366399,2,5231,Postgraduate,Partner
1190,0.6299293724004962,2.713621726270954,1.4323826006690714,1.7221995966807395,1.625130219178895,1.7197599157167271,1.74902620825809,1.736470764336571,2.16657905409441,2.236573295278567,2.404924813559527,1.6803965688486042,3.685452880374029,1.4846874762606932,1.378316407602172,4.259806662167925,1.1461450459877132,2,590,Graduate,Alone
1191,3.0158734118924992,2.851824055006325,2.2922298139936137,1.9232397276747424,4.661771669845873,3.1809882526835604,1.9194738905583648,1.4855586060186998,1.646662529059944,2.236573295278567,1.0699201826570324,1.6803965688486042,2.1491422199006327,3.3204235787003618,3.1251958198635506,1.8274347021965225,2.811968870896559,1,8732,Postgraduate,Partner
1192,2.287716504399088,3.646487445234709,3.0423723828595075,1.9986297767974932,1.9684802804143684,1.7928213325650688,1.822075214958208,2.045285728420105,2.6864955791288763,2.236573295278567,2.404924813559527,2.7845387336497502,3.028445427502769,3.403866128811256,2.4632728516847378,2.6382253555203232,3.2284248271237703,0,2315,Postgraduate,Partner
1193,3.851411508411325,3.957442684889294,3.457471037567907,4.184941201357273,5.161189940733834,2.0302709373221792,3.283055348960565,1.4855586060186998,1.646662529059944,2.236573295278567,1.0699201826570324,1.6803965688486042,1.6699713708140749,2.6528831778132096,4.10066124665338,3.1787524577361905,4.061336739578193,1,3515,Postgraduate,Partner
1194,0.7722988934623183,0.6751373774242297,1.4323826006690714,1.9734997604232432,1.6295893108832518,1.6466984988683857,2.016872566158522,1.620665152805246,1.646662529059944,2.236573295278567,1.0699201826570324,1.6803965688486042,1.7885291066705429,0.5668194250408589,1.3982238652917602,1.8274347021965225,1.2849636980634502,2,2245,Graduate,Partner
1195,1.7991808828442588,2.5063182331678973,1.533192273955397,1.671939563932239,1.607293852361468,1.6466984988683857,1.675977201557972,1.6785679585709086,1.646662529059944,2.236573295278567,3.739929444462023,3.888680898450896,1.245139483995065,3.3204235787003618,1.4081775941365544,2.6382253555203232,1.1461450459877132,2,6283,Postgraduate,Partner
1196,1.607093546006931,2.4717676509840545,1.6873717742756598,1.74732961305499,1.700934778152961,1.7014945615046415,1.7246765393580508,1.736470764336571,2.16657905409441,2.236573295278567,2.404924813559527,2.7845387336497502,2.5789140123803285,2.6528831778132096,1.547529797963673,1.8274347021965225,1.5626010022149246,2,2246,Graduate,Partner
1197,1.881052650504484,3.957442684889294,2.3455996410275506,1.74732961305499,1.696475686448604,1.7197599157167271,1.74902620825809,1.871577311123117,2.16657905409441,2.236573295278567,2.404924813559527,2.7845387336497502,1.872507502902208,3.3204235787003618,1.9290894036807835,2.908488906628257,2.3955129146693475,2,6606,Graduate,Partner
1198,2.9746122713236685,2.6445205619032683,1.9393959574914736,3.506430759252514,2.0041530140492227,3.3819071490165,3.575251375761036,2.1417904046962093,2.16657905409441,12.555767160837409,2.404924813559527,2.7845387336497502,2.7616905218257166,3.4873086789221497,2.23101917863954,1.8274347021965225,2.811968870896559,0,5545,Graduate,Partner
1199,3.4994837171181663,1.0551937814465004,3.2825366045122246,2.626880186153752,2.6685576779983857,2.5599662094726563,2.503865944159308,2.952429685415486,2.16657905409441,2.236573295278567,2.404924813559527,2.7845387336497502,1.7984089179919152,2.0687853270369514,3.0936756785217026,2.6382253555203232,4.6166113478811415,1,7342,Graduate,Partner
1200,3.400698599044591,3.335532205580124,4.311388270110901,3.1546105300130094,5.660608211621796,2.103332354170521,2.1386209106587186,2.624313786076731,1.646662529059944,2.236573295278567,1.0699201826570324,1.6803965688486042,2.929647314289046,2.3191129773696333,4.722769299453017,3.1787524577361905,3.367243479199508,1,837,Graduate,Partner
1201,2.555170474122276,2.851824055006325,1.8949211016298595,1.8227196621777408,1.7633620620139558,1.756290624140898,1.9925228972584828,2.933128750160265,3.726328629197808,2.236573295278567,3.739929444462023,3.888680898450896,3.581714861499619,2.0687853270369514,1.8179394315805812,1.8274347021965225,1.979056958442136,0,9500,Graduate,Partner
1202,1.878589992339903,1.5389019320202992,1.5717371490354626,1.898109711300492,1.7901166122400969,1.7014945615046415,2.0412222350585614,1.871577311123117,3.206412104163342,2.236573295278567,3.739929444462023,2.7845387336497502,2.3961375029349408,1.8184576767042693,1.559142481615933,3.449016008844124,1.5626010022149246,2,3602,Graduate,Alone
1203,2.779969345824983,0.9169914527111293,2.2566499293043223,3.7577309229950178,1.981857555527439,2.231189833655119,2.016872566158522,2.1417904046962093,1.646662529059944,2.236573295278567,2.404924813559527,1.6803965688486042,2.302279295381904,2.6528831778132096,2.2061348565275547,1.8274347021965225,2.811968870896559,0,234,Graduate,Alone
1204,1.4821949583391183,2.3335653222486834,1.8207963418605024,1.671939563932239,1.6608029528137496,1.6466984988683857,1.675977201557972,1.5627623470395833,3.726328629197808,2.236573295278567,3.739929444462023,3.888680898450896,3.996666936997257,2.819768278034997,1.5790499393055213,1.8274347021965225,1.7014196542906617,0,2995,Postgraduate,Partner
1205,3.1109413100950083,2.575419397535583,4.154243779399864,1.671939563932239,3.841298796244223,3.4549685658648417,2.4064672685591506,2.354100692503639,1.646662529059944,2.236573295278567,1.0699201826570324,1.6803965688486042,1.9021469368663244,0.4833768749299649,3.977898590900919,1.8274347021965225,3.783699435426719,1,1118,Postgraduate,Partner
1206,1.5169509641335843,2.54086881535174,1.6132470145063027,1.671939563932239,1.6875575030398902,1.7014945615046415,1.7003268704580117,1.9873829226544424,2.16657905409441,2.236573295278567,2.404924813559527,1.6803965688486042,3.1865224086447266,2.819768278034997,1.5160096566218249,1.8274347021965225,1.4237823501391875,2,7789,Graduate,Alone
1207,0.3350144408798094,1.5043513498364565,1.4323826006690714,2.8027903007735047,1.6028347606571112,1.7197599157167271,1.822075214958208,2.296197886737976,2.6864955791288763,2.236573295278567,2.404924813559527,1.6803965688486042,3.9275082577476494,0.900589625484435,1.4944432441247706,1.8274347021965225,1.5626010022149246,2,3068,Undergraduate,Alone
1208,1.138305655017139,2.368115904432526,1.4353475910598457,1.8227196621777408,1.607293852361468,1.7014945615046415,1.7003268704580117,1.6592670233156877,1.646662529059944,2.236573295278567,2.404924813559527,2.7845387336497502,1.9713056161159308,1.9853427769260568,1.3683626787573775,1.8274347021965225,1.007326393911976,2,8955,Graduate,Partner
1209,3.511239424960412,3.542835698683181,2.639133689714205,3.20487056276151,2.0754984813189314,2.523435501048485,4.646636807362765,2.2768969514827555,1.646662529059944,2.236573295278567,1.0699201826570324,0.5762544040474584,3.1519430690199237,3.3204235787003618,2.63580415166117,2.097698253304456,3.506062131275245,1,945,Undergraduate,Alone
1210,1.7880292232310613,1.6771042607556703,1.5806321202077855,1.6970695803064892,1.6206711274745382,1.6832292072925563,1.7003268704580117,1.9680819873992217,2.16657905409441,2.236573295278567,3.739929444462023,3.888680898450896,2.2380605217929834,1.317802376038905,1.4712178768202508,2.6382253555203232,1.2849636980634502,2,5644,Graduate,Partner
1211,1.4733200958969488,3.4391839521316525,1.6132470145063027,1.6970695803064892,1.6608029528137496,1.7014945615046415,1.7246765393580508,1.601364217550025,3.206412104163342,2.236573295278567,3.739929444462023,2.7845387336497502,1.9713056161159308,3.236981028589468,1.4761947412426482,1.8274347021965225,1.5626010022149246,2,7192,Postgraduate,Alone
1212,3.40599563736086,3.197329876844753,4.252088462295415,1.9734997604232432,2.392093992328264,2.5051701468364,1.9681732283584437,1.7171698290813504,2.16657905409441,2.236573295278567,2.404924813559527,2.7845387336497502,2.6974717482367963,3.1535384784785734,3.342518899641557,1.8274347021965225,3.0896061750480333,0,2324,Postgraduate,Partner
1213,2.7671914025181943,3.2664310412124387,3.2617816717768044,2.048889809545994,2.062121206205861,2.012005583110094,1.846424883858247,2.354100692503639,1.646662529059944,2.236573295278567,1.0699201826570324,0.5762544040474584,1.872507502902208,3.4873086789221497,2.6723011574254154,2.908488906628257,3.506062131275245,1,697,Postgraduate,Alone
1214,0.9659195834964608,1.8844077538587272,1.462032504576814,1.8478496785519916,1.6429665859963225,1.6832292072925563,1.7246765393580508,2.006683857909663,2.16657905409441,2.236573295278567,2.404924813559527,2.7845387336497502,3.626174012445795,0.900589625484435,1.4280850518261428,4.259806662167925,1.2849636980634502,2,3439,Graduate,Partner
1215,2.4626581645811245,2.851824055006325,2.3722845545445197,1.74732961305499,1.6652620445181063,1.7197599157167271,1.846424883858247,2.5664109803110686,3.726328629197808,2.236573295278567,2.404924813559527,2.7845387336497502,2.1590220312220048,1.8184576767042693,1.9987655055943423,1.8274347021965225,2.3955129146693475,2,1506,Postgraduate,Partner
1216,1.7062968513160008,2.7827228906386394,1.5954570721616568,1.671939563932239,1.651884769405036,1.6466984988683857,1.675977201557972,1.5241604765291417,2.6864955791288763,2.236573295278567,3.739929444462023,3.888680898450896,1.0376634462462462,3.4873086789221497,1.4463335547082656,1.8274347021965225,1.4237823501391875,2,232,Postgraduate,Partner
1217,1.983647918945901,2.4717676509840545,1.7555665532634683,1.7975896458034906,1.852543896101092,1.7745559783529834,1.7003268704580117,1.620665152805246,3.726328629197808,2.236573295278567,3.739929444462023,2.7845387336497502,3.0531449558062,2.1522278771478454,1.640431267181752,1.8274347021965225,1.840238306366399,2,8876,Graduate,Alone
1218,1.694448212976979,3.6119368630508655,1.4976123892661055,1.671939563932239,1.6385074942919655,1.6832292072925563,1.7003268704580117,1.5434614117843624,1.646662529059944,2.236573295278567,2.404924813559527,2.7845387336497502,2.3911975972742545,0.900589625484435,1.3932470008693634,1.8274347021965225,1.1461450459877132,2,4500,Postgraduate,Partner
1219,1.8705050391203348,1.1588455279980288,1.5094723508292027,1.7975896458034906,1.625130219178895,1.7928213325650688,1.74902620825809,1.7171698290813504,2.6864955791288763,2.236573295278567,2.404924813559527,1.6803965688486042,1.2797188236198682,1.5681300263715872,1.4314029614410742,1.8274347021965225,1.5626010022149246,2,9739,Graduate,Alone
1220,1.2404827362230617,2.9554758015578533,1.482787437312234,1.74732961305499,1.67418022792682,1.7014945615046415,1.74902620825809,1.601364217550025,2.16657905409441,2.236573295278567,2.404924813559527,2.7845387336497502,2.88518816334287,1.1509172758171171,1.4131544585589515,1.8274347021965225,1.2849636980634502,2,10395,Graduate,Partner
1221,1.6571830837695434,2.264464157880998,1.482787437312234,1.671939563932239,1.6295893108832518,1.6466984988683857,1.7003268704580117,1.6978688938261293,1.646662529059944,2.236573295278567,2.404924813559527,2.7845387336497502,0.8746465594436028,1.735015126593375,1.3915880460618977,1.8274347021965225,1.1461450459877132,2,1176,Postgraduate,Partner
1222,2.926938926477249,2.264464157880998,2.327809698682905,1.671939563932239,2.838003162763944,2.7426197515935105,5.255378529863747,1.775072634847013,3.206412104163342,2.236573295278567,2.404924813559527,2.7845387336497502,0.756088823587135,2.1522278771478454,2.662347428580621,1.8274347021965225,3.506062131275245,0,1627,Graduate,Partner
1223,2.486773628494664,3.4391839521316525,1.717021678183403,1.6970695803064892,1.67418022792682,1.6832292072925563,1.675977201557972,1.6978688938261293,1.646662529059944,2.236573295278567,2.404924813559527,2.7845387336497502,0.9487451443538952,3.403866128811256,1.542552933541276,1.8274347021965225,1.5626010022149246,2,938,Postgraduate,Partner
1224,3.8647934999471625,4.02654384925698,4.385513029880258,2.048889809545994,3.4355214511477543,3.4549685658648417,2.4064672685591506,2.952429685415486,1.646662529059944,2.236573295278567,1.0699201826570324,1.6803965688486042,1.9120267481876967,2.0687853270369514,4.032644099547287,4.800333764383792,3.783699435426719,1,2740,Graduate,Partner
1225,1.252749561797579,2.575419397535583,1.4442425622321684,1.7724596294292403,1.6474256777006793,1.7928213325650688,1.675977201557972,1.5627623470395833,1.646662529059944,2.236573295278567,2.404924813559527,2.7845387336497502,2.366498068970824,0.6502619751517529,1.3832932720245692,1.8274347021965225,1.1461450459877132,2,257,Graduate,Partner
1226,1.9739831472811304,2.2990147400648406,1.711091697401854,1.9483697440489929,1.7455256951965286,1.6466984988683857,1.7733758771581294,1.620665152805246,3.206412104163342,2.236573295278567,3.739929444462023,2.7845387336497502,1.6353920311892718,3.737636329254832,1.5790499393055213,1.8274347021965225,1.7014196542906617,2,4058,Graduate,Alone
1227,1.114097260606823,1.262497274549557,1.4323826006690714,1.8227196621777408,1.5983756689527544,1.7014945615046415,1.822075214958208,1.5434614117843624,1.646662529059944,2.236573295278567,2.404924813559527,1.6803965688486042,1.3883967481549635,1.0674747257062231,1.361726859527515,1.8274347021965225,1.1461450459877132,2,7736,Undergraduate,Alone
1228,2.66394562059934,3.197329876844753,1.565807168253914,1.6970695803064892,1.6429665859963225,1.7014945615046415,1.675977201557972,1.6592670233156877,2.16657905409441,2.236573295278567,5.074934075364517,4.992823063252041,1.916966653848383,2.485998077591421,1.4446745999007995,1.8274347021965225,1.2849636980634502,2,8210,Postgraduate,Partner
1229,3.4799683127950702,2.9900263837416965,2.648028660886528,4.335721299602776,2.24494396608449,2.633027626320998,4.47618912506249,2.7594203328632774,1.646662529059944,2.236573295278567,2.404924813559527,1.6803965688486042,0.7659686349085073,2.9032108281458915,2.8182891804823966,2.6382253555203232,3.644880783350982,1,833,Graduate,Alone
1230,2.9863215139175256,1.8844077538587272,2.1528752656272223,2.9535703990190063,2.793412245720376,3.4914992742890125,1.675977201557972,2.354100692503639,1.646662529059944,2.236573295278567,1.0699201826570324,1.6803965688486042,0.9339254273718368,4.154849079809302,2.506405676678846,1.8274347021965225,1.840238306366399,1,6230,Postgraduate,Partner
1231,1.2059125914221491,3.750139191786237,1.880096149675988,1.898109711300492,2.129007581771213,1.8658827494134105,1.9681732283584437,2.354100692503639,3.206412104163342,2.236573295278567,2.404924813559527,2.7845387336497502,4.016426559640001,1.5681300263715872,1.909181945991195,1.8274347021965225,2.2566942625936104,2,7325,Postgraduate,Partner
1232,0.0,2.886374637190168,1.4323826006690714,1.6970695803064892,1.6028347606571112,1.664963853080471,1.7003268704580117,1.5048595412739207,8.925493879542469,2.236573295278567,1.0699201826570324,0.5762544040474584,0.7956080688726244,2.1522278771478454,1.3401604470304609,1.8274347021965225,0.5908704376847644,2,1307,Graduate,Alone
1233,0.2681044832006241,2.817273472822482,1.45906751418604,2.0991498422944947,1.669721136222463,1.7928213325650688,2.3090685929589934,2.257596016227535,3.206412104163342,2.236573295278567,2.404924813559527,1.6803965688486042,3.418697974696976,0.399934324819071,1.524304430659153,1.8274347021965225,1.5626010022149246,2,1502,Undergraduate,Alone
1234,1.8024334502314412,3.4737345343154957,1.4649974949675884,1.671939563932239,1.6117529440658247,1.6466984988683857,1.675977201557972,1.5627623470395833,1.646662529059944,2.236573295278567,3.739929444462023,3.888680898450896,2.8110895784325782,2.4025555274805277,1.361726859527515,1.8274347021965225,1.007326393911976,2,6211,Graduate,Partner
1235,0.868760749116477,2.817273472822482,1.4442425622321684,1.671939563932239,1.607293852361468,1.6466984988683857,1.675977201557972,1.5048595412739207,1.646662529059944,2.236573295278567,2.404924813559527,2.7845387336497502,1.0673028802103632,1.9853427769260568,1.3434783566453925,1.8274347021965225,1.007326393911976,2,843,Postgraduate,Partner
1236,2.944781581858365,2.54086881535174,3.7717600189899816,2.1494098750429957,2.1825166822234947,1.8658827494134105,1.675977201557972,1.8522763758678964,2.6864955791288763,2.236573295278567,2.404924813559527,2.7845387336497502,0.7659686349085073,1.8184576767042693,2.941051836234858,2.908488906628257,3.922518087502456,0,4174,Graduate,Partner
1237,3.1707420847707803,2.851824055006325,4.044539134941216,2.400710038785499,3.8814306215834335,2.3407819589276317,2.3821175996591117,2.334799757248418,1.646662529059944,2.236573295278567,1.0699201826570324,1.6803965688486042,2.099743163293771,2.6528831778132096,3.875043392838045,5.070597315491726,2.2566942625936104,1,9757,Postgraduate,Partner
1238,3.052906214857993,2.402666486616369,3.2528867006044817,2.3755800224112487,2.744362236972451,1.8658827494134105,2.8447613087598578,2.064586663675326,3.206412104163342,2.236573295278567,3.739929444462023,3.888680898450896,2.3072192010425896,3.737636329254832,2.9725719775767065,2.908488906628257,3.922518087502456,0,6918,Graduate,Partner
1239,3.533031626454536,3.991993267073137,4.4062679626156775,3.1546105300130094,2.771116787198592,3.747214233258208,3.11260766666029,2.006683857909663,2.16657905409441,2.236573295278567,2.404924813559527,2.7845387336497502,3.018565616181397,2.485998077591421,3.863430709185786,4.259806662167925,5.033067304108354,1,286,Postgraduate,Partner
1240,3.39131261887015,3.819240356153923,1.823761332251277,2.3504500060369984,3.466735093078252,1.884148103625496,6.424162637065633,2.8559250091393817,2.16657905409441,2.236573295278567,2.404924813559527,2.7845387336497502,2.0207046727227924,2.0687853270369514,2.7535899429912347,1.8274347021965225,2.6731502188208216,1,11086,Graduate,Partner
1241,3.084734910003994,2.402666486616369,3.193586892788996,2.249929940539997,2.1379257651799266,1.82935204098924,2.236019586258876,4.457902635322714,2.16657905409441,2.236573295278567,2.404924813559527,1.6803965688486042,1.8428680689380903,2.819768278034997,2.866398869898902,1.8274347021965225,3.506062131275245,1,1921,Graduate,Alone
1242,2.4825452908913266,3.128228712477068,2.298159794775162,1.671939563932239,1.9773984638230824,1.7197599157167271,1.943823559458404,1.92948011688878,3.206412104163342,2.236573295278567,3.739929444462023,3.888680898450896,4.041126087943432,2.2356704272587398,2.020331918091397,3.449016008844124,2.5343315667450845,0,4138,Postgraduate,Partner
1243,2.845624741797684,1.9880595004102557,2.357459602590648,2.048889809545994,1.7990347956488102,2.012005583110094,1.675977201557972,5.191338175021107,2.16657905409441,2.236573295278567,2.404924813559527,2.7845387336497502,4.021366465300687,3.4873086789221497,2.3006952805531,3.449016008844124,2.5343315667450845,0,7718,Undergraduate,Partner
1244,3.366871898217892,2.3335653222486834,1.8771311592852136,3.707470890246517,1.9729393721187252,4.715278006498735,3.8917970714615473,2.7208184623528355,2.16657905409441,2.236573295278567,2.404924813559527,2.7845387336497502,0.8252475028367412,1.8184576767042693,2.390278840156247,1.8274347021965225,2.950787522972296,1,1291,Graduate,Partner
1245,1.748301435859045,1.3661490211010854,1.473892466139911,1.671939563932239,1.5983756689527544,1.6466984988683857,1.675977201557972,1.601364217550025,1.646662529059944,2.236573295278567,3.739929444462023,3.888680898450896,1.092002408513794,1.735015126593375,1.3650447691424463,2.6382253555203232,1.007326393911976,2,6862,Graduate,Partner
1246,3.481315804998332,3.78468977397008,3.61165053788817,3.255130595510011,5.8077582378655705,5.646811071315092,6.278064623665397,3.9174764481765294,1.646662529059944,2.236573295278567,1.0699201826570324,1.6803965688486042,2.1540821255613185,2.3191129773696333,5.107646814785058,3.449016008844124,3.644880783350982,1,4136,Graduate,Partner
1247,1.5858589274934674,1.91895833604257,1.473892466139911,1.671939563932239,1.625130219178895,1.7197599157167271,1.7246765393580508,1.871577311123117,2.16657905409441,2.236573295278567,3.739929444462023,2.7845387336497502,0.7906681632119381,1.9853427769260568,1.4081775941365544,2.6382253555203232,1.1461450459877132,2,803,Postgraduate,Alone
1248,4.133409100880058,4.02654384925698,4.341038174018644,2.0991498422944947,4.585967110871808,2.06680164574635,2.503865944159308,2.4699063040349643,1.646662529059944,2.236573295278567,1.0699201826570324,0.5762544040474584,2.5789140123803285,1.1509172758171171,4.278169411052209,4.800333764383792,2.811968870896559,1,4298,Postgraduate,Alone
1249,3.332487614410533,3.577386280867024,4.815436636542529,2.9535703990190063,3.439980542852111,3.290580377956073,3.356104355660683,2.199693210461872,1.646662529059944,2.236573295278567,1.0699201826570324,1.6803965688486042,1.6057525972251547,1.234359825928011,4.319643281238852,2.908488906628257,4.20015539165393,1,10833,Postgraduate,Partner
1250,1.3811330430945157,2.0226100825940985,1.512437341219977,1.671939563932239,1.6385074942919655,1.6466984988683857,1.675977201557972,1.6592670233156877,2.6864955791288763,2.236573295278567,3.739929444462023,3.888680898450896,2.356618257649451,3.0700959283676794,1.406518639329089,1.8274347021965225,1.2849636980634502,2,9606,Graduate,Partner
1251,2.109940464065364,0.7096879596080725,1.565807168253914,1.671939563932239,1.6429665859963225,1.6466984988683857,1.7246765393580508,1.92948011688878,2.16657905409441,2.236573295278567,3.739929444462023,2.7845387336497502,1.1562211821027142,3.737636329254832,1.464582057590388,3.449016008844124,1.2849636980634502,2,8534,Graduate,Alone
1252,3.8147504274329385,3.335532205580124,4.08901399080283,5.7178722001865445,3.5068669184174635,5.044054382316274,5.596273894464297,2.006683857909663,1.126746004025478,2.236573295278567,1.0699201826570324,0.5762544040474584,1.892267125544952,1.8184576767042693,4.415862660071863,5.881387968815528,2.950787522972296,1,5153,Graduate,Alone
1253,2.399837148760112,2.057160664777941,2.8792979113669217,1.8227196621777408,2.2672394246062737,1.7928213325650688,1.822075214958208,4.033282059707855,6.325911254370139,2.236573295278567,3.739929444462023,3.888680898450896,3.764491370945007,2.819768278034997,2.642439970891033,3.449016008844124,3.2284248271237703,0,961,Postgraduate,Partner
1254,0.8329360426090799,3.888341520521609,1.5035423700476542,1.7724596294292403,1.6295893108832518,1.756290624140898,1.8707745527582864,2.103188534185768,2.6864955791288763,2.236573295278567,2.404924813559527,2.7845387336497502,3.087724295431004,2.2356704272587398,1.466241012397854,1.8274347021965225,1.4237823501391875,2,5011,Graduate,Partner
1255,2.03745467657958,0.9860926170788148,1.859341216940568,1.6970695803064892,1.736607511787815,1.6832292072925563,1.7003268704580117,1.5048595412739207,1.646662529059944,2.236573295278567,2.404924813559527,2.7845387336497502,2.134322502918574,4.071406529698407,1.630477538336958,1.8274347021965225,1.840238306366399,2,6653,Postgraduate,Partner
1256,3.8916968787640016,3.1627792946609103,3.297361556466096,2.325319989662748,4.313962516906043,2.450374084200144,2.1142712417586798,2.527809109800627,1.646662529059944,2.236573295278567,1.0699201826570324,0.5762544040474584,0.6276512764092947,3.236981028589468,3.621223307295794,1.8274347021965225,3.0896061750480333,1,9094,Undergraduate,Alone
1257,2.5196245591052087,1.4006996032849282,3.682810307266753,2.626880186153752,2.053203022797148,2.5599662094726563,1.8951242216583255,2.218994145717093,2.16657905409441,2.236573295278567,1.0699201826570324,1.6803965688486042,0.9981442009607568,4.405176730141983,2.984184661228966,2.908488906628257,2.5343315667450845,1,810,Graduate,Partner
1258,2.9022658795830494,1.6771042607556703,2.6747135744034964,2.048889809545994,2.418848542554405,4.404766984893284,2.601264619759465,1.775072634847013,2.6864955791288763,2.236573295278567,2.404924813559527,1.6803965688486042,3.171702691662668,2.819768278034997,2.695526524729935,1.8274347021965225,3.506062131275245,1,5493,Postgraduate,Alone
1259,1.722838479742244,1.3661490211010854,1.8000414091250825,2.0991498422944947,1.821330254170594,1.7014945615046415,2.1386209106587186,2.064586663675326,3.206412104163342,2.236573295278567,2.404924813559527,1.6803965688486042,3.907748635104906,2.0687853270369514,1.734991691207297,4.259806662167925,1.979056958442136,0,2147,Graduate,Alone
1260,2.576637418877681,2.402666486616369,2.8051731515975646,1.7975896458034906,1.874839354622876,1.7745559783529834,1.675977201557972,2.8366240738841606,5.286078204301206,2.236573295278567,3.739929444462023,3.888680898450896,2.8950679746642427,2.569440627702316,2.3388512411248104,1.8274347021965225,2.950787522972296,0,5107,Postgraduate,Partner
1261,1.023071839014098,3.991993267073137,1.4472075526229429,1.8227196621777408,1.718771144970388,1.8658827494134105,2.0412222350585614,1.6399660880604667,2.6864955791288763,2.236573295278567,2.404924813559527,1.6803965688486042,3.47797684262521,2.4025555274805277,1.4529693739381284,1.8274347021965225,1.4237823501391875,2,3979,Postgraduate,Alone
1262,3.000400484179188,2.575419397535583,4.661257136222266,1.9734997604232432,2.017530289162293,1.938944166261752,1.9681732283584437,2.643614721331952,3.206412104163342,2.236573295278567,2.404924813559527,2.7845387336497502,2.998805993538652,2.1522278771478454,3.460304690971621,2.908488906628257,3.0896061750480333,0,6049,Graduate,Partner
1263,1.6559285220630586,0.7787891239757581,1.43831258145062,1.7221995966807395,1.6385074942919655,1.6832292072925563,1.7246765393580508,1.6785679585709086,1.646662529059944,2.236573295278567,2.404924813559527,2.7845387336497502,1.551413634957607,1.8184576767042693,1.3766574527947064,2.6382253555203232,1.007326393911976,2,8147,Postgraduate,Partner
1264,1.815397254531784,3.300981623396281,1.5005773796568798,1.671939563932239,1.7098529615616742,1.7928213325650688,2.4064672685591506,1.6785679585709086,2.16657905409441,12.555767160837409,5.074934075364517,4.992823063252041,3.2754407105370773,2.736325727924104,1.4911253345098392,1.8274347021965225,1.4237823501391875,0,1857,Graduate,Partner
1265,3.258003821244051,3.9228921027054513,3.614615528278944,2.1996699077914963,2.062121206205861,2.651292980533084,3.210006342260447,5.538755009615082,1.126746004025478,2.236573295278567,1.0699201826570324,0.5762544040474584,3.7793110879270655,1.5681300263715872,3.304362939069846,2.097698253304456,3.644880783350982,1,3910,Graduate,Alone
1266,2.063939868160924,1.8844077538587272,2.182525169534965,1.8227196621777408,1.9060529965533728,1.7197599157167271,1.675977201557972,2.006683857909663,3.726328629197808,2.236573295278567,2.404924813559527,2.7845387336497502,1.6353920311892718,1.8184576767042693,1.9274304488733176,1.8274347021965225,2.3955129146693475,2,5207,Graduate,Partner
1267,3.575826120220181,1.0897443636303432,3.851814759540887,6.320992593168553,4.652853486437159,4.29517485962077,3.015208991060133,6.1370840025269295,1.646662529059944,2.236573295278567,1.0699201826570324,1.6803965688486042,3.9917270313365703,1.1509172758171171,4.86046254847267,4.800333764383792,3.0896061750480333,1,11114,Graduate,Partner
1268,2.201895190625855,3.750139191786237,3.267711652558353,3.0289604481417576,2.655180402885315,3.4549685658648417,4.062244753761823,3.782369901389983,2.16657905409441,2.236573295278567,1.0699201826570324,0.5762544040474584,3.9472678803903953,2.1522278771478454,3.3657442669460766,5.070597315491726,4.20015539165393,1,5429,Undergraduate,Alone
1269,1.6682418128859644,2.3335653222486834,1.4679624853583628,1.7724596294292403,1.6786393196311766,1.6466984988683857,1.675977201557972,1.5048595412739207,2.16657905409441,2.236573295278567,3.739929444462023,3.888680898450896,3.784250993587752,3.3204235787003618,1.389929091254432,1.8274347021965225,1.1461450459877132,2,9400,Postgraduate,Partner
1270,1.7673986529466457,1.262497274549557,1.764461524435791,3.20487056276151,2.4991121932328277,2.2677205420792896,2.3090685929589934,2.392702563014081,2.16657905409441,2.236573295278567,1.0699201826570324,1.6803965688486042,2.282519672739159,3.821078879365726,2.131481890191598,1.8274347021965225,2.6731502188208216,2,1740,Postgraduate,Partner
1271,1.1740374310277597,3.7155886096023942,1.450172543013717,2.249929940539997,1.9372666384838708,4.075990609075745,2.869110977659897,4.264893282770505,2.16657905409441,2.236573295278567,1.0699201826570324,1.6803965688486042,3.5570153331961887,3.821078879365726,2.046875195010848,1.8274347021965225,2.1178756105178733,0,7488,Undergraduate,Partner
1272,1.49878305201375,2.126261829145627,1.4768574565306856,1.7221995966807395,1.669721136222463,1.6832292072925563,1.7003268704580117,1.5820632822948042,1.646662529059944,2.236573295278567,2.404924813559527,1.6803965688486042,2.919767502967674,2.2356704272587398,1.3998828200992262,1.8274347021965225,1.1461450459877132,2,195,Graduate,Alone
1273,2.572362616025955,3.4737345343154957,2.799243170816016,1.671939563932239,1.696475686448604,1.756290624140898,1.675977201557972,1.5627623470395833,2.16657905409441,2.236573295278567,2.404924813559527,2.7845387336497502,3.468097031303837,2.0687853270369514,2.149730393073721,4.53007021327586,2.811968870896559,0,635,Postgraduate,Partner
1274,2.09562916756176,3.542835698683181,1.4946473988753313,1.7221995966807395,1.6340484025876088,1.756290624140898,1.7733758771581294,2.1417904046962093,2.16657905409441,2.236573295278567,3.739929444462023,3.888680898450896,2.494935616148664,2.3191129773696333,1.4562872835530598,1.8274347021965225,1.2849636980634502,2,7527,Undergraduate,Partner
1275,3.7832469890256553,3.4046333699478097,4.299528308547804,5.36605197094704,5.344012700612463,4.149052025924087,2.698663295359622,5.538755009615082,1.646662529059944,2.236573295278567,1.0699201826570324,1.6803965688486042,3.077844484109631,2.0687853270369514,5.21879678688526,5.881387968815528,3.644880783350982,1,10319,Postgraduate,Partner
1276,2.360481083375202,2.9900263837416965,2.2685098908674197,4.4865013978482775,2.262780332901917,2.5782315636847417,3.4291533623608004,3.898175512921308,2.16657905409441,2.236573295278567,1.0699201826570324,1.6803965688486042,3.28532052185845,2.1522278771478454,2.644098925698499,1.8274347021965225,3.2284248271237703,1,2296,Graduate,Partner
1277,0.6518609696397848,1.0551937814465004,1.4323826006690714,1.7221995966807395,1.6117529440658247,1.756290624140898,1.675977201557972,1.5434614117843624,1.646662529059944,2.236573295278567,1.0699201826570324,1.6803965688486042,2.0552840123475957,3.403866128811256,1.355091040297652,1.8274347021965225,1.007326393911976,2,10637,Graduate,Partner
1278,0.979208644535521,3.231880459028596,1.470927475749137,1.6970695803064892,1.6206711274745382,1.6832292072925563,1.7003268704580117,1.5048595412739207,1.646662529059944,2.236573295278567,2.404924813559527,1.6803965688486042,2.233120616132297,2.1522278771478454,1.3700216335648436,1.8274347021965225,1.1461450459877132,2,2931,Graduate,Alone
1279,1.9199440634055105,0.9860926170788148,1.5183673220015257,1.7975896458034906,1.696475686448604,1.756290624140898,1.74902620825809,1.6399660880604667,2.16657905409441,2.236573295278567,2.404924813559527,2.7845387336497502,1.09694231417448,1.9853427769260568,1.4529693739381284,1.8274347021965225,1.4237823501391875,2,907,Undergraduate,Partner
1280,1.9174814052409292,3.78468977397008,1.4412775718413942,1.671939563932239,1.6117529440658247,1.6466984988683857,1.7003268704580117,1.5820632822948042,1.646662529059944,2.236573295278567,3.739929444462023,2.7845387336497502,1.5958727859037825,1.6515725764824811,1.3517731306827208,1.8274347021965225,1.007326393911976,2,3698,Postgraduate,Alone
1281,2.1926021409481904,1.3661490211010854,1.5835971105985598,1.671939563932239,1.6295893108832518,1.6466984988683857,1.675977201557972,1.5048595412739207,2.16657905409441,2.236573295278567,3.739929444462023,2.7845387336497502,0.973444672657326,2.819768278034997,1.429744006633609,1.8274347021965225,1.2849636980634502,2,9516,Postgraduate,Alone
1282,2.709063376784402,1.6080030963879848,1.6132470145063027,1.6970695803064892,1.8436257126923783,1.9937402288980084,1.943823559458404,2.4120034982693017,2.16657905409441,2.236573295278567,2.404924813559527,2.7845387336497502,1.0426033519069324,3.570751229033044,1.6553618604489433,1.8274347021965225,1.7014196542906617,2,679,Postgraduate,Partner
1283,1.5014315711718842,3.991993267073137,1.4887174180937826,1.7221995966807395,1.651884769405036,1.7014945615046415,1.675977201557972,1.6785679585709086,1.646662529059944,2.236573295278567,2.404924813559527,2.7845387336497502,1.8082887293132877,1.5681300263715872,1.4081775941365544,1.8274347021965225,1.1461450459877132,2,7384,Postgraduate,Partner
1284,2.605817594865548,2.3335653222486834,3.0453373732502818,1.8478496785519916,2.097793939840716,2.322516604715546,2.187320248458797,2.991031555925928,3.726328629197808,2.236573295278567,2.404924813559527,2.7845387336497502,2.4158971255776853,2.569440627702316,2.6573705641582244,2.908488906628257,3.367243479199508,0,5043,Graduate,Partner
1285,3.5703432209103587,1.124294945814186,3.0838822483303474,3.6572108574980167,4.363012525653968,5.427626820770067,5.937169259064847,3.3191474552646825,1.646662529059944,2.236573295278567,1.0699201826570324,1.6803965688486042,1.2303197670130066,4.238291629920196,4.206834354331185,4.800333764383792,2.5343315667450845,1,5267,Graduate,Partner
1286,0.2681044832006241,0.8133397061596008,1.4472075526229429,1.7975896458034906,1.607293852361468,1.884148103625496,1.7733758771581294,1.9680819873992217,3.206412104163342,2.236573295278567,3.739929444462023,2.7845387336497502,3.300140238840508,1.5681300263715872,1.42144923259628,1.8274347021965225,1.4237823501391875,2,339,Graduate,Alone
1287,7.248718144323568,1.91895833604257,1.545052235518494,1.6970695803064892,1.6295893108832518,1.6832292072925563,1.675977201557972,1.6399660880604667,1.126746004025478,2.236573295278567,2.404924813559527,2.7845387336497502,2.5146952387914085,2.1522278771478454,1.4247671422112114,1.8274347021965225,0.8685077418362388,2,2516,Postgraduate,Partner
1288,4.305191124171689,2.7827228906386394,4.723521934428526,2.275059956914247,5.11213993198591,4.569155172802052,2.77171230205974,4.8053194699166895,1.126746004025478,2.236573295278567,1.0699201826570324,1.6803965688486042,2.969166559574536,3.6541937791439376,5.145802775356769,6.151651519923461,3.0896061750480333,1,9010,Graduate,Partner
1289,0.995192689981104,3.508285116499338,1.4412775718413942,1.8227196621777408,1.625130219178895,1.756290624140898,1.74902620825809,1.6785679585709086,1.646662529059944,2.236573295278567,1.0699201826570324,1.6803965688486042,1.2352596726736926,0.984032175595329,1.388270136446966,1.8274347021965225,1.2849636980634502,2,378,Undergraduate,Partner
1290,1.9764922706941,2.2990147400648406,1.972010851789991,1.7975896458034906,1.8792984463272324,1.7014945615046415,1.7977255460581685,2.4313044335245224,3.726328629197808,2.236573295278567,3.739929444462023,2.7845387336497502,3.0037458991993384,2.2356704272587398,1.8411647988851012,1.8274347021965225,2.1178756105178733,0,4808,Graduate,Alone
1291,3.2477350013502315,3.888341520521609,3.048302363641056,3.481300742878264,3.2660759663821963,3.3636417948044146,5.206679192063668,2.8752259443946024,1.646662529059944,2.236573295278567,1.0699201826570324,1.6803965688486042,3.576774955838933,1.4846874762606932,3.49182483231347,2.908488906628257,3.0896061750480333,1,5068,Graduate,Partner
1292,2.749069955646748,2.7481723084547967,3.226201787087513,1.8478496785519916,2.2806166997193444,1.82935204098924,1.675977201557972,2.527809109800627,3.726328629197808,2.236573295278567,2.404924813559527,2.7845387336497502,2.3961375029349408,2.569440627702316,2.7071392083821952,1.8274347021965225,3.506062131275245,0,7628,Graduate,Partner
1293,2.252170589382021,3.059127548109382,2.2181050542242566,1.8227196621777408,1.8168711624662373,1.7928213325650688,1.822075214958208,2.7208184623528355,4.246245154232274,2.236573295278567,3.739929444462023,3.888680898450896,2.8209693897539503,1.735015126593375,1.99212968636448,1.8274347021965225,2.3955129146693475,0,7128,Graduate,Partner
1294,3.6856699674101767,2.126261829145627,4.815436636542529,2.400710038785499,2.699771319928883,2.3407819589276317,2.3821175996591117,1.755771699591792,1.646662529059944,2.236573295278567,1.0699201826570324,1.6803965688486042,0.7709085405691936,2.6528831778132096,3.8169799745767454,4.259806662167925,3.644880783350982,1,2811,Postgraduate,Partner
1295,2.9477088925068293,1.435250185468771,4.613817289969878,1.671939563932239,1.89713481314466,1.6466984988683857,1.675977201557972,2.37340162775886,1.646662529059944,2.236573295278567,1.0699201826570324,1.6803965688486042,1.4081563707977085,1.234359825928011,3.299386074647449,6.421915071031394,4.338974043729667,1,3551,Graduate,Partner
1296,2.7013966108003284,1.91895833604257,3.71542520156527,2.9535703990190063,2.2761576080149872,2.633027626320998,1.9194738905583648,4.457902635322714,4.76616167926674,2.236573295278567,2.404924813559527,2.7845387336497502,2.2775797670784725,2.0687853270369514,3.307680848684777,1.8274347021965225,4.061336739578193,0,1663,Graduate,Partner
1297,2.972149613159087,2.368115904432526,2.529429045255556,2.47610008790825,2.432225817667476,1.6466984988683857,3.088257997760251,1.601364217550025,2.16657905409441,2.236573295278567,2.404924813559527,2.7845387336497502,1.3241779745660436,3.0700959283676794,2.4151631622682324,1.8274347021965225,3.2284248271237703,0,5543,Postgraduate,Partner
1298,2.9332117350096727,3.335532205580124,3.077952267548799,2.023759793171744,4.786626237567864,5.482422883406324,1.675977201557972,2.3154988219931973,1.646662529059944,2.236573295278567,1.0699201826570324,0.5762544040474584,3.468097031303837,3.403866128811256,3.881679212067908,1.8274347021965225,3.644880783350982,1,1577,Postgraduate,Alone
1299,2.017195828282271,3.197329876844753,2.028345669214702,1.7975896458034906,1.919430271666444,1.847617395201325,1.7977255460581685,1.755771699591792,2.6864955791288763,2.236573295278567,2.404924813559527,2.7845387336497502,2.104683068954457,2.6528831778132096,1.8428237536925671,1.8274347021965225,2.2566942625936104,2,10641,Postgraduate,Partner
1300,3.3954480259767106,1.124294945814186,2.0491006019501223,5.743002216560795,2.521407651754611,2.3955780215638875,5.620623563364337,2.199693210461872,3.726328629197808,2.236573295278567,2.404924813559527,2.7845387336497502,1.7490098613850535,3.4873086789221497,2.687231750692607,1.8274347021965225,3.506062131275245,1,5336,Undergraduate,Partner
1301,2.6638526901025634,3.300981623396281,1.533192273955397,2.677140218902253,2.084416664727645,2.3042512505034605,2.6499639575595437,1.7171698290813504,2.6864955791288763,2.236573295278567,2.404924813559527,2.7845387336497502,1.4229760877797668,0.6502619751517529,1.7814424258163362,1.8274347021965225,2.1178756105178733,2,6024,Undergraduate,Partner
1302,1.1852355558893457,1.9880595004102557,1.5391222547369456,1.671939563932239,1.6652620445181063,1.6466984988683857,1.675977201557972,1.5434614117843624,2.6864955791288763,2.236573295278567,3.739929444462023,2.7845387336497502,2.736990993522286,2.9032108281458915,1.42144923259628,1.8274347021965225,1.4237823501391875,2,1878,Postgraduate,Alone
1303,2.1038999817748816,3.7155886096023942,1.9364309671007,2.8027903007735047,1.914971179962087,2.724354397381425,1.9194738905583648,3.222642778988578,3.206412104163342,2.236573295278567,2.404924813559527,2.7845387336497502,1.9268464651697552,2.6528831778132096,2.070100562315368,1.8274347021965225,2.3955129146693475,0,3099,Graduate,Partner
1304,2.061384279499566,2.7827228906386394,1.4649974949675884,1.7221995966807395,1.6786393196311766,1.7014945615046415,1.7246765393580508,1.5820632822948042,1.646662529059944,2.236573295278567,3.739929444462023,3.888680898450896,0.6819902386768426,1.9853427769260568,1.3998828200992262,1.8274347021965225,1.1461450459877132,2,6055,Undergraduate,Partner
1305,1.7931404005537768,2.679071144087111,1.5598771874723654,1.7724596294292403,1.6830984113355334,1.756290624140898,1.675977201557972,2.006683857909663,2.16657905409441,2.236573295278567,3.739929444462023,3.888680898450896,2.2430004274536697,2.0687853270369514,1.4961021989322365,1.8274347021965225,1.4237823501391875,2,5841,Graduate,Partner
1306,1.6497486440274116,2.9900263837416965,1.4887174180937826,1.7221995966807395,1.6295893108832518,1.7197599157167271,1.822075214958208,1.871577311123117,1.646662529059944,2.236573295278567,2.404924813559527,2.7845387336497502,1.319238068905357,1.0674747257062231,1.4280850518261428,1.8274347021965225,1.1461450459877132,2,3972,Graduate,Partner
1307,3.722470444133729,1.0897443636303432,3.739145124691464,3.8331209721177686,3.983989730783641,2.2677205420792896,3.356104355660683,4.14908767123918,1.646662529059944,2.236573295278567,1.0699201826570324,1.6803965688486042,2.7271111822009133,3.0700959283676794,4.052551557236875,1.8274347021965225,4.20015539165393,1,4394,Postgraduate,Partner
1308,2.0891704980357835,1.91895833604257,1.9334659767099251,1.8227196621777408,2.02198938086665,2.0850669999584355,1.9681732283584437,3.1840409084781367,2.6864955791288763,2.236573295278567,2.404924813559527,2.7845387336497502,2.504815427470036,3.236981028589468,1.985493867134617,1.8274347021965225,2.2566942625936104,2,5758,Postgraduate,Partner
1309,3.515188971073419,1.8844077538587272,2.88522789214847,2.8781803498962555,2.619507669250461,3.692418170621952,4.232692436062097,4.071883930218297,2.16657905409441,2.236573295278567,2.404924813559527,2.7845387336497502,1.4427357104225114,2.4025555274805277,3.186577147739781,3.1787524577361905,3.922518087502456,1,6658,Graduate,Partner
1310,1.674793412908718,1.6080030963879848,1.942360947882248,1.8729796949262416,2.066580297910218,1.7745559783529834,1.7246765393580508,4.882523210937572,3.206412104163342,12.555767160837409,3.739929444462023,2.7845387336497502,3.8682293898194167,1.6515725764824811,2.11157443250201,4.259806662167925,2.2566942625936104,0,4603,Graduate,Alone
1311,0.7742504338946277,0.7096879596080725,1.450172543013717,1.9232397276747424,1.6474256777006793,1.938944166261752,1.675977201557972,1.5627623470395833,2.16657905409441,2.236573295278567,2.404924813559527,2.7845387336497502,1.0426033519069324,1.9019002268151632,1.4098365489440203,1.8274347021965225,1.4237823501391875,2,8427,Undergraduate,Partner
1312,3.303586229912996,1.2279466923657143,5.002231031161309,1.671939563932239,2.637344036067888,1.9937402288980084,2.016872566158522,5.442250333338978,4.246245154232274,2.236573295278567,2.404924813559527,2.7845387336497502,3.0580848614668863,2.9032108281458915,4.110614975498175,1.8274347021965225,3.644880783350982,0,10260,Postgraduate,Partner
1313,1.0678178732120531,3.6119368630508655,1.45906751418604,1.8478496785519916,1.700934778152961,1.756290624140898,1.74902620825809,1.620665152805246,1.646662529059944,2.236573295278567,1.0699201826570324,1.6803965688486042,0.9438052386932092,1.234359825928011,1.423108187403746,1.8274347021965225,1.4237823501391875,2,7143,Graduate,Partner
1314,2.033923317702067,2.5063182331678973,1.717021678183403,1.7724596294292403,1.78565752053574,1.756290624140898,1.7003268704580117,1.8329754406126757,1.646662529059944,2.236573295278567,2.404924813559527,2.7845387336497502,1.9564858991338725,1.8184576767042693,1.6089111258399038,1.8274347021965225,1.7014196542906617,2,8789,Postgraduate,Partner
1315,0.2244271497156003,0.7096879596080725,1.628071966460174,1.9483697440489929,1.7053938698573174,1.7197599157167271,1.74902620825809,6.542403642886567,1.126746004025478,2.236573295278567,1.0699201826570324,0.5762544040474584,1.5711732576003516,1.234359825928011,1.9456789517554405,1.8274347021965225,0.8685077418362388,2,6197,Postgraduate,Alone
1316,3.2467127658856887,0.7442385417919153,2.452339295095425,3.0038304317675077,3.943857905444429,3.4367032116527563,3.5022023690609183,3.3577493257751243,1.646662529059944,2.236573295278567,1.0699201826570324,1.6803965688486042,1.6946708991175057,4.32173418003109,3.310998758299709,4.259806662167925,2.811968870896559,1,4554,Postgraduate,Partner
1317,1.1855143473796756,3.542835698683181,1.4472075526229429,1.7975896458034906,1.6652620445181063,1.7014945615046415,2.260369255158915,2.37340162775886,2.16657905409441,2.236573295278567,2.404924813559527,2.7845387336497502,1.151281276442028,1.4846874762606932,1.4944432441247706,1.8274347021965225,1.4237823501391875,2,4937,Graduate,Partner
1318,2.184888909715729,0.9169914527111293,1.64586190880482,3.104350497264509,2.035366655979721,2.94353864792645,2.0412222350585614,1.4855586060186998,3.726328629197808,2.236573295278567,3.739929444462023,3.888680898450896,3.3742388237508005,2.3191129773696333,1.851118527729896,3.449016008844124,2.2566942625936104,0,1920,Graduate,Partner
1319,3.2388136736596733,0.7787891239757581,3.537525778118813,2.5766201534052517,2.5570803853894657,4.788339423347077,4.013545415961744,4.728115728895806,2.6864955791288763,2.236573295278567,2.404924813559527,2.7845387336497502,1.9910652387586756,2.9032108281458915,3.649425539022711,3.1787524577361905,3.0896061750480333,1,8749,Graduate,Partner
1320,4.1406112143802485,2.6099699797194256,3.7243201727375927,3.4310407101297637,2.115630306658143,4.970992965467932,6.229365285865319,3.2805455847542406,1.646662529059944,2.236573295278567,1.0699201826570324,0.5762544040474584,2.2430004274536697,4.071406529698407,3.689240454401888,1.8274347021965225,4.20015539165393,1,1650,Graduate,Alone
1321,4.013064107554301,1.4698007676526137,1.9127110439745048,1.671939563932239,3.729821503635303,1.6466984988683857,4.744035482962922,2.933128750160265,1.646662529059944,2.236573295278567,2.404924813559527,2.7845387336497502,3.9472678803903953,1.5681300263715872,2.727046666071784,6.151651519923461,3.2284248271237703,1,10377,Postgraduate,Partner
1322,2.3333918435648093,2.402666486616369,1.6725468223217883,2.5012301042825005,1.830248437579308,2.94353864792645,2.4064672685591506,2.2768969514827555,2.16657905409441,2.236573295278567,2.404924813559527,2.7845387336497502,1.9960051444193616,1.8184576767042693,1.8428237536925671,1.8274347021965225,2.1178756105178733,2,9206,Graduate,Partner
1323,3.258282612734381,1.6425536785718275,2.4908841701754905,4.385981332351276,3.431062359443397,4.222113442772429,4.037895084861782,2.103188534185768,1.646662529059944,2.236573295278567,1.0699201826570324,1.6803965688486042,2.648072691629934,1.234359825928011,3.233027882348821,1.8274347021965225,2.811968870896559,1,10971,Graduate,Partner
1324,1.586602371467681,1.0897443636303432,1.6251069760693997,1.7221995966807395,1.7678211537183126,1.7197599157167271,1.74902620825809,1.755771699591792,1.646662529059944,2.236573295278567,1.0699201826570324,1.6803965688486042,0.9339254273718368,1.1509172758171171,1.5408939787338105,1.8274347021965225,1.5626010022149246,2,6398,Postgraduate,Partner
1325,1.780501852992153,1.435250185468771,1.4679624853583628,1.8227196621777408,1.6206711274745382,1.6466984988683857,1.74902620825809,1.5434614117843624,1.646662529059944,2.236573295278567,2.404924813559527,1.6803965688486042,1.8527478802594628,3.737636329254832,1.3799753624096378,1.8274347021965225,1.1461450459877132,2,9212,Graduate,Alone
1326,1.7624268713690951,1.8844077538587272,1.8415512745959224,1.9986297767974932,1.9372666384838708,2.012005583110094,1.9925228972584828,2.180392275206651,2.6864955791288763,2.236573295278567,2.404924813559527,1.6803965688486042,3.996666936997257,1.234359825928011,1.8229162960029788,3.449016008844124,2.1178756105178733,0,7937,Graduate,Alone
1327,2.248778626249673,3.681038027418552,2.2418249773504506,1.671939563932239,1.6830984113355334,1.7197599157167271,1.822075214958208,1.775072634847013,1.646662529059944,2.236573295278567,2.404924813559527,2.7845387336497502,0.7412691066050765,2.9032108281458915,1.8577543469597584,2.908488906628257,2.2566942625936104,2,839,Graduate,Partner
1328,1.9298411613122235,0.7096879596080725,2.206245092661159,1.8227196621777408,1.8614620795098051,1.6466984988683857,1.9194738905583648,3.4542540020512287,2.6864955791288763,2.236573295278567,2.404924813559527,2.7845387336497502,3.47797684262521,1.6515725764824811,2.058487878663108,1.8274347021965225,2.3955129146693475,2,4246,Postgraduate,Partner
1329,2.8397236552523664,0.7442385417919153,4.687942049739235,1.671939563932239,1.7901166122400969,1.6466984988683857,1.675977201557972,2.1417904046962093,6.845827779404605,2.236573295278567,3.739929444462023,3.888680898450896,3.729912031320204,3.987963979587514,3.281137571765326,4.53007021327586,2.950787522972296,0,158,Postgraduate,Partner
1330,0.7991558070307689,1.1588455279980288,1.524297302783074,1.671939563932239,1.625130219178895,2.06680164574635,1.7733758771581294,1.8329754406126757,1.646662529059944,2.236573295278567,1.0699201826570324,1.6803965688486042,3.048205050145514,0.5668194250408589,1.4678999672053197,1.8274347021965225,1.2849636980634502,2,4832,Graduate,Partner
1331,1.05183382776647,2.6445205619032683,1.4353475910598457,1.7724596294292403,1.5983756689527544,1.6466984988683857,1.943823559458404,1.5820632822948042,1.646662529059944,2.236573295278567,2.404924813559527,1.6803965688486042,2.890128069003557,1.234359825928011,1.366703723949912,1.8274347021965225,1.007326393911976,2,5621,Undergraduate,Alone
1332,1.4645381639515558,1.0206431992626577,1.4472075526229429,1.9232397276747424,1.6830984113355334,1.9937402288980084,2.016872566158522,2.296197886737976,2.16657905409441,2.236573295278567,2.404924813559527,1.6803965688486042,3.028445427502769,1.8184576767042693,1.5126917470068937,1.8274347021965225,1.4237823501391875,2,1945,Graduate,Alone
1333,1.1689262537050442,1.573452514204142,1.4472075526229429,1.8478496785519916,1.607293852361468,1.7014945615046415,1.7733758771581294,1.601364217550025,1.646662529059944,2.236573295278567,2.404924813559527,2.7845387336497502,3.077844484109631,3.1535384784785734,1.3766574527947064,1.8274347021965225,1.1461450459877132,2,5147,Undergraduate,Partner
1334,2.2498473269626045,1.746205425123356,1.8296913130328252,2.827920317147755,1.999693922344866,2.833946522653937,3.1613070044603684,1.6978688938261293,2.16657905409441,2.236573295278567,1.0699201826570324,1.6803965688486042,2.43565674822043,1.1509172758171171,2.007060279631671,1.8274347021965225,2.5343315667450845,2,2535,Postgraduate,Partner
1335,2.803294900515921,1.0551937814465004,3.329976450764613,1.8478496785519916,1.964021188710012,1.6466984988683857,2.4064672685591506,2.218994145717093,2.6864955791288763,2.236573295278567,2.404924813559527,2.7845387336497502,2.079983540651026,1.735015126593375,2.654052654543293,2.908488906628257,3.506062131275245,0,11039,Graduate,Partner
1336,3.9015010461739377,3.681038027418552,3.546420749291136,3.5818208083752654,3.350798708764976,3.7654795874702938,1.675977201557972,1.7171698290813504,1.646662529059944,2.236573295278567,1.0699201826570324,0.5762544040474584,2.672772219933365,2.9032108281458915,3.5050964707731955,3.449016008844124,3.2284248271237703,1,9495,Postgraduate,Alone
1337,3.476158162427228,3.78468977397008,3.783619980553079,3.506430759252514,4.144517032140485,1.6466984988683857,2.3821175996591117,1.755771699591792,1.646662529059944,2.236573295278567,1.0699201826570324,1.6803965688486042,2.8407290123966957,3.403866128811256,3.787118788042364,1.8274347021965225,3.644880783350982,1,9635,Postgraduate,Partner
1338,3.196112110390805,1.0551937814465004,2.6747135744034964,1.671939563932239,3.6049669359133127,4.970992965467932,3.2343560111604863,4.187689541749622,1.646662529059944,2.236573295278567,1.0699201826570324,0.5762544040474584,1.828048351956032,0.3164917747081768,3.413853956362582,3.449016008844124,2.811968870896559,1,2173,Graduate,Alone
1339,0.7665372026621662,1.3661490211010854,1.4323826006690714,1.7221995966807395,1.6206711274745382,1.7197599157167271,1.74902620825809,1.6978688938261293,1.646662529059944,2.236573295278567,2.404924813559527,2.7845387336497502,3.54219561621413,0.817147075373541,1.373339543179775,1.8274347021965225,1.007326393911976,2,942,Graduate,Partner
1340,3.132175928608472,1.435250185468771,1.6844067838848855,1.9734997604232432,1.9238893633708003,2.249455187867204,2.0412222350585614,1.601364217550025,1.646662529059944,2.236573295278567,2.404924813559527,2.7845387336497502,1.343937597208788,2.6528831778132096,1.703471549865449,1.8274347021965225,1.979056958442136,2,9386,Graduate,Partner
1341,3.1307819711568223,0.9860926170788148,3.8696047018855326,2.3001899732884974,3.6361805778438105,3.911602421166977,2.3821175996591117,3.3191474552646825,1.646662529059944,2.236573295278567,1.0699201826570324,1.6803965688486042,3.537255710553444,1.234359825928011,3.906563534179894,4.800333764383792,3.2284248271237703,1,5510,Graduate,Partner
1342,3.154850969821973,1.8498571716748844,2.1143303905471567,5.7178722001865445,2.548162201980752,4.770074069134992,2.4064672685591506,2.508508174545406,2.16657905409441,2.236573295278567,2.404924813559527,1.6803965688486042,2.904947785985615,2.9032108281458915,2.7552488977987,1.8274347021965225,3.506062131275245,1,873,Graduate,Alone
1343,1.6916138328252908,3.0245769659255397,1.4531375334044911,2.048889809545994,1.7098529615616742,1.6466984988683857,2.162970579558758,2.1224894694409886,2.16657905409441,2.236573295278567,2.404924813559527,2.7845387336497502,2.7271111822009133,1.5681300263715872,1.497761153739702,2.6382253555203232,1.4237823501391875,2,2253,Graduate,Partner
1344,2.8078484948579767,2.9900263837416965,1.9690458613992168,2.0991498422944947,2.744362236972451,3.0531307731989625,3.380454024560722,2.045285728420105,1.646662529059944,2.236573295278567,1.0699201826570324,0.5762544040474584,0.8944061820863476,4.238291629920196,2.378666156503987,1.8274347021965225,3.0896061750480333,1,5181,Postgraduate,Alone
1345,3.669128338983934,3.577386280867024,3.080917257939573,4.913711676210534,5.9772037226311285,5.171911861800871,2.576914950859426,1.8329754406126757,1.646662529059944,2.236573295278567,1.0699201826570324,0.5762544040474584,1.487194861368687,2.819768278034997,4.508764129289942,1.8274347021965225,3.0896061750480333,1,979,Graduate,Alone
1346,1.4676513355935734,1.8153065894910416,1.6636518511494651,1.6970695803064892,1.7276893283791015,1.7197599157167271,1.7733758771581294,1.7171698290813504,2.6864955791288763,2.236573295278567,3.739929444462023,2.7845387336497502,1.9120267481876967,2.1522278771478454,1.5442118883487417,1.8274347021965225,1.5626010022149246,2,10390,Postgraduate,Alone
1347,2.640341274418072,2.54086881535174,2.5205340740832334,2.275059956914247,1.892675721440303,2.3407819589276317,1.675977201557972,3.1840409084781367,4.246245154232274,2.236573295278567,3.739929444462023,3.888680898450896,3.754611559623635,2.4025555274805277,2.2990363257456337,1.8274347021965225,2.811968870896559,0,4698,Graduate,Partner
1348,0.7214194464771044,0.9860926170788148,1.4472075526229429,1.7724596294292403,1.651884769405036,1.7928213325650688,1.8707745527582864,1.910179181633559,2.16657905409441,2.236573295278567,2.404924813559527,2.7845387336497502,1.6650314651533886,0.399934324819071,1.429744006633609,2.6382253555203232,1.2849636980634502,2,7793,Undergraduate,Partner
1349,2.3838531033145283,1.6771042607556703,1.9038160728021825,2.048889809545994,2.4634394595979727,1.9206788120496667,1.943823559458404,2.450605368779744,5.286078204301206,2.236573295278567,3.739929444462023,2.7845387336497502,2.53939476709484,1.9019002268151632,2.0684416075079017,1.8274347021965225,2.5343315667450845,0,1745,Graduate,Alone
1350,2.345240481903832,1.8844077538587272,2.8763329209761475,2.1996699077914963,2.650721311180958,2.669558334745169,4.305741442762215,2.025984793164884,1.646662529059944,2.236573295278567,1.0699201826570324,1.6803965688486042,4.036186182282746,3.90452142947662,2.884647372781025,1.8274347021965225,4.20015539165393,1,10590,Undergraduate,Partner
1351,2.6889903894806464,1.124294945814186,3.478225970303327,1.8478496785519916,1.89713481314466,1.6466984988683857,1.846424883858247,1.92948011688878,3.206412104163342,2.236573295278567,2.404924813559527,1.6803965688486042,2.2627600500964142,1.6515725764824811,2.649075790120896,2.908488906628257,2.1178756105178733,0,5080,Undergraduate,Alone
1352,3.411664397664236,3.370082787763967,3.0394073924687333,1.9232397276747424,2.503571284937184,4.569155172802052,5.157979854263591,3.068235296946811,1.646662529059944,2.236573295278567,2.404924813559527,1.6803965688486042,3.863289484158731,3.236981028589468,3.223074153504027,3.449016008844124,2.6731502188208216,1,8369,Postgraduate,Alone
1353,2.104643425749095,2.437217068800212,2.182525169534965,1.8478496785519916,2.0710393896145747,2.012005583110094,1.675977201557972,1.9873829226544424,2.6864955791288763,2.236573295278567,2.404924813559527,1.6803965688486042,1.7440699557243673,1.735015126593375,2.0153550536689995,1.8274347021965225,2.5343315667450845,2,5232,Graduate,Alone
1354,1.6839470668412175,3.991993267073137,1.4442425622321684,1.7724596294292403,1.6340484025876088,1.6832292072925563,1.7246765393580508,1.620665152805246,1.646662529059944,2.236573295278567,2.404924813559527,2.7845387336497502,1.6551516538320163,1.9853427769260568,1.3766574527947064,1.8274347021965225,1.1461450459877132,2,2407,Graduate,Partner
1355,1.8402561624195364,1.4698007676526137,1.7614965340450168,2.1494098750429957,1.6830984113355334,1.938944166261752,2.016872566158522,1.5820632822948042,2.6864955791288763,2.236573295278567,2.404924813559527,1.6803965688486042,1.5020145783507457,2.4025555274805277,1.6371133575668206,1.8274347021965225,1.840238306366399,2,3834,Postgraduate,Alone
1356,3.045192983625532,0.640586795240387,1.8267263226420511,1.9483697440489929,1.852543896101092,1.9206788120496667,1.7246765393580508,2.064586663675326,1.646662529059944,2.236573295278567,2.404924813559527,2.7845387336497502,0.8203075971760552,3.236981028589468,1.7432864652446254,1.8274347021965225,1.979056958442136,2,7912,Graduate,Partner
1357,2.583839532377871,3.957442684889294,1.85341123615902,1.8227196621777408,1.821330254170594,1.847617395201325,1.8707745527582864,1.8136745053574548,2.16657905409441,2.236573295278567,2.404924813559527,1.6803965688486042,0.8894662764256613,1.8184576767042693,1.7200610979401056,1.8274347021965225,1.979056958442136,2,7712,Graduate,Alone
1358,2.267178864611449,3.7155886096023942,1.5806321202077855,1.7724596294292403,1.696475686448604,1.7197599157167271,1.846424883858247,1.5048595412739207,2.16657905409441,2.236573295278567,3.739929444462023,3.888680898450896,1.5069544840114315,3.0700959283676794,1.4778536960501136,1.8274347021965225,1.4237823501391875,2,1065,Undergraduate,Partner
1359,1.582652825354673,3.888341520521609,1.5094723508292027,1.671939563932239,1.6117529440658247,1.6466984988683857,1.675977201557972,1.5434614117843624,2.16657905409441,2.236573295278567,5.074934075364517,3.888680898450896,2.657952502951307,2.6528831778132096,1.384952226832035,1.8274347021965225,1.1461450459877132,2,7275,Postgraduate,Alone
1360,2.2712678064696217,4.02654384925698,2.7903481996436934,1.671939563932239,1.696475686448604,1.756290624140898,1.675977201557972,1.5627623470395833,4.246245154232274,2.236573295278567,2.404924813559527,1.6803965688486042,3.7150923143381456,3.0700959283676794,2.144753528651324,2.908488906628257,2.811968870896559,0,1343,Postgraduate,Alone
1361,2.532913620144269,3.128228712477068,3.472295989521778,1.8729796949262416,2.3341258001716256,1.847617395201325,1.8707745527582864,3.1840409084781367,3.726328629197808,2.236573295278567,2.404924813559527,2.7845387336497502,2.9741064652352214,2.3191129773696333,2.937733926619927,1.8274347021965225,3.783699435426719,0,1384,Postgraduate,Partner
1362,2.191951627470754,0.6751373774242297,2.2685098908674197,1.9232397276747424,1.7589029703095989,1.6466984988683857,1.9925228972584828,2.006683857909663,3.206412104163342,2.236573295278567,2.404924813559527,1.6803965688486042,3.423637880357662,3.0700959283676794,1.9423610421405089,1.8274347021965225,2.3955129146693475,0,9967,Graduate,Alone
1363,2.532960085392657,1.5389019320202992,2.4582692758769733,1.671939563932239,1.7455256951965286,1.7197599157167271,1.74902620825809,1.620665152805246,4.246245154232274,2.236573295278567,5.074934075364517,3.888680898450896,1.4822549557080007,1.8184576767042693,1.9838349123271517,1.8274347021965225,2.5343315667450845,0,6181,Graduate,Alone
1364,0.9118804996208408,0.8133397061596008,1.4442425622321684,1.9986297767974932,1.651884769405036,1.6466984988683857,1.7977255460581685,2.0838875989305468,2.16657905409441,2.236573295278567,2.404924813559527,2.7845387336497502,2.134322502918574,0.984032175595329,1.4396977354784029,4.259806662167925,1.2849636980634502,2,10507,Graduate,Partner
1365,2.5876496827457136,1.4006996032849282,2.2596149196950965,1.671939563932239,1.669721136222463,1.6466984988683857,1.675977201557972,1.9487810521440008,2.6864955791288763,2.236573295278567,2.404924813559527,2.7845387336497502,2.410957219916999,2.1522278771478454,1.8610722565746896,2.908488906628257,2.2566942625936104,2,2674,Postgraduate,Partner
1366,2.07513799302251,2.575419397535583,1.711091697401854,2.023759793171744,1.874839354622876,1.6832292072925563,1.8951242216583255,2.218994145717093,1.646662529059944,2.236573295278567,2.404924813559527,1.6803965688486042,0.8598268424615445,3.4873086789221497,1.69517677582812,1.8274347021965225,1.840238306366399,2,2698,Postgraduate,Alone
1367,2.444629648206455,3.197329876844753,1.6784768031033368,1.9232397276747424,1.7410666034921718,1.847617395201325,1.9194738905583648,2.025984793164884,3.206412104163342,2.236573295278567,3.739929444462023,3.888680898450896,2.37143797463151,3.403866128811256,1.6205238094921637,1.8274347021965225,1.7014196542906617,2,3231,Undergraduate,Partner
1368,0.8905064853622122,1.4698007676526137,1.482787437312234,1.74732961305499,1.6652620445181063,1.7014945615046415,1.675977201557972,1.5627623470395833,1.646662529059944,2.236573295278567,2.404924813559527,2.7845387336497502,3.7052125030167735,1.9853427769260568,1.4015417749066916,1.8274347021965225,1.2849636980634502,2,4096,Graduate,Partner
1369,4.21040201745951,0.951542034894972,4.370688077926387,2.275059956914247,4.684067128367658,2.5782315636847417,2.1386209106587186,3.782369901389983,1.126746004025478,2.236573295278567,1.0699201826570324,1.6803965688486042,1.4032164651370225,4.071406529698407,4.477243987948093,3.989543111059992,3.367243479199508,1,10476,Graduate,Partner
1370,1.1698555586728108,0.9860926170788148,1.4561025237952654,1.6970695803064892,1.6206711274745382,1.6466984988683857,1.74902620825809,1.5241604765291417,2.16657905409441,2.236573295278567,3.739929444462023,3.888680898450896,2.134322502918574,1.735015126593375,1.3633858143349806,1.8274347021965225,1.1461450459877132,2,5948,Undergraduate,Partner
1371,2.008878548820761,1.8498571716748844,1.4857524277030083,1.6970695803064892,1.6652620445181063,1.6832292072925563,1.675977201557972,1.5241604765291417,1.646662529059944,2.236573295278567,3.739929444462023,3.888680898450896,3.354479201108056,1.4012449261497992,1.3949059556768288,1.8274347021965225,1.1461450459877132,2,9140,Graduate,Partner
1372,3.4280666303453136,2.575419397535583,3.531595797337264,4.009031086737521,3.257157782973483,3.5462953369252688,3.623950713561115,3.0296334264363693,1.646662529059944,2.236573295278567,1.0699201826570324,1.6803965688486042,0.8746465594436028,1.4846874762606932,3.715783731321338,1.8274347021965225,3.367243479199508,1,10258,Graduate,Partner
1373,2.4176333388928395,0.8824408705272864,1.897886092020634,1.671939563932239,1.9283484550751573,1.884148103625496,1.846424883858247,2.8559250091393817,4.246245154232274,2.236573295278567,3.739929444462023,3.888680898450896,1.8774474085628936,2.0687853270369514,1.8660491209970869,1.8274347021965225,2.1178756105178733,0,5675,Postgraduate,Partner
1374,0.9735398842321455,2.402666486616369,1.45906751418604,2.023759793171744,1.718771144970388,1.7197599157167271,1.7246765393580508,2.180392275206651,2.6864955791288763,2.236573295278567,2.404924813559527,2.7845387336497502,1.916966653848383,1.9853427769260568,1.4844895152799764,1.8274347021965225,1.5626010022149246,2,4743,Graduate,Partner
1375,1.726509234364921,1.2279466923657143,1.5035423700476542,1.6970695803064892,1.6474256777006793,1.6466984988683857,1.675977201557972,1.5434614117843624,1.646662529059944,2.236573295278567,2.404924813559527,2.7845387336497502,1.1759808047454587,2.0687853270369514,1.3965649104842948,1.8274347021965225,1.1461450459877132,2,8805,Postgraduate,Partner
1376,1.8552644376489649,1.6771042607556703,1.4531375334044911,1.7724596294292403,1.6429665859963225,1.9206788120496667,1.7733758771581294,2.045285728420105,2.16657905409441,2.236573295278567,3.739929444462023,2.7845387336497502,3.537255710553444,1.8184576767042693,1.4463335547082656,1.8274347021965225,1.1461450459877132,2,1542,Undergraduate,Alone
1377,1.3038613350247346,1.3661490211010854,1.470927475749137,1.671939563932239,1.6162120357701817,1.6466984988683857,1.675977201557972,1.4855586060186998,2.16657905409441,2.236573295278567,2.404924813559527,2.7845387336497502,0.8104277858546829,2.0687853270369514,1.3600679047200492,1.8274347021965225,1.2849636980634502,2,6770,Postgraduate,Partner
1378,2.889441471027872,0.7096879596080725,3.273641633339902,1.8478496785519916,2.1022530315450725,2.194659125230948,1.675977201557972,1.775072634847013,2.16657905409441,2.236573295278567,3.739929444462023,3.888680898450896,2.2380605217929834,3.403866128811256,2.63580415166117,1.8274347021965225,3.506062131275245,0,8773,Postgraduate,Partner
1379,1.7780391948275718,3.577386280867024,1.462032504576814,1.671939563932239,1.6028347606571112,1.6466984988683857,1.675977201557972,1.5048595412739207,1.646662529059944,2.236573295278567,3.739929444462023,2.7845387336497502,0.7758484462298796,1.9019002268151632,1.3517731306827208,1.8274347021965225,1.007326393911976,2,10475,Graduate,Alone
1380,1.162978701911339,2.886374637190168,1.5035423700476542,1.74732961305499,1.6608029528137496,1.7928213325650688,1.7977255460581685,1.5241604765291417,2.16657905409441,2.236573295278567,2.404924813559527,1.6803965688486042,1.2895986349412405,2.0687853270369514,1.4247671422112114,1.8274347021965225,1.4237823501391875,2,10420,Graduate,Alone
1381,2.886003042647136,2.851824055006325,3.312186508419967,2.048889809545994,2.035366655979721,2.012005583110094,1.846424883858247,4.013981124452634,1.646662529059944,2.236573295278567,2.404924813559527,1.6803965688486042,2.7320510878616,2.4025555274805277,2.833219773749588,1.8274347021965225,3.506062131275245,0,7514,Postgraduate,Alone
1382,2.291154932779824,1.0206431992626577,1.7259166493557254,3.280260611884261,1.941725730188228,2.833946522653937,1.675977201557972,3.5893605488377744,2.16657905409441,2.236573295278567,3.739929444462023,3.888680898450896,3.3841186350721726,2.3191129773696333,2.018672963283931,1.8274347021965225,2.2566942625936104,0,2902,Postgraduate,Partner
1383,2.732807118710835,3.819240356153923,2.025380678823928,1.7221995966807395,1.7811984288313831,1.7014945615046415,1.7977255460581685,2.1610913399514304,3.206412104163342,2.236573295278567,3.739929444462023,3.888680898450896,3.912688540765593,2.986653378256785,1.8063267479283216,1.8274347021965225,2.1178756105178733,0,4345,Graduate,Partner
1384,2.971684960675204,2.5063182331678973,3.3329414411553877,2.023759793171744,1.807952979057524,1.6466984988683857,1.846424883858247,2.5857119155662893,1.646662529059944,2.236573295278567,2.404924813559527,2.7845387336497502,1.0426033519069324,2.0687853270369514,2.602625055511856,1.8274347021965225,3.367243479199508,0,793,Graduate,Partner
1385,1.6720984285021951,0.7787891239757581,1.717021678183403,1.6970695803064892,1.7722802454226694,1.756290624140898,1.7246765393580508,2.2768969514827555,2.16657905409441,2.236573295278567,2.404924813559527,2.7845387336497502,0.9289855217111508,3.6541937791439376,1.6387723123742863,1.8274347021965225,1.7014196542906617,2,10909,Graduate,Partner
1386,1.6325100368753438,2.4717676509840545,2.034275649996251,1.7975896458034906,1.7633620620139558,1.9572095204738376,1.675977201557972,3.2033418437333574,2.6864955791288763,2.236573295278567,2.404924813559527,1.6803965688486042,3.971967408693826,3.3204235787003618,1.914158810413592,3.449016008844124,2.1178756105178733,0,3769,Graduate,Alone
1387,1.9878297913008507,1.9880595004102557,2.9504576807455045,1.8478496785519916,2.1825166822234947,2.486904792624314,2.016872566158522,1.755771699591792,4.246245154232274,2.236573295278567,2.404924813559527,2.7845387336497502,3.675573069052657,2.2356704272587398,2.532948953598297,1.8274347021965225,3.367243479199508,0,8702,Postgraduate,Partner
1388,1.6363666524915748,2.3335653222486834,1.690336764666434,1.74732961305499,1.6830984113355334,1.7197599157167271,1.7003268704580117,2.045285728420105,3.206412104163342,2.236573295278567,3.739929444462023,3.888680898450896,4.001606842657943,2.485998077591421,1.5690962104607271,1.8274347021965225,1.5626010022149246,2,4791,Postgraduate,Partner
1389,2.1198375619720764,3.059127548109382,1.9393959574914736,1.9734997604232432,2.088875756432002,1.7928213325650688,1.675977201557972,1.775072634847013,3.206412104163342,2.236573295278567,2.404924813559527,2.7845387336497502,2.781450144468461,3.821078879365726,1.8560953921522927,1.8274347021965225,2.2566942625936104,2,2963,Postgraduate,Partner
1390,3.036829238915633,2.0226100825940985,2.4048994488430364,2.551490137031001,2.579375843911249,4.02119454643949,2.528215613059347,2.3154988219931973,2.16657905409441,2.236573295278567,2.404924813559527,2.7845387336497502,1.5464737292969208,3.6541937791439376,2.644098925698499,1.8274347021965225,3.367243479199508,0,8216,Postgraduate,Partner
1391,2.570225214600093,2.0226100825940985,2.307054765947485,1.9986297767974932,2.053203022797148,1.847617395201325,1.9925228972584828,1.8136745053574548,2.6864955791288763,2.236573295278567,2.404924813559527,2.7845387336497502,3.843529861515986,3.90452142947662,2.080054291160162,1.8274347021965225,2.6731502188208216,0,8140,Graduate,Partner
1392,1.636831304975458,2.126261829145627,1.7259166493557254,1.7221995966807395,1.6608029528137496,1.6832292072925563,1.7003268704580117,2.0838875989305468,3.206412104163342,2.236573295278567,3.739929444462023,2.7845387336497502,3.8534096728373584,3.6541937791439376,1.5790499393055213,3.449016008844124,1.5626010022149246,0,10146,Postgraduate,Alone
1393,3.1437922407055527,1.2279466923657143,2.680643555185045,1.8478496785519916,2.650721311180958,2.907007939502279,2.796061970959779,1.775072634847013,1.646662529059944,2.236573295278567,2.404924813559527,2.7845387336497502,3.744731748302263,1.6515725764824811,2.649075790120896,1.8274347021965225,3.506062131275245,0,5289,Postgraduate,Partner
1394,3.6430613346380847,2.0226100825940985,5.040775906241375,2.0740198259202445,2.8023304291290896,3.5462953369252688,1.675977201557972,3.0296334264363693,2.16657905409441,2.236573295278567,2.404924813559527,2.7845387336497502,2.588793823701701,2.0687853270369514,4.130522433187763,6.151651519923461,2.5343315667450845,1,2587,Graduate,Partner
1395,1.9242188662572364,3.542835698683181,1.4442425622321684,1.6970695803064892,1.6206711274745382,1.6832292072925563,1.7003268704580117,1.5627623470395833,1.646662529059944,2.236573295278567,3.739929444462023,3.888680898450896,1.2352596726736926,2.3191129773696333,1.3600679047200492,1.8274347021965225,1.007326393911976,2,4405,Postgraduate,Partner
1396,3.664203022654772,1.5043513498364565,2.932667738400859,4.009031086737521,3.908185171809575,6.066914218193057,2.6499639575595437,1.9873829226544424,1.646662529059944,2.236573295278567,1.0699201826570324,1.6803965688486042,1.368637125512219,4.405176730141983,3.6958762736317503,3.719279559952058,3.367243479199508,1,8663,Graduate,Partner
1397,1.5185772478271755,2.7827228906386394,1.5835971105985598,1.9734997604232432,1.8124120707618805,1.7197599157167271,2.5525652819593865,2.547110045055848,2.6864955791288763,2.236573295278567,2.404924813559527,1.6803965688486042,3.0630247671275725,0.5668194250408589,1.673610363331066,1.8274347021965225,1.7014196542906617,2,2589,Graduate,Alone
1398,2.5930861168071475,3.508285116499338,1.9957307749161848,3.0792204808902586,2.2092712324496357,2.5782315636847417,1.8707745527582864,3.415652131540787,3.206412104163342,2.236573295278567,2.404924813559527,1.6803965688486042,2.4850558048272915,1.4846874762606932,2.23101917863954,1.8274347021965225,2.6731502188208216,0,3421,Graduate,Alone
1399,0.971309552309506,2.264464157880998,1.4353475910598457,2.249929940539997,1.6385074942919655,1.7928213325650688,1.822075214958208,2.37340162775886,1.646662529059944,2.236573295278567,1.0699201826570324,1.6803965688486042,3.201342125626785,2.569440627702316,1.4861484700874423,1.8274347021965225,1.2849636980634502,2,10490,Undergraduate,Partner
1400,2.303979341335001,2.1953629935133123,1.6310369568509482,2.3755800224112487,1.7633620620139558,1.938944166261752,2.4064672685591506,2.2768969514827555,1.646662529059944,2.236573295278567,1.0699201826570324,1.6803965688486042,1.2105601443702618,4.071406529698407,1.69517677582812,1.8274347021965225,1.840238306366399,2,4094,Graduate,Partner
1401,1.593572158725929,1.8153065894910416,1.4887174180937826,1.7724596294292403,1.6340484025876088,1.756290624140898,1.7733758771581294,1.8136745053574548,2.16657905409441,2.236573295278567,5.074934075364517,4.992823063252041,1.1068221254958526,2.0687853270369514,1.4280850518261428,1.8274347021965225,1.2849636980634502,2,9958,Graduate,Partner
1402,1.0644723753280938,0.7442385417919153,1.4887174180937826,1.74732961305499,1.6608029528137496,1.6466984988683857,1.7733758771581294,1.5048595412739207,2.6864955791288763,2.236573295278567,3.739929444462023,3.888680898450896,1.338997691548102,1.9853427769260568,1.3998828200992262,1.8274347021965225,1.4237823501391875,2,2534,Graduate,Partner
1403,1.5262904790596372,0.6751373774242297,1.450172543013717,1.671939563932239,1.5939165772483976,1.6466984988683857,1.675977201557972,1.4855586060186998,1.646662529059944,2.236573295278567,5.074934075364517,4.992823063252041,0.9783845783180124,2.0687853270369514,1.3401604470304609,1.8274347021965225,1.007326393911976,2,4188,Postgraduate,Partner
1404,2.9725678003945823,1.262497274549557,2.2566499293043223,5.994302380303298,1.919430271666444,2.3407819589276317,1.8707745527582864,6.233588678803034,1.646662529059944,2.236573295278567,1.0699201826570324,0.5762544040474584,1.867567597241521,2.0687853270369514,2.6822548862702096,1.8274347021965225,3.644880783350982,1,6613,Undergraduate,Alone
1405,2.884562619947098,2.1953629935133123,4.326213222064773,1.9734997604232432,2.71760768674631,1.938944166261752,1.9681732283584437,3.434953066796008,3.206412104163342,2.236573295278567,2.404924813559527,1.6803965688486042,3.527375899232072,2.569440627702316,3.601315849606205,2.908488906628257,3.2284248271237703,0,10827,Graduate,Alone
1406,2.434871946044907,3.4391839521316525,1.5183673220015257,1.6970695803064892,1.625130219178895,1.6466984988683857,1.675977201557972,1.5434614117843624,1.646662529059944,2.236573295278567,2.404924813559527,2.7845387336497502,1.245139483995065,2.3191129773696333,1.3965649104842948,1.8274347021965225,1.1461450459877132,2,5491,Postgraduate,Partner
1407,0.7880506126659597,3.300981623396281,1.4472075526229429,1.6970695803064892,1.6206711274745382,2.06680164574635,1.7733758771581294,1.8522763758678964,1.646662529059944,2.236573295278567,1.0699201826570324,1.6803965688486042,3.295200333179822,3.1535384784785734,1.4264260970186773,1.8274347021965225,1.1461450459877132,2,8402,Graduate,Partner
1408,1.2282623758969329,1.435250185468771,1.43831258145062,2.124279858668745,1.7053938698573174,1.847617395201325,1.8707745527582864,1.7171698290813504,2.6864955791288763,2.236573295278567,2.404924813559527,2.7845387336497502,2.66783231427268,2.2356704272587398,1.4562872835530598,1.8274347021965225,1.4237823501391875,2,8783,Graduate,Partner
1409,1.527126853530627,2.2990147400648406,1.470927475749137,1.671939563932239,1.5983756689527544,1.6466984988683857,1.675977201557972,1.620665152805246,1.646662529059944,2.236573295278567,2.404924813559527,2.7845387336497502,2.7715703331470887,1.9019002268151632,1.3650447691424463,1.8274347021965225,1.007326393911976,2,10010,Postgraduate,Partner
1410,1.9301199528025528,2.7481723084547967,1.45906751418604,1.6970695803064892,1.6206711274745382,1.6466984988683857,1.675977201557972,1.5048595412739207,1.646662529059944,2.236573295278567,2.404924813559527,2.7845387336497502,2.000945050080048,2.0687853270369514,1.3584089499125835,1.8274347021965225,1.007326393911976,2,618,Postgraduate,Partner
1411,1.7197253081002262,2.713621726270954,1.450172543013717,1.9232397276747424,1.6652620445181063,1.7928213325650688,1.822075214958208,1.736470764336571,2.16657905409441,2.236573295278567,3.739929444462023,2.7845387336497502,1.0376634462462462,3.236981028589468,1.4280850518261428,1.8274347021965225,1.2849636980634502,2,9121,Undergraduate,Alone
1412,1.4021818006144262,3.231880459028596,1.5272622931738482,3.858250988492019,1.874839354622876,4.843135485983334,2.0655719039586007,2.9138278149050443,1.646662529059944,2.236573295278567,1.0699201826570324,0.5762544040474584,2.969166559574536,2.0687853270369514,2.071759517122833,1.8274347021965225,2.3955129146693475,1,361,Graduate,Alone
1413,1.178823351611757,2.851824055006325,1.4649974949675884,1.671939563932239,1.6474256777006793,1.6832292072925563,1.675977201557972,1.6785679585709086,1.646662529059944,2.236573295278567,2.404924813559527,2.7845387336497502,2.8110895784325782,1.1509172758171171,1.388270136446966,1.8274347021965225,1.1461450459877132,2,4310,Postgraduate,Partner
1414,1.3676116558135138,2.5063182331678973,1.4353475910598457,1.74732961305499,1.6340484025876088,1.847617395201325,1.7246765393580508,1.6785679585709086,1.646662529059944,2.236573295278567,2.404924813559527,1.6803965688486042,1.2599592009771234,1.9853427769260568,1.389929091254432,1.8274347021965225,1.1461450459877132,2,2678,Undergraduate,Alone
1415,4.219183949404902,3.542835698683181,3.484155951084876,2.1996699077914963,2.115630306658143,3.655887462197781,5.255378529863747,2.296197886737976,1.646662529059944,2.236573295278567,1.0699201826570324,1.6803965688486042,1.5365939179755486,0.984032175595329,3.2031666958144385,3.449016008844124,3.644880783350982,1,6376,Graduate,Partner
1416,1.5390684223664262,3.231880459028596,1.4561025237952654,1.74732961305499,1.6563438611093928,1.6832292072925563,1.74902620825809,1.5241604765291417,2.16657905409441,2.236573295278567,3.739929444462023,2.7845387336497502,1.5168342953328038,1.9853427769260568,1.3832932720245692,1.8274347021965225,1.2849636980634502,2,524,Graduate,Alone
1417,3.2113991771105628,1.1933961101818715,1.8119013706881797,2.325319989662748,1.8882166297359464,1.7014945615046415,3.3074050178606043,1.5241604765291417,3.726328629197808,2.236573295278567,3.739929444462023,2.7845387336497502,1.7835892010098566,2.485998077591421,1.81462152196565,1.8274347021965225,2.2566942625936104,2,10341,Graduate,Alone
1418,1.364033831687613,3.370082787763967,1.4768574565306856,1.7221995966807395,1.6385074942919655,1.7014945615046415,1.675977201557972,1.7943735701022336,2.16657905409441,2.236573295278567,3.739929444462023,3.888680898450896,2.66783231427268,1.4846874762606932,1.406518639329089,2.6382253555203232,1.1461450459877132,2,5654,Undergraduate,Partner
1419,2.732807118710835,3.819240356153923,2.025380678823928,1.7221995966807395,1.7811984288313831,1.7014945615046415,1.7977255460581685,2.1610913399514304,3.206412104163342,2.236573295278567,3.739929444462023,3.888680898450896,3.912688540765593,2.986653378256785,1.8063267479283216,1.8274347021965225,2.1178756105178733,0,4098,Graduate,Partner
1420,0.8717345250133297,1.1933961101818715,1.4442425622321684,1.7724596294292403,1.6117529440658247,1.7197599157167271,1.7246765393580508,1.6785679585709086,1.646662529059944,2.236573295278567,1.0699201826570324,1.6803965688486042,3.156882974680609,0.900589625484435,1.3766574527947064,1.8274347021965225,1.007326393911976,2,5824,Undergraduate,Partner
1421,1.8954568775048644,3.957442684889294,1.470927475749137,2.5766201534052517,1.6385074942919655,1.7014945615046415,2.3090685929589934,2.1610913399514304,1.646662529059944,2.236573295278567,1.0699201826570324,1.6803965688486042,0.9191057103897784,2.736325727924104,1.5342581595039475,1.8274347021965225,1.4237823501391875,2,7000,Graduate,Partner
1422,1.7746007664468355,1.6771042607556703,1.5154023316107512,1.9734997604232432,1.852543896101092,1.9937402288980084,1.7003268704580117,2.180392275206651,2.16657905409441,2.236573295278567,2.404924813559527,2.7845387336497502,3.0580848614668863,1.1509172758171171,1.585685758535384,1.8274347021965225,1.5626010022149246,2,2561,Graduate,Partner
1423,1.4716473469549691,2.713621726270954,1.5065073604384285,1.7221995966807395,1.67418022792682,1.82935204098924,1.7977255460581685,1.6399660880604667,2.6864955791288763,2.236573295278567,3.739929444462023,3.888680898450896,2.297339389721217,3.737636329254832,1.4430156450933342,1.8274347021965225,1.4237823501391875,2,5229,Graduate,Partner
1424,1.6113218836102683,1.0206431992626577,1.4561025237952654,1.6970695803064892,1.607293852361468,1.7014945615046415,1.7246765393580508,1.5434614117843624,1.646662529059944,2.236573295278567,3.739929444462023,3.888680898450896,1.9762455217766168,3.987963979587514,1.3633858143349806,1.8274347021965225,1.007326393911976,2,4086,Postgraduate,Partner
1425,0.9253554216534544,3.231880459028596,1.470927475749137,1.671939563932239,1.692016594744247,1.7197599157167271,1.7977255460581685,1.8522763758678964,2.6864955791288763,2.236573295278567,2.404924813559527,2.7845387336497502,3.8682293898194167,1.4846874762606932,1.4347208710560055,3.449016008844124,1.4237823501391875,2,2428,Graduate,Partner
1426,3.563745155639217,1.8844077538587272,4.311388270110901,2.1494098750429957,4.242617049636335,4.93446225704376,2.3090685929589934,4.14908767123918,2.6864955791288763,2.236573295278567,1.0699201826570324,0.5762544040474584,3.6162942011244223,4.071406529698407,4.52867158697953,3.719279559952058,3.367243479199508,1,8254,Postgraduate,Alone
1427,3.760293156321824,3.093678130293225,4.293598327766255,5.893782314806297,4.585967110871808,6.139975635041399,4.232692436062097,3.9174764481765294,1.646662529059944,2.236573295278567,1.0699201826570324,1.6803965688486042,1.9466060878125,4.238291629920196,5.114282634014921,3.1787524577361905,3.644880783350982,1,2836,Graduate,Partner
1428,2.3300463456808505,3.681038027418552,1.7229516589649512,2.3504500060369984,2.044284839388434,2.158128416806777,2.8447613087598578,1.601364217550025,1.646662529059944,2.236573295278567,1.0699201826570324,1.6803965688486042,1.857687785920149,3.236981028589468,1.8411647988851012,1.8274347021965225,2.2566942625936104,2,8418,Graduate,Partner
1429,3.545809569761325,3.8537909383377658,2.858542978631502,2.551490137031001,4.055335198053349,2.9618040021385355,5.571924225564258,1.8136745053574548,1.646662529059944,2.236573295278567,1.0699201826570324,1.6803965688486042,3.354479201108056,2.1522278771478454,3.5150501996179893,1.8274347021965225,2.950787522972296,1,1362,Undergraduate,Partner
1430,2.375396428107853,3.8537909383377658,3.546420749291136,1.8729796949262416,2.030907564275364,1.847617395201325,1.675977201557972,2.392702563014081,3.206412104163342,2.236573295278567,2.404924813559527,2.7845387336497502,3.4285777860183484,3.3204235787003618,2.7851100843330827,2.6382253555203232,3.644880783350982,0,7152,Graduate,Partner
1431,3.1739481869095743,2.5063182331678973,3.169866969662801,3.0289604481417576,3.141221398660206,2.94353864792645,2.9908593221600936,3.994680189197413,1.646662529059944,2.236573295278567,1.0699201826570324,1.6803965688486042,1.8082887293132877,1.234359825928011,3.3906285890580623,1.8274347021965225,2.811968870896559,1,10033,Postgraduate,Partner
1432,3.1443498236862126,2.057160664777941,2.6124487761972364,2.3504500060369984,2.2984530665367715,2.70608904316934,1.8707745527582864,2.2382950809723137,3.206412104163342,2.236573295278567,2.404924813559527,2.7845387336497502,1.0722427858710493,1.9853427769260568,2.471567625722066,1.8274347021965225,2.3955129146693475,0,9349,Undergraduate,Partner
1433,2.059479204315645,2.229913575697155,1.5954570721616568,1.9232397276747424,1.999693922344866,1.9937402288980084,1.846424883858247,1.9680819873992217,2.6864955791288763,2.236573295278567,2.404924813559527,2.7845387336497502,3.0432651444848275,2.0687853270369514,1.673610363331066,1.8274347021965225,1.840238306366399,2,274,Graduate,Partner
1434,3.513376826386275,1.6080030963879848,2.1024704289840592,5.466572036444042,4.144517032140485,3.4367032116527563,2.9908593221600936,2.0838875989305468,1.646662529059944,2.236573295278567,1.0699201826570324,1.6803965688486042,0.6869301443375289,2.6528831778132096,3.208143560236836,1.8274347021965225,2.811968870896559,1,3388,Graduate,Partner
1435,3.3530252541981715,2.0226100825940985,3.5138058549926185,4.235201234105775,4.269371599862476,1.6466984988683857,3.088257997760251,2.3154988219931973,1.646662529059944,2.236573295278567,1.0699201826570324,0.5762544040474584,1.7144305217602502,3.6541937791439376,3.826933703421541,3.449016008844124,3.644880783350982,1,922,Graduate,Alone
1436,1.7923504913311752,3.4737345343154957,1.5391222547369456,1.671939563932239,1.6652620445181063,1.6466984988683857,1.675977201557972,1.5434614117843624,1.646662529059944,2.236573295278567,2.404924813559527,1.6803965688486042,1.9317863708304412,2.485998077591421,1.42144923259628,1.8274347021965225,1.2849636980634502,2,8588,Postgraduate,Alone
1437,1.4402833042928511,1.9535089182264127,1.9245710055376024,1.9986297767974932,2.392093992328264,3.2175189611077317,1.9925228972584828,2.8366240738841606,2.16657905409441,2.236573295278567,1.0699201826570324,1.6803965688486042,3.8978688237835337,2.6528831778132096,2.204475901720089,1.8274347021965225,2.6731502188208216,0,2518,Postgraduate,Partner
1438,3.1115453583240567,0.7442385417919153,2.787383209252919,3.707470890246517,3.17689413229506,3.58282604534944,2.8934606465599364,2.257596016227535,1.646662529059944,2.236573295278567,1.0699201826570324,1.6803965688486042,0.6078916537665502,2.3191129773696333,3.13680850351581,1.8274347021965225,2.6731502188208216,1,574,Graduate,Partner
1439,1.9315603755025916,3.646487445234709,1.6992317358387568,1.74732961305499,1.821330254170594,1.6832292072925563,1.7003268704580117,2.0838875989305468,2.6864955791288763,2.236573295278567,2.404924813559527,1.6803965688486042,3.67063316339197,2.1522278771478454,1.6255006739145608,3.449016008844124,1.7014196542906617,2,3220,Graduate,Alone
1440,1.1411865004172153,2.3335653222486834,1.473892466139911,1.8729796949262416,1.6608029528137496,1.847617395201325,1.7977255460581685,1.910179181633559,3.206412104163342,2.236573295278567,3.739929444462023,3.888680898450896,3.221101748269529,2.0687853270369514,1.454628328745594,1.8274347021965225,1.4237823501391875,2,5967,Graduate,Partner
1441,4.277590766629025,1.1933961101818715,5.289835099066415,3.3807806773812628,4.849053521428859,3.2723150237439875,4.451839456162451,2.354100692503639,1.126746004025478,2.236573295278567,1.0699201826570324,0.5762544040474584,1.2648991066378097,2.2356704272587398,5.223773651307657,6.151651519923461,4.061336739578193,1,1183,Graduate,Alone
1442,1.7043453108836912,2.886374637190168,1.8830611400667625,3.280260611884261,2.1379257651799266,3.7654795874702938,3.2343560111604863,1.755771699591792,2.16657905409441,2.236573295278567,1.0699201826570324,1.6803965688486042,3.813890427551869,1.9019002268151632,2.212770675757417,3.449016008844124,2.811968870896559,1,6856,Postgraduate,Partner
1443,2.933629922245167,0.951542034894972,2.9356327287916333,1.7975896458034906,1.6830984113355334,1.7745559783529834,1.7977255460581685,1.6785679585709086,3.206412104163342,2.236573295278567,2.404924813559527,1.6803965688486042,1.3488775028694744,3.90452142947662,2.249267681521663,2.908488906628257,2.950787522972296,0,4530,Postgraduate,Alone
1444,2.612601521130243,1.4698007676526137,2.2892648236028394,3.1546105300130094,2.3787167172151937,3.0531307731989625,1.7977255460581685,2.045285728420105,4.76616167926674,12.555767160837409,2.404924813559527,2.7845387336497502,2.13926240857926,3.1535384784785734,2.3836430209263844,1.8274347021965225,3.0896061750480333,0,1553,Graduate,Partner
1445,2.0577135248768887,1.5043513498364565,1.54208724512772,1.671939563932239,1.5983756689527544,1.6466984988683857,1.675977201557972,1.601364217550025,1.646662529059944,2.236573295278567,3.739929444462023,3.888680898450896,0.96850476699664,3.4873086789221497,1.4032007297141575,3.1787524577361905,1.1461450459877132,2,4682,Postgraduate,Partner
1446,0.6877321413955702,2.126261829145627,1.4353475910598457,1.9986297767974932,1.6162120357701817,1.7745559783529834,1.7977255460581685,1.6978688938261293,2.6864955791288763,2.236573295278567,2.404924813559527,2.7845387336497502,0.6424709933913533,1.5681300263715872,1.3998828200992262,1.8274347021965225,1.4237823501391875,2,8204,Graduate,Partner
1447,1.223987573045207,0.9860926170788148,1.5183673220015257,1.671939563932239,1.6340484025876088,1.6832292072925563,1.675977201557972,1.5820632822948042,1.646662529059944,2.236573295278567,2.404924813559527,2.7845387336497502,2.346738446328079,0.900589625484435,1.404859684521623,1.8274347021965225,1.1461450459877132,2,5221,Postgraduate,Partner
1448,2.2185297495488747,1.6425536785718275,2.5739039011171707,2.249929940539997,2.0130711974579363,2.633027626320998,2.6743136264595826,5.26854191604199,3.206412104163342,2.236573295278567,2.404924813559527,1.6803965688486042,2.43565674822043,2.819768278034997,2.6457578805059643,1.8274347021965225,3.0896061750480333,0,1232,Postgraduate,Alone
1449,2.2765648447858906,2.1953629935133123,2.742908353391305,1.9232397276747424,1.9238893633708003,1.6466984988683857,1.9194738905583648,2.4120034982693017,3.206412104163342,2.236573295278567,2.404924813559527,2.7845387336497502,3.0630247671275725,3.6541937791439376,2.2990363257456337,1.8274347021965225,2.950787522972296,0,1927,Graduate,Partner
1450,3.8154474061587633,2.6099699797194256,4.100873952365927,2.4509700715339995,3.127844123547136,3.016600064774792,2.43081693745919,5.172037239765886,1.646662529059944,2.236573295278567,1.0699201826570324,1.6803965688486042,2.62831306898719,3.737636329254832,3.9380836755217423,3.1787524577361905,3.2284248271237703,1,5788,Graduate,Partner
1451,1.831427765225755,1.3315984389172426,1.4561025237952654,1.671939563932239,1.6028347606571112,1.6466984988683857,1.675977201557972,1.5048595412739207,1.646662529059944,2.236573295278567,3.739929444462023,3.888680898450896,1.2846587292805542,3.90452142947662,1.3484552210677894,1.8274347021965225,1.007326393911976,2,6652,Postgraduate,Partner
1452,3.052255701380556,1.6425536785718275,3.937799480873341,3.782860939369268,3.159057765477633,3.3088457321681584,3.0395586599601723,2.296197886737976,3.206412104163342,2.236573295278567,2.404924813559527,2.7845387336497502,3.201342125626785,2.2356704272587398,3.767211330352776,1.8274347021965225,3.506062131275245,1,6246,Graduate,Partner
1453,0.9958432034585408,3.4737345343154957,1.4531375334044911,1.74732961305499,1.6295893108832518,1.9937402288980084,1.7733758771581294,1.910179181633559,2.6864955791288763,2.236573295278567,3.739929444462023,3.888680898450896,1.5267141066541765,2.2356704272587398,1.4347208710560055,1.8274347021965225,1.2849636980634502,2,5975,Undergraduate,Partner
1454,1.517090359878749,2.9900263837416965,1.6428969184140454,1.8478496785519916,1.848084804396735,1.884148103625496,1.7003268704580117,1.9487810521440008,3.206412104163342,2.236573295278567,2.404924813559527,2.7845387336497502,2.677712125594052,1.6515725764824811,1.6172058998772323,1.8274347021965225,1.7014196542906617,2,6875,Graduate,Partner
1455,1.532145100356566,2.886374637190168,1.5154023316107512,1.671939563932239,1.6117529440658247,1.6466984988683857,1.7003268704580117,1.5820632822948042,1.646662529059944,2.236573295278567,2.404924813559527,1.6803965688486042,2.7024116538974825,2.569440627702316,1.3932470008693634,1.8274347021965225,1.1461450459877132,2,4399,Graduate,Alone
1456,4.327819700136802,4.061094431440822,1.930500986319151,2.275059956914247,4.055335198053349,5.080585090740444,1.675977201557972,4.264893282770505,1.646662529059944,2.236573295278567,3.739929444462023,3.888680898450896,3.8781092011407887,2.3191129773696333,3.1152420910187564,5.881387968815528,2.950787522972296,1,4042,Postgraduate,Partner
1457,2.9467331222906745,0.951542034894972,2.793313190034468,2.551490137031001,3.471194184782609,2.249455187867204,1.9681732283584437,4.438601700067492,2.16657905409441,2.236573295278567,2.404924813559527,2.7845387336497502,3.502676370928641,3.236981028589468,3.176623418894988,1.8274347021965225,3.2284248271237703,0,2157,Graduate,Partner
1458,1.7734856004855162,1.3315984389172426,1.6340019472417224,1.8729796949262416,1.7053938698573174,1.8658827494134105,1.846424883858247,1.7171698290813504,2.16657905409441,2.236573295278567,2.404924813559527,2.7845387336497502,3.067964672788259,3.570751229033044,1.5491887527711388,1.8274347021965225,1.5626010022149246,2,10133,Graduate,Partner
1459,2.9332117350096727,3.335532205580124,3.077952267548799,2.023759793171744,4.786626237567864,5.482422883406324,1.675977201557972,2.3154988219931973,1.646662529059944,2.236573295278567,1.0699201826570324,0.5762544040474584,3.468097031303837,3.403866128811256,3.881679212067908,1.8274347021965225,3.644880783350982,1,2525,Postgraduate,Alone
1460,2.702511776761648,1.5389019320202992,1.64586190880482,1.671939563932239,1.6474256777006793,1.6466984988683857,1.7003268704580117,1.4855586060186998,1.646662529059944,2.236573295278567,2.404924813559527,2.7845387336497502,1.768769484027798,2.2356704272587398,1.4712178768202508,1.8274347021965225,1.4237823501391875,2,8233,Postgraduate,Partner
1461,1.8256196091772143,2.9900263837416965,1.7614965340450168,1.6970695803064892,1.830248437579308,1.7745559783529834,1.846424883858247,2.180392275206651,1.646662529059944,2.236573295278567,1.0699201826570324,0.5762544040474584,1.793469012331229,0.817147075373541,1.6868820017907915,1.8274347021965225,1.840238306366399,2,9483,Postgraduate,Alone
1462,2.5714797763065773,3.370082787763967,4.228368539169221,1.671939563932239,1.8570029878054488,1.6466984988683857,1.675977201557972,2.064586663675326,2.16657905409441,2.236573295278567,2.404924813559527,2.7845387336497502,1.3587573141908469,2.986653378256785,3.0422480794902658,2.6382253555203232,4.061336739578193,0,2945,Postgraduate,Partner
1463,2.7295545513236523,1.5043513498364565,2.2151400638334824,6.6728128224080585,2.94056227196415,5.920791384496374,1.8951242216583255,4.766717599406247,4.76616167926674,2.236573295278567,2.404924813559527,1.6803965688486042,2.830849201075323,1.4846874762606932,3.284455481380258,1.8274347021965225,3.922518087502456,1,10403,Graduate,Alone
1464,2.83795797581361,3.508285116499338,2.9890025558255706,2.3755800224112487,2.191434865632208,1.82935204098924,2.187320248458797,3.3963511962855657,2.6864955791288763,2.236573295278567,2.404924813559527,2.7845387336497502,3.883049106801475,3.0700959283676794,2.685572795885141,1.8274347021965225,3.367243479199508,0,5074,Graduate,Partner
1465,0.8216914524991057,1.746205425123356,1.4353475910598457,1.74732961305499,1.6429665859963225,1.7014945615046415,1.7977255460581685,1.620665152805246,1.646662529059944,2.236573295278567,2.404924813559527,2.7845387336497502,1.8527478802594628,1.317802376038905,1.3799753624096378,1.8274347021965225,1.1461450459877132,2,10524,Undergraduate,Partner
1466,0.8074266212438905,2.3335653222486834,1.4353475910598457,1.7724596294292403,1.6295893108832518,1.82935204098924,1.7977255460581685,1.7943735701022336,2.16657905409441,2.236573295278567,2.404924813559527,2.7845387336497502,2.124442691597202,1.4012449261497992,1.4032007297141575,1.8274347021965225,1.1461450459877132,2,4690,Graduate,Partner
1467,3.426997929632382,2.368115904432526,2.5501839779909763,4.1095511522345225,2.744362236972451,5.244973278649213,6.399812968165595,2.1417904046962093,2.16657905409441,2.236573295278567,2.404924813559527,2.7845387336497502,4.026306370961374,1.735015126593375,3.249617430423478,1.8274347021965225,2.811968870896559,1,7521,Undergraduate,Partner
1468,3.189792836609993,3.542835698683181,3.069057296376476,2.3001899732884974,2.222648507562706,2.833946522653937,3.3074050178606043,1.6399660880604667,2.6864955791288763,2.236573295278567,2.404924813559527,1.6803965688486042,2.9741064652352214,1.735015126593375,2.7535899429912347,1.8274347021965225,3.644880783350982,1,7196,Postgraduate,Alone
1469,3.609838682040434,3.957442684889294,3.656125393749784,4.863451643462033,4.652853486437159,2.012005583110094,2.0412222350585614,2.0838875989305468,1.646662529059944,2.236573295278567,1.0699201826570324,1.6803965688486042,0.6227113707486087,2.2356704272587398,4.032644099547287,1.8274347021965225,2.5343315667450845,1,4406,Postgraduate,Partner
1470,2.894041530618316,2.575419397535583,2.633203708932656,1.671939563932239,1.7232302366747447,1.6466984988683857,1.675977201557972,1.6399660880604667,4.76616167926674,2.236573295278567,5.074934075364517,4.992823063252041,0.6819902386768426,4.238291629920196,2.063464743085505,2.097698253304456,2.6731502188208216,0,9672,Postgraduate,Partner
1471,3.4973463156923037,3.577386280867024,5.725688686510234,3.90851102124052,2.307371249945485,2.907007939502279,2.528215613059347,3.550758678327333,2.16657905409441,2.236573295278567,2.404924813559527,2.7845387336497502,3.226041653930216,3.4873086789221497,4.495492490830216,3.1787524577361905,4.338974043729667,1,4864,Graduate,Partner
1472,2.236093613439661,2.817273472822482,1.794111428343534,2.0991498422944947,2.351962166989053,2.3590473131397167,1.675977201557972,2.064586663675326,3.726328629197808,2.236573295278567,2.404924813559527,2.7845387336497502,1.7292502387423088,2.0687853270369514,1.9572916354077,1.8274347021965225,2.3955129146693475,2,4706,Postgraduate,Partner
1473,2.7347121938947563,1.2279466923657143,2.221070044615031,2.7274002516507534,2.967316822190291,2.651292980533084,2.698663295359622,1.890878246378338,6.325911254370139,2.236573295278567,3.739929444462023,3.888680898450896,2.4158971255776853,2.1522278771478454,2.547879546865488,3.449016008844124,3.367243479199508,0,4070,Postgraduate,Partner
1474,1.9117197144407772,1.0206431992626577,2.0491006019501223,1.671939563932239,1.7678211537183126,1.7014945615046415,1.7246765393580508,1.775072634847013,3.206412104163342,2.236573295278567,3.739929444462023,2.7845387336497502,3.176642597323354,3.90452142947662,1.773147651779008,1.8274347021965225,2.1178756105178733,2,25,Postgraduate,Alone
1475,3.9936416337279823,2.7827228906386394,5.16234051226312,5.994302380303298,5.22361722459483,3.418437857440671,5.279728198763786,2.1224894694409886,1.646662529059944,2.236573295278567,1.0699201826570324,1.6803965688486042,2.2528802387750417,0.7337045252626471,5.5140907426141545,5.881387968815528,4.477792695805405,1,3697,Graduate,Partner
1476,2.608419648775294,2.2990147400648406,2.4493743047046506,2.551490137031001,2.3831758089195505,1.9206788120496667,2.236019586258876,1.8136745053574548,4.76616167926674,2.236573295278567,2.404924813559527,2.7845387336497502,1.9268464651697552,1.5681300263715872,2.3421691507397417,1.8274347021965225,3.0896061750480333,0,217,Graduate,Partner
1477,1.5814447288965767,3.6119368630508655,1.4946473988753313,1.74732961305499,1.7232302366747447,1.6466984988683857,1.7977255460581685,1.775072634847013,2.16657905409441,2.236573295278567,2.404924813559527,2.7845387336497502,1.576113163261038,0.5668194250408589,1.4513104191306625,1.8274347021965225,1.4237823501391875,2,4220,Graduate,Partner
1478,2.962717167736258,3.1627792946609103,2.161770236799545,5.7178722001865445,2.904889538329296,5.482422883406324,3.745699058061312,2.392702563014081,2.16657905409441,2.236573295278567,1.0699201826570324,1.6803965688486042,1.3488775028694744,3.1535384784785734,3.0604965823723886,1.8274347021965225,3.922518087502456,1,5286,Graduate,Partner
1479,1.4507379851802238,1.8844077538587272,1.54208724512772,1.671939563932239,1.6429665859963225,1.7014945615046415,1.7003268704580117,1.5048595412739207,1.646662529059944,2.236573295278567,2.404924813559527,1.6803965688486042,1.6255122198678995,1.6515725764824811,1.4181313229813486,1.8274347021965225,1.2849636980634502,2,9559,Graduate,Alone
1480,2.399651287766558,1.8153065894910416,4.086049000412055,1.9232397276747424,2.0398257476840773,1.884148103625496,1.9194738905583648,2.1417904046962093,4.246245154232274,2.236573295278567,2.404924813559527,2.7845387336497502,3.957147691711768,2.3191129773696333,3.0920167237142366,4.259806662167925,2.6731502188208216,0,2849,Postgraduate,Partner
1481,3.2514522212212973,1.1933961101818715,4.189823664089156,3.0792204808902586,2.71760768674631,3.3088457321681584,4.062244753761823,1.755771699591792,3.206412104163342,2.236573295278567,2.404924813559527,2.7845387336497502,3.517496087910699,3.1535384784785734,3.720760595743736,1.8274347021965225,3.506062131275245,1,7787,Graduate,Partner
1482,3.101880586659285,2.2990147400648406,3.676880326485205,1.9734997604232432,3.306207791721407,2.249455187867204,3.8430977336614687,3.2033418437333574,1.646662529059944,2.236573295278567,1.0699201826570324,1.6803965688486042,3.216161842608844,0.7337045252626471,3.593021075568877,1.8274347021965225,4.6166113478811415,1,3102,Graduate,Partner
1483,2.394028992711571,2.7481723084547967,2.0698555346855425,1.898109711300492,1.8436257126923783,2.012005583110094,1.8951242216583255,3.898175512921308,4.76616167926674,2.236573295278567,3.739929444462023,3.888680898450896,3.0729045784489446,1.8184576767042693,2.0501931046257797,1.8274347021965225,2.2566942625936104,0,5868,Postgraduate,Partner
1484,1.3676116558135138,2.5063182331678973,1.4353475910598457,1.74732961305499,1.6340484025876088,1.847617395201325,1.7246765393580508,1.6785679585709086,1.646662529059944,2.236573295278567,2.404924813559527,1.6803965688486042,1.2599592009771234,1.9853427769260568,1.389929091254432,1.8274347021965225,1.1461450459877132,2,8370,Undergraduate,Alone
1485,1.871806066075208,2.575419397535583,2.1528752656272223,2.048889809545994,2.0710393896145747,1.7197599157167271,2.0412222350585614,2.450605368779744,4.246245154232274,2.236573295278567,2.404924813559527,2.7845387336497502,3.9522077860510816,1.6515725764824811,2.0501931046257797,3.449016008844124,2.5343315667450845,0,9988,Graduate,Partner
1486,2.4337567800835878,3.197329876844753,3.027547430905636,1.8227196621777408,1.9952348306405088,1.7928213325650688,1.822075214958208,3.3577493257751243,7.885660829473537,2.236573295278567,3.739929444462023,3.888680898450896,3.5570153331961887,1.9853427769260568,2.566128049747611,1.8274347021965225,3.2284248271237703,0,2939,Postgraduate,Partner
1487,2.2274046119910444,1.8498571716748844,4.931071261782726,2.325319989662748,2.1245484900668563,1.9572095204738376,1.9925228972584828,2.2382950809723137,2.16657905409441,2.236573295278567,1.0699201826570324,0.5762544040474584,3.937388069069023,3.4873086789221497,3.642789719792848,4.259806662167925,3.367243479199508,1,5529,Postgraduate,Alone
1488,2.856497609920551,2.886374637190168,3.65316040335901,1.8729796949262416,2.14684394858864,1.847617395201325,1.8707745527582864,1.9873829226544424,1.646662529059944,2.236573295278567,1.0699201826570324,1.6803965688486042,1.0870625028531078,1.9019002268151632,2.866398869898902,3.1787524577361905,2.3955129146693475,1,9743,Postgraduate,Partner
1489,2.5744535522034298,2.2990147400648406,2.336704669855228,1.7975896458034906,2.0754984813189314,2.0302709373221792,4.330091111662254,3.26124464949902,5.805994729335672,2.236573295278567,3.739929444462023,3.888680898450896,2.341798540667393,2.0687853270369514,2.3919377949637126,1.8274347021965225,2.950787522972296,0,5763,Postgraduate,Partner
1490,2.092887717906849,3.681038027418552,2.4671642470492965,4.285461266854275,2.432225817667476,5.244973278649213,5.352777205463904,2.5857119155662893,4.246245154232274,2.236573295278567,2.404924813559527,2.7845387336497502,3.547135521874816,1.8184576767042693,3.065473446794785,2.6382253555203232,3.922518087502456,1,3478,Undergraduate,Partner
1491,3.587163640826932,1.2970478567333998,2.410829429624585,6.622552789659558,2.3475030752846964,2.70608904316934,5.377126874363944,2.1610913399514304,1.646662529059944,2.236573295278567,1.0699201826570324,1.6803965688486042,1.8082887293132877,2.1522278771478454,2.891283192010888,1.8274347021965225,3.783699435426719,1,7494,Postgraduate,Partner
1492,2.427669832544717,1.3661490211010854,3.267711652558353,2.0740198259202445,2.325207616762912,1.6466984988683857,2.260369255158915,3.068235296946811,3.726328629197808,2.236573295278567,2.404924813559527,2.7845387336497502,2.494935616148664,3.236981028589468,2.831560818942122,1.8274347021965225,3.644880783350982,0,1763,Graduate,Partner
1493,3.832871874304384,1.573452514204142,2.7162234398743363,5.114751807204536,3.37309416728676,2.468639438412229,5.011881840863355,2.354100692503639,1.646662529059944,2.236573295278567,1.0699201826570324,1.6803965688486042,1.3142981632446713,0.7337045252626471,3.3143166679146403,1.8274347021965225,2.950787522972296,1,7250,Graduate,Partner
1494,2.0615701404931195,3.6119368630508655,1.598422062552431,1.671939563932239,1.7098529615616742,1.6466984988683857,1.675977201557972,2.180392275206651,3.206412104163342,2.236573295278567,3.739929444462023,2.7845387336497502,3.9472678803903953,1.8184576767042693,1.525963385466619,1.8274347021965225,1.5626010022149246,2,2005,Postgraduate,Alone
1495,3.3365765562687053,3.819240356153923,3.834024817196241,3.5818208083752654,3.49794873500875,3.4549685658648417,5.011881840863355,3.550758678327333,2.6864955791288763,2.236573295278567,2.404924813559527,2.7845387336497502,3.458217219982465,2.6528831778132096,4.077435879348861,1.8274347021965225,3.783699435426719,1,10770,Graduate,Partner
1496,3.614949859363149,0.6751373774242297,2.683608545575819,2.7274002516507534,4.73757622881994,2.980069356350621,6.472861974865712,5.287842851297212,1.646662529059944,2.236573295278567,1.0699201826570324,1.6803965688486042,0.8993460877470336,0.900589625484435,4.044256783199547,1.8274347021965225,3.506062131275245,1,6885,Graduate,Partner
1497,0.8945024967236079,1.124294945814186,1.4353475910598457,1.9734997604232432,1.6340484025876088,1.756290624140898,1.9925228972584828,2.064586663675326,1.646662529059944,2.236573295278567,1.0699201826570324,1.6803965688486042,2.687591936915424,1.6515725764824811,1.447992509515731,3.449016008844124,1.4237823501391875,2,2072,Undergraduate,Partner
1498,2.3249351683581345,3.197329876844753,1.607317033724754,2.9535703990190063,1.9773984638230824,1.756290624140898,2.162970579558758,2.4699063040349643,2.16657905409441,2.236573295278567,2.404924813559527,1.6803965688486042,1.1315216537992834,1.4012449261497992,1.783101380623802,1.8274347021965225,1.979056958442136,2,9463,Graduate,Alone
1499,2.510470905172709,3.542835698683181,3.4307861240509387,1.671939563932239,1.9684802804143684,1.82935204098924,1.846424883858247,2.971730620670707,3.726328629197808,2.236573295278567,2.404924813559527,2.7845387336497502,3.4433975030004067,2.9032108281458915,2.7436362141464405,1.8274347021965225,3.506062131275245,0,6318,Graduate,Partner
1500,1.454780461790008,0.7787891239757581,1.5183673220015257,1.8729796949262416,1.6429665859963225,1.7928213325650688,1.8707745527582864,1.7171698290813504,1.646662529059944,2.236573295278567,2.404924813559527,2.7845387336497502,2.0355243897048507,1.5681300263715872,1.4562872835530598,1.8274347021965225,1.4237823501391875,2,4093,Graduate,Partner
1501,1.675397461137766,2.368115904432526,1.5480172259092684,1.6970695803064892,1.7678211537183126,1.7197599157167271,1.74902620825809,1.8329754406126757,1.646662529059944,2.236573295278567,2.404924813559527,2.7845387336497502,1.981185427437303,2.0687853270369514,1.5027380181620993,1.8274347021965225,1.4237823501391875,2,5751,Postgraduate,Partner
1502,1.185421416882899,0.7096879596080725,1.43831258145062,2.0991498422944947,1.7053938698573174,2.012005583110094,1.7003268704580117,2.2382950809723137,2.16657905409441,2.236573295278567,2.404924813559527,1.6803965688486042,3.527375899232072,2.2356704272587398,1.5027380181620993,3.449016008844124,1.2849636980634502,2,3340,Graduate,Alone
1503,3.970827196769316,3.1627792946609103,4.127558865882896,4.461371381474027,4.8178398794983615,2.541700855260571,3.477852700160879,2.547110045055848,1.646662529059944,2.236573295278567,1.0699201826570324,0.5762544040474584,2.519635144452095,1.1509172758171171,4.51705890332727,3.449016008844124,3.0896061750480333,1,3594,Postgraduate,Alone
1504,3.168929940083636,1.3661490211010854,2.1765951887534167,4.134681168608773,5.277126325047112,5.646811071315092,3.380454024560722,5.26854191604199,1.646662529059944,2.236573295278567,1.0699201826570324,1.6803965688486042,2.559154389737584,2.1522278771478454,4.084071698578724,1.8274347021965225,3.506062131275245,1,3584,Graduate,Partner
1505,1.6712155887828168,3.4737345343154957,1.530227283564623,1.8227196621777408,1.6830984113355334,1.847617395201325,1.7733758771581294,1.6399660880604667,1.646662529059944,2.236573295278567,2.404924813559527,1.6803965688486042,1.2895986349412405,1.735015126593375,1.466241012397854,1.8274347021965225,1.4237823501391875,2,3643,Graduate,Alone
1506,1.657461875259873,1.124294945814186,1.4857524277030083,1.74732961305499,1.67418022792682,1.7014945615046415,1.7003268704580117,1.5434614117843624,2.16657905409441,2.236573295278567,2.404924813559527,2.7845387336497502,0.8548869368008583,1.9853427769260568,1.406518639329089,1.8274347021965225,1.2849636980634502,2,851,Postgraduate,Partner
1507,0.0823364201441085,2.575419397535583,1.4353475910598457,1.6970695803064892,1.5939165772483976,1.6466984988683857,1.675977201557972,1.5048595412739207,1.126746004025478,2.236573295278567,2.404924813559527,1.6803965688486042,2.7715703331470887,1.9853427769260568,1.3351835826080638,1.8274347021965225,0.5908704376847644,2,7706,Graduate,Alone
1508,2.6423392800987697,1.3315984389172426,2.882262901757696,1.671939563932239,2.4099303591456915,1.82935204098924,2.357767930759072,1.890878246378338,7.365744304439071,2.236573295278567,3.739929444462023,3.888680898450896,3.482916748285896,1.735015126593375,2.542902682443091,1.8274347021965225,3.367243479199508,0,3967,Graduate,Partner
1509,3.731252376079122,2.5063182331678973,2.413794420015359,6.547162740536805,3.270535058086553,4.368236276469112,4.719685814062883,2.5857119155662893,1.126746004025478,2.236573295278567,1.0699201826570324,0.5762544040474584,1.0080240122821291,4.071406529698407,3.374039040983405,1.8274347021965225,2.950787522972296,1,10128,Postgraduate,Alone
1510,1.224684551771032,3.300981623396281,1.586562100989334,1.8729796949262416,1.6652620445181063,1.884148103625496,1.675977201557972,1.890878246378338,2.6864955791288763,2.236573295278567,3.739929444462023,3.888680898450896,3.379178729411487,3.236981028589468,1.5126917470068937,1.8274347021965225,1.4237823501391875,2,486,Graduate,Partner
1511,3.358229362017664,0.8133397061596008,3.753970076645336,2.8781803498962555,4.086548839983847,2.413843375775973,5.961518927964887,2.4120034982693017,1.646662529059944,2.236573295278567,1.0699201826570324,0.5762544040474584,1.2056202387095758,0.817147075373541,4.077435879348861,5.070597315491726,2.5343315667450845,1,9,Postgraduate,Alone
1512,0.8368391234736989,2.886374637190168,1.450172543013717,1.9483697440489929,1.6028347606571112,1.82935204098924,1.7733758771581294,1.871577311123117,2.16657905409441,2.236573295278567,2.404924813559527,2.7845387336497502,2.8703684463608123,3.0700959283676794,1.4181313229813486,1.8274347021965225,1.2849636980634502,2,9451,Graduate,Partner
1513,2.5698070273645977,1.7807560073071989,4.901421357874984,2.752530268025004,2.5659985687981792,1.9937402288980084,2.016872566158522,2.392702563014081,3.206412104163342,2.236573295278567,2.404924813559527,2.7845387336497502,3.379178729411487,1.8184576767042693,3.836887432266335,2.6382253555203232,3.644880783350982,0,9264,Undergraduate,Partner
1514,2.3861299004855563,2.886374637190168,2.0668905442947683,1.8478496785519916,1.736607511787815,1.7014945615046415,1.675977201557972,1.736470764336571,4.246245154232274,2.236573295278567,3.739929444462023,3.888680898450896,2.613493352005132,3.236981028589468,1.7764655613939393,2.908488906628257,2.1178756105178733,0,3865,Undergraduate,Partner
1515,3.1388669243763907,2.057160664777941,3.4278211336601645,3.23000057913576,2.1869757739278515,1.6466984988683857,2.3090685929589934,1.6399660880604667,3.206412104163342,2.236573295278567,2.404924813559527,2.7845387336497502,0.662230616034098,1.8184576767042693,2.8265839545197253,1.8274347021965225,3.783699435426719,0,2853,Postgraduate,Partner
1516,2.0615701404931195,3.6119368630508655,1.598422062552431,1.671939563932239,1.7098529615616742,1.6466984988683857,1.675977201557972,2.180392275206651,3.206412104163342,2.236573295278567,3.739929444462023,2.7845387336497502,3.9472678803903953,1.8184576767042693,1.525963385466619,3.449016008844124,1.5626010022149246,2,1490,Postgraduate,Alone
1517,1.0036958304361672,3.819240356153923,1.4442425622321684,2.5766201534052517,1.6206711274745382,1.6466984988683857,1.9194738905583648,2.354100692503639,2.16657905409441,2.236573295278567,2.404924813559527,2.7845387336497502,3.863289484158731,0.7337045252626471,1.497761153739702,1.8274347021965225,1.4237823501391875,2,6310,Undergraduate,Partner
1518,1.0036958304361672,3.991993267073137,1.7377766109188224,2.174539891417246,2.0398257476840773,2.0850669999584355,2.0412222350585614,1.5820632822948042,4.246245154232274,2.236573295278567,2.404924813559527,1.6803965688486042,3.71015240867746,0.7337045252626471,1.773147651779008,1.8274347021965225,2.1178756105178733,2,10380,Undergraduate,Alone
1519,0.3496509941221313,3.78468977397008,1.4561025237952654,1.671939563932239,1.6206711274745382,1.6832292072925563,1.675977201557972,1.5627623470395833,1.646662529059944,2.236573295278567,2.404924813559527,1.6803965688486042,1.5316540123148623,0.6502619751517529,1.3633858143349806,1.8274347021965225,1.1461450459877132,2,3887,Graduate,Alone
1520,3.069308447539071,0.640586795240387,2.7073284687020136,3.732600906620768,3.555916927165388,3.107926835835219,2.162970579558758,3.4542540020512287,1.646662529059944,2.236573295278567,1.0699201826570324,0.5762544040474584,1.5958727859037825,3.1535384784785734,3.244640566001081,3.449016008844124,2.6731502188208216,1,4278,Postgraduate,Alone
1521,3.2636725815474263,2.679071144087111,4.394408001052581,1.671939563932239,1.9283484550751573,1.6466984988683857,1.675977201557972,1.6785679585709086,2.6864955791288763,2.236573295278567,2.404924813559527,2.7845387336497502,3.655813446409912,2.1522278771478454,3.128513729478482,2.908488906628257,2.811968870896559,0,8643,Postgraduate,Partner
1522,2.67198410857052,0.7787891239757581,2.757733305345176,2.677140218902253,3.680771494887378,3.107926835835219,1.675977201557972,3.2419437142437992,2.6864955791288763,2.236573295278567,2.404924813559527,1.6803965688486042,3.221101748269529,2.485998077591421,3.1981898313920416,1.8274347021965225,4.061336739578193,1,1998,Postgraduate,Alone
1523,1.403157570830581,0.8133397061596008,1.5272622931738482,1.7724596294292403,1.696475686448604,1.7197599157167271,1.7246765393580508,1.5820632822948042,2.16657905409441,2.236573295278567,2.404924813559527,2.7845387336497502,1.0475432575676185,0.6502619751517529,1.4463335547082656,1.8274347021965225,1.5626010022149246,2,10795,Graduate,Partner
1524,3.398979384854224,2.2990147400648406,2.9267377576193105,3.481300742878264,2.793412245720376,2.3042512505034605,2.3334182618590327,2.527809109800627,3.206412104163342,2.236573295278567,3.739929444462023,3.888680898450896,2.9494069369317906,2.986653378256785,2.926121242967667,1.8274347021965225,3.783699435426719,0,11110,Postgraduate,Partner
1525,2.9779113039592398,4.061094431440822,2.221070044615031,2.626880186153752,4.715280770298155,4.368236276469112,5.693672570064455,2.701517527097615,1.646662529059944,2.236573295278567,1.0699201826570324,1.6803965688486042,3.4384575973397205,1.5681300263715872,3.621223307295794,1.8274347021965225,3.2284248271237703,1,2408,Graduate,Partner
1526,2.3084400051802803,3.4391839521316525,1.470927475749137,1.671939563932239,1.6028347606571112,1.6466984988683857,1.675977201557972,1.5048595412739207,1.646662529059944,2.236573295278567,5.074934075364517,3.888680898450896,2.559154389737584,3.6541937791439376,1.3567499951051178,1.8274347021965225,1.007326393911976,2,202,Postgraduate,Alone
1527,2.335018127258401,3.9228921027054513,3.30032654685687,1.671939563932239,2.1022530315450725,1.82935204098924,1.846424883858247,2.064586663675326,2.6864955791288763,2.236573295278567,2.404924813559527,1.6803965688486042,3.883049106801475,2.736325727924104,2.642439970891033,1.8274347021965225,3.506062131275245,0,7998,Graduate,Alone
1528,1.889091138475664,2.126261829145627,1.6221419856786254,1.7724596294292403,1.6608029528137496,1.6466984988683857,1.7733758771581294,1.6978688938261293,1.646662529059944,2.236573295278567,2.404924813559527,2.7845387336497502,3.216161842608844,0.900589625484435,1.4927842893173051,1.8274347021965225,1.4237823501391875,2,830,Postgraduate,Partner
1529,1.33169401880934,0.8133397061596008,1.45906751418604,1.9734997604232432,1.6429665859963225,2.103332354170521,1.7003268704580117,1.871577311123117,1.646662529059944,2.236573295278567,1.0699201826570324,1.6803965688486042,2.070103729329654,0.817147075373541,1.4596051931679912,1.8274347021965225,1.2849636980634502,2,3536,Undergraduate,Partner
1530,1.3592479111036155,2.368115904432526,1.5806321202077855,1.7724596294292403,1.8124120707618805,1.8658827494134105,1.7003268704580117,2.4313044335245224,1.646662529059944,2.236573295278567,1.0699201826570324,0.5762544040474584,3.537255710553444,2.819768278034997,1.6039342614175067,3.449016008844124,1.5626010022149246,2,6050,Graduate,Alone
1531,2.9878548671143403,3.2664310412124387,2.298159794775162,2.551490137031001,2.3876349006239077,2.486904792624314,3.11260766666029,2.740119397608056,2.16657905409441,2.236573295278567,2.404924813559527,1.6803965688486042,3.1815825029840403,3.3204235787003618,2.450001213225012,1.8274347021965225,3.0896061750480333,0,125,Graduate,Alone
1532,1.6520254411984396,2.229913575697155,1.462032504576814,1.6970695803064892,1.5983756689527544,1.6832292072925563,1.7003268704580117,1.601364217550025,1.646662529059944,2.236573295278567,3.739929444462023,3.888680898450896,2.845668918057381,1.8184576767042693,1.3650447691424463,1.8274347021965225,1.007326393911976,2,3463,Undergraduate,Partner
1533,2.592760860068429,2.9900263837416965,1.5776671298170113,1.6970695803064892,1.7098529615616742,1.756290624140898,1.846424883858247,1.5048595412739207,1.646662529059944,2.236573295278567,2.404924813559527,1.6803965688486042,1.872507502902208,3.821078879365726,1.4795126508575795,1.8274347021965225,1.4237823501391875,2,2804,Postgraduate,Alone
1534,3.488146196511416,1.7807560073071989,1.942360947882248,2.325319989662748,2.726525870155024,2.285985896291375,3.404803693460761,3.0489343616915905,1.646662529059944,2.236573295278567,1.0699201826570324,1.6803965688486042,1.1463413707813417,2.6528831778132096,2.390278840156247,1.8274347021965225,2.6731502188208216,1,3745,Undergraduate,Partner
1535,2.890742497982745,2.368115904432526,2.683608545575819,6.295862576794303,3.2304032327473418,1.884148103625496,4.037895084861782,1.890878246378338,1.646662529059944,2.236573295278567,2.404924813559527,2.7845387336497502,3.873169295480103,3.403866128811256,3.161692825627796,1.8274347021965225,2.811968870896559,1,9771,Graduate,Partner
1536,3.4547376829202108,3.577386280867024,2.295194804384388,2.425840055159749,3.439980542852111,2.7974158142297667,2.4795162752592685,5.345745657062874,1.646662529059944,2.236573295278567,1.0699201826570324,1.6803965688486042,0.7709085405691936,2.9032108281458915,3.0405891246828003,2.097698253304456,2.3955129146693475,1,451,Graduate,Partner
1537,3.0534637978386527,2.817273472822482,3.6739153360944297,3.682340873872267,2.5570803853894657,2.1763937710188626,3.623950713561115,1.6978688938261293,3.726328629197808,2.236573295278567,2.404924813559527,2.7845387336497502,3.976907314354512,1.9019002268151632,3.274501752535463,1.8274347021965225,4.338974043729667,0,10530,Graduate,Partner
1538,1.6413384340691253,3.7155886096023942,1.4649974949675884,1.6970695803064892,1.6162120357701817,1.6466984988683857,1.7003268704580117,1.5820632822948042,2.16657905409441,2.236573295278567,3.739929444462023,3.888680898450896,2.0058849557407337,2.485998077591421,1.3683626787573775,1.8274347021965225,1.1461450459877132,2,1079,Postgraduate,Partner
1539,2.1116132130073435,3.4391839521316525,1.9245710055376024,1.7221995966807395,1.78565752053574,1.756290624140898,1.7246765393580508,1.8522763758678964,4.76616167926674,2.236573295278567,3.739929444462023,3.888680898450896,3.596534578481678,2.9032108281458915,1.7250379623625025,4.259806662167925,1.979056958442136,0,8920,Postgraduate,Partner
1540,1.3999514686917869,3.300981623396281,1.43831258145062,1.6970695803064892,1.6028347606571112,1.7928213325650688,1.675977201557972,1.5820632822948042,1.646662529059944,2.236573295278567,2.404924813559527,1.6803965688486042,2.465296182184547,1.735015126593375,1.3600679047200492,1.8274347021965225,1.007326393911976,2,6678,Graduate,Alone
1541,1.1841668551764142,2.368115904432526,1.5183673220015257,1.7975896458034906,1.6875575030398902,1.7928213325650688,1.8951242216583255,2.025984793164884,3.206412104163342,2.236573295278567,5.074934075364517,3.888680898450896,3.166762786001982,2.986653378256785,1.4961021989322365,1.8274347021965225,1.5626010022149246,2,3852,Graduate,Alone
1542,3.180499786932328,0.9860926170788148,3.006792498170216,3.883381004866269,2.3385848918759824,2.907007939502279,2.7473626331597005,4.052582994963076,2.6864955791288763,2.236573295278567,2.404924813559527,1.6803965688486042,2.282519672739159,1.735015126593375,3.0422480794902658,1.8274347021965225,3.783699435426719,1,528,Postgraduate,Alone
1543,1.7746007664468355,1.6771042607556703,1.5154023316107512,1.9734997604232432,1.852543896101092,1.9937402288980084,1.7003268704580117,2.180392275206651,2.16657905409441,2.236573295278567,2.404924813559527,2.7845387336497502,3.0580848614668863,1.1509172758171171,1.585685758535384,1.8274347021965225,1.5626010022149246,2,73,Graduate,Partner
1544,2.2280551254684813,2.9209252193740105,2.648028660886528,1.671939563932239,1.7053938698573174,1.6466984988683857,1.675977201557972,1.890878246378338,4.246245154232274,2.236573295278567,3.739929444462023,3.888680898450896,1.7588896727064258,1.735015126593375,2.0866901103900246,1.8274347021965225,2.6731502188208216,0,5589,Postgraduate,Partner
1545,1.0647511668184235,1.1933961101818715,1.4442425622321684,1.74732961305499,1.607293852361468,1.7197599157167271,1.7003268704580117,1.4855586060186998,1.646662529059944,2.236573295278567,2.404924813559527,2.7845387336497502,3.576774955838933,0.7337045252626471,1.355091040297652,1.8274347021965225,1.007326393911976,2,10212,Graduate,Partner
1546,3.6305621828216257,1.0551937814465004,1.6399319280232711,4.159811184983023,2.82908497935523,5.025789028104188,4.622287138462726,2.218994145717093,1.646662529059944,2.236573295278567,2.404924813559527,1.6803965688486042,0.6424709933913533,3.570751229033044,2.6407810160835674,1.8274347021965225,3.367243479199508,1,6365,Graduate,Alone
1547,1.9790478593554572,1.6771042607556703,1.565807168253914,1.671939563932239,1.7678211537183126,1.7014945615046415,1.675977201557972,1.5434614117843624,2.16657905409441,2.236573295278567,2.404924813559527,2.7845387336497502,0.6523508047127256,0.984032175595329,1.4795126508575795,1.8274347021965225,1.4237823501391875,2,5636,Graduate,Partner
1548,2.1479955024954003,0.9169914527111293,2.224035035005805,1.9483697440489929,1.981857555527439,1.9206788120496667,1.74902620825809,1.910179181633559,2.16657905409441,2.236573295278567,2.404924813559527,1.6803965688486042,3.1865224086447266,3.737636329254832,2.002083415209274,1.8274347021965225,2.5343315667450845,2,591,Graduate,Alone
1549,2.8920899901860064,3.8537909383377658,4.180928692916833,3.255130595510011,2.722066778450667,1.6466984988683857,1.9681732283584437,1.7171698290813504,3.206412104163342,2.236573295278567,2.404924813559527,1.6803965688486042,3.423637880357662,2.736325727924104,3.432102459244705,2.908488906628257,3.2284248271237703,0,2217,Postgraduate,Alone
1550,3.419145302654756,1.124294945814186,2.7903481996436934,2.048889809545994,2.351962166989053,4.240378796984515,2.236019586258876,2.0838875989305468,2.16657905409441,2.236573295278567,2.404924813559527,2.7845387336497502,0.9586249556752676,3.570751229033044,2.7220698016493863,1.8274347021965225,3.506062131275245,1,2544,Graduate,Partner
1551,2.4992263150627347,2.4717676509840545,2.861507969022276,1.671939563932239,2.0710393896145747,1.6466984988683857,1.822075214958208,2.180392275206651,3.726328629197808,2.236573295278567,3.739929444462023,3.888680898450896,3.749671653962949,3.90452142947662,2.3770072016965216,3.449016008844124,3.0896061750480333,0,7725,Postgraduate,Partner
1552,3.417658414706329,1.5389019320202992,3.602755566715847,1.898109711300492,2.392093992328264,1.8658827494134105,2.1386209106587186,2.7594203328632774,6.845827779404605,2.236573295278567,5.074934075364517,4.992823063252041,2.8555487293787536,3.3204235787003618,3.017363757378281,1.8274347021965225,2.5343315667450845,0,8091,Postgraduate,Partner
1553,3.766937686841354,1.435250185468771,4.412197943397226,2.2247999241657466,2.1022530315450725,2.724354397381425,3.331754686760644,2.354100692503639,1.646662529059944,2.236573295278567,1.0699201826570324,0.5762544040474584,3.463157125643152,4.238291629920196,3.5084143803881265,5.070597315491726,4.061336739578193,1,7321,Postgraduate,Alone
1554,1.7316668769360253,3.819240356153923,1.530227283564623,1.6970695803064892,1.651884769405036,1.6466984988683857,1.675977201557972,1.5820632822948042,2.6864955791288763,12.555767160837409,3.739929444462023,3.888680898450896,3.5668951445175607,3.570751229033044,1.4164723681738831,1.8274347021965225,1.2849636980634502,2,5462,Graduate,Partner
1555,4.13113230370903,1.6425536785718275,4.856946502013369,4.687541528842281,5.669526395030509,3.3636417948044146,5.182329523163629,3.338448390519903,1.646662529059944,2.236573295278567,1.0699201826570324,0.5762544040474584,1.2599592009771234,0.4833768749299649,5.51574969742162,4.800333764383792,2.950787522972296,1,7791,Postgraduate,Alone
1556,1.181657731763445,2.057160664777941,1.450172543013717,1.7724596294292403,1.692016594744247,1.7745559783529834,1.675977201557972,1.6978688938261293,1.646662529059944,2.236573295278567,2.404924813559527,2.7845387336497502,1.793469012331229,0.900589625484435,1.4131544585589515,1.8274347021965225,1.1461450459877132,2,955,Postgraduate,Partner
1557,1.871806066075208,2.575419397535583,2.1528752656272223,2.048889809545994,2.0710393896145747,1.7197599157167271,2.0412222350585614,2.450605368779744,4.246245154232274,2.236573295278567,2.404924813559527,2.7845387336497502,3.9522077860510816,1.6515725764824811,2.0501931046257797,3.449016008844124,2.5343315667450845,0,4037,Graduate,Partner
1558,1.6946340739705317,1.2970478567333998,2.120260371328705,1.671939563932239,1.692016594744247,1.6466984988683857,1.675977201557972,1.7171698290813504,3.206412104163342,2.236573295278567,2.404924813559527,2.7845387336497502,2.845668918057381,3.0700959283676794,1.771488696971542,1.8274347021965225,2.1178756105178733,2,6642,Postgraduate,Partner
1559,2.0199837431855703,0.7787891239757581,1.533192273955397,1.74732961305499,1.8882166297359464,1.82935204098924,1.8707745527582864,1.9487810521440008,1.646662529059944,2.236573295278567,3.739929444462023,3.888680898450896,1.0722427858710493,1.234359825928011,1.5707551652681928,3.449016008844124,1.5626010022149246,2,2793,Graduate,Partner
1560,3.70997129231727,3.7155886096023942,5.141585579527701,1.671939563932239,3.662935128069951,2.486904792624314,2.528215613059347,1.4855586060186998,1.646662529059944,2.236573295278567,1.0699201826570324,1.6803965688486042,0.8944061820863476,4.154849079809302,4.309689552394058,4.259806662167925,2.950787522972296,1,5424,Postgraduate,Partner
1561,1.5428785727342684,3.093678130293225,1.530227283564623,1.7724596294292403,1.8837575380315892,1.7014945615046415,1.9194738905583648,1.871577311123117,1.646662529059944,2.236573295278567,1.0699201826570324,1.6803965688486042,2.430716842559744,0.399934324819071,1.554165617193536,1.8274347021965225,1.5626010022149246,2,879,Graduate,Partner
1562,2.7299262733107588,3.4391839521316525,2.1854901599257395,2.752530268025004,2.1869757739278515,2.322516604715546,2.016872566158522,1.9487810521440008,1.646662529059944,2.236573295278567,2.404924813559527,1.6803965688486042,3.166762786001982,1.735015126593375,2.1679788959558435,1.8274347021965225,2.811968870896559,2,9530,Postgraduate,Alone
1563,1.528846067720995,1.711654842939513,1.4531375334044911,1.6970695803064892,1.6117529440658247,1.6466984988683857,1.675977201557972,1.5048595412739207,1.646662529059944,2.236573295278567,5.074934075364517,4.992823063252041,1.363697219851533,3.403866128811256,1.3517731306827208,1.8274347021965225,1.007326393911976,2,4828,Graduate,Partner
1564,3.548225762677517,2.4717676509840545,2.5205340740832334,2.47610008790825,4.438817084628034,1.884148103625496,2.723012964259661,1.6785679585709086,1.646662529059944,2.236573295278567,1.0699201826570324,1.6803965688486042,1.576113163261038,4.154849079809302,3.1600338708203304,1.8274347021965225,2.811968870896559,1,10699,Postgraduate,Partner
1565,3.751139502389324,3.335532205580124,2.1854901599257395,2.853050333522005,4.144517032140485,2.596496917896827,2.455166606359229,1.775072634847013,1.646662529059944,2.236573295278567,1.0699201826570324,0.5762544040474584,1.6205723142072133,3.90452142947662,2.942710791042324,1.8274347021965225,2.5343315667450845,1,1497,Graduate,Alone
1566,2.0525094170573963,3.4046333699478097,1.5272622931738482,1.8729796949262416,1.6340484025876088,1.6832292072925563,1.9194738905583648,1.5434614117843624,2.16657905409441,2.236573295278567,2.404924813559527,2.7845387336497502,0.9191057103897784,2.569440627702316,1.4363798258634717,1.8274347021965225,1.4237823501391875,2,7476,Postgraduate,Partner
1567,3.700074194410557,1.262497274549557,1.9127110439745048,2.249929940539997,3.4801123681913224,2.139863062594692,3.2587056800605256,2.952429685415486,1.646662529059944,2.236573295278567,1.0699201826570324,0.5762544040474584,1.2006803330488895,0.817147075373541,2.617555648779048,3.449016008844124,4.20015539165393,1,4390,Graduate,Alone
1568,1.5858589274934674,1.91895833604257,1.473892466139911,1.671939563932239,1.625130219178895,1.7197599157167271,1.7246765393580508,1.871577311123117,2.16657905409441,2.236573295278567,3.739929444462023,2.7845387336497502,0.7906681632119381,1.9853427769260568,1.4081775941365544,4.259806662167925,1.1461450459877132,2,10478,Postgraduate,Alone
1569,1.798762695608764,2.437217068800212,1.5628421778631396,1.9734997604232432,1.821330254170594,2.103332354170521,2.211669917358837,1.736470764336571,3.206412104163342,2.236573295278567,3.739929444462023,3.888680898450896,3.942327974729709,3.737636329254832,1.607252171032438,3.449016008844124,1.7014196542906617,0,1081,Postgraduate,Partner
1570,2.776391521699082,1.9880595004102557,1.5717371490354626,3.129480513638759,1.892675721440303,1.938944166261752,3.283055348960565,2.3154988219931973,1.646662529059944,2.236573295278567,1.0699201826570324,1.6803965688486042,0.5980118424451779,2.6528831778132096,1.8229162960029788,1.8274347021965225,2.1178756105178733,2,4261,Graduate,Partner
1571,1.5444119259310831,1.0206431992626577,1.897886092020634,1.8227196621777408,1.7901166122400969,1.7928213325650688,1.7246765393580508,1.5241604765291417,4.76616167926674,2.236573295278567,2.404924813559527,2.7845387336497502,2.7863900501291474,1.4012449261497992,1.6935178210206543,1.8274347021965225,1.979056958442136,2,9916,Graduate,Partner
1572,3.4414021566327624,1.7807560073071989,3.665020364922107,5.692742183812294,4.376389800767038,2.7974158142297667,2.455166606359229,2.4120034982693017,1.646662529059944,2.236573295278567,1.0699201826570324,1.6803965688486042,1.5118943896721178,0.817147075373541,4.1172507947280375,2.097698253304456,3.922518087502456,1,5350,Graduate,Partner
1573,1.3831310487752138,1.4006996032849282,1.7496365724819196,1.6970695803064892,1.7143120532660312,1.884148103625496,1.7003268704580117,1.5627623470395833,2.16657905409441,2.236573295278567,2.404924813559527,2.7845387336497502,3.4038782577149176,2.9032108281458915,1.5840268037279184,1.8274347021965225,1.7014196542906617,2,8135,Postgraduate,Partner
1574,3.370496187592181,3.508285116499338,2.0194506980423794,3.3305206446327618,2.994071372416432,3.418437857440671,5.912819590164808,2.2768969514827555,1.646662529059944,2.236573295278567,1.0699201826570324,1.6803965688486042,3.0580848614668863,3.4873086789221497,2.806676496830137,1.8274347021965225,2.2566942625936104,1,8685,Graduate,Partner
1575,0.5573041891695472,2.126261829145627,1.4353475910598457,1.8478496785519916,1.6117529440658247,1.6832292072925563,2.0412222350585614,2.006683857909663,1.646662529059944,2.236573295278567,2.404924813559527,2.7845387336497502,3.883049106801475,0.7337045252626471,1.423108187403746,2.6382253555203232,1.1461450459877132,2,4967,Undergraduate,Partner
1576,2.017195828282271,3.197329876844753,2.028345669214702,1.7975896458034906,1.919430271666444,1.847617395201325,1.7977255460581685,1.755771699591792,2.6864955791288763,2.236573295278567,2.404924813559527,2.7845387336497502,2.104683068954457,2.6528831778132096,1.8428237536925671,1.8274347021965225,2.2566942625936104,2,2130,Postgraduate,Partner
1577,2.362246762813958,2.5063182331678973,1.6814417934941113,1.671939563932239,1.6028347606571112,1.6466984988683857,1.675977201557972,1.620665152805246,1.646662529059944,2.236573295278567,2.404924813559527,1.6803965688486042,1.0080240122821291,2.485998077591421,1.4844895152799764,1.8274347021965225,1.4237823501391875,2,9298,Postgraduate,Alone
1578,2.1700200302314654,0.7442385417919153,2.384144516107616,1.74732961305499,1.8124120707618805,1.7197599157167271,1.74902620825809,2.296197886737976,3.726328629197808,2.236573295278567,2.404924813559527,1.6803965688486042,3.6459336350885394,1.9853427769260568,2.030285646936191,3.449016008844124,2.5343315667450845,0,8175,Postgraduate,Alone
1579,0.7162153386576122,3.957442684889294,1.482787437312234,1.7221995966807395,1.67418022792682,1.6466984988683857,1.7246765393580508,1.601364217550025,3.726328629197808,2.236573295278567,3.739929444462023,3.888680898450896,1.2500793896557512,3.0700959283676794,1.404859684521623,1.8274347021965225,1.5626010022149246,2,6257,Postgraduate,Partner
1580,1.5973823090937715,2.9900263837416965,1.847481255377471,1.8729796949262416,2.164680315406068,1.7014945615046415,1.943823559458404,2.392702563014081,2.6864955791288763,2.236573295278567,2.404924813559527,1.6803965688486042,1.857687785920149,1.0674747257062231,1.8892744883016064,2.6382253555203232,2.2566942625936104,2,3790,Graduate,Alone
1581,3.4716510333335604,0.7096879596080725,3.6205455090604928,4.360851315977026,2.967316822190291,4.203848088560344,3.623950713561115,2.1610913399514304,1.646662529059944,2.236573295278567,2.404924813559527,2.7845387336497502,3.744731748302263,2.1522278771478454,3.666015087097368,1.8274347021965225,3.367243479199508,1,9952,Graduate,Partner
1582,1.623170521949291,2.0226100825940985,1.482787437312234,1.671939563932239,1.6162120357701817,1.7014945615046415,1.74902620825809,1.5820632822948042,1.646662529059944,2.236573295278567,2.404924813559527,2.7845387336497502,0.909225899068406,1.8184576767042693,1.384952226832035,1.8274347021965225,1.2849636980634502,2,3503,Postgraduate,Partner
1583,2.4214434892606818,2.851824055006325,2.5501839779909763,1.671939563932239,1.981857555527439,1.9937402288980084,1.7733758771581294,2.894526879649823,3.206412104163342,2.236573295278567,2.404924813559527,2.7845387336497502,2.4010774085956266,2.6528831778132096,2.259221410366457,1.8274347021965225,2.811968870896559,0,5223,Postgraduate,Partner
1584,4.111988621373041,1.5389019320202992,4.640502203486847,4.385981332351276,4.483408001671602,6.267833114525996,5.352777205463904,3.5700596135825537,1.646662529059944,2.236573295278567,1.0699201826570324,1.6803965688486042,3.754611559623635,3.403866128811256,5.228750515730054,2.097698253304456,3.783699435426719,1,4608,Postgraduate,Partner
1585,3.2018273359425686,3.0245769659255397,4.441847847304969,1.9734997604232432,2.548162201980752,1.938944166261752,1.9681732283584437,2.701517527097615,1.646662529059944,2.236573295278567,1.0699201826570324,0.5762544040474584,2.529514955773467,3.4873086789221497,3.539934521729975,2.908488906628257,3.2284248271237703,1,1626,Postgraduate,Alone
1586,1.987876256549239,2.6099699797194256,1.4976123892661055,1.6970695803064892,1.6162120357701817,1.6466984988683857,1.675977201557972,1.5241604765291417,2.16657905409441,2.236573295278567,3.739929444462023,3.888680898450896,2.0849234463117123,3.0700959283676794,1.3799753624096378,1.8274347021965225,1.1461450459877132,2,4764,Graduate,Partner
1587,1.17956679558597,3.335532205580124,1.4649974949675884,1.6970695803064892,1.6830984113355334,1.6832292072925563,1.7246765393580508,1.5434614117843624,2.16657905409441,2.236573295278567,3.739929444462023,3.888680898450896,1.1759808047454587,2.986653378256785,1.3949059556768288,1.8274347021965225,1.2849636980634502,2,2471,Graduate,Partner
1588,2.432084031141608,3.093678130293225,1.533192273955397,1.671939563932239,1.607293852361468,1.6466984988683857,1.675977201557972,1.4855586060186998,1.646662529059944,2.236573295278567,3.739929444462023,3.888680898450896,2.2528802387750417,2.819768278034997,1.3915880460618977,1.8274347021965225,1.1461450459877132,2,5892,Postgraduate,Partner
1589,3.258375543231158,2.679071144087111,3.0542323444226045,2.4509700715339995,3.471194184782609,1.6466984988683857,4.403140118362372,2.025984793164884,3.206412104163342,2.236573295278567,2.404924813559527,2.7845387336497502,3.201342125626785,1.6515725764824811,3.2197562438890954,1.8274347021965225,3.506062131275245,1,2612,Graduate,Partner
1590,2.30095910018976,1.6080030963879848,2.443444323923102,2.47610008790825,2.615048577546104,2.2677205420792896,2.455166606359229,2.257596016227535,3.726328629197808,2.236573295278567,2.404924813559527,1.6803965688486042,2.8407290123966957,0.5668194250408589,2.50474672187138,2.6382253555203232,3.2284248271237703,0,4971,Undergraduate,Alone
1591,2.7276030108913427,2.7481723084547967,2.51163910291091,1.74732961305499,1.6563438611093928,1.7197599157167271,1.74902620825809,1.6978688938261293,3.726328629197808,2.236573295278567,2.404924813559527,2.7845387336497502,1.1414014651206557,1.9853427769260568,1.99212968636448,1.8274347021965225,2.5343315667450845,2,5185,Postgraduate,Partner
1592,2.9642969861814605,1.4006996032849282,2.606518795415688,2.1494098750429957,1.89713481314466,1.8658827494134105,1.675977201557972,1.6592670233156877,1.646662529059944,2.236573295278567,2.404924813559527,2.7845387336497502,0.9783845783180124,2.736325727924104,2.166319941148378,1.8274347021965225,2.811968870896559,2,10069,Postgraduate,Partner
1593,3.1096867483885235,3.9228921027054513,2.7814532284713707,2.1494098750429957,5.299421783568896,3.016600064774792,4.549238131762608,2.218994145717093,1.646662529059944,2.236573295278567,1.0699201826570324,0.5762544040474584,3.986787125675885,0.7337045252626471,3.878361302452977,1.8274347021965225,3.367243479199508,1,2262,Graduate,Alone
1594,0.4954589435646892,1.9535089182264127,1.4442425622321684,1.8227196621777408,1.6563438611093928,1.847617395201325,1.846424883858247,1.736470764336571,1.646662529059944,2.236573295278567,1.0699201826570324,1.6803965688486042,3.41375806903629,1.5681300263715872,1.42144923259628,1.8274347021965225,1.2849636980634502,2,1131,Undergraduate,Partner
1595,2.917041828570536,1.2970478567333998,3.908149576965599,6.320992593168553,4.153435215549199,2.0850669999584355,2.284718924058954,2.971730620670707,1.646662529059944,2.236573295278567,1.0699201826570324,0.5762544040474584,2.1491422199006327,0.5668194250408589,4.183608987026665,4.259806662167925,3.0896061750480333,1,1041,Graduate,Alone
1596,1.497342629313712,3.819240356153923,1.7259166493557254,1.7221995966807395,2.160221223701711,2.06680164574635,1.846424883858247,1.6785679585709086,3.206412104163342,2.236573295278567,2.404924813559527,1.6803965688486042,2.188661465186122,1.8184576767042693,1.7748066065864734,1.8274347021965225,2.1178756105178733,2,24,Graduate,Alone
1597,1.376440053007295,1.4698007676526137,1.45906751418604,1.671939563932239,1.6340484025876088,1.7014945615046415,1.7003268704580117,1.620665152805246,2.16657905409441,2.236573295278567,3.739929444462023,3.888680898450896,1.487194861368687,1.6515725764824811,1.378316407602172,3.449016008844124,1.1461450459877132,2,3409,Graduate,Partner
1598,2.495369699446504,1.3661490211010854,2.1350853232825764,4.561891446971028,2.548162201980752,4.733543360710821,3.356104355660683,2.952429685415486,2.6864955791288763,2.236573295278567,2.404924813559527,2.7845387336497502,1.9070868425270109,1.0674747257062231,2.79008694875548,1.8274347021965225,3.506062131275245,1,7022,Graduate,Partner
1599,1.2373230993326558,1.8498571716748844,1.4472075526229429,1.671939563932239,1.6117529440658247,1.6832292072925563,1.7003268704580117,1.5241604765291417,1.646662529059944,2.236573295278567,2.404924813559527,2.7845387336497502,1.7984089179919152,1.1509172758171171,1.3534320854901865,1.8274347021965225,1.007326393911976,2,7943,Graduate,Partner
1600,2.57278080326145,0.951542034894972,1.897886092020634,1.9483697440489929,2.030907564275364,1.9206788120496667,1.943823559458404,1.8136745053574548,2.16657905409441,2.236573295278567,2.404924813559527,1.6803965688486042,0.7956080688726244,0.817147075373541,1.8428237536925671,1.8274347021965225,2.2566942625936104,2,5272,Graduate,Alone
1601,3.132175928608472,1.435250185468771,1.6844067838848855,1.9734997604232432,1.9238893633708003,2.249455187867204,2.0412222350585614,1.601364217550025,1.646662529059944,2.236573295278567,2.404924813559527,2.7845387336497502,1.343937597208788,2.6528831778132096,1.703471549865449,1.8274347021965225,1.979056958442136,2,5453,Graduate,Partner
1602,2.381018723162841,3.819240356153923,3.967449384781084,1.671939563932239,1.9283484550751573,1.8658827494134105,1.8951242216583255,5.326444721807652,4.76616167926674,2.236573295278567,2.404924813559527,2.7845387336497502,3.54219561621413,3.403866128811256,3.2380047467712183,1.8274347021965225,3.922518087502456,0,2565,Postgraduate,Partner
1603,2.322658371187107,2.54086881535174,1.719986668574177,1.6970695803064892,1.6652620445181063,1.6466984988683857,1.7003268704580117,1.5820632822948042,1.646662529059944,2.236573295278567,2.404924813559527,2.7845387336497502,2.134322502918574,2.6528831778132096,1.5292812950815504,2.908488906628257,1.5626010022149246,2,800,Postgraduate,Partner
1604,0.792836533249957,1.124294945814186,1.4412775718413942,2.0740198259202445,1.6786393196311766,1.6466984988683857,2.08992157285864,1.871577311123117,2.6864955791288763,2.236573295278567,2.404924813559527,2.7845387336497502,3.221101748269529,2.1522278771478454,1.454628328745594,1.8274347021965225,1.4237823501391875,2,11092,Graduate,Partner
1605,3.0171744388473725,3.335532205580124,2.609483785806462,4.084421135860272,3.5826714773915285,5.665076425527177,4.013545415961744,2.103188534185768,1.646662529059944,2.236573295278567,1.0699201826570324,1.6803965688486042,3.7595514652843214,1.234359825928011,3.465281555394019,1.8274347021965225,3.0896061750480333,1,5062,Undergraduate,Partner
1606,2.2737304646342027,2.851824055006325,2.357459602590648,1.8729796949262416,2.053203022797148,1.756290624140898,1.7733758771581294,3.9174764481765294,5.805994729335672,2.236573295278567,3.739929444462023,2.7845387336497502,3.201342125626785,3.1535384784785734,2.2575624555589915,1.8274347021965225,2.6731502188208216,0,8969,Graduate,Alone
1607,2.4479751460904144,2.3335653222486834,1.752601562872694,2.124279858668745,1.6608029528137496,2.0850669999584355,2.3090685929589934,1.8329754406126757,3.206412104163342,2.236573295278567,3.739929444462023,3.888680898450896,3.166762786001982,2.819768278034997,1.6769282729459971,1.8274347021965225,1.840238306366399,0,4656,Graduate,Partner
1608,2.4542479546228377,0.9169914527111293,2.0698555346855425,1.7221995966807395,1.6162120357701817,1.6466984988683857,1.675977201557972,1.6592670233156877,2.16657905409441,2.236573295278567,2.404924813559527,2.7845387336497502,1.1710408990847725,3.737636329254832,1.7134252787102429,1.8274347021965225,1.979056958442136,2,4480,Postgraduate,Partner
1609,2.1086394371104906,1.8498571716748844,3.193586892788996,3.4561707265040136,2.2716985163106305,3.838541004318635,4.403140118362372,2.2768969514827555,4.246245154232274,2.236573295278567,2.404924813559527,1.6803965688486042,3.843529861515986,2.1522278771478454,3.138467458323276,1.8274347021965225,2.6731502188208216,1,9971,Postgraduate,Alone
1610,1.8248296999546127,1.0206431992626577,1.794111428343534,5.014231741707535,2.222648507562706,2.94353864792645,2.7473626331597005,3.1840409084781367,1.646662529059944,2.236573295278567,1.0699201826570324,0.5762544040474584,2.904947785985615,2.819768278034997,2.3239206478576198,1.8274347021965225,2.811968870896559,1,6729,Postgraduate,Alone
1611,0.8230854099507554,0.9169914527111293,1.4768574565306856,1.671939563932239,1.692016594744247,1.7014945615046415,1.7246765393580508,1.6785679585709086,2.6864955791288763,2.236573295278567,2.404924813559527,2.7845387336497502,1.215500050030948,1.234359825928011,1.4164723681738831,3.449016008844124,1.5626010022149246,2,1773,Graduate,Partner
1612,1.6063501020327178,2.4717676509840545,1.462032504576814,1.9734997604232432,1.7455256951965286,1.7014945615046415,1.7977255460581685,1.7171698290813504,1.646662529059944,2.236573295278567,2.404924813559527,2.7845387336497502,1.8082887293132877,1.735015126593375,1.4562872835530598,1.8274347021965225,1.4237823501391875,2,9242,Undergraduate,Partner
1613,3.3143197022906987,1.8844077538587272,2.645063670495753,4.4865013978482775,3.462276001373896,1.6466984988683857,3.6726500513611935,2.8559250091393817,1.646662529059944,2.236573295278567,2.404924813559527,2.7845387336497502,2.079983540651026,4.154849079809302,3.143444322745673,1.8274347021965225,4.061336739578193,1,1764,Postgraduate,Partner
1614,1.9051216491696357,2.851824055006325,1.900851082411408,1.7221995966807395,1.8168711624662373,1.756290624140898,1.7246765393580508,1.9487810521440008,2.6864955791288763,2.236573295278567,2.404924813559527,2.7845387336497502,1.828048351956032,2.3191129773696333,1.7316737815923653,1.8274347021965225,1.979056958442136,2,6215,Postgraduate,Partner
1615,2.3754893586046304,2.126261829145627,1.7407416013095969,1.671939563932239,1.6340484025876088,1.6466984988683857,1.7003268704580117,1.4855586060186998,2.16657905409441,2.236573295278567,3.739929444462023,3.888680898450896,1.0673028802103632,3.1535384784785734,1.5193275662367562,1.8274347021965225,1.5626010022149246,2,10099,Postgraduate,Partner
1616,0.9778611523322596,2.0226100825940985,1.4442425622321684,1.6970695803064892,1.625130219178895,1.6466984988683857,1.675977201557972,1.5048595412739207,1.646662529059944,2.236573295278567,2.404924813559527,2.7845387336497502,2.440596653881116,1.5681300263715872,1.3517731306827208,1.8274347021965225,1.007326393911976,2,5423,Graduate,Partner
1617,2.088659380303512,2.437217068800212,2.22700002539658,2.048889809545994,1.89713481314466,1.9206788120496667,2.1386209106587186,2.218994145717093,2.16657905409441,2.236573295278567,3.739929444462023,3.888680898450896,1.892267125544952,4.071406529698407,2.0319446017436564,1.8274347021965225,2.5343315667450845,0,940,Postgraduate,Partner
1618,2.6992127441260774,1.0206431992626577,3.2943965660753216,1.671939563932239,1.9015939048490165,1.6466984988683857,1.675977201557972,2.1610913399514304,4.246245154232274,2.236573295278567,2.404924813559527,2.7845387336497502,2.776510238807775,3.4873086789221497,2.5445616372505566,1.8274347021965225,3.367243479199508,0,3011,Postgraduate,Partner
1619,2.242970470201133,1.3661490211010854,2.742908353391305,1.7975896458034906,1.9060529965533728,2.0302709373221792,2.0655719039586007,3.068235296946811,2.16657905409441,2.236573295278567,2.404924813559527,1.6803965688486042,2.450476465202488,3.570751229033044,2.38530197573385,1.8274347021965225,2.950787522972296,0,3298,Graduate,Alone
1620,3.1607985216156798,1.435250185468771,2.0728205250763168,3.606950824749516,3.252698691269126,3.6741528164098662,2.236019586258876,3.2805455847542406,1.646662529059944,2.236573295278567,1.0699201826570324,1.6803965688486042,1.9219065595090687,4.32173418003109,2.8099944064450684,1.8274347021965225,3.506062131275245,1,8286,Graduate,Partner
1621,1.9677103387487067,1.2279466923657143,1.5005773796568798,1.6970695803064892,1.6340484025876088,1.6832292072925563,1.675977201557972,1.5627623470395833,2.16657905409441,2.236573295278567,3.739929444462023,3.888680898450896,0.6375310877306672,2.3191129773696333,1.3949059556768288,1.8274347021965225,1.2849636980634502,2,9668,Graduate,Partner
1622,1.339593111035355,0.8478902883434436,1.4561025237952654,1.6970695803064892,1.6117529440658247,1.7197599157167271,1.7977255460581685,1.620665152805246,1.646662529059944,2.236573295278567,2.404924813559527,2.7845387336497502,2.4010774085956266,1.735015126593375,1.378316407602172,1.8274347021965225,1.1461450459877132,2,5120,Postgraduate,Partner
1623,1.5888327033903202,2.575419397535583,1.4531375334044911,1.671939563932239,1.651884769405036,1.6832292072925563,1.74902620825809,1.620665152805246,1.646662529059944,2.236573295278567,3.739929444462023,3.888680898450896,1.0722427858710493,2.3191129773696333,1.3832932720245692,1.8274347021965225,1.1461450459877132,2,6097,Postgraduate,Partner
1624,2.899896151915245,3.093678130293225,5.755338590417978,1.671939563932239,1.8614620795098051,1.6466984988683857,2.0412222350585614,5.635259685891187,3.726328629197808,2.236573295278567,3.739929444462023,2.7845387336497502,1.9663657104552448,2.736325727924104,4.230059721635705,6.151651519923461,2.3955129146693475,0,7019,Postgraduate,Alone
1625,2.539604615912188,2.402666486616369,2.1113654001563824,2.8781803498962555,2.5437031102763954,1.884148103625496,2.455166606359229,2.933128750160265,5.286078204301206,2.236573295278567,3.739929444462023,3.888680898450896,3.601474484142364,1.317802376038905,2.3421691507397417,1.8274347021965225,2.950787522972296,0,7408,Graduate,Partner
1626,1.0623814391506194,3.888341520521609,1.4323826006690714,1.74732961305499,1.6162120357701817,1.82935204098924,1.675977201557972,1.6592670233156877,1.646662529059944,2.236573295278567,2.404924813559527,2.7845387336497502,1.581053068921724,1.4846874762606932,1.3749984979872405,1.8274347021965225,1.1461450459877132,2,8041,Undergraduate,Partner
1627,3.440472851664996,1.573452514204142,2.4375143431415536,2.1996699077914963,2.1869757739278515,6.359159885586424,2.016872566158522,2.5664109803110686,1.646662529059944,2.236573295278567,2.404924813559527,2.7845387336497502,0.8746465594436028,1.317802376038905,2.692208615115004,1.8274347021965225,3.367243479199508,1,252,Undergraduate,Partner
1628,1.7423538840653396,0.6751373774242297,1.450172543013717,1.6970695803064892,1.6162120357701817,1.6466984988683857,1.74902620825809,1.5434614117843624,1.646662529059944,2.236573295278567,1.0699201826570324,0.5762544040474584,2.6381928803085626,3.0700959283676794,1.3600679047200492,1.8274347021965225,1.007326393911976,2,9986,Postgraduate,Alone
1629,2.6375533595147727,2.575419397535583,2.312984746729033,1.8478496785519916,1.892675721440303,1.7197599157167271,1.675977201557972,1.8522763758678964,2.16657905409441,2.236573295278567,2.404924813559527,2.7845387336497502,1.5711732576003516,1.9019002268151632,1.9838349123271517,1.8274347021965225,2.5343315667450845,2,3276,Postgraduate,Partner
1630,2.646381756708554,3.093678130293225,2.8496480074591792,2.551490137031001,2.3876349006239077,2.158128416806777,1.846424883858247,3.1261381027124737,1.646662529059944,2.236573295278567,1.0699201826570324,0.5762544040474584,0.6523508047127256,1.317802376038905,2.675619067040347,2.908488906628257,3.367243479199508,1,3859,Graduate,Alone
1631,2.5744535522034298,1.262497274549557,2.221070044615031,5.190141856327287,4.260453416453762,2.2677205420792896,1.9681732283584437,3.936777383431751,1.646662529059944,2.236573295278567,1.0699201826570324,0.5762544040474584,2.598673635023073,2.485998077591421,3.282796526572792,3.449016008844124,3.2284248271237703,1,3570,Graduate,Alone
1632,2.5472713818962607,2.2990147400648406,1.628071966460174,1.7724596294292403,1.7321484200834585,1.9572095204738376,1.7246765393580508,1.7943735701022336,2.6864955791288763,2.236573295278567,3.739929444462023,2.7845387336497502,0.849947031140172,3.90452142947662,1.5558245720010015,1.8274347021965225,1.5626010022149246,2,3783,Postgraduate,Alone
1633,0.962667016109278,3.6119368630508655,1.43831258145062,1.6970695803064892,1.625130219178895,2.06680164574635,1.7246765393580508,1.8329754406126757,2.6864955791288763,2.236573295278567,2.404924813559527,2.7845387336497502,1.1957404273882033,1.234359825928011,1.4181313229813486,1.8274347021965225,1.4237823501391875,2,10207,Graduate,Partner
1634,3.730416001608132,2.2990147400648406,4.335108193237096,2.6017501697795016,2.771116787198592,2.285985896291375,5.644973232264376,2.0838875989305468,1.646662529059944,2.236573295278567,1.0699201826570324,0.5762544040474584,3.937388069069023,2.986653378256785,3.8335695226514033,3.449016008844124,3.506062131275245,1,10906,Graduate,Alone
1635,1.5093306633978991,0.7096879596080725,1.5776671298170113,1.7724596294292403,1.7143120532660312,1.756290624140898,1.74902620825809,1.9873829226544424,2.6864955791288763,2.236573295278567,3.739929444462023,2.7845387336497502,3.848469767176672,2.819768278034997,1.5209865210442215,3.449016008844124,1.4237823501391875,2,3427,Graduate,Alone
1636,7.221443043519624,1.0897443636303432,1.4323826006690714,1.671939563932239,9.281390675559516,1.6832292072925563,1.7003268704580117,1.5048595412739207,1.126746004025478,2.236573295278567,1.0699201826570324,1.6803965688486042,2.6925318425761104,1.6515725764824811,4.196880625486391,1.8274347021965225,4.477792695805405,1,5209,Graduate,Partner
1637,1.097880888919298,2.6099699797194256,1.4857524277030083,1.671939563932239,1.6117529440658247,1.6466984988683857,1.675977201557972,1.6399660880604667,2.16657905409441,2.236573295278567,2.404924813559527,1.6803965688486042,2.2775797670784725,4.154849079809302,1.3799753624096378,1.8274347021965225,1.1461450459877132,2,10711,Postgraduate,Alone
1638,1.5711759090027573,3.300981623396281,1.5183673220015257,1.7975896458034906,1.692016594744247,1.7197599157167271,1.7003268704580117,1.5627623470395833,1.646662529059944,2.236573295278567,2.404924813559527,1.6803965688486042,1.1463413707813417,1.5681300263715872,1.438038780670937,1.8274347021965225,1.2849636980634502,2,10785,Postgraduate,Alone
1639,1.6218230297460297,0.640586795240387,2.0609605635132198,1.898109711300492,1.9283484550751573,1.7197599157167271,1.74902620825809,2.064586663675326,2.6864955791288763,2.236573295278567,2.404924813559527,2.7845387336497502,2.5492745784162114,3.570751229033044,1.882638669071744,1.8274347021965225,2.2566942625936104,2,2814,Postgraduate,Partner
1640,2.83159223678441,2.6099699797194256,3.027547430905636,2.425840055159749,1.999693922344866,3.107926835835219,2.796061970959779,2.218994145717093,1.646662529059944,2.236573295278567,2.404924813559527,2.7845387336497502,1.3142981632446713,3.570751229033044,2.695526524729935,1.8274347021965225,3.506062131275245,0,6866,Postgraduate,Partner
1641,2.258396932666056,1.4698007676526137,2.271474881258193,2.0740198259202445,2.3029121582411283,3.1809882526835604,2.0655719039586007,4.071883930218297,4.246245154232274,2.236573295278567,2.404924813559527,2.7845387336497502,2.2676999557571005,2.0687853270369514,2.478203444951929,1.8274347021965225,2.950787522972296,0,1665,Undergraduate,Partner
1642,3.268179710641094,2.54086881535174,4.403302972224903,2.5263601206567508,3.979530639079284,4.094255963287831,2.917810315459976,2.1417904046962093,1.646662529059944,2.236573295278567,1.0699201826570324,0.5762544040474584,0.6177714650879225,1.317802376038905,4.299735823549264,5.070597315491726,2.811968870896559,1,6575,Graduate,Alone
1643,2.276750705779444,2.7827228906386394,2.138050313673351,1.9986297767974932,2.227107599267063,2.468639438412229,1.7733758771581294,2.489207239290185,5.805994729335672,2.236573295278567,3.739929444462023,2.7845387336497502,2.677712125594052,3.236981028589468,2.149730393073721,1.8274347021965225,2.6731502188208216,0,3829,Postgraduate,Alone
1644,1.5419957330148906,3.7155886096023942,1.5806321202077855,2.249929940539997,1.955103005301298,2.249455187867204,1.675977201557972,2.296197886737976,3.206412104163342,2.236573295278567,3.739929444462023,3.888680898450896,2.613493352005132,2.4025555274805277,1.7101073690953117,1.8274347021965225,1.840238306366399,2,3091,Graduate,Partner
1645,2.934838018703264,3.300981623396281,2.991967546216345,2.275059956914247,2.615048577546104,2.231189833655119,2.260369255158915,2.740119397608056,2.16657905409441,2.236573295278567,2.404924813559527,1.6803965688486042,0.7412691066050765,1.735015126593375,2.823266044904794,1.8274347021965225,3.644880783350982,1,10141,Graduate,Alone
1646,1.9455928805158649,2.1953629935133123,1.4857524277030083,1.7975896458034906,1.6429665859963225,1.82935204098924,1.74902620825809,1.8522763758678964,2.6864955791288763,2.236573295278567,3.739929444462023,2.7845387336497502,1.427915993440453,2.569440627702316,1.4396977354784029,1.8274347021965225,1.4237823501391875,2,5177,Graduate,Alone
1647,1.4992477044976331,2.229913575697155,1.5480172259092684,1.7221995966807395,1.6563438611093928,1.7928213325650688,1.675977201557972,1.601364217550025,1.646662529059944,2.236573295278567,1.0699201826570324,0.5762544040474584,2.0256445783834787,0.6502619751517529,1.4446745999007995,1.8274347021965225,1.2849636980634502,2,7005,Postgraduate,Alone
1648,1.846668366697125,3.4046333699478097,1.4916824084845568,1.8729796949262416,1.6786393196311766,1.9206788120496667,1.74902620825809,1.6592670233156877,1.646662529059944,2.236573295278567,2.404924813559527,1.6803965688486042,2.440596653881116,0.984032175595329,1.4529693739381284,1.8274347021965225,1.2849636980634502,2,6409,Undergraduate,Alone
1649,2.858356219856084,2.713621726270954,3.1876569120074474,2.425840055159749,1.9952348306405088,2.1763937710188626,2.211669917358837,1.620665152805246,1.646662529059944,2.236573295278567,3.739929444462023,3.888680898450896,2.134322502918574,2.485998077591421,2.607601919934253,1.8274347021965225,3.506062131275245,0,7485,Postgraduate,Partner
1650,1.6263766240880853,3.093678130293225,1.4916824084845568,1.7975896458034906,1.6028347606571112,1.82935204098924,1.7003268704580117,1.620665152805246,2.6864955791288763,2.236573295278567,3.739929444462023,3.888680898450896,1.487194861368687,3.1535384784785734,1.404859684521623,1.8274347021965225,1.4237823501391875,2,8079,Postgraduate,Partner
1651,3.129620339947114,2.126261829145627,4.931071261782726,4.360851315977026,2.4768167347110435,2.3590473131397167,2.4064672685591506,2.064586663675326,2.16657905409441,2.236573295278567,2.404924813559527,2.7845387336497502,1.6847910877961334,2.2356704272587398,3.9579911332113302,1.8274347021965225,3.783699435426719,1,8395,Postgraduate,Partner
1652,3.533031626454536,3.991993267073137,4.4062679626156775,3.1546105300130094,2.771116787198592,3.747214233258208,3.11260766666029,2.006683857909663,2.16657905409441,2.236573295278567,2.404924813559527,2.7845387336497502,3.018565616181397,2.485998077591421,3.863430709185786,4.259806662167925,5.033067304108354,1,10352,Postgraduate,Partner
1653,1.681995526408908,2.3335653222486834,2.028345669214702,1.7221995966807395,1.7945757039444534,1.7014945615046415,1.7246765393580508,1.6785679585709086,2.16657905409441,2.236573295278567,1.0699201826570324,0.5762544040474584,2.2380605217929834,0.984032175595329,1.7665118325491451,4.800333764383792,2.1178756105178733,0,4931,Postgraduate,Alone
1654,3.9439702832008647,2.9209252193740105,2.751803324563628,4.360851315977026,5.014039914490061,2.249455187867204,6.448512305965673,2.508508174545406,1.646662529059944,2.236573295278567,1.0699201826570324,1.6803965688486042,2.0552840123475957,3.821078879365726,3.9861933649382473,1.8274347021965225,2.950787522972296,1,13,Graduate,Partner
1655,3.643386591376803,1.3315984389172426,4.939966232955049,4.235201234105775,4.590426202576165,2.596496917896827,2.6499639575595437,2.257596016227535,1.646662529059944,2.236573295278567,1.0699201826570324,1.6803965688486042,3.226041653930216,0.900589625484435,4.795763310981507,4.800333764383792,3.506062131275245,1,1834,Postgraduate,Partner
1656,3.2946184369740497,2.5063182331678973,2.585763862680268,2.2247999241657466,3.029744106051286,3.5462953369252688,2.528215613059347,3.550758678327333,1.646662529059944,2.236573295278567,1.0699201826570324,1.6803965688486042,2.519635144452095,3.4873086789221497,2.954323474694584,2.097698253304456,3.367243479199508,1,2285,Undergraduate,Partner
1657,3.126460703056708,2.7481723084547967,3.582000633980427,3.0038304317675077,3.208107774225558,3.893337066954892,4.281391773862175,4.59300918210926,3.206412104163342,2.236573295278567,2.404924813559527,2.7845387336497502,3.473036936964524,2.2356704272587398,3.870066528415649,1.8274347021965225,4.755429999956879,1,2295,Graduate,Partner
1658,0.8578878809936095,1.262497274549557,1.4531375334044911,1.8729796949262416,1.6875575030398902,2.0850669999584355,1.943823559458404,1.6592670233156877,1.646662529059944,2.236573295278567,1.0699201826570324,1.6803965688486042,3.4433975030004067,0.4833768749299649,1.4629231027829226,1.8274347021965225,1.4237823501391875,2,1378,Undergraduate,Partner
1659,1.200801414099434,2.1953629935133123,1.5776671298170113,2.048889809545994,2.079957573023288,2.3590473131397167,2.0412222350585614,1.775072634847013,3.206412104163342,2.236573295278567,2.404924813559527,2.7845387336497502,2.865428540700126,1.8184576767042693,1.7316737815923653,1.8274347021965225,1.979056958442136,2,2781,Graduate,Partner
1660,0.6566468902237821,1.5389019320202992,1.4323826006690714,1.6970695803064892,1.607293852361468,1.847617395201325,1.8951242216583255,1.6785679585709086,1.646662529059944,2.236573295278567,2.404924813559527,1.6803965688486042,2.4010774085956266,1.4846874762606932,1.3866111816395006,1.8274347021965225,1.1461450459877132,2,1165,Undergraduate,Alone
1661,2.2216893864392806,0.640586795240387,2.3426346506367763,1.671939563932239,1.914971179962087,1.6466984988683857,1.675977201557972,1.92948011688878,2.16657905409441,2.236573295278567,2.404924813559527,2.7845387336497502,3.067964672788259,1.735015126593375,1.9971065507868768,1.8274347021965225,2.5343315667450845,2,1404,Postgraduate,Partner
1662,1.463562393735401,1.6080030963879848,1.4946473988753313,1.7221995966807395,1.7276893283791015,1.7745559783529834,1.7733758771581294,1.5820632822948042,1.646662529059944,2.236573295278567,2.404924813559527,2.7845387336497502,1.363697219851533,1.4012449261497992,1.4446745999007995,1.8274347021965225,1.2849636980634502,2,6457,Graduate,Partner
1663,3.1926272167616805,2.3335653222486834,3.475260979912553,4.612151479719529,3.814544246018082,3.034865418986877,4.15964342936198,3.1840409084781367,1.646662529059944,2.236573295278567,1.0699201826570324,1.6803965688486042,1.892267125544952,1.5681300263715872,3.9347657659068105,2.097698253304456,3.644880783350982,1,2639,Graduate,Partner
1664,1.69607449667057,3.542835698683181,1.5569121970815911,1.7975896458034906,1.7143120532660312,1.7745559783529834,1.822075214958208,2.1224894694409886,3.206412104163342,2.236573295278567,3.739929444462023,3.888680898450896,1.3933366538156498,2.1522278771478454,1.5292812950815504,1.8274347021965225,1.5626010022149246,2,8299,Graduate,Partner
1665,0.96759233243844,1.9535089182264127,1.5094723508292027,1.671939563932239,1.6340484025876088,1.6466984988683857,1.675977201557972,1.5627623470395833,3.206412104163342,2.236573295278567,3.739929444462023,3.888680898450896,3.5668951445175607,3.4873086789221497,1.3949059556768288,1.8274347021965225,1.4237823501391875,2,6437,Postgraduate,Partner
1666,1.0132212063557735,2.4717676509840545,1.4472075526229429,1.671939563932239,1.6028347606571112,1.6466984988683857,1.675977201557972,1.5048595412739207,1.646662529059944,2.236573295278567,2.404924813559527,2.7845387336497502,0.7116296726409597,1.1509172758171171,1.3434783566453925,1.8274347021965225,1.007326393911976,2,6912,Postgraduate,Partner
1667,2.2156024389004103,3.681038027418552,2.0372406403870253,1.8478496785519916,1.7722802454226694,1.7014945615046415,1.7246765393580508,2.37340162775886,2.16657905409441,2.236573295278567,2.404924813559527,2.7845387336497502,1.8082887293132877,3.737636329254832,1.831211070040307,1.8274347021965225,2.1178756105178733,2,7327,Graduate,Partner
1668,1.8818890249754736,4.061094431440822,1.5005773796568798,1.671939563932239,1.625130219178895,1.6466984988683857,1.7003268704580117,1.5627623470395833,1.646662529059944,2.236573295278567,3.739929444462023,3.888680898450896,1.062362974549677,2.3191129773696333,1.388270136446966,1.8274347021965225,1.1461450459877132,2,5299,Graduate,Partner
1669,3.5805655755557897,1.0551937814465004,3.4070662009247443,2.928440382644756,5.3796854342473175,2.0302709373221792,3.696999720261233,3.087536232202032,1.646662529059944,2.236573295278567,1.0699201826570324,0.5762544040474584,3.996666936997257,1.4012449261497992,4.236695540865568,3.449016008844124,2.6731502188208216,1,4127,Postgraduate,Alone
1670,2.5464814726736598,1.8498571716748844,3.478225970303327,1.8478496785519916,1.8614620795098051,1.82935204098924,1.675977201557972,2.37340162775886,3.206412104163342,2.236573295278567,2.404924813559527,2.7845387336497502,2.2726398614177867,2.4025555274805277,2.678936976655278,5.070597315491726,3.506062131275245,0,8143,Graduate,Partner
1671,2.630862363746854,0.8133397061596008,2.891157872930019,2.325319989662748,2.508030376641541,3.7654795874702938,3.623950713561115,3.0296334264363693,3.206412104163342,2.236573295278567,2.404924813559527,1.6803965688486042,3.260620993555019,2.1522278771478454,2.9875025708438976,1.8274347021965225,3.783699435426719,1,1964,Graduate,Alone
1672,3.693383198642638,3.300981623396281,2.891157872930019,3.4310407101297637,3.0342031977556427,4.313440213832856,2.6499639575595437,3.106837167457253,1.646662529059944,2.236573295278567,1.0699201826570324,0.5762544040474584,2.2923994840605317,0.6502619751517529,3.2462995208085466,1.8274347021965225,3.506062131275245,1,3690,Graduate,Alone
1673,2.2005941636709823,2.1953629935133123,2.8941228633207934,1.7975896458034906,1.955103005301298,1.7745559783529834,1.675977201557972,3.415652131540787,2.6864955791288763,2.236573295278567,2.404924813559527,1.6803965688486042,2.2923994840605317,3.821078879365726,2.4682497161071346,1.8274347021965225,3.0896061750480333,0,3433,Graduate,Alone
1674,2.7905634224575206,3.093678130293225,3.270676642949127,3.506430759252514,3.4355214511477543,3.071396127411048,2.8447613087598578,3.1261381027124737,1.646662529059944,2.236573295278567,1.0699201826570324,0.5762544040474584,2.356618257649451,0.817147075373541,3.5150501996179893,1.8274347021965225,3.0896061750480333,1,3389,Postgraduate,Alone
1675,0.7638422182556435,2.0226100825940985,1.4561025237952654,1.671939563932239,1.6117529440658247,1.6466984988683857,1.675977201557972,1.620665152805246,1.646662529059944,2.236573295278567,2.404924813559527,2.7845387336497502,3.0333853331634555,0.984032175595329,1.361726859527515,1.8274347021965225,1.007326393911976,2,4712,Postgraduate,Partner
1676,1.050393405066432,3.4737345343154957,1.4323826006690714,1.8227196621777408,1.5983756689527544,1.7928213325650688,1.7246765393580508,1.7171698290813504,1.646662529059944,2.236573295278567,2.404924813559527,1.6803965688486042,3.90280872944422,1.317802376038905,1.378316407602172,1.8274347021965225,1.007326393911976,2,1170,Undergraduate,Alone
1677,0.7663048764202245,3.059127548109382,1.4649974949675884,1.7724596294292403,1.67418022792682,1.8658827494134105,1.822075214958208,1.755771699591792,1.646662529059944,2.236573295278567,1.0699201826570324,1.6803965688486042,3.280380616197764,0.5668194250408589,1.438038780670937,1.8274347021965225,1.2849636980634502,2,6347,Graduate,Partner
1678,2.8160263785743216,3.646487445234709,2.149910275236448,4.9639717089590345,2.5570803853894657,3.199253606895646,1.822075214958208,1.9873829226544424,2.16657905409441,2.236573295278567,2.404924813559527,1.6803965688486042,2.573974106719642,3.737636329254832,2.5014288122564485,1.8274347021965225,3.2284248271237703,1,4065,Graduate,Alone
1679,1.872688905794586,3.9228921027054513,1.462032504576814,1.6970695803064892,1.607293852361468,1.6832292072925563,1.675977201557972,1.620665152805246,1.646662529059944,2.236573295278567,3.739929444462023,3.888680898450896,3.789190899248438,2.1522278771478454,1.3683626787573775,1.8274347021965225,1.007326393911976,2,8230,Undergraduate,Partner
1680,3.942576325749215,3.128228712477068,3.006792498170216,2.1996699077914963,2.155762131997354,2.1215977083826063,2.162970579558758,1.871577311123117,1.126746004025478,2.236573295278567,1.0699201826570324,1.6803965688486042,2.993866087877966,1.1509172758171171,2.5644690949401454,3.1787524577361905,2.1178756105178733,1,1215,Postgraduate,Partner
1681,1.8449956177551452,0.8133397061596008,1.5154023316107512,1.671939563932239,1.5983756689527544,1.6466984988683857,1.675977201557972,1.5048595412739207,1.646662529059944,2.236573295278567,3.739929444462023,2.7845387336497502,3.77437118226638,3.3204235787003618,1.3799753624096378,1.8274347021965225,1.1461450459877132,2,5939,Postgraduate,Alone
1682,3.3443362527495557,3.6119368630508655,3.2439917294321585,3.958771053989021,3.908185171809575,6.359159885586424,4.281391773862175,3.550758678327333,2.16657905409441,2.236573295278567,3.739929444462023,2.7845387336497502,1.1611610877634002,3.821078879365726,4.138817207225092,1.8274347021965225,3.783699435426719,1,2156,Postgraduate,Alone
1683,2.756969047872763,3.4046333699478097,2.576868891507945,4.838321627087783,3.1144668484340654,1.6466984988683857,2.77171230205974,4.959726951958457,3.726328629197808,2.236573295278567,2.404924813559527,2.7845387336497502,3.883049106801475,1.735015126593375,3.118560000633688,1.8274347021965225,3.783699435426719,1,7788,Graduate,Partner
1684,1.7062968513160008,2.7827228906386394,1.5954570721616568,1.671939563932239,1.651884769405036,1.6466984988683857,1.675977201557972,1.5241604765291417,2.6864955791288763,2.236573295278567,3.739929444462023,3.888680898450896,1.0376634462462462,3.4873086789221497,1.4463335547082656,1.8274347021965225,1.4237823501391875,2,10323,Postgraduate,Partner
1685,0.7726241502010365,2.3335653222486834,1.4472075526229429,1.8729796949262416,1.67418022792682,1.938944166261752,1.7733758771581294,1.5627623470395833,2.6864955791288763,2.236573295278567,2.404924813559527,1.6803965688486042,1.6798511821354472,0.6502619751517529,1.42144923259628,1.8274347021965225,1.5626010022149246,2,7947,Graduate,Alone
1686,2.4757613646266314,3.577386280867024,3.1550420177089302,1.671939563932239,1.8792984463272324,1.6466984988683857,1.675977201557972,1.736470764336571,4.246245154232274,2.236573295278567,2.404924813559527,2.7845387336497502,1.0821225971924218,1.9853427769260568,2.421798981498095,1.8274347021965225,3.2284248271237703,0,1891,Postgraduate,Partner
1687,0.3713502651194782,0.8824408705272864,1.4472075526229429,2.0991498422944947,1.6608029528137496,1.756290624140898,2.0655719039586007,2.296197886737976,3.206412104163342,2.236573295278567,2.404924813559527,2.7845387336497502,3.724972125659518,1.9853427769260568,1.497761153739702,3.449016008844124,1.5626010022149246,2,2570,Undergraduate,Partner
1688,1.6934259775124354,0.8478902883434436,1.636966937632497,1.8227196621777408,1.89713481314466,1.6832292072925563,1.74902620825809,1.5434614117843624,2.6864955791288763,2.236573295278567,2.404924813559527,2.7845387336497502,1.9663657104552448,1.0674747257062231,1.580708894112987,1.8274347021965225,1.7014196542906617,2,9256,Postgraduate,Partner
1689,2.6450807297536807,1.5043513498364565,4.281738366203158,1.9734997604232432,2.454521276189259,1.938944166261752,2.260369255158915,1.7171698290813504,3.206412104163342,2.236573295278567,2.404924813559527,2.7845387336497502,3.784250993587752,3.403866128811256,3.3508136736788856,3.1787524577361905,4.477792695805405,0,295,Postgraduate,Partner
1690,2.341244470542436,2.54086881535174,1.7614965340450168,1.9232397276747424,2.066580297910218,2.194659125230948,1.675977201557972,1.871577311123117,2.16657905409441,2.236573295278567,2.404924813559527,2.7845387336497502,3.957147691711768,2.6528831778132096,1.7897371998536649,1.8274347021965225,2.1178756105178733,2,7397,Graduate,Partner
1691,2.931167264080586,3.4391839521316525,2.298159794775162,1.671939563932239,2.142384856884284,4.916196902831675,4.037895084861782,2.489207239290185,1.646662529059944,2.236573295278567,2.404924813559527,2.7845387336497502,1.4674352387259422,1.5681300263715872,2.5628101401326795,1.8274347021965225,3.2284248271237703,1,6349,Graduate,Partner
1692,2.439053818399856,4.02654384925698,2.0194506980423794,1.9734997604232432,1.7276893283791015,1.7014945615046415,1.9681732283584437,1.620665152805246,1.646662529059944,2.236573295278567,2.404924813559527,2.7845387336497502,1.180920710406145,1.9853427769260568,1.7648528777416792,1.8274347021965225,2.1178756105178733,2,10790,Postgraduate,Partner
1693,3.80002094369384,1.711654842939513,4.572307424499038,3.20487056276151,5.312799058681966,3.107926835835219,2.162970579558758,3.434953066796008,1.646662529059944,2.236573295278567,1.0699201826570324,1.6803965688486042,0.6474108990520395,0.900589625484435,4.905254328274243,6.421915071031394,3.506062131275245,1,10398,Graduate,Partner
1694,3.521601175351008,1.6771042607556703,4.216508577606124,2.7776602843992544,3.3552578004693325,1.6466984988683857,3.818748064761429,2.6050128508215105,1.646662529059944,2.236573295278567,2.404924813559527,2.7845387336497502,2.094803257633085,3.1535384784785734,3.858453844763389,5.881387968815528,3.644880783350982,1,2431,Postgraduate,Partner
1695,1.8318459524612496,4.02654384925698,1.5598771874723654,1.7221995966807395,1.6385074942919655,1.6832292072925563,1.74902620825809,1.620665152805246,1.646662529059944,2.236573295278567,2.404924813559527,2.7845387336497502,2.7913299557898337,1.5681300263715872,1.4413566902858683,1.8274347021965225,1.2849636980634502,2,550,Graduate,Partner
1696,3.6553281602126018,3.819240356153923,2.443444323923102,2.9535703990190063,5.763167320822003,5.427626820770067,2.528215613059347,1.9873829226544424,1.646662529059944,2.236573295278567,1.0699201826570324,1.6803965688486042,3.532315804892757,2.569440627702316,3.976239636093453,3.1787524577361905,4.061336739578193,1,1890,Graduate,Partner
1697,0.7906526665757059,2.057160664777941,1.4353475910598457,1.9232397276747424,1.6385074942919655,1.8658827494134105,1.8951242216583255,1.871577311123117,2.16657905409441,2.236573295278567,2.404924813559527,1.6803965688486042,0.7412691066050765,0.399934324819071,1.43306191624854,1.8274347021965225,1.4237823501391875,2,10742,Undergraduate,Alone
1698,1.555006002563621,2.9900263837416965,1.6517918895863684,1.9734997604232432,2.2181894158583493,2.4321087299880584,2.6256142886595044,5.094833498745002,4.246245154232274,2.236573295278567,2.404924813559527,2.7845387336497502,3.517496087910699,1.0674747257062231,2.1513893478811865,1.8274347021965225,2.2566942625936104,0,10356,Graduate,Partner
1699,2.7182170307169016,3.335532205580124,2.9712126134809247,2.174539891417246,3.225944141042985,2.3590473131397167,3.648300382461154,2.257596016227535,2.16657905409441,2.236573295278567,2.404924813559527,1.6803965688486042,2.588793823701701,3.403866128811256,3.096993588136634,1.8274347021965225,2.6731502188208216,1,4676,Graduate,Alone
1700,0.946868831657248,2.229913575697155,1.4442425622321684,1.74732961305499,1.6295893108832518,1.756290624140898,1.7246765393580508,1.601364217550025,2.16657905409441,2.236573295278567,3.739929444462023,3.888680898450896,0.845007125479486,1.6515725764824811,1.378316407602172,1.8274347021965225,1.2849636980634502,2,8852,Graduate,Partner
1701,1.9823004267426405,3.093678130293225,1.6873717742756598,1.7975896458034906,1.9060529965533728,1.7745559783529834,1.9681732283584437,2.045285728420105,3.726328629197808,2.236573295278567,3.739929444462023,3.888680898450896,2.0552840123475957,1.9019002268151632,1.6769282729459971,1.8274347021965225,1.840238306366399,2,3565,Graduate,Partner
1702,2.4949050469626206,0.8478902883434436,2.799243170816016,3.20487056276151,2.4099303591456915,1.82935204098924,2.9665096532600543,3.550758678327333,3.206412104163342,2.236573295278567,2.404924813559527,2.7845387336497502,3.458217219982465,1.735015126593375,2.7817921747181518,4.259806662167925,3.506062131275245,0,5294,Postgraduate,Partner
1703,0.7414924337808599,3.4737345343154957,1.4353475910598457,1.7221995966807395,1.5939165772483976,1.7014945615046415,1.7003268704580117,1.5241604765291417,1.646662529059944,12.555767160837409,2.404924813559527,2.7845387336497502,3.216161842608844,1.4846874762606932,1.345137311452858,1.8274347021965225,1.007326393911976,2,1958,Graduate,Partner
1704,4.217232408972594,3.093678130293225,4.332143202846321,2.7776602843992544,5.758708229117646,2.1763937710188626,2.284718924058954,1.910179181633559,1.646662529059944,2.236573295278567,1.0699201826570324,1.6803965688486042,2.682652031254738,1.1509172758171171,4.701202886955962,6.151651519923461,3.922518087502456,1,7349,Postgraduate,Partner
1705,4.114172488047292,1.746205425123356,3.516770845383393,4.913711676210534,5.393062709360388,3.838541004318635,3.477852700160879,3.627962419348216,1.646662529059944,2.236573295278567,1.0699201826570324,0.5762544040474584,1.5612934462789794,0.4833768749299649,4.629867830234938,6.151651519923461,3.0896061750480333,1,8799,Graduate,Alone
1706,3.756297144960428,1.6080030963879848,3.982274336734956,2.4509700715339995,4.077630656575133,2.7791504600176813,3.989195747061705,3.0103324911811487,1.126746004025478,2.236573295278567,1.0699201826570324,0.5762544040474584,1.0228437292641877,2.9032108281458915,4.1238866139579,3.1787524577361905,3.922518087502456,1,1351,Postgraduate,Alone
1707,1.7091312314676887,1.3315984389172426,1.9393959574914736,1.74732961305499,2.1022530315450725,1.938944166261752,1.675977201557972,1.8329754406126757,3.726328629197808,2.236573295278567,2.404924813559527,1.6803965688486042,1.338997691548102,1.234359825928011,1.8643901661896207,3.449016008844124,2.2566942625936104,2,1045,Postgraduate,Alone
1708,0.6934009016989455,0.9860926170788148,1.4442425622321684,1.8478496785519916,1.7276893283791015,1.9206788120496667,1.7733758771581294,1.620665152805246,2.6864955791288763,2.236573295278567,2.404924813559527,1.6803965688486042,0.9438052386932092,1.4846874762606932,1.4413566902858683,3.449016008844124,1.4237823501391875,2,7732,Postgraduate,Alone
1709,1.8983841881533283,0.8824408705272864,2.004625746088508,1.7221995966807395,1.8391666209880213,1.6466984988683857,1.675977201557972,1.4855586060186998,3.726328629197808,2.236573295278567,3.739929444462023,3.888680898450896,3.5915946728209915,3.4873086789221497,1.7449454200520909,3.449016008844124,2.1178756105178733,0,8070,Graduate,Partner
1710,1.012895949617055,2.9554758015578533,1.4561025237952654,1.8478496785519916,1.6474256777006793,1.7014945615046415,1.7246765393580508,1.871577311123117,1.646662529059944,2.236573295278567,2.404924813559527,1.6803965688486042,3.24580127657296,2.6528831778132096,1.4164723681738831,1.8274347021965225,1.1461450459877132,2,477,Undergraduate,Alone
1711,3.398979384854224,2.2990147400648406,2.9267377576193105,3.481300742878264,2.793412245720376,2.3042512505034605,2.3334182618590327,2.527809109800627,3.206412104163342,2.236573295278567,3.739929444462023,3.888680898450896,2.9494069369317906,2.986653378256785,2.926121242967667,1.8274347021965225,3.783699435426719,0,7832,Postgraduate,Partner
1712,3.223619537436692,2.7481723084547967,3.0097574885609903,1.9232397276747424,2.5570803853894657,5.263238632861299,5.912819590164808,5.2492409807867695,2.16657905409441,2.236573295278567,2.404924813559527,2.7845387336497502,3.0432651444848275,3.821078879365726,3.528321838077715,1.8274347021965225,4.20015539165393,1,2202,Graduate,Partner
1713,2.099299922184437,1.8844077538587272,1.5717371490354626,1.671939563932239,1.651884769405036,1.6466984988683857,1.675977201557972,1.601364217550025,2.16657905409441,2.236573295278567,3.739929444462023,3.888680898450896,1.0722427858710493,2.736325727924104,1.4396977354784029,1.8274347021965225,1.2849636980634502,2,7396,Postgraduate,Partner
1714,0.7880506126659597,3.300981623396281,1.4472075526229429,1.6970695803064892,1.6206711274745382,2.06680164574635,1.7733758771581294,1.8522763758678964,1.646662529059944,2.236573295278567,1.0699201826570324,1.6803965688486042,3.295200333179822,3.1535384784785734,1.4264260970186773,1.8274347021965225,1.1461450459877132,2,4055,Graduate,Partner
1715,1.6501668312629063,3.750139191786237,1.482787437312234,1.7221995966807395,1.6340484025876088,1.6466984988683857,1.675977201557972,1.9680819873992217,1.646662529059944,2.236573295278567,3.739929444462023,2.7845387336497502,2.7024116538974825,3.4873086789221497,1.4181313229813486,2.6382253555203232,1.1461450459877132,2,10340,Graduate,Alone
1716,3.7496061491925095,1.8498571716748844,2.858542978631502,5.36605197094704,3.85913516306165,3.5462953369252688,4.281391773862175,3.550758678327333,1.646662529059944,2.236573295278567,1.0699201826570324,1.6803965688486042,1.1265817481385971,2.569440627702316,3.74232700824079,3.1787524577361905,3.367243479199508,1,10091,Graduate,Partner
1717,3.42039986436124,1.9535089182264127,2.034275649996251,4.1095511522345225,2.02198938086665,2.0302709373221792,4.549238131762608,1.9873829226544424,1.646662529059944,2.236573295278567,2.404924813559527,1.6803965688486042,2.657952502951307,3.236981028589468,2.2608803651739224,1.8274347021965225,2.950787522972296,1,7629,Undergraduate,Alone
1718,3.174226978399904,2.229913575697155,4.610852299579104,1.671939563932239,2.70423041163324,4.441297693317454,2.016872566158522,1.755771699591792,3.206412104163342,2.236573295278567,2.404924813559527,1.6803965688486042,3.0383252388241417,3.570751229033044,3.821956838999143,1.8274347021965225,3.644880783350982,1,10640,Graduate,Alone
1719,3.5971536692304213,1.7807560073071989,2.155840256017997,2.0740198259202445,2.5838349356156063,2.0302709373221792,2.723012964259661,1.7943735701022336,2.16657905409441,2.236573295278567,3.739929444462023,2.7845387336497502,0.914165804729092,2.485998077591421,2.2625393199813884,1.8274347021965225,2.950787522972296,0,3498,Graduate,Alone
1720,3.517744559734777,3.059127548109382,3.089812229111896,2.1996699077914963,3.5603760188697446,2.1763937710188626,2.7473626331597005,2.045285728420105,1.646662529059944,2.236573295278567,1.0699201826570324,1.6803965688486042,1.6502117481713303,2.819768278034997,3.1932129669696443,3.1787524577361905,3.644880783350982,1,6742,Graduate,Partner
1721,2.4744603376717587,2.402666486616369,1.942360947882248,1.9986297767974932,2.173598498814781,2.231189833655119,1.74902620825809,1.601364217550025,3.206412104163342,2.236573295278567,2.404924813559527,2.7845387336497502,0.7659686349085073,3.1535384784785734,1.9207946296434548,2.097698253304456,2.3955129146693475,2,1172,Graduate,Partner
1722,1.8898810476982653,1.262497274549557,1.4946473988753313,1.6970695803064892,1.6385074942919655,1.6466984988683857,1.7977255460581685,1.5434614117843624,1.646662529059944,2.236573295278567,2.404924813559527,2.7845387336497502,1.576113163261038,2.1522278771478454,1.3965649104842948,1.8274347021965225,1.1461450459877132,2,569,Postgraduate,Partner
1723,2.510563835669485,3.991993267073137,1.8326563034236,1.6970695803064892,1.6429665859963225,1.6466984988683857,1.74902620825809,2.103188534185768,2.16657905409441,2.236573295278567,2.404924813559527,2.7845387336497502,0.914165804729092,2.736325727924104,1.6321364931444236,2.908488906628257,1.7014196542906617,2,4686,Graduate,Partner
1724,1.652397163185546,1.746205425123356,2.244789967741225,1.671939563932239,1.9729393721187252,1.82935204098924,2.236019586258876,2.7594203328632774,3.726328629197808,2.236573295278567,2.404924813559527,2.7845387336497502,2.746870804843658,1.1509172758171171,2.090008020004956,1.8274347021965225,2.5343315667450845,2,1381,Graduate,Partner
1725,2.037315280834415,0.951542034894972,1.5954570721616568,2.1494098750429957,1.718771144970388,1.6832292072925563,2.016872566158522,1.9680819873992217,1.646662529059944,2.236573295278567,1.0699201826570324,0.5762544040474584,0.7462090122657628,4.32173418003109,1.5674372556532614,3.449016008844124,1.5626010022149246,2,2634,Postgraduate,Alone
1726,3.18709785220347,0.8478902883434436,2.327809698682905,2.249929940539997,4.938235355515995,3.1444575442593896,2.3090685929589934,5.172037239765886,1.646662529059944,2.236573295278567,1.0699201826570324,1.6803965688486042,3.201342125626785,4.154849079809302,3.609610623643534,3.449016008844124,3.922518087502456,1,10905,Graduate,Partner
1727,2.618595538172337,3.4046333699478097,3.52863080694649,1.8478496785519916,1.865921171214162,1.6466984988683857,1.675977201557972,1.775072634847013,2.16657905409441,2.236573295278567,2.404924813559527,1.6803965688486042,3.1815825029840403,2.3191129773696333,2.6407810160835674,1.8274347021965225,3.506062131275245,0,1744,Postgraduate,Alone
1728,3.720240112211089,3.197329876844753,2.390074496889165,4.989101725333285,4.679608036663301,2.139863062594692,4.549238131762608,3.1840409084781367,1.646662529059944,2.236573295278567,1.0699201826570324,1.6803965688486042,3.6064143898030494,3.737636329254832,3.619564352488328,1.8274347021965225,3.644880783350982,1,1000,Graduate,Partner
1729,1.2387170567843055,2.3335653222486834,1.4323826006690714,1.7975896458034906,1.6028347606571112,1.7745559783529834,1.7733758771581294,1.6399660880604667,1.646662529059944,2.236573295278567,1.0699201826570324,1.6803965688486042,3.482916748285896,4.154849079809302,1.373339543179775,1.8274347021965225,1.007326393911976,2,3828,Undergraduate,Partner
1730,3.0251199963217754,1.3661490211010854,3.267711652558353,2.325319989662748,2.458980367893616,2.2677205420792896,2.08992157285864,4.206990477004842,1.646662529059944,2.236573295278567,1.0699201826570324,1.6803965688486042,1.9416661821518135,4.238291629920196,3.0405891246828003,1.8274347021965225,3.783699435426719,1,8605,Postgraduate,Partner
1731,3.167582447880374,3.9228921027054513,2.3544946121998738,2.1996699077914963,2.508030376641541,3.509764628501098,3.9161467403615866,4.361397959046609,2.6864955791288763,2.236573295278567,2.404924813559527,1.6803965688486042,2.5443346727555256,2.3191129773696333,2.79008694875548,1.8274347021965225,3.367243479199508,1,10304,Graduate,Alone
1732,3.6535624807738456,2.575419397535583,5.856148263704303,3.8331209721177686,3.6138851193220254,3.692418170621952,2.723012964259661,2.3154988219931973,2.16657905409441,2.236573295278567,1.0699201826570324,1.6803965688486042,2.9741064652352214,3.987963979587514,5.028016984026705,4.53007021327586,2.3955129146693475,1,4351,Postgraduate,Partner
1733,2.8628168837013632,2.2990147400648406,4.15127878900909,2.1996699077914963,2.115630306658143,1.884148103625496,1.9194738905583648,1.890878246378338,2.6864955791288763,2.236573295278567,2.404924813559527,2.7845387336497502,3.655813446409912,2.986653378256785,3.153398051590468,4.53007021327586,2.811968870896559,0,10129,Postgraduate,Partner
1734,2.010040180030469,1.5389019320202992,1.719986668574177,1.671939563932239,2.062121206205861,2.541700855260571,1.9194738905583648,3.531457743072112,3.726328629197808,2.236573295278567,2.404924813559527,2.7845387336497502,3.823770238873241,1.9019002268151632,1.9390431325255773,1.8274347021965225,2.1178756105178733,0,2499,Graduate,Partner
1735,1.3999514686917869,0.7442385417919153,1.43831258145062,1.7724596294292403,1.6206711274745382,1.9206788120496667,1.8707745527582864,1.6978688938261293,1.646662529059944,2.236573295278567,2.404924813559527,1.6803965688486042,1.1908005217275173,1.4012449261497992,1.406518639329089,1.8274347021965225,1.1461450459877132,2,10092,Undergraduate,Alone
1736,2.3157815144256357,1.9880595004102557,2.556113958772525,1.671939563932239,1.7990347956488102,1.756290624140898,1.675977201557972,2.1417904046962093,3.206412104163342,2.236573295278567,2.404924813559527,1.6803965688486042,3.067964672788259,3.987963979587514,2.101620703657216,4.53007021327586,2.6731502188208216,0,7500,Postgraduate,Alone
1737,1.3308576443383502,1.7807560073071989,1.473892466139911,1.671939563932239,1.6429665859963225,1.7745559783529834,1.74902620825809,1.620665152805246,2.6864955791288763,2.236573295278567,3.739929444462023,2.7845387336497502,3.3100200501618806,2.1522278771478454,1.3998828200992262,1.8274347021965225,1.2849636980634502,2,5796,Graduate,Alone
1738,0.6637096079788072,2.091711246961784,1.43831258145062,1.898109711300492,1.607293852361468,1.7745559783529834,1.8707745527582864,1.620665152805246,3.206412104163342,2.236573295278567,3.739929444462023,2.7845387336497502,2.904947785985615,1.4846874762606932,1.389929091254432,1.8274347021965225,1.4237823501391875,2,10556,Undergraduate,Alone
1739,1.830266134016047,3.4046333699478097,1.5005773796568798,1.7221995966807395,1.692016594744247,1.6466984988683857,1.8707745527582864,1.9487810521440008,2.6864955791288763,2.236573295278567,3.739929444462023,3.888680898450896,1.7490098613850535,2.4025555274805277,1.461264147975457,1.8274347021965225,1.4237823501391875,2,1064,Graduate,Partner
1740,1.7672127919530929,0.951542034894972,1.6666168415402396,1.6970695803064892,1.8570029878054488,1.7197599157167271,1.822075214958208,1.7943735701022336,2.16657905409441,2.236573295278567,2.404924813559527,1.6803965688486042,2.2133609934895526,2.1522278771478454,1.6039342614175067,3.449016008844124,1.7014196542906617,2,48,Postgraduate,Alone
1741,1.7189818641260133,2.437217068800212,1.5213323123922995,1.671939563932239,1.6162120357701817,1.6832292072925563,1.7003268704580117,1.5820632822948042,2.16657905409441,2.236573295278567,3.739929444462023,3.888680898450896,0.8351273141581137,3.4873086789221497,1.4015417749066916,1.8274347021965225,1.2849636980634502,2,7610,Postgraduate,Partner
1742,3.543021654858025,3.335532205580124,1.838586284205148,4.687541528842281,2.4991121932328277,1.938944166261752,4.744035482962922,2.643614721331952,2.6864955791288763,2.236573295278567,2.404924813559527,2.7845387336497502,2.559154389737584,2.0687853270369514,2.428434800727958,1.8274347021965225,3.0896061750480333,1,263,Graduate,Partner
1743,2.842511570155666,2.9900263837416965,1.921606015146828,3.5566907920010147,2.017530289162293,3.82027565010655,4.281391773862175,2.624313786076731,2.6864955791288763,2.236573295278567,2.404924813559527,2.7845387336497502,2.0305844840441645,2.736325727924104,2.3587586988143987,1.8274347021965225,2.950787522972296,1,10814,Undergraduate,Partner
1744,0.5484293267273774,2.1953629935133123,1.4649974949675884,1.74732961305499,1.625130219178895,1.7928213325650688,1.675977201557972,1.8136745053574548,2.16657905409441,2.236573295278567,2.404924813559527,1.6803965688486042,2.9395271256104185,1.4846874762606932,1.406518639329089,1.8274347021965225,1.2849636980634502,2,9710,Undergraduate,Alone
1745,2.6834145596740475,2.264464157880998,1.95718589983612,1.74732961305499,1.9684802804143684,2.94353864792645,3.283055348960565,2.6050128508215105,2.16657905409441,2.236573295278567,2.404924813559527,2.7845387336497502,1.81816854063466,1.8184576767042693,2.091666974812421,1.8274347021965225,2.5343315667450845,0,9292,Graduate,Partner
1746,3.2705494383088984,1.8153065894910416,3.5256658165557155,2.174539891417246,2.351962166989053,2.833946522653937,3.136957335560329,2.450605368779744,1.646662529059944,2.236573295278567,2.404924813559527,2.7845387336497502,2.134322502918574,1.6515725764824811,3.106947316981428,1.8274347021965225,4.061336739578193,1,10250,Graduate,Partner
1747,0.9397596486538348,3.4391839521316525,1.4442425622321684,1.6970695803064892,1.6206711274745382,1.9572095204738376,2.016872566158522,1.6978688938261293,2.16657905409441,2.236573295278567,2.404924813559527,2.7845387336497502,2.0454042010262232,0.900589625484435,1.4181313229813486,1.8274347021965225,1.4237823501391875,2,7881,Undergraduate,Partner
1748,3.038873709844719,3.128228712477068,2.808138141988339,3.4561707265040136,2.70423041163324,3.345376440592329,2.528215613059347,2.6822165918423937,2.6864955791288763,2.236573295278567,2.404924813559527,2.7845387336497502,2.86048863503944,3.403866128811256,2.9460287006572554,1.8274347021965225,3.783699435426719,1,5847,Graduate,Partner
1749,1.6296291914752676,1.435250185468771,1.4768574565306856,1.6970695803064892,1.5983756689527544,1.6466984988683857,1.675977201557972,1.5048595412739207,1.646662529059944,2.236573295278567,2.404924813559527,1.6803965688486042,0.6523508047127256,1.4012449261497992,1.3600679047200492,1.8274347021965225,1.1461450459877132,2,737,Postgraduate,Alone
1750,3.258282612734381,1.6425536785718275,2.4908841701754905,4.385981332351276,3.431062359443397,4.222113442772429,4.037895084861782,2.103188534185768,1.646662529059944,2.236573295278567,1.0699201826570324,1.6803965688486042,2.648072691629934,1.234359825928011,3.233027882348821,1.8274347021965225,2.811968870896559,1,3571,Graduate,Partner
1751,1.2322119220099403,3.4046333699478097,1.4323826006690714,1.898109711300492,1.6206711274745382,1.6832292072925563,2.016872566158522,1.6785679585709086,1.646662529059944,2.236573295278567,1.0699201826570324,1.6803965688486042,0.6572907103734118,2.986653378256785,1.3982238652917602,1.8274347021965225,1.2849636980634502,2,7807,Undergraduate,Partner
1752,2.141025715237152,1.6771042607556703,1.794111428343534,1.6970695803064892,1.7053938698573174,1.6832292072925563,1.675977201557972,2.8752259443946024,2.16657905409441,2.236573295278567,2.404924813559527,2.7845387336497502,1.8329882576167185,1.8184576767042693,1.6984946854430514,2.6382253555203232,1.7014196542906617,2,3878,Postgraduate,Partner
1753,1.104897141425935,1.1588455279980288,1.5480172259092684,1.74732961305499,1.7232302366747447,1.82935204098924,1.846424883858247,1.6978688938261293,2.6864955791288763,2.236573295278567,2.404924813559527,1.6803965688486042,3.794130804909124,1.9019002268151632,1.4944432441247706,3.449016008844124,1.4237823501391875,2,5092,Postgraduate,Alone
1754,2.289900371073339,3.6119368630508655,1.731846630137274,1.898109711300492,1.8703802629185189,1.6832292072925563,1.8951242216583255,1.9487810521440008,1.646662529059944,2.236573295278567,1.0699201826570324,1.6803965688486042,2.746870804843658,4.238291629920196,1.673610363331066,1.8274347021965225,1.840238306366399,2,2154,Postgraduate,Partner
1755,3.199875795510259,2.9900263837416965,2.4582692758769733,2.7776602843992544,3.9706124556705698,1.9572095204738376,1.675977201557972,1.9873829226544424,1.646662529059944,2.236573295278567,1.0699201826570324,0.5762544040474584,3.71015240867746,0.984032175595329,2.93275706219753,1.8274347021965225,3.367243479199508,1,5394,Graduate,Alone
1756,3.889187755351032,2.5063182331678973,2.544253997209428,3.0038304317675077,3.649557852956881,4.715278006498735,2.9665096532600543,2.508508174545406,1.646662529059944,2.236573295278567,1.0699201826570324,1.6803965688486042,2.494935616148664,3.737636329254832,3.259571159268272,1.8274347021965225,2.811968870896559,1,3798,Postgraduate,Partner
1757,1.9020084775276176,2.1608124113294696,1.4916824084845568,1.671939563932239,1.6028347606571112,1.6466984988683857,1.675977201557972,1.4855586060186998,1.646662529059944,2.236573295278567,2.404924813559527,2.7845387336497502,1.09694231417448,2.485998077591421,1.366703723949912,1.8274347021965225,1.1461450459877132,2,3524,Graduate,Partner
1758,1.8983841881533283,0.8824408705272864,2.004625746088508,1.7221995966807395,1.8391666209880213,1.6466984988683857,1.675977201557972,1.4855586060186998,3.726328629197808,2.236573295278567,3.739929444462023,3.888680898450896,3.5915946728209915,3.4873086789221497,1.7449454200520909,3.449016008844124,2.1178756105178733,0,5247,Graduate,Partner
1759,1.3024209123246966,3.646487445234709,1.6191769952878512,1.7724596294292403,1.892675721440303,1.7745559783529834,1.7977255460581685,1.8136745053574548,3.206412104163342,2.236573295278567,2.404924813559527,1.6803965688486042,3.892928918122848,0.984032175595329,1.600616351802575,1.8274347021965225,1.7014196542906617,2,5883,Graduate,Alone
1760,1.265852761843086,2.679071144087111,2.0402056307778,1.671939563932239,1.7945757039444534,1.7014945615046415,1.7246765393580508,1.7171698290813504,2.16657905409441,2.236573295278567,1.0699201826570324,1.6803965688486042,3.67063316339197,1.6515725764824811,1.773147651779008,1.8274347021965225,2.1178756105178733,2,2118,Postgraduate,Partner
1761,1.7519721904817225,1.1933961101818715,1.6399319280232711,1.671939563932239,1.669721136222463,1.6466984988683857,1.675977201557972,1.736470764336571,1.646662529059944,2.236573295278567,2.404924813559527,2.7845387336497502,2.20348118216818,1.9853427769260568,1.4961021989322365,1.8274347021965225,1.4237823501391875,2,8812,Postgraduate,Partner
1762,2.9570484074328824,0.6751373774242297,1.6399319280232711,2.2247999241657466,2.088875756432002,4.167317380136173,3.8430977336614687,2.045285728420105,1.646662529059944,2.236573295278567,1.0699201826570324,1.6803965688486042,2.228180710471611,1.0674747257062231,2.091666974812421,1.8274347021965225,3.0896061750480333,1,6616,Undergraduate,Partner
1763,0.8579343462419977,2.851824055006325,1.429417610278297,1.7724596294292403,1.6206711274745382,1.847617395201325,1.9194738905583648,1.775072634847013,2.16657905409441,2.236573295278567,2.404924813559527,1.6803965688486042,3.3495392954473697,1.4846874762606932,1.404859684521623,1.8274347021965225,1.2849636980634502,2,2797,Undergraduate,Alone
1764,1.893133615085448,3.128228712477068,1.7051617166203052,1.6970695803064892,1.6830984113355334,1.6466984988683857,1.7733758771581294,1.9680819873992217,2.6864955791288763,2.236573295278567,3.739929444462023,2.7845387336497502,1.2401995783343789,1.735015126593375,1.5657783008457955,1.8274347021965225,1.5626010022149246,2,4328,Postgraduate,Alone
1765,2.92080551368999,4.02654384925698,4.157208769790638,5.139881823578786,2.3385848918759824,2.3042512505034605,2.796061970959779,2.064586663675326,1.646662529059944,2.236573295278567,1.0699201826570324,1.6803965688486042,3.665693257731284,2.4025555274805277,3.5465703409598377,1.8274347021965225,3.783699435426719,1,9167,Graduate,Partner
1766,3.229427693485232,3.78468977397008,3.3655563354539044,2.0991498422944947,2.3475030752846964,2.2677205420792896,2.3090685929589934,1.8136745053574548,2.16657905409441,2.236573295278567,2.404924813559527,2.7845387336497502,1.6403319368499578,3.1535384784785734,2.848150367016779,1.8274347021965225,3.783699435426719,0,10560,Graduate,Partner
1767,1.5273127145241805,0.9169914527111293,2.0194506980423794,2.5012301042825005,1.8570029878054488,1.7928213325650688,1.74902620825809,1.775072634847013,3.726328629197808,2.236573295278567,3.739929444462023,3.888680898450896,3.2754407105370773,2.1522278771478454,1.854436437344827,3.449016008844124,2.2566942625936104,0,2631,Graduate,Partner
1768,2.099021130694108,1.3315984389172426,1.8830611400667625,1.7724596294292403,1.8391666209880213,1.6466984988683857,1.8951242216583255,2.0838875989305468,3.206412104163342,2.236573295278567,3.739929444462023,2.7845387336497502,3.5668951445175607,2.485998077591421,1.7466043748595568,1.8274347021965225,1.979056958442136,2,8312,Graduate,Alone
1769,2.2007800246645357,0.8478902883434436,2.544253997209428,1.671939563932239,1.7589029703095989,1.847617395201325,1.8707745527582864,2.81732313862894,3.726328629197808,2.236573295278567,2.404924813559527,2.7845387336497502,3.7793110879270655,1.9853427769260568,2.159684121918515,1.8274347021965225,2.6731502188208216,0,5534,Graduate,Partner
1770,1.5958489558969569,2.5063182331678973,1.565807168253914,1.671939563932239,1.7232302366747447,1.8658827494134105,1.7003268704580117,2.064586663675326,1.646662529059944,2.236573295278567,2.404924813559527,2.7845387336497502,1.5859929745824102,1.1509172758171171,1.524304430659153,1.8274347021965225,1.4237823501391875,2,5093,Graduate,Partner
1771,2.7465143669853904,3.128228712477068,3.208411844742868,2.1996699077914963,2.160221223701711,5.719872488163434,5.328427536563865,3.956078318686971,7.885660829473537,2.236573295278567,3.739929444462023,3.888680898450896,3.8978688237835337,1.4846874762606932,3.4005823179028565,1.8274347021965225,2.811968870896559,0,7592,Undergraduate,Partner
1772,3.5112858902088,2.229913575697155,2.689538526357368,4.561891446971028,2.8915122632162253,2.06680164574635,2.528215613059347,3.0103324911811487,1.646662529059944,2.236573295278567,2.404924813559527,2.7845387336497502,1.768769484027798,1.4846874762606932,2.9344160170049958,1.8274347021965225,3.783699435426719,1,8895,Graduate,Partner
1773,1.5006416619492828,1.0206431992626577,1.482787437312234,1.8227196621777408,1.6563438611093928,1.8658827494134105,1.8707745527582864,1.8136745053574548,2.6864955791288763,2.236573295278567,3.739929444462023,3.888680898450896,2.2084210878288664,3.90452142947662,1.4529693739381284,1.8274347021965225,1.4237823501391875,2,8584,Graduate,Partner
1774,2.1926021409481904,1.3661490211010854,1.5835971105985598,1.671939563932239,1.6295893108832518,1.6466984988683857,1.675977201557972,1.5048595412739207,2.16657905409441,2.236573295278567,3.739929444462023,2.7845387336497502,0.973444672657326,2.819768278034997,1.429744006633609,1.8274347021965225,1.2849636980634502,2,2694,Postgraduate,Alone
1775,3.735434248434071,3.7155886096023942,3.6057205571066215,2.2247999241657466,3.1501395820689195,4.404766984893284,2.284718924058954,3.415652131540787,1.646662529059944,2.236573295278567,1.0699201826570324,1.6803965688486042,2.1590220312220048,2.9032108281458915,3.619564352488328,3.1787524577361905,4.061336739578193,1,8910,Undergraduate,Partner
1776,1.6712155887828168,3.4737345343154957,1.530227283564623,1.8227196621777408,1.6830984113355334,1.847617395201325,1.7733758771581294,1.6399660880604667,1.646662529059944,2.236573295278567,2.404924813559527,1.6803965688486042,1.2895986349412405,1.735015126593375,1.466241012397854,1.8274347021965225,1.4237823501391875,2,7433,Graduate,Alone
1777,1.5028719938719224,3.0245769659255397,1.8296913130328252,1.6970695803064892,1.7722802454226694,1.82935204098924,1.7003268704580117,2.778721268118498,3.726328629197808,2.236573295278567,3.739929444462023,3.888680898450896,2.3220389180246483,3.737636329254832,1.7499222844744882,2.6382253555203232,1.840238306366399,0,164,Graduate,Partner
1778,1.2448040043231758,2.54086881535174,1.462032504576814,1.671939563932239,1.6340484025876088,1.6466984988683857,1.7246765393580508,1.871577311123117,1.646662529059944,2.236573295278567,3.739929444462023,3.888680898450896,2.465296182184547,3.0700959283676794,1.3982238652917602,1.8274347021965225,1.1461450459877132,2,10477,Postgraduate,Partner
1779,2.8253194282519862,1.0897443636303432,1.9127110439745048,2.8781803498962555,1.9907757389361525,1.6466984988683857,2.77171230205974,2.489207239290185,1.646662529059944,2.236573295278567,2.404924813559527,1.6803965688486042,1.916966653848383,3.4873086789221497,1.9871528219420824,1.8274347021965225,2.3955129146693475,2,2681,Graduate,Alone
1780,1.605049075077845,3.4046333699478097,1.5154023316107512,1.74732961305499,1.7232302366747447,1.7014945615046415,1.7246765393580508,1.6592670233156877,2.16657905409441,2.236573295278567,2.404924813559527,1.6803965688486042,0.9536850500145816,1.6515725764824811,1.4529693739381284,1.8274347021965225,1.4237823501391875,2,5150,Postgraduate,Alone
1781,2.865697729101439,3.991993267073137,3.6057205571066215,2.325319989662748,1.9015939048490165,1.847617395201325,2.7473626331597005,1.8136745053574548,2.16657905409441,2.236573295278567,3.739929444462023,3.888680898450896,0.7017498613195872,2.736325727924104,2.823266044904794,2.097698253304456,2.3955129146693475,0,5283,Graduate,Partner
1782,3.440472851664996,1.573452514204142,2.4375143431415536,2.1996699077914963,2.1869757739278515,6.359159885586424,2.016872566158522,2.5664109803110686,1.646662529059944,2.236573295278567,2.404924813559527,2.7845387336497502,0.8746465594436028,1.317802376038905,2.692208615115004,1.8274347021965225,3.367243479199508,1,9645,Undergraduate,Partner
1783,3.5632340379069456,4.061094431440822,2.7725582572990475,2.626880186153752,2.833544071059587,5.080585090740444,2.601264619759465,5.017629757724119,2.16657905409441,2.236573295278567,2.404924813559527,2.7845387336497502,0.5980118424451779,1.735015126593375,3.282796526572792,1.8274347021965225,3.922518087502456,1,10678,Graduate,Partner
1784,3.4371273537810367,3.646487445234709,4.610852299579104,1.671939563932239,4.394226167584465,4.29517485962077,2.576914950859426,2.199693210461872,1.646662529059944,2.236573295278567,2.404924813559527,2.7845387336497502,3.665693257731284,1.9019002268151632,4.513740993712339,3.1787524577361905,4.477792695805405,1,7261,Graduate,Partner
1785,2.6789538958287684,3.577386280867024,1.8296913130328252,1.671939563932239,1.6340484025876088,1.6466984988683857,1.7733758771581294,2.180392275206651,2.16657905409441,2.236573295278567,3.739929444462023,3.888680898450896,2.6974717482367963,3.821078879365726,1.6337954479518892,1.8274347021965225,1.7014196542906617,2,9648,Postgraduate,Partner
1786,1.6420818780433384,1.6771042607556703,2.1143303905471567,1.8478496785519916,2.2003530490409218,1.7197599157167271,2.0412222350585614,2.2382950809723137,5.805994729335672,2.236573295278567,3.739929444462023,2.7845387336497502,2.890128069003557,2.569440627702316,2.045216240203382,3.449016008844124,2.5343315667450845,0,2870,Graduate,Alone
1787,1.996100605513972,3.4737345343154957,1.482787437312234,1.671939563932239,1.6117529440658247,1.6466984988683857,1.675977201557972,1.6978688938261293,2.16657905409441,2.236573295278567,3.739929444462023,3.888680898450896,1.427915993440453,3.821078879365726,1.3832932720245692,2.6382253555203232,1.1461450459877132,2,8008,Graduate,Partner
1788,2.427669832544717,1.3661490211010854,3.267711652558353,2.0740198259202445,2.325207616762912,1.6466984988683857,2.260369255158915,3.068235296946811,3.726328629197808,2.236573295278567,2.404924813559527,2.7845387336497502,2.494935616148664,3.236981028589468,2.831560818942122,1.8274347021965225,3.644880783350982,0,1513,Graduate,Partner
1789,0.2515628547743813,3.819240356153923,1.6695818319310138,1.7724596294292403,1.736607511787815,1.7380252699288126,1.7246765393580508,7.102130765287972,1.126746004025478,2.236573295278567,3.739929444462023,2.7845387336497502,1.5958727859037825,2.569440627702316,2.0170140084764654,1.8274347021965225,4.061336739578193,2,6173,Postgraduate,Alone
1790,0.7885617303982313,3.9228921027054513,1.4649974949675884,1.7724596294292403,1.5983756689527544,1.82935204098924,1.822075214958208,1.6785679585709086,3.206412104163342,2.236573295278567,3.739929444462023,2.7845387336497502,2.5146952387914085,2.736325727924104,1.3998828200992262,1.8274347021965225,1.4237823501391875,2,1419,Graduate,Alone
1791,4.118633151892571,0.7096879596080725,2.295194804384388,2.9535703990190063,5.963826447518058,5.738137842375519,2.236019586258876,1.8136745053574548,1.646662529059944,2.236573295278567,1.0699201826570324,1.6803965688486042,0.8944061820863476,3.403866128811256,3.9613090428262616,3.449016008844124,2.811968870896559,1,9150,Graduate,Partner
1792,2.8543137432463,3.197329876844753,4.290633337375481,2.5263601206567508,4.202485224297123,3.2723150237439875,3.770048726961351,2.199693210461872,1.646662529059944,2.236573295278567,1.0699201826570324,0.5762544040474584,3.5570153331961887,1.9019002268151632,4.308030597586592,2.6382253555203232,2.811968870896559,1,7960,Postgraduate,Alone
1793,1.6740499689345048,2.3335653222486834,1.5094723508292027,1.7221995966807395,1.6340484025876088,1.6466984988683857,1.675977201557972,1.5048595412739207,2.16657905409441,2.236573295278567,3.739929444462023,3.888680898450896,3.7150923143381456,2.569440627702316,1.3932470008693634,1.8274347021965225,1.1461450459877132,2,1250,Graduate,Partner
1794,2.0921907391810244,3.093678130293225,3.733215143909916,2.425840055159749,2.3162894333541986,1.6466984988683857,2.917810315459976,3.8402727071556457,4.246245154232274,2.236573295278567,2.404924813559527,1.6803965688486042,3.502676370928641,2.819768278034997,3.223074153504027,1.8274347021965225,2.6731502188208216,0,9905,Postgraduate,Alone
1795,3.6244752352827554,3.128228712477068,3.1253921138011878,1.8729796949262416,2.6239667609548176,2.06680164574635,3.185656673360408,1.8136745053574548,1.646662529059944,2.236573295278567,1.0699201826570324,1.6803965688486042,0.5930719367844917,2.3191129773696333,2.8431735025943823,2.097698253304456,2.3955129146693475,1,10691,Postgraduate,Partner
1796,2.8565440751689395,2.9900263837416965,2.7280834014374333,5.918912331180548,4.10884429850563,3.3088457321681584,5.791071245664612,2.8366240738841606,1.646662529059944,2.236573295278567,1.0699201826570324,1.6803965688486042,3.1815825029840403,0.399934324819071,3.818638929384212,2.097698253304456,2.1178756105178733,1,7002,Graduate,Partner
1797,3.2684120368830354,0.7787891239757581,3.003827507779442,3.405910693755513,2.92718499685108,4.386501630681198,5.036231509763393,4.38069889430183,2.6864955791288763,2.236573295278567,2.404924813559527,1.6803965688486042,3.0580848614668863,3.570751229033044,3.5465703409598377,1.8274347021965225,2.950787522972296,1,2952,Graduate,Alone
1798,0.9344161450891776,3.4046333699478097,1.4798224469214598,1.671939563932239,1.6295893108832518,1.6466984988683857,1.675977201557972,1.5048595412739207,1.646662529059944,2.236573295278567,2.404924813559527,2.7845387336497502,2.282519672739159,1.1509172758171171,1.371680588372309,1.8274347021965225,1.1461450459877132,2,8439,Postgraduate,Partner
1799,2.641642301372945,1.1588455279980288,2.621343747369559,2.551490137031001,2.062121206205861,3.4914992742890125,3.550901706860997,2.296197886737976,2.16657905409441,2.236573295278567,2.404924813559527,2.7845387336497502,1.9416661821518135,1.234359825928011,2.592671326667062,2.908488906628257,3.367243479199508,1,762,Undergraduate,Partner
1800,3.2782162042929714,3.059127548109382,2.920807776837762,2.3504500060369984,3.4578169096695386,3.290580377956073,5.060581178663433,4.438601700067492,1.646662529059944,2.236573295278567,1.0699201826570324,0.5762544040474584,2.2923994840605317,3.821078879365726,3.5349576573075776,3.449016008844124,3.506062131275245,1,2831,Graduate,Alone
1801,2.2608595908306373,3.78468977397008,2.523499064474008,1.898109711300492,1.9773984638230824,1.8658827494134105,2.016872566158522,2.1417904046962093,2.6864955791288763,2.236573295278567,3.739929444462023,3.888680898450896,2.079983540651026,3.403866128811256,2.197840082490226,1.8274347021965225,2.811968870896559,0,6977,Graduate,Partner
1802,1.4335923085249327,0.9860926170788148,1.4442425622321684,1.671939563932239,1.6028347606571112,1.6466984988683857,1.675977201557972,1.5048595412739207,1.646662529059944,2.236573295278567,3.739929444462023,3.888680898450896,0.6572907103734118,2.986653378256785,1.3418194018379266,1.8274347021965225,1.007326393911976,2,6289,Postgraduate,Partner
1803,2.826852781448801,4.061094431440822,2.502744131738588,2.0991498422944947,3.364175983878046,3.107926835835219,2.528215613059347,2.662915656587173,2.6864955791288763,2.236573295278567,2.404924813559527,2.7845387336497502,0.9981442009607568,2.9032108281458915,2.907872740085544,2.097698253304456,2.3955129146693475,0,4168,Graduate,Partner
1804,1.9935914821010023,1.5043513498364565,1.5954570721616568,1.671939563932239,1.6295893108832518,1.6466984988683857,1.675977201557972,1.5434614117843624,2.16657905409441,2.236573295278567,3.739929444462023,2.7845387336497502,1.8774474085628936,2.1522278771478454,1.4396977354784029,1.8274347021965225,1.2849636980634502,2,8397,Postgraduate,Alone
1805,1.4676513355935734,1.8153065894910416,1.6636518511494651,1.6970695803064892,1.7276893283791015,1.7197599157167271,1.7733758771581294,1.7171698290813504,2.6864955791288763,2.236573295278567,3.739929444462023,2.7845387336497502,1.9120267481876967,2.1522278771478454,1.5442118883487417,1.8274347021965225,1.5626010022149246,2,9284,Postgraduate,Alone
1806,2.891857663944065,2.6099699797194256,2.576868891507945,3.782860939369268,2.2181894158583493,2.980069356350621,2.528215613059347,4.612310117364481,2.6864955791288763,2.236573295278567,2.404924813559527,2.7845387336497502,2.188661465186122,2.4025555274805277,2.79008694875548,1.8274347021965225,3.367243479199508,1,6237,Graduate,Partner
1807,2.359644708904212,3.542835698683181,2.517569083692459,2.0991498422944947,2.6640985862940285,3.5462953369252688,6.253714954765359,5.963375585229942,2.16657905409441,2.236573295278567,1.0699201826570324,1.6803965688486042,3.863289484158731,1.5681300263715872,3.233027882348821,1.8274347021965225,3.783699435426719,1,3130,Undergraduate,Partner
1808,1.0948606477740572,2.402666486616369,1.473892466139911,1.671939563932239,1.6385074942919655,1.6466984988683857,1.7246765393580508,1.6592670233156877,1.646662529059944,2.236573295278567,2.404924813559527,2.7845387336497502,2.0058849557407337,2.3191129773696333,1.388270136446966,1.8274347021965225,1.1461450459877132,2,1619,Graduate,Partner
1809,2.4338961758287523,3.991993267073137,2.221070044615031,1.8227196621777408,1.830248437579308,1.7928213325650688,1.74902620825809,2.450605368779744,2.16657905409441,2.236573295278567,2.404924813559527,1.6803965688486042,2.109622974615143,2.6528831778132096,1.9705632738674257,1.8274347021965225,2.3955129146693475,2,1990,Postgraduate,Alone
1810,3.5622118024424023,1.0897443636303432,2.312984746729033,2.3504500060369984,4.697444403480728,5.592015008678835,2.260369255158915,4.689513858385364,1.646662529059944,2.236573295278567,1.0699201826570324,1.6803965688486042,3.0531449558062,0.900589625484435,3.6958762736317503,3.449016008844124,2.6731502188208216,1,5513,Graduate,Partner
1811,3.67117280991302,3.819240356153923,3.4278211336601645,3.983901070363271,4.871348979950643,2.3590473131397167,1.675977201557972,3.26124464949902,1.646662529059944,2.236573295278567,1.0699201826570324,1.6803965688486042,2.573974106719642,3.236981028589468,4.035962009162218,1.8274347021965225,3.783699435426719,1,269,Postgraduate,Partner
1812,0.9729358360030972,1.6771042607556703,1.4768574565306856,2.023759793171744,1.749984786900885,2.322516604715546,2.211669917358837,2.4120034982693017,2.6864955791288763,2.236573295278567,2.404924813559527,2.7845387336497502,2.5789140123803285,1.8184576767042693,1.613887990262301,3.449016008844124,1.5626010022149246,2,8093,Postgraduate,Partner
1813,1.2780731221692152,1.6771042607556703,1.5391222547369456,1.7724596294292403,1.696475686448604,1.938944166261752,1.8951242216583255,1.6592670233156877,2.16657905409441,2.236573295278567,2.404924813559527,1.6803965688486042,1.892267125544952,0.817147075373541,1.4911253345098392,1.8274347021965225,1.5626010022149246,2,10513,Graduate,Alone
1814,2.00641589065618,1.0206431992626577,1.900851082411408,1.671939563932239,1.6875575030398902,1.6832292072925563,1.7003268704580117,2.0838875989305468,2.6864955791288763,2.236573295278567,2.404924813559527,2.7845387336497502,2.914827597306988,3.1535384784785734,1.68356409217586,1.8274347021965225,1.840238306366399,2,10177,Graduate,Partner
1815,2.4609389503907564,3.128228712477068,3.463401018349456,2.0991498422944947,2.222648507562706,2.06680164574635,2.3090685929589934,2.1610913399514304,5.286078204301206,2.236573295278567,2.404924813559527,2.7845387336497502,3.0432651444848275,2.9032108281458915,2.8680578247063675,1.8274347021965225,3.783699435426719,0,2549,Postgraduate,Partner
1816,2.158589579127938,1.9880595004102557,1.717021678183403,1.74732961305499,1.8837575380315892,1.8658827494134105,1.846424883858247,2.1417904046962093,2.6864955791288763,2.236573295278567,2.404924813559527,2.7845387336497502,1.0870625028531078,1.9019002268151632,1.690199911405723,1.8274347021965225,1.840238306366399,2,5782,Graduate,Partner
1817,2.466328919203802,0.640586795240387,1.616212004897077,1.8227196621777408,1.8436257126923783,1.884148103625496,1.9925228972584828,1.910179181633559,3.206412104163342,2.236573295278567,3.739929444462023,3.888680898450896,2.0256445783834787,1.6515725764824811,1.6155469450697666,3.449016008844124,1.7014196542906617,2,10057,Graduate,Partner
1818,1.851640148274676,1.1588455279980288,1.5954570721616568,1.7975896458034906,1.696475686448604,1.7197599157167271,1.675977201557972,1.5434614117843624,2.6864955791288763,2.236573295278567,3.739929444462023,3.888680898450896,3.3841186350721726,1.5681300263715872,1.4795126508575795,1.8274347021965225,1.4237823501391875,2,10307,Graduate,Partner
1819,3.652447314812526,1.0551937814465004,2.0491006019501223,2.1494098750429957,3.62280330273074,4.569155172802052,5.13363018536355,2.7594203328632774,1.646662529059944,2.236573295278567,1.0699201826570324,1.6803965688486042,2.0355243897048507,2.2356704272587398,3.0721092660246483,1.8274347021965225,3.922518087502456,1,8566,Postgraduate,Partner
1820,2.1380054740919108,2.575419397535583,2.016485707651605,1.7221995966807395,1.7811984288313831,1.6466984988683857,1.9681732283584437,1.871577311123117,2.6864955791288763,2.236573295278567,2.404924813559527,2.7845387336497502,2.8802482576821844,3.3204235787003618,1.783101380623802,2.908488906628257,2.1178756105178733,2,2415,Graduate,Partner
1821,2.845624741797684,1.9880595004102557,2.357459602590648,2.048889809545994,1.7990347956488102,2.012005583110094,1.675977201557972,5.191338175021107,2.16657905409441,2.236573295278567,2.404924813559527,2.7845387336497502,4.021366465300687,3.4873086789221497,2.3006952805531,1.8274347021965225,2.5343315667450845,0,5684,Undergraduate,Partner
1822,2.583607206135929,2.54086881535174,4.219473567996898,2.023759793171744,3.3597168921736893,3.034865418986877,3.088257997760251,4.882523210937572,6.845827779404605,2.236573295278567,2.404924813559527,1.6803965688486042,3.77437118226638,3.570751229033044,4.084071698578724,3.449016008844124,3.644880783350982,0,8334,Postgraduate,Alone
1823,1.4210466914600852,2.713621726270954,1.6844067838848855,1.7724596294292403,1.8391666209880213,1.6832292072925563,1.7733758771581294,1.620665152805246,2.6864955791288763,2.236573295278567,2.404924813559527,2.7845387336497502,3.0729045784489446,1.234359825928011,1.5906626229577812,1.8274347021965225,1.7014196542906617,2,9166,Postgraduate,Partner
1824,3.8669773666214136,3.1627792946609103,1.9245710055376024,2.8781803498962555,4.2738306915668325,2.7974158142297667,3.4291533623608004,2.8752259443946024,1.646662529059944,2.236573295278567,1.0699201826570324,0.5762544040474584,2.519635144452095,3.6541937791439376,3.025658531415609,6.151651519923461,2.950787522972296,1,1440,Postgraduate,Alone
1825,1.1774758594084958,3.750139191786237,1.4531375334044911,1.74732961305499,1.67418022792682,1.6466984988683857,1.7246765393580508,1.5434614117843624,2.16657905409441,2.236573295278567,2.404924813559527,1.6803965688486042,0.9191057103897784,2.4025555274805277,1.384952226832035,1.8274347021965225,1.2849636980634502,2,78,Postgraduate,Alone
1826,3.086128867455644,3.6119368630508655,2.582798872289493,3.3305206446327618,3.4087669009216137,2.322516604715546,3.063908328860212,3.1261381027124737,1.646662529059944,2.236573295278567,1.0699201826570324,1.6803965688486042,2.079983540651026,3.3204235787003618,3.0555197179499918,1.8274347021965225,2.5343315667450845,1,5441,Postgraduate,Partner
1827,2.97400822309462,1.91895833604257,2.138050313673351,1.8478496785519916,2.1200893983624995,1.7197599157167271,2.0412222350585614,1.6978688938261293,3.726328629197808,2.236573295278567,3.739929444462023,3.888680898450896,1.5958727859037825,2.6528831778132096,1.9821759575196856,1.8274347021965225,2.5343315667450845,0,5302,Postgraduate,Partner
1828,3.954471429336626,0.8824408705272864,1.9601508902268936,2.1996699077914963,2.8067895208334463,1.6466984988683857,2.187320248458797,2.701517527097615,1.646662529059944,2.236573295278567,1.0699201826570324,1.6803965688486042,3.823770238873241,1.8184576767042693,2.2509266363291287,5.881387968815528,3.644880783350982,1,4687,Postgraduate,Partner
1829,0.1065448145544247,1.6425536785718275,1.4442425622321684,1.671939563932239,1.5939165772483976,1.664963853080471,1.7003268704580117,1.5048595412739207,8.925493879542469,2.236573295278567,3.739929444462023,3.888680898450896,0.6177714650879225,2.819768278034997,1.3418194018379266,1.8274347021965225,0.5908704376847644,0,1087,Postgraduate,Partner
1830,1.317893840038008,1.2970478567333998,1.4353475910598457,1.8227196621777408,1.7143120532660312,1.884148103625496,1.7733758771581294,1.7943735701022336,1.646662529059944,2.236573295278567,1.0699201826570324,1.6803965688486042,2.346738446328079,0.5668194250408589,1.4413566902858683,1.8274347021965225,1.2849636980634502,2,6859,Graduate,Partner
1831,2.600892278536385,1.124294945814186,2.565008929944848,1.671939563932239,1.825789345874951,1.756290624140898,1.7733758771581294,2.257596016227535,2.6864955791288763,2.236573295278567,2.404924813559527,2.7845387336497502,1.4229760877797668,2.569440627702316,2.133140844999064,1.8274347021965225,2.6731502188208216,2,9860,Postgraduate,Partner
1832,1.0816180519833851,3.128228712477068,1.4353475910598457,1.8729796949262416,1.625130219178895,1.756290624140898,1.7003268704580117,1.6592670233156877,2.16657905409441,2.236573295278567,2.404924813559527,1.6803965688486042,1.3142981632446713,0.7337045252626471,1.3832932720245692,1.8274347021965225,1.1461450459877132,2,7129,Graduate,Alone
1833,3.788172305354817,2.575419397535583,3.018652459733313,2.3504500060369984,4.22032159111455,2.3407819589276317,4.281391773862175,2.778721268118498,1.646662529059944,12.555767160837409,1.0699201826570324,0.5762544040474584,3.794130804909124,0.1496066744863888,3.591362120761412,5.611124417707593,4.338974043729667,1,5866,Undergraduate,Alone
1834,0.9548608543800396,3.577386280867024,1.4353475910598457,1.6970695803064892,1.607293852361468,1.7014945615046415,1.7003268704580117,1.5241604765291417,1.646662529059944,2.236573295278567,2.404924813559527,2.7845387336497502,2.593733729362387,1.8184576767042693,1.3484552210677894,1.8274347021965225,1.007326393911976,2,10521,Graduate,Partner
1835,3.272500978741208,2.7827228906386394,2.384144516107616,3.0038304317675077,5.598180927760801,2.2677205420792896,2.6499639575595437,2.508508174545406,1.646662529059944,2.236573295278567,1.0699201826570324,1.6803965688486042,3.5915946728209915,1.5681300263715872,3.6510844938301767,1.8274347021965225,3.367243479199508,1,7393,Postgraduate,Partner
1836,2.905471981721844,0.6751373774242297,3.027547430905636,5.918912331180548,5.228076316299187,2.012005583110094,1.675977201557972,2.064586663675326,1.646662529059944,2.236573295278567,1.0699201826570324,1.6803965688486042,3.226041653930216,2.986653378256785,3.9380836755217423,3.449016008844124,2.3955129146693475,1,7849,Graduate,Partner
1837,3.763824515199336,1.6080030963879848,3.540490768509587,2.928440382644756,3.462276001373896,2.833946522653937,2.601264619759465,2.218994145717093,1.646662529059944,2.236573295278567,1.0699201826570324,0.5762544040474584,2.0305844840441645,1.0674747257062231,3.521686018847852,3.449016008844124,3.2284248271237703,1,332,Postgraduate,Alone
1838,3.3715184230567243,3.059127548109382,4.75317183833627,1.671939563932239,1.9105120882577304,1.6466984988683857,1.9681732283584437,1.7171698290813504,3.206412104163342,2.236573295278567,2.404924813559527,1.6803965688486042,2.1738417482040635,2.1522278771478454,3.3458368092564883,3.1787524577361905,4.477792695805405,0,9847,Postgraduate,Alone
1839,2.624682485711207,3.542835698683181,1.6310369568509482,1.6970695803064892,1.6474256777006793,1.7014945615046415,1.7977255460581685,1.736470764336571,1.646662529059944,2.236573295278567,5.074934075364517,3.888680898450896,3.4977364652679546,3.821078879365726,1.497761153739702,1.8274347021965225,1.4237823501391875,2,531,Postgraduate,Alone
1840,0.8965005024043058,3.7155886096023942,1.5361572643461712,1.7724596294292403,1.669721136222463,1.756290624140898,1.7246765393580508,1.8329754406126757,1.646662529059944,2.236573295278567,1.0699201826570324,1.6803965688486042,2.366498068970824,1.735015126593375,1.466241012397854,1.8274347021965225,1.4237823501391875,2,9576,Postgraduate,Partner
1841,3.1775724762838635,3.1627792946609103,3.5256658165557155,2.7776602843992544,4.278289783271189,3.3819071490165,3.088257997760251,2.045285728420105,1.646662529059944,2.236573295278567,1.0699201826570324,1.6803965688486042,3.1519430690199237,2.0687853270369514,3.875043392838045,1.8274347021965225,3.644880783350982,1,6906,Postgraduate,Partner
1842,2.4290173247479787,2.091711246961784,1.9453259382730224,3.606950824749516,2.4946531015284705,1.756290624140898,2.260369255158915,3.3577493257751243,2.16657905409441,2.236573295278567,2.404924813559527,2.7845387336497502,3.794130804909124,0.984032175595329,2.2907415517083054,1.8274347021965225,2.811968870896559,0,7419,Graduate,Partner
1843,3.12864456973096,1.1933961101818715,3.40410121053397,2.551490137031001,2.142384856884284,2.907007939502279,1.8707745527582864,1.9873829226544424,1.646662529059944,2.236573295278567,2.404924813559527,2.7845387336497502,3.547135521874816,2.569440627702316,2.866398869898902,1.8274347021965225,2.3955129146693475,0,3170,Postgraduate,Partner
1844,0.4515492838377237,1.1933961101818715,1.429417610278297,1.671939563932239,1.5894574855440409,1.756290624140898,1.7246765393580508,1.601364217550025,1.646662529059944,2.236573295278567,1.0699201826570324,0.5762544040474584,1.5563535406182931,1.8184576767042693,1.350114175875255,1.8274347021965225,1.007326393911976,2,8527,Undergraduate,Alone
1845,2.792329101896277,2.575419397535583,1.909746053583731,2.928440382644756,2.035366655979721,2.651292980533084,2.4064672685591506,2.006683857909663,1.646662529059944,2.236573295278567,2.404924813559527,1.6803965688486042,2.1985412765074943,1.4846874762606932,2.030285646936191,1.8274347021965225,2.5343315667450845,2,7872,Graduate,Alone
1846,3.2133507175428724,2.886374637190168,2.636168699323431,3.4310407101297637,2.655180402885315,3.528029982713184,3.818748064761429,2.508508174545406,1.646662529059944,2.236573295278567,2.404924813559527,2.7845387336497502,1.862627691580835,2.1522278771478454,2.9194854237378043,1.8274347021965225,2.3955129146693475,1,9931,Graduate,Partner
1847,3.1307819711568223,0.9860926170788148,3.8696047018855326,2.3001899732884974,3.6361805778438105,3.911602421166977,2.3821175996591117,3.3191474552646825,1.646662529059944,2.236573295278567,1.0699201826570324,1.6803965688486042,3.537255710553444,1.234359825928011,3.906563534179894,4.800333764383792,3.2284248271237703,1,10595,Graduate,Partner
1848,2.7171947952523583,1.0897443636303432,2.8763329209761475,2.249929940539997,1.9060529965533728,1.9206788120496667,1.675977201557972,2.624313786076731,6.845827779404605,2.236573295278567,3.739929444462023,2.7845387336497502,3.7002725973560873,1.9853427769260568,2.4151631622682324,4.53007021327586,3.0896061750480333,0,4609,Graduate,Alone
1849,1.4478106745317594,3.335532205580124,1.512437341219977,1.671939563932239,1.6474256777006793,1.7197599157167271,1.7246765393580508,1.6399660880604667,2.6864955791288763,2.236573295278567,3.739929444462023,3.888680898450896,2.050344106686909,2.4025555274805277,1.4181313229813486,1.8274347021965225,1.4237823501391875,2,5010,Postgraduate,Partner
1850,1.5337249188017688,2.402666486616369,1.43831258145062,1.7221995966807395,1.6340484025876088,1.7014945615046415,1.675977201557972,1.5241604765291417,1.646662529059944,2.236573295278567,2.404924813559527,1.6803965688486042,0.8301874084974274,1.0674747257062231,1.3600679047200492,1.8274347021965225,1.1461450459877132,2,4427,Graduate,Alone
1851,1.338570875570812,1.573452514204142,2.271474881258193,1.671939563932239,1.821330254170594,1.7928213325650688,1.74902620825809,1.871577311123117,3.206412104163342,2.236573295278567,2.404924813559527,2.7845387336497502,3.729912031320204,2.1522278771478454,1.935725222910646,1.8274347021965225,2.3955129146693475,2,11148,Postgraduate,Partner
1852,3.744913159105289,1.6771042607556703,4.210578596824576,5.240401889075788,4.951612630629065,4.550889818589967,3.648300382461154,5.017629757724119,1.646662529059944,2.236573295278567,1.0699201826570324,1.6803965688486042,1.1364615594599694,1.6515725764824811,5.071149809020813,6.151651519923461,3.506062131275245,1,1168,Undergraduate,Partner
1853,1.157542267849905,3.093678130293225,1.4679624853583628,1.7221995966807395,1.6563438611093928,1.6832292072925563,1.7246765393580508,1.6399660880604667,2.16657905409441,2.236573295278567,2.404924813559527,1.6803965688486042,1.180920710406145,2.485998077591421,1.3965649104842948,1.8274347021965225,1.2849636980634502,2,9595,Postgraduate,Alone
1854,3.169022870580412,3.991993267073137,2.650993651277302,5.994302380303298,2.2716985163106305,4.386501630681198,4.232692436062097,2.5857119155662893,2.16657905409441,2.236573295278567,2.404924813559527,1.6803965688486042,2.475175993505919,2.736325727924104,3.0671324016022514,1.8274347021965225,3.922518087502456,1,10163,Graduate,Alone
1855,1.987458069313744,3.508285116499338,1.5213323123922995,1.6970695803064892,1.625130219178895,1.6466984988683857,1.675977201557972,1.6399660880604667,2.16657905409441,2.236573295278567,3.739929444462023,2.7845387336497502,0.9536850500145816,2.0687853270369514,1.406518639329089,1.8274347021965225,1.2849636980634502,2,2886,Graduate,Alone
1856,2.716823073265252,0.7442385417919153,2.917842786446988,2.1494098750429957,2.178057590519138,1.6466984988683857,1.822075214958208,1.9873829226544424,4.246245154232274,2.236573295278567,2.404924813559527,1.6803965688486042,3.270500804876391,4.071406529698407,2.4632728516847378,1.8274347021965225,3.2284248271237703,0,6710,Postgraduate,Alone
1857,2.226057119787783,3.093678130293225,1.482787437312234,1.9232397276747424,1.6028347606571112,1.7014945615046415,1.7977255460581685,1.4855586060186998,1.646662529059944,2.236573295278567,2.404924813559527,1.6803965688486042,0.938865333032523,3.737636329254832,1.3915880460618977,1.8274347021965225,1.1461450459877132,2,5316,Graduate,Alone
1858,1.0268819893819403,0.7442385417919153,1.4323826006690714,1.8729796949262416,1.6162120357701817,1.7197599157167271,1.8707745527582864,1.7943735701022336,1.646662529059944,2.236573295278567,1.0699201826570324,0.5762544040474584,1.2895986349412405,0.817147075373541,1.3982238652917602,1.8274347021965225,1.1461450459877132,2,9029,Undergraduate,Alone
1859,1.455338044770668,1.1588455279980288,1.7259166493557254,3.4561707265040136,2.6730167697027425,3.6193567537736095,3.964846078161665,5.71246342691207,2.6864955791288763,2.236573295278567,1.0699201826570324,0.5762544040474584,3.957147691711768,3.1535384784785734,2.712116072804592,3.449016008844124,3.0896061750480333,1,521,Postgraduate,Alone
1860,3.3071640540388967,2.437217068800212,2.636168699323431,4.536761430596778,3.573753293982815,4.952727611255846,5.693672570064455,5.403648462828537,1.646662529059944,2.236573295278567,1.0699201826570324,1.6803965688486042,1.3735770311729052,3.236981028589468,3.840205341881266,2.097698253304456,3.2284248271237703,1,1459,Graduate,Partner
1861,3.158335863451098,0.9169914527111293,3.3981712297524216,1.898109711300492,2.659639494589672,2.5599662094726563,2.1386209106587186,2.5857119155662893,2.16657905409441,2.236573295278567,2.404924813559527,2.7845387336497502,3.0333853331634555,3.821078879365726,3.0505428535275945,1.8274347021965225,3.922518087502456,0,10241,Postgraduate,Partner
1862,3.1861220819873157,3.7155886096023942,4.527832568637424,3.20487056276151,3.096630481616638,2.7426197515935105,2.796061970959779,2.37340162775886,2.6864955791288763,2.236573295278567,2.404924813559527,1.6803965688486042,2.312159106703276,1.8184576767042693,3.974580681285987,1.8274347021965225,3.783699435426719,1,1630,Graduate,Alone
1863,3.20205966218451,2.9209252193740105,5.040775906241375,4.360851315977026,2.945021363668507,2.06680164574635,5.157979854263591,2.1224894694409886,1.646662529059944,2.236573295278567,1.0699201826570324,1.6803965688486042,3.660753352070598,1.0674747257062231,4.359458196618029,3.449016008844124,2.950787522972296,1,3254,Postgraduate,Partner
1864,1.33197281029967,1.4006996032849282,1.473892466139911,1.671939563932239,1.6162120357701817,1.6466984988683857,1.7003268704580117,1.7171698290813504,2.16657905409441,2.236573295278567,2.404924813559527,2.7845387336497502,0.8845263707649753,2.3191129773696333,1.3832932720245692,4.259806662167925,1.1461450459877132,2,9064,Postgraduate,Partner
1865,2.271500132711563,2.575419397535583,1.8089363802974048,1.671939563932239,1.6608029528137496,1.6466984988683857,1.7003268704580117,1.5627623470395833,2.16657905409441,2.236573295278567,2.404924813559527,1.6803965688486042,0.9438052386932092,2.4025555274805277,1.5740730748831242,1.8274347021965225,1.7014196542906617,2,3678,Postgraduate,Alone
1866,2.8363316921200186,3.197329876844753,3.152077027318156,2.9033103662705058,2.289534883128058,2.4321087299880584,1.8707745527582864,3.5700596135825537,1.646662529059944,2.236573295278567,2.404924813559527,1.6803965688486042,2.593733729362387,2.3191129773696333,2.8962600564332845,2.908488906628257,3.644880783350982,1,4227,Postgraduate,Alone
1867,1.3274192159576144,2.2990147400648406,1.4472075526229429,1.74732961305499,1.6429665859963225,1.756290624140898,1.7003268704580117,1.4855586060186998,1.646662529059944,2.236573295278567,1.0699201826570324,0.5762544040474584,0.7906681632119381,0.984032175595329,1.373339543179775,1.8274347021965225,1.2849636980634502,2,9467,Postgraduate,Alone
1868,2.35499818406538,2.9554758015578533,1.9779408325715395,1.8729796949262416,2.1825166822234947,2.669558334745169,3.0395586599601723,1.7171698290813504,2.16657905409441,2.236573295278567,2.404924813559527,1.6803965688486042,3.5668951445175607,1.0674747257062231,2.073418471930299,1.8274347021965225,2.6731502188208216,2,8486,Graduate,Alone
1869,1.9712881628746075,1.4698007676526137,1.4946473988753313,1.6970695803064892,1.6295893108832518,1.6466984988683857,1.675977201557972,1.755771699591792,1.646662529059944,2.236573295278567,3.739929444462023,3.888680898450896,1.3834568424942777,3.3204235787003618,1.4032007297141575,1.8274347021965225,1.1461450459877132,2,2186,Postgraduate,Partner
1870,3.961115959856156,2.9554758015578533,3.1609719984904787,4.184941201357273,5.312799058681966,2.833946522653937,3.696999720261233,2.1610913399514304,1.646662529059944,2.236573295278567,1.0699201826570324,0.5762544040474584,1.7440699557243673,2.1522278771478454,4.150429890877351,4.259806662167925,2.6731502188208216,1,3286,Postgraduate,Alone
1871,3.475693509943345,1.9535089182264127,2.481989199003168,2.425840055159749,2.3787167172151937,3.290580377956073,5.036231509763393,2.064586663675326,3.206412104163342,2.236573295278567,3.739929444462023,3.888680898450896,2.0355243897048507,1.8184576767042693,2.687231750692607,1.8274347021965225,3.506062131275245,0,8602,Graduate,Partner
1872,1.8749192377172252,3.6119368630508655,1.9482909286637968,1.9232397276747424,2.079957573023288,2.633027626320998,1.822075214958208,2.006683857909663,2.16657905409441,2.236573295278567,2.404924813559527,2.7845387336497502,2.998805993538652,1.234359825928011,1.9606095450226315,2.6382253555203232,2.3955129146693475,2,3722,Graduate,Partner
1873,3.0581567879258733,3.750139191786237,3.9911693079072794,5.039361758081785,5.014039914490061,4.386501630681198,2.601264619759465,4.8053194699166895,1.646662529059944,2.236573295278567,1.0699201826570324,1.6803965688486042,3.883049106801475,0.7337045252626471,4.853826729242806,1.8274347021965225,3.2284248271237703,1,6715,Postgraduate,Partner
1874,4.02807238278373,3.646487445234709,4.266913414249287,5.516832069192542,4.3184216086104,3.4549685658648417,3.989195747061705,4.438601700067492,1.646662529059944,2.236573295278567,1.0699201826570324,1.6803965688486042,0.8746465594436028,0.6502619751517529,4.7592663052172615,4.259806662167925,3.2284248271237703,1,4796,Postgraduate,Partner
1875,1.3673793295715722,2.7827228906386394,1.5035423700476542,1.8227196621777408,1.6608029528137496,2.012005583110094,1.675977201557972,1.5820632822948042,2.16657905409441,2.236573295278567,2.404924813559527,2.7845387336497502,3.147003163359237,0.984032175595329,1.4463335547082656,1.8274347021965225,1.2849636980634502,2,9612,Graduate,Partner
1876,2.785173453644475,1.435250185468771,3.329976450764613,1.8478496785519916,1.8391666209880213,1.6466984988683857,1.675977201557972,2.025984793164884,5.286078204301206,2.236573295278567,2.404924813559527,1.6803965688486042,0.7165695783016457,2.4025555274805277,2.541243727635625,3.1787524577361905,3.367243479199508,0,3766,Graduate,Alone
1877,3.1591257726737,4.061094431440822,2.2388599869596764,3.8331209721177686,2.5169485600502544,4.879666194407505,2.016872566158522,2.3154988219931973,1.646662529059944,2.236573295278567,1.0699201826570324,0.5762544040474584,0.756088823587135,1.9019002268151632,2.6557116093507585,1.8274347021965225,1.979056958442136,1,1399,Graduate,Alone
1878,2.2038467310581646,1.6425536785718275,1.7911464379527595,2.1996699077914963,1.7811984288313831,2.103332354170521,1.9194738905583648,1.775072634847013,2.16657905409441,2.236573295278567,2.404924813559527,1.6803965688486042,1.8329882576167185,3.987963979587514,1.7184021431326395,1.8274347021965225,1.979056958442136,2,1570,Graduate,Alone
1879,1.0757634306864563,2.437217068800212,1.4323826006690714,1.7724596294292403,1.6340484025876088,2.1763937710188626,1.675977201557972,2.180392275206651,1.646662529059944,2.236573295278567,2.404924813559527,2.7845387336497502,3.8385899558553,1.5681300263715872,1.4596051931679912,2.6382253555203232,1.1461450459877132,2,3426,Undergraduate,Partner
1880,4.144839551983585,3.750139191786237,4.453707808868067,2.4509700715339995,3.5068669184174635,2.7791504600176813,3.210006342260447,3.0103324911811487,1.646662529059944,2.236573295278567,1.0699201826570324,0.5762544040474584,1.0327235405855602,3.570751229033044,4.122227659150434,3.1787524577361905,2.5343315667450845,1,3074,Postgraduate,Alone
1881,5.2042936804857405,0.951542034894972,1.4472075526229429,1.7221995966807395,1.6028347606571112,1.664963853080471,8.055590453368266,1.5434614117843624,1.126746004025478,2.236573295278567,1.0699201826570324,0.5762544040474584,0.7462090122657628,4.32173418003109,1.7864192902387337,1.8274347021965225,4.338974043729667,1,8341,Postgraduate,Alone
1882,2.6746326277286543,3.093678130293225,2.5501839779909763,2.023759793171744,1.892675721440303,1.9937402288980084,2.016872566158522,1.755771699591792,2.16657905409441,2.236573295278567,2.404924813559527,2.7845387336497502,2.470236087845233,3.90452142947662,2.1679788959558435,1.8274347021965225,2.811968870896559,0,5180,Postgraduate,Partner
1883,2.0458184212894777,1.0897443636303432,1.5539472066908169,1.6970695803064892,1.669721136222463,1.7014945615046415,1.675977201557972,1.5627623470395833,2.16657905409441,2.236573295278567,3.739929444462023,3.888680898450896,3.013625710520711,2.736325727924104,1.4396977354784029,1.8274347021965225,1.2849636980634502,2,6461,Postgraduate,Partner
1884,0.9487274415927812,1.1933961101818715,1.473892466139911,1.7975896458034906,1.651884769405036,1.6466984988683857,1.7733758771581294,1.6978688938261293,1.646662529059944,2.236573295278567,1.0699201826570324,0.5762544040474584,0.96850476699664,1.1509172758171171,1.4081775941365544,1.8274347021965225,1.1461450459877132,2,7679,Graduate,Alone
1885,3.329932025749175,3.888341520521609,2.235894996568902,1.8478496785519916,1.9461848218925843,2.012005583110094,1.846424883858247,1.6978688938261293,1.646662529059944,2.236573295278567,1.0699201826570324,1.6803965688486042,1.09694231417448,0.817147075373541,1.985493867134617,1.8274347021965225,2.5343315667450845,2,10702,Postgraduate,Partner
1886,1.3051623619796076,3.300981623396281,1.4561025237952654,1.6970695803064892,1.696475686448604,1.6832292072925563,1.7003268704580117,1.5241604765291417,2.6864955791288763,2.236573295278567,2.404924813559527,1.6803965688486042,1.8132286349739732,2.1522278771478454,1.3915880460618977,1.8274347021965225,1.4237823501391875,2,7505,Graduate,Alone
1887,2.042519388653907,1.3315984389172426,2.2566499293043223,1.671939563932239,1.669721136222463,1.6466984988683857,1.675977201557972,1.6592670233156877,2.16657905409441,2.236573295278567,2.404924813559527,2.7845387336497502,1.3538174085301606,2.4025555274805277,1.8345289796552384,2.908488906628257,2.2566942625936104,2,5113,Graduate,Partner
1888,2.838562024042658,2.402666486616369,2.609483785806462,3.20487056276151,2.771116787198592,4.167317380136173,3.1613070044603684,2.508508174545406,1.646662529059944,2.236573295278567,1.0699201826570324,1.6803965688486042,2.6332529746478763,3.570751229033044,2.9460287006572554,1.8274347021965225,2.3955129146693475,1,10858,Graduate,Partner
1889,2.7303444605462537,3.4391839521316525,3.318116489201516,2.853050333522005,2.646262219476601,1.8658827494134105,2.1386209106587186,2.952429685415486,3.206412104163342,2.236573295278567,2.404924813559527,2.7845387336497502,2.050344106686909,2.1522278771478454,3.032294350645472,1.8274347021965225,3.922518087502456,0,2961,Postgraduate,Partner
1890,1.4638876504741192,3.093678130293225,1.5628421778631396,1.671939563932239,1.6608029528137496,1.6832292072925563,1.7003268704580117,1.601364217550025,1.646662529059944,2.236573295278567,2.404924813559527,2.7845387336497502,1.2994784462626128,0.900589625484435,1.4430156450933342,1.8274347021965225,1.4237823501391875,2,2747,Graduate,Partner
1891,1.578470952999724,1.8844077538587272,1.4916824084845568,1.6970695803064892,1.6295893108832518,1.7745559783529834,1.74902620825809,1.5820632822948042,1.646662529059944,2.236573295278567,1.0699201826570324,1.6803965688486042,2.8950679746642427,3.1535384784785734,1.4032007297141575,1.8274347021965225,1.1461450459877132,2,3010,Graduate,Partner
1892,1.38489672821397,3.9228921027054513,1.473892466139911,1.7724596294292403,1.6474256777006793,1.6466984988683857,1.675977201557972,1.8522763758678964,1.646662529059944,2.236573295278567,2.404924813559527,2.7845387336497502,1.951545993473186,1.4012449261497992,1.4114955037514858,2.6382253555203232,1.1461450459877132,2,5790,Postgraduate,Partner
1893,4.220252650117834,1.746205425123356,2.891157872930019,6.270732560420052,3.159057765477633,5.007523673892102,2.236019586258876,2.025984793164884,1.126746004025478,2.236573295278567,1.0699201826570324,1.6803965688486042,0.9339254273718368,3.0700959283676794,3.4221487303999103,1.8274347021965225,3.506062131275245,1,6892,Undergraduate,Partner
1894,3.050629417686965,1.746205425123356,4.266913414249287,2.677140218902253,2.36979853380648,4.532624464377881,2.9665096532600543,3.550758678327333,2.16657905409441,2.236573295278567,2.404924813559527,1.6803965688486042,3.532315804892757,2.2356704272587398,3.798731471694624,2.908488906628257,3.367243479199508,1,1743,Graduate,Alone
1895,3.663459578680558,3.577386280867024,3.887394644230178,5.139881823578786,3.5068669184174635,2.7426197515935105,3.9161467403615866,1.775072634847013,1.646662529059944,2.236573295278567,1.0699201826570324,1.6803965688486042,3.665693257731284,2.1522278771478454,3.921494127447085,1.8274347021965225,3.783699435426719,1,3578,Postgraduate,Partner
1896,3.537864012286921,3.8537909383377658,4.444812837695744,2.928440382644756,3.819003337722439,2.833946522653937,2.8934606465599364,4.052582994963076,2.6864955791288763,2.236573295278567,2.404924813559527,2.7845387336497502,3.9275082577476494,2.485998077591421,4.337891784120975,4.800333764383792,2.6731502188208216,1,8462,Graduate,Partner
1897,2.348725375532956,1.4698007676526137,4.255053452686189,1.671939563932239,1.9060529965533728,1.6466984988683857,1.675977201557972,4.843921340427132,4.246245154232274,2.236573295278567,2.404924813559527,1.6803965688486042,3.156882974680609,2.819768278034997,3.3143166679146403,1.8274347021965225,4.061336739578193,0,5558,Postgraduate,Alone
1898,2.5731060600001685,2.1608124113294696,1.900851082411408,1.671939563932239,2.1245484900668563,1.6466984988683857,1.675977201557972,4.129786735983959,4.76616167926674,2.236573295278567,2.404924813559527,1.6803965688486042,3.9176284464262783,2.4025555274805277,2.0170140084764654,5.070597315491726,2.811968870896559,0,4619,Graduate,Alone
1899,0.7991558070307689,1.1588455279980288,1.524297302783074,1.671939563932239,1.625130219178895,2.06680164574635,1.7733758771581294,1.8329754406126757,1.646662529059944,2.236573295278567,1.0699201826570324,1.6803965688486042,3.048205050145514,0.5668194250408589,1.4678999672053197,1.8274347021965225,1.2849636980634502,2,8780,Graduate,Partner
1900,1.594129741706589,3.4737345343154957,1.4976123892661055,1.671939563932239,1.6563438611093928,1.6466984988683857,1.7246765393580508,1.620665152805246,2.16657905409441,2.236573295278567,2.404924813559527,1.6803965688486042,2.534454861434153,1.317802376038905,1.404859684521623,1.8274347021965225,1.4237823501391875,2,10789,Postgraduate,Alone
1901,0.8572838327645611,1.573452514204142,1.482787437312234,2.7274002516507534,1.696475686448604,1.9206788120496667,2.162970579558758,1.8329754406126757,1.646662529059944,2.236573295278567,1.0699201826570324,0.5762544040474584,3.028445427502769,1.735015126593375,1.554165617193536,1.8274347021965225,1.5626010022149246,2,10779,Graduate,Alone
1902,1.510120572620501,3.128228712477068,1.473892466139911,1.671939563932239,1.607293852361468,1.6466984988683857,1.675977201557972,1.5241604765291417,1.646662529059944,2.236573295278567,3.739929444462023,3.888680898450896,3.3050801445011944,2.6528831778132096,1.361726859527515,1.8274347021965225,1.007326393911976,2,5896,Postgraduate,Partner
1903,1.4008343084111647,0.8824408705272864,1.4976123892661055,1.7724596294292403,1.6117529440658247,1.82935204098924,1.7977255460581685,1.92948011688878,1.646662529059944,2.236573295278567,2.404924813559527,1.6803965688486042,0.6227113707486087,1.6515725764824811,1.4430156450933342,1.8274347021965225,1.2849636980634502,2,2337,Undergraduate,Alone
1904,3.2154881189687354,2.6099699797194256,2.0224156884331537,6.522032724162555,2.035366655979721,2.486904792624314,6.18066594806524,5.056231628234561,2.16657905409441,2.236573295278567,2.404924813559527,2.7845387336497502,1.3834568424942777,2.0687853270369514,2.8348787285570536,1.8274347021965225,3.367243479199508,1,10951,Undergraduate,Partner
1905,4.159522570474296,3.542835698683181,5.355064887663449,2.3504500060369984,2.1200893983624995,2.94353864792645,4.305741442762215,2.006683857909663,1.126746004025478,2.236573295278567,1.0699201826570324,0.5762544040474584,3.636053823767167,3.403866128811256,4.107297065883243,6.692178622139329,3.644880783350982,1,544,Graduate,Alone
1906,3.525225464725297,2.4717676509840545,4.966651146472017,2.5012301042825005,2.8424622544683005,4.002929192227404,3.283055348960565,2.1224894694409886,1.646662529059944,2.236573295278567,1.0699201826570324,0.5762544040474584,1.9268464651697552,4.488619280252878,4.20517539952372,3.1787524577361905,4.061336739578193,1,17,Postgraduate,Alone
1907,3.682463865271383,2.2990147400648406,2.9267377576193105,5.114751807204536,3.3775532589911164,3.5462953369252688,2.211669917358837,1.910179181633559,2.6864955791288763,12.555767160837409,3.739929444462023,2.7845387336497502,3.240861370912274,3.1535384784785734,3.30270398426238,1.8274347021965225,4.338974043729667,1,10680,Graduate,Alone
1908,0.9744227239515236,0.7096879596080725,1.4353475910598457,1.7724596294292403,1.6295893108832518,1.6466984988683857,1.7733758771581294,1.5820632822948042,1.646662529059944,2.236573295278567,2.404924813559527,2.7845387336497502,2.0552840123475957,1.6515725764824811,1.366703723949912,1.8274347021965225,1.1461450459877132,2,3265,Postgraduate,Partner
1909,2.485054414304296,2.886374637190168,4.699802011302332,1.671939563932239,1.7901166122400969,1.6466984988683857,1.675977201557972,2.1417904046962093,2.6864955791288763,2.236573295278567,2.404924813559527,2.7845387336497502,3.468097031303837,2.3191129773696333,3.2877733909951887,3.449016008844124,2.950787522972296,0,5623,Postgraduate,Partner
1910,3.2008515657264134,2.1953629935133123,2.4760592182216192,3.20487056276151,4.9471535389247085,2.377312667351802,2.796061970959779,2.006683857909663,1.646662529059944,2.236573295278567,1.0699201826570324,1.6803965688486042,2.420837031238372,2.2356704272587398,3.450350962126828,1.8274347021965225,2.3955129146693475,1,5832,Graduate,Partner
1911,2.932840013022566,2.091711246961784,3.36259134506313,2.8781803498962555,3.1501395820689195,3.3636417948044146,3.721349389161272,3.5700596135825537,1.646662529059944,2.236573295278567,1.0699201826570324,0.5762544040474584,3.517496087910699,3.3204235787003618,3.5432524313449063,3.449016008844124,3.0896061750480333,1,5544,Graduate,Alone
1912,2.8327074027457297,1.6425536785718275,2.5531489683817505,1.8227196621777408,2.289534883128058,2.103332354170521,3.8917970714615473,3.2419437142437992,3.726328629197808,2.236573295278567,3.739929444462023,3.888680898450896,2.450476465202488,2.6528831778132096,2.5694459593625423,1.8274347021965225,3.2284248271237703,0,6417,Postgraduate,Partner
1913,2.7966039047480025,3.508285116499338,1.565807168253914,1.7724596294292403,1.749984786900885,1.6832292072925563,1.7246765393580508,1.5048595412739207,1.646662529059944,2.236573295278567,3.739929444462023,3.888680898450896,1.6798511821354472,1.9019002268151632,1.4778536960501136,1.8274347021965225,1.4237823501391875,2,5831,Postgraduate,Partner
1914,3.054718359545137,3.8537909383377658,1.909746053583731,2.4509700715339995,2.155762131997354,1.7928213325650688,2.08992157285864,2.81732313862894,2.16657905409441,2.236573295278567,2.404924813559527,2.7845387336497502,1.9416661821518135,4.154849079809302,2.013696098861534,1.8274347021965225,2.3955129146693475,0,7101,Postgraduate,Partner
1915,0.8981267860978972,2.0226100825940985,1.4531375334044911,1.74732961305499,1.67418022792682,1.7014945615046415,1.74902620825809,1.6399660880604667,2.6864955791288763,2.236573295278567,2.404924813559527,2.7845387336497502,1.4427357104225114,1.234359825928011,1.3998828200992262,1.8274347021965225,1.4237823501391875,2,10176,Postgraduate,Partner
1916,1.2923379534244304,2.264464157880998,1.4798224469214598,1.74732961305499,1.669721136222463,1.7014945615046415,1.7733758771581294,1.8329754406126757,2.16657905409441,2.236573295278567,3.739929444462023,3.888680898450896,1.027783634924874,2.4025555274805277,1.4314029614410742,1.8274347021965225,1.4237823501391875,2,2326,Postgraduate,Partner
1917,3.4464668687070894,2.368115904432526,2.4375143431415536,4.385981332351276,2.4143894508500483,4.02119454643949,2.601264619759465,3.415652131540787,2.16657905409441,2.236573295278567,2.404924813559527,2.7845387336497502,2.7962698614505195,3.821078879365726,2.821607090097328,1.8274347021965225,3.506062131275245,1,4385,Graduate,Partner
1918,1.5451553699052964,2.0226100825940985,1.4531375334044911,1.7724596294292403,1.6563438611093928,1.7014945615046415,1.7977255460581685,1.5434614117843624,2.16657905409441,2.236573295278567,3.739929444462023,3.888680898450896,3.8534096728373584,1.8184576767042693,1.389929091254432,1.8274347021965225,1.1461450459877132,2,2929,Undergraduate,Partner
1919,2.475110851149195,0.7442385417919153,1.8860261304575368,2.2247999241657466,2.4901940098241138,2.3590473131397167,2.4064672685591506,1.6399660880604667,3.726328629197808,2.236573295278567,2.404924813559527,1.6803965688486042,2.9395271256104185,3.403866128811256,2.0817132459676277,3.449016008844124,2.6731502188208216,0,10686,Postgraduate,Alone
1920,2.4452801616838915,2.7827228906386394,3.5345607877280387,2.048889809545994,1.7232302366747447,2.012005583110094,1.675977201557972,1.4855586060186998,2.6864955791288763,2.236573295278567,2.404924813559527,1.6803965688486042,3.487856653946582,3.987963979587514,2.6125787843566504,3.449016008844124,3.506062131275245,0,2546,Postgraduate,Alone
1921,1.5106781556011608,1.5043513498364565,1.4531375334044911,1.7221995966807395,1.607293852361468,1.6466984988683857,1.675977201557972,1.5048595412739207,1.646662529059944,2.236573295278567,2.404924813559527,2.7845387336497502,1.0722427858710493,3.1535384784785734,1.3517731306827208,1.8274347021965225,1.007326393911976,2,3283,Postgraduate,Partner
1922,1.100297081835491,2.2990147400648406,1.4353475910598457,1.7221995966807395,1.607293852361468,1.884148103625496,1.9925228972584828,1.5627623470395833,1.646662529059944,2.236573295278567,2.404924813559527,2.7845387336497502,2.079983540651026,1.9853427769260568,1.389929091254432,1.8274347021965225,1.2849636980634502,2,3138,Graduate,Partner
1923,3.3281198810620305,2.575419397535583,4.542657520591295,2.023759793171744,3.025285014346929,1.6466984988683857,2.016872566158522,3.647263354603437,1.646662529059944,2.236573295278567,1.0699201826570324,1.6803965688486042,1.2945385406019263,1.0674747257062231,3.8352284774588687,5.881387968815528,3.506062131275245,1,4994,Postgraduate,Partner
1924,1.2355109546455112,2.9900263837416965,1.4857524277030083,1.6970695803064892,1.651884769405036,1.7014945615046415,1.7246765393580508,1.5627623470395833,1.646662529059944,2.236573295278567,2.404924813559527,2.7845387336497502,3.2112219369481574,3.90452142947662,1.3982238652917602,1.8274347021965225,1.1461450459877132,2,7966,Graduate,Partner
1925,1.023768817739923,2.851824055006325,1.4946473988753313,1.671939563932239,1.6162120357701817,1.756290624140898,1.7246765393580508,1.601364217550025,1.646662529059944,2.236573295278567,2.404924813559527,1.6803965688486042,4.001606842657943,1.6515725764824811,1.3965649104842948,1.8274347021965225,1.1461450459877132,2,3112,Graduate,Alone
1926,3.2915981958288087,2.9554758015578533,2.2418249773504506,3.7577309229950178,2.552621293685109,4.404766984893284,5.109280516463512,5.808968103188175,1.646662529059944,2.236573295278567,1.0699201826570324,1.6803965688486042,0.909225899068406,1.0674747257062231,3.1334905939008797,1.8274347021965225,3.644880783350982,1,10872,Graduate,Partner
1927,1.5240136818886094,3.888341520521609,1.6310369568509482,1.8227196621777408,1.7589029703095989,1.7014945615046415,1.822075214958208,2.2768969514827555,2.16657905409441,2.236573295278567,2.404924813559527,2.7845387336497502,3.813890427551869,1.735015126593375,1.5956394873801782,1.8274347021965225,1.5626010022149246,2,2181,Postgraduate,Partner
1928,3.2089829841943702,3.4737345343154957,2.4493743047046506,2.8027903007735047,4.505703460193386,3.5462953369252688,1.943823559458404,3.685865225113879,2.16657905409441,2.236573295278567,1.0699201826570324,0.5762544040474584,3.0976041067523754,3.821078879365726,3.437079323667102,1.8274347021965225,2.950787522972296,1,1867,Graduate,Alone
1929,2.856729936162493,0.7442385417919153,1.859341216940568,6.522032724162555,3.6361805778438105,5.391096112345896,2.3090685929589934,4.284194218025726,2.16657905409441,2.236573295278567,1.0699201826570324,1.6803965688486042,3.571835050178247,1.234359825928011,3.2728427977279977,3.449016008844124,3.0896061750480333,1,1518,Graduate,Partner
1930,3.8176312728330144,1.4698007676526137,2.0728205250763168,2.626880186153752,3.1501395820689195,3.6741528164098662,3.745699058061312,1.775072634847013,1.646662529059944,2.236573295278567,2.404924813559527,2.7845387336497502,0.632591182069981,1.9019002268151632,2.680595931462744,1.8274347021965225,3.506062131275245,1,5734,Postgraduate,Partner
1931,1.5953843034130737,2.5063182331678973,1.482787437312234,1.8478496785519916,1.7410666034921718,1.82935204098924,1.7246765393580508,1.5434614117843624,2.6864955791288763,2.236573295278567,3.739929444462023,2.7845387336497502,2.835789106736009,2.4025555274805277,1.449651464323197,1.8274347021965225,1.4237823501391875,2,2878,Graduate,Alone
1932,1.7734856004855162,1.3315984389172426,1.6340019472417224,1.8729796949262416,1.7053938698573174,1.8658827494134105,1.846424883858247,1.7171698290813504,2.16657905409441,2.236573295278567,2.404924813559527,2.7845387336497502,3.067964672788259,3.570751229033044,1.5491887527711388,1.8274347021965225,1.5626010022149246,2,1458,Graduate,Partner
1933,2.295894388115433,3.957442684889294,1.8563762265497936,1.671939563932239,1.6206711274745382,1.6466984988683857,1.675977201557972,1.601364217550025,1.646662529059944,2.236573295278567,1.0699201826570324,0.5762544040474584,2.346738446328079,4.73894693058556,1.5873447133428498,1.8274347021965225,1.7014196542906617,2,7007,Postgraduate,Alone
1934,2.56529989827093,1.2970478567333998,2.1884551503165137,2.5263601206567508,2.048743931092791,3.290580377956073,2.3821175996591117,2.4313044335245224,2.16657905409441,2.236573295278567,2.404924813559527,2.7845387336497502,1.9910652387586756,1.735015126593375,2.2575624555589915,1.8274347021965225,2.811968870896559,0,6200,Graduate,Partner
1935,3.677352687948667,2.713621726270954,2.861507969022276,3.481300742878264,4.117762481914344,3.3636417948044146,1.9681732283584437,3.5700596135825537,1.646662529059944,2.236573295278567,1.0699201826570324,0.5762544040474584,0.8252475028367412,3.821078879365726,3.5432524313449063,1.8274347021965225,3.0896061750480333,1,1403,Graduate,Alone
1936,3.2806788624575525,0.7096879596080725,5.239430262423252,4.310591283228526,4.501244368489029,2.158128416806777,2.187320248458797,1.4855586060186998,1.646662529059944,2.236573295278567,1.0699201826570324,1.6803965688486042,3.971967408693826,1.735015126593375,4.797422265788972,3.449016008844124,3.644880783350982,1,4827,Postgraduate,Partner
1937,2.791074540189792,1.0897443636303432,2.431584362360005,1.7724596294292403,1.986316647231796,1.847617395201325,1.8707745527582864,1.736470764336571,1.646662529059944,2.236573295278567,1.0699201826570324,0.5762544040474584,1.6650314651533886,2.736325727924104,2.094984884427353,1.8274347021965225,2.6731502188208216,2,6250,Postgraduate,Alone
1938,3.490097736943725,1.91895833604257,3.223236796696739,1.9232397276747424,3.127844123547136,3.1809882526835604,2.9908593221600936,2.103188534185768,1.646662529059944,2.236573295278567,1.0699201826570324,0.5762544040474584,0.8697066537829168,3.90452142947662,3.201507741006973,1.8274347021965225,2.811968870896559,1,9291,Postgraduate,Alone
1939,1.2893177122791897,2.679071144087111,1.4531375334044911,1.671939563932239,1.6206711274745382,1.7014945615046415,1.7003268704580117,1.5048595412739207,1.646662529059944,2.236573295278567,2.404924813559527,2.7845387336497502,1.3933366538156498,1.735015126593375,1.3600679047200492,1.8274347021965225,1.1461450459877132,2,2478,Graduate,Partner
1940,2.10338886404261,2.54086881535174,1.9393959574914736,2.702270235276503,1.9729393721187252,2.468639438412229,1.822075214958208,2.006683857909663,3.726328629197808,2.236573295278567,2.404924813559527,1.6803965688486042,3.626174012445795,3.403866128811256,1.952314770985303,2.6382253555203232,2.3955129146693475,0,1139,Graduate,Alone
1941,4.419449169958575,2.713621726270954,2.757733305345176,3.4561707265040136,5.830053696387354,2.377312667351802,2.08992157285864,1.8136745053574548,1.646662529059944,2.236573295278567,1.0699201826570324,0.5762544040474584,2.722171276540227,0.5668194250408589,3.888315031297771,4.800333764383792,4.338974043729667,1,5138,Graduate,Alone
1942,2.5472713818962607,2.2990147400648406,1.628071966460174,1.7724596294292403,1.7321484200834585,1.9572095204738376,1.7246765393580508,1.7943735701022336,2.6864955791288763,2.236573295278567,3.739929444462023,2.7845387336497502,0.849947031140172,3.90452142947662,1.5558245720010015,1.8274347021965225,1.5626010022149246,2,5393,Postgraduate,Alone
1943,3.1746451656354,1.9535089182264127,2.9474926903547303,3.0038304317675077,2.0264484725710066,3.126192190047304,6.034567934665004,3.2033418437333574,2.6864955791288763,2.236573295278567,2.404924813559527,2.7845387336497502,2.37143797463151,2.6528831778132096,3.0057510737260205,1.8274347021965225,3.783699435426719,1,10413,Postgraduate,Partner
1944,3.249779472279318,0.9169914527111293,5.7642335615903,2.0740198259202445,2.160221223701711,1.6466984988683857,1.675977201557972,4.573708246854039,1.646662529059944,2.236573295278567,1.0699201826570324,0.5762544040474584,2.341798540667393,2.9032108281458915,4.256602998555156,6.421915071031394,2.5343315667450845,1,5015,Postgraduate,Alone
1945,1.9807670735458256,1.2970478567333998,1.4887174180937826,1.671939563932239,1.651884769405036,1.7745559783529834,1.74902620825809,1.5048595412739207,2.6864955791288763,2.236573295278567,3.739929444462023,3.888680898450896,0.6474108990520395,1.5681300263715872,1.4015417749066916,1.8274347021965225,1.4237823501391875,2,10868,Graduate,Partner
1946,1.819439731141568,1.746205425123356,1.5776671298170113,1.7724596294292403,1.78565752053574,1.82935204098924,1.9194738905583648,2.3154988219931973,2.6864955791288763,2.236573295278567,3.739929444462023,2.7845387336497502,2.657952502951307,3.737636329254832,1.5939805325727123,3.449016008844124,1.5626010022149246,2,10676,Graduate,Alone
1947,2.1906970657642693,1.573452514204142,1.731846630137274,1.6970695803064892,1.6563438611093928,1.6832292072925563,1.675977201557972,1.9487810521440008,1.646662529059944,2.236573295278567,2.404924813559527,1.6803965688486042,1.452615521743884,2.569440627702316,1.5657783008457955,1.8274347021965225,1.5626010022149246,2,2495,Graduate,Alone
1948,3.3805791464924475,2.6445205619032683,2.9089478152746646,5.416312003695541,5.22361722459483,4.806604777559163,2.869110977659897,2.4313044335245224,1.646662529059944,2.236573295278567,1.0699201826570324,1.6803965688486042,2.1145628802758294,4.154849079809302,4.203516444716254,1.8274347021965225,4.061336739578193,1,7842,Graduate,Partner
1949,2.9154155448769448,2.679071144087111,2.559078949163299,2.551490137031001,2.35642125869341,2.669558334745169,3.770048726961351,3.2805455847542406,2.16657905409441,2.236573295278567,2.404924813559527,2.7845387336497502,1.823108446295346,2.0687853270369514,2.692208615115004,1.8274347021965225,3.367243479199508,1,9955,Graduate,Partner
1950,3.5079403923248407,1.6425536785718275,3.30032654685687,2.752530268025004,2.655180402885315,3.984663838015319,3.5265520379609576,1.890878246378338,2.16657905409441,2.236573295278567,2.404924813559527,2.7845387336497502,1.185860616066831,2.819768278034997,3.214779379466698,1.8274347021965225,4.20015539165393,1,6663,Graduate,Partner
1951,3.294990158961156,2.713621726270954,2.9890025558255706,3.682340873872267,4.055335198053349,3.893337066954892,3.964846078161665,2.508508174545406,1.646662529059944,2.236573295278567,1.0699201826570324,0.5762544040474584,2.993866087877966,3.987963979587514,3.697535228439216,3.719279559952058,3.367243479199508,1,2162,Graduate,Alone
1952,3.9034525866062473,2.057160664777941,4.136453837055218,2.325319989662748,3.2660759663821963,1.9572095204738376,2.3090685929589934,1.736470764336571,1.646662529059944,2.236573295278567,1.0699201826570324,1.6803965688486042,1.363697219851533,1.5681300263715872,3.601315849606205,4.259806662167925,3.367243479199508,1,3434,Postgraduate,Partner
1953,2.507078942040361,1.573452514204142,3.4248561432693903,1.671939563932239,2.4768167347110435,2.322516604715546,2.8204116398598185,1.9873829226544424,2.16657905409441,2.236573295278567,2.404924813559527,1.6803965688486042,3.0580848614668863,2.569440627702316,2.9559824295020496,2.6382253555203232,2.5343315667450845,0,7919,Graduate,Alone
1954,1.7346406528328782,1.6080030963879848,1.4976123892661055,1.671939563932239,1.6295893108832518,1.6466984988683857,1.675977201557972,1.7171698290813504,1.646662529059944,2.236573295278567,2.404924813559527,1.6803965688486042,1.062362974549677,1.1509172758171171,1.3998828200992262,2.6382253555203232,1.1461450459877132,2,5626,Graduate,Alone
1955,1.5273127145241805,0.9169914527111293,2.0194506980423794,2.5012301042825005,1.8570029878054488,1.7928213325650688,1.74902620825809,1.775072634847013,3.726328629197808,2.236573295278567,3.739929444462023,3.888680898450896,3.2754407105370773,2.1522278771478454,1.854436437344827,3.449016008844124,2.2566942625936104,0,6428,Graduate,Partner
1956,1.8151184630414536,1.262497274549557,2.203280102270385,2.249929940539997,1.914971179962087,1.7197599157167271,2.236019586258876,2.450605368779744,2.16657905409441,2.236573295278567,2.404924813559527,2.7845387336497502,2.8012097671112057,1.8184576767042693,2.046875195010848,1.8274347021965225,2.5343315667450845,2,8514,Graduate,Partner
1957,2.4607995546455914,3.2664310412124387,1.7585315436542426,2.0740198259202445,1.754443878605242,1.7745559783529834,1.8951242216583255,1.8329754406126757,2.6864955791288763,2.236573295278567,3.739929444462023,3.888680898450896,1.7440699557243673,2.1522278771478454,1.6553618604489433,1.8274347021965225,1.840238306366399,2,10448,Undergraduate,Partner
1958,0.1253632401516955,0.640586795240387,1.4768574565306856,1.7724596294292403,1.6429665859963225,1.6832292072925563,1.7733758771581294,7.681158822944599,1.126746004025478,2.236573295278567,2.404924813559527,2.7845387336497502,1.9070868425270109,2.3191129773696333,1.9224535844509203,1.8274347021965225,4.061336739578193,2,2109,Graduate,Partner
1959,1.4358691056959605,1.746205425123356,1.616212004897077,5.466572036444042,2.2003530490409218,4.441297693317454,2.1386209106587186,2.508508174545406,2.16657905409441,2.236573295278567,1.0699201826570324,1.6803965688486042,4.026306370961374,2.819768278034997,2.2824467776709767,1.8274347021965225,2.811968870896559,1,7530,Undergraduate,Partner
1960,1.696260357664123,0.7096879596080725,1.6013870529432055,1.671939563932239,1.669721136222463,1.6832292072925563,1.675977201557972,1.6785679585709086,3.206412104163342,2.236573295278567,3.739929444462023,2.7845387336497502,1.981185427437303,2.4025555274805277,1.4728768316277168,1.8274347021965225,1.5626010022149246,2,8925,Postgraduate,Alone
1961,1.628653421259113,1.1933961101818715,1.5154023316107512,1.6970695803064892,1.6652620445181063,1.6466984988683857,1.74902620825809,1.736470764336571,1.646662529059944,2.236573295278567,2.404924813559527,2.7845387336497502,0.9833244839786984,1.4846874762606932,1.4314029614410742,3.449016008844124,1.2849636980634502,2,3009,Graduate,Partner
1962,1.3779269409557215,2.575419397535583,1.43831258145062,1.7221995966807395,1.6429665859963225,1.6466984988683857,1.7003268704580117,1.6592670233156877,1.646662529059944,2.236573295278567,2.404924813559527,1.6803965688486042,3.408818163375604,1.0674747257062231,1.371680588372309,4.259806662167925,1.007326393911976,2,6355,Postgraduate,Alone
1963,1.0612662731892997,3.991993267073137,1.512437341219977,2.5263601206567508,1.865921171214162,1.847617395201325,2.016872566158522,2.334799757248418,2.6864955791288763,2.236573295278567,2.404924813559527,2.7845387336497502,2.993866087877966,1.0674747257062231,1.6470670864116148,1.8274347021965225,1.7014196542906617,2,3517,Graduate,Partner
1964,1.104897141425935,1.1588455279980288,1.5480172259092684,1.74732961305499,1.7232302366747447,1.82935204098924,1.846424883858247,1.6978688938261293,2.6864955791288763,2.236573295278567,2.404924813559527,1.6803965688486042,3.794130804909124,1.9019002268151632,1.4944432441247706,3.449016008844124,1.4237823501391875,2,1158,Postgraduate,Alone
1965,4.317179158255876,1.8498571716748844,4.035644163768893,5.265531905450039,5.143353573916407,3.58282604534944,5.157979854263591,4.245592347515284,1.126746004025478,2.236573295278567,1.0699201826570324,1.6803965688486042,1.2648991066378097,3.821078879365726,4.994837887877391,3.449016008844124,3.506062131275245,1,6203,Graduate,Partner
1966,2.6446160772697977,0.7442385417919153,1.6132470145063027,1.6970695803064892,1.78565752053574,1.756290624140898,1.7977255460581685,1.910179181633559,1.646662529059944,2.236573295278567,2.404924813559527,2.7845387336497502,2.4850558048272915,2.9032108281458915,1.559142481615933,1.8274347021965225,1.5626010022149246,2,7165,Postgraduate,Partner
1967,2.391612799795378,2.3335653222486834,2.2596149196950965,1.8478496785519916,1.9506439135969411,2.012005583110094,1.675977201557972,2.006683857909663,5.286078204301206,2.236573295278567,3.739929444462023,2.7845387336497502,3.067964672788259,1.8184576767042693,2.0153550536689995,1.8274347021965225,2.5343315667450845,0,3595,Graduate,Alone
1968,0.9415717933409792,0.7787891239757581,1.4561025237952654,1.671939563932239,1.6162120357701817,1.7014945615046415,1.7003268704580117,1.5434614117843624,1.646662529059944,2.236573295278567,2.404924813559527,2.7845387336497502,3.314959955822567,3.3204235787003618,1.3633858143349806,1.8274347021965225,1.007326393911976,2,8537,Graduate,Partner
1969,2.5733848514904984,2.1953629935133123,1.9690458613992168,1.7724596294292403,1.736607511787815,1.6466984988683857,1.7246765393580508,2.296197886737976,4.246245154232274,2.236573295278567,3.739929444462023,3.888680898450896,3.0976041067523754,1.5681300263715872,1.7631939229342135,1.8274347021965225,1.979056958442136,0,4331,Graduate,Partner
1970,2.306674325741524,1.91895833604257,1.6755118127125626,1.7221995966807395,2.0398257476840773,2.815681168441852,2.3090685929589934,3.743768030879542,1.646662529059944,2.236573295278567,1.0699201826570324,1.6803965688486042,2.4257769368990574,0.4833768749299649,1.9788580479047544,1.8274347021965225,2.1178756105178733,2,6281,Graduate,Partner
1971,1.0104797567008623,1.9880595004102557,1.54208724512772,2.048889809545994,1.830248437579308,1.7014945615046415,1.8707745527582864,2.045285728420105,2.6864955791288763,2.236573295278567,2.404924813559527,2.7845387336497502,1.828048351956032,0.900589625484435,1.5707551652681928,1.8274347021965225,1.5626010022149246,2,4338,Graduate,Partner
1972,2.619989495623986,1.9535089182264127,2.105435419374834,2.1494098750429957,2.1691394071104244,1.7197599157167271,1.943823559458404,2.4699063040349643,2.16657905409441,2.236573295278567,2.404924813559527,2.7845387336497502,0.96850476699664,3.403866128811256,2.061805788278039,1.8274347021965225,2.5343315667450845,2,2452,Graduate,Partner
1973,3.310091364687361,0.9169914527111293,4.667187117003815,2.6017501697795016,4.229239774523264,4.29517485962077,2.576914950859426,2.547110045055848,1.646662529059944,2.236573295278567,1.0699201826570324,0.5762544040474584,1.551413634957607,2.819768278034997,4.5751223215885695,3.719279559952058,3.0896061750480333,1,9507,Postgraduate,Alone
1974,1.7685138189079654,3.7155886096023942,1.6814417934941113,2.048889809545994,1.7098529615616742,1.884148103625496,1.9925228972584828,1.890878246378338,2.16657905409441,2.236573295278567,2.404924813559527,2.7845387336497502,2.850608823718068,2.1522278771478454,1.6155469450697666,1.8274347021965225,1.7014196542906617,2,8360,Postgraduate,Partner
1975,4.181035980478089,2.264464157880998,5.212745348906283,2.275059956914247,4.91593989699421,3.3636417948044146,2.3821175996591117,2.4120034982693017,1.126746004025478,2.236573295278567,1.0699201826570324,0.5762544040474584,1.8478079745987768,4.154849079809302,5.004791616722185,4.800333764383792,4.338974043729667,1,10311,Postgraduate,Alone
1976,4.309280066029861,3.231880459028596,4.444812837695744,2.5012301042825005,3.448898726260825,3.6193567537736095,4.110944091561901,1.7943735701022336,1.646662529059944,2.236573295278567,2.404924813559527,1.6803965688486042,1.0179038236035016,3.236981028589468,4.132181387995228,4.259806662167925,2.6731502188208216,1,5117,Graduate,Alone
1977,0.5548879962533544,3.6119368630508655,1.4472075526229429,1.7221995966807395,1.6295893108832518,1.6832292072925563,1.7003268704580117,1.5820632822948042,2.16657905409441,2.236573295278567,3.739929444462023,3.888680898450896,2.751810710504344,3.0700959283676794,1.3683626787573775,1.8274347021965225,1.1461450459877132,2,4867,Graduate,Partner
1978,4.405695456435632,0.7787891239757581,2.757733305345176,2.1996699077914963,2.14684394858864,2.596496917896827,4.13529376046194,2.6822165918423937,1.126746004025478,2.236573295278567,1.0699201826570324,1.6803965688486042,0.7709085405691936,1.4012449261497992,2.668983247810484,5.881387968815528,3.506062131275245,1,9289,Undergraduate,Partner
1979,3.5998951188853323,3.1627792946609103,2.9237727672285363,2.249929940539997,2.111171214953786,4.916196902831675,2.357767930759072,2.334799757248418,1.646662529059944,2.236573295278567,1.0699201826570324,1.6803965688486042,3.892928918122848,1.8184576767042693,2.811653361252534,3.719279559952058,2.6731502188208216,1,10913,Graduate,Partner
1980,2.547643103883368,2.229913575697155,2.099505438593285,2.2247999241657466,2.1825166822234947,2.3955780215638875,2.43081693745919,2.0838875989305468,2.6864955791288763,2.236573295278567,2.404924813559527,2.7845387336497502,3.3100200501618806,1.8184576767042693,2.1298229353841327,1.8274347021965225,2.6731502188208216,0,3032,Postgraduate,Partner
1981,1.4364266886766204,1.9535089182264127,2.138050313673351,1.74732961305499,2.2181894158583493,1.6466984988683857,1.846424883858247,1.92948011688878,3.206412104163342,2.236573295278567,2.404924813559527,2.7845387336497502,3.201342125626785,1.9853427769260568,2.012037144054068,2.6382253555203232,2.5343315667450845,2,8524,Postgraduate,Partner
1982,3.0562981779903406,3.1627792946609103,1.6962667454479825,2.626880186153752,1.8882166297359464,2.249455187867204,2.5525652819593865,2.778721268118498,1.646662529059944,2.236573295278567,2.404924813559527,1.6803965688486042,1.4674352387259422,1.4012449261497992,1.876002849841881,1.8274347021965225,2.1178756105178733,2,3334,Undergraduate,Alone
1983,1.04435292277595,2.9209252193740105,1.450172543013717,1.7221995966807395,1.625130219178895,1.7014945615046415,1.7246765393580508,1.5434614117843624,1.646662529059944,2.236573295278567,2.404924813559527,1.6803965688486042,2.9494069369317906,2.2356704272587398,1.3683626787573775,1.8274347021965225,1.1461450459877132,2,4470,Graduate,Alone
1984,1.2401574794843435,1.8844077538587272,1.4412775718413942,1.7221995966807395,1.6117529440658247,1.6832292072925563,1.675977201557972,1.4855586060186998,1.646662529059944,2.236573295278567,2.404924813559527,1.6803965688486042,1.5118943896721178,2.485998077591421,1.3484552210677894,1.8274347021965225,1.007326393911976,2,1406,Postgraduate,Alone
1985,0.9873400630034774,1.6425536785718275,1.4768574565306856,2.0991498422944947,1.67418022792682,2.012005583110094,2.187320248458797,1.910179181633559,2.6864955791288763,2.236573295278567,2.404924813559527,2.7845387336497502,3.8534096728373584,2.2356704272587398,1.5176686114292903,3.449016008844124,1.5626010022149246,2,8619,Graduate,Partner
1986,1.4659321214032055,1.6425536785718275,1.45906751418604,1.74732961305499,1.6028347606571112,1.6466984988683857,1.675977201557972,1.4855586060186998,1.646662529059944,2.236573295278567,1.0699201826570324,0.5762544040474584,0.6721104273554703,2.569440627702316,1.3534320854901865,1.8274347021965225,1.007326393911976,2,10821,Graduate,Alone
1987,2.0766713462193245,0.8478902883434436,1.6310369568509482,1.671939563932239,1.6608029528137496,1.6466984988683857,1.675977201557972,1.6399660880604667,2.6864955791288763,2.236573295278567,3.739929444462023,2.7845387336497502,1.9910652387586756,2.0687853270369514,1.4795126508575795,1.8274347021965225,1.4237823501391875,2,4552,Postgraduate,Alone
1988,1.330671783344797,3.991993267073137,1.533192273955397,1.671939563932239,1.6474256777006793,1.6832292072925563,1.675977201557972,1.5241604765291417,2.16657905409441,2.236573295278567,2.404924813559527,2.7845387336497502,1.7440699557243673,1.6515725764824811,1.4131544585589515,1.8274347021965225,1.2849636980634502,2,898,Graduate,Partner
1989,2.8787079986501696,2.7481723084547967,3.1342870849735105,3.682340873872267,3.49794873500875,5.445892174982152,3.940496409261626,3.0296334264363693,2.6864955791288763,2.236573295278567,2.404924813559527,2.7845387336497502,3.453277314321779,2.2356704272587398,3.7555986467005154,1.8274347021965225,3.367243479199508,1,9797,Graduate,Partner
1990,1.8543351326811983,2.9900263837416965,2.3633895833721965,1.671939563932239,1.7276893283791015,1.7197599157167271,1.675977201557972,3.2419437142437992,3.206412104163342,2.236573295278567,2.404924813559527,1.6803965688486042,3.0630247671275725,2.736325727924104,2.058487878663108,2.6382253555203232,2.3955129146693475,0,10949,Graduate,Alone
1991,3.116656535646772,3.1627792946609103,1.9690458613992168,1.7221995966807395,1.807952979057524,1.9572095204738376,1.9925228972584828,1.871577311123117,1.646662529059944,2.236573295278567,2.404924813559527,1.6803965688486042,1.9960051444193616,3.1535384784785734,1.7963730190835276,1.8274347021965225,2.1178756105178733,2,8212,Postgraduate,Alone
1992,2.977678977717298,3.750139191786237,3.09277721950267,2.023759793171744,2.093334848136359,1.82935204098924,2.016872566158522,2.1610913399514304,2.6864955791288763,2.236573295278567,2.404924813559527,2.7845387336497502,1.1759808047454587,2.569440627702316,2.566128049747611,1.8274347021965225,3.367243479199508,0,6248,Postgraduate,Partner
1993,3.263440255305485,3.4391839521316525,3.169866969662801,2.9535703990190063,5.745330954004575,4.93446225704376,2.503865944159308,3.1454390379676944,1.646662529059944,2.236573295278567,1.0699201826570324,0.5762544040474584,2.588793823701701,3.236981028589468,4.429134298531588,1.8274347021965225,2.811968870896559,1,10164,Graduate,Alone
1994,1.7385437336974972,0.6751373774242297,1.7081267070110795,1.6970695803064892,1.736607511787815,1.884148103625496,1.9681732283584437,1.7171698290813504,2.6864955791288763,2.236573295278567,2.404924813559527,1.6803965688486042,3.0580848614668863,0.900589625484435,1.600616351802575,1.8274347021965225,1.7014196542906617,2,4547,Graduate,Alone
1995,4.42098252315539,3.370082787763967,4.121628885101347,2.752530268025004,4.866889888246286,2.377312667351802,6.399812968165595,1.890878246378338,1.646662529059944,2.236573295278567,1.0699201826570324,1.6803965688486042,2.20348118216818,1.6515725764824811,4.546920089861652,6.151651519923461,3.783699435426719,1,6815,Graduate,Partner
1996,1.5201106010239902,3.819240356153923,2.105435419374834,4.737801561590781,2.13346667347557,5.445892174982152,4.81708448966304,2.064586663675326,4.246245154232274,2.236573295278567,1.0699201826570324,1.6803965688486042,3.147003163359237,1.317802376038905,2.718751892034455,1.8274347021965225,3.506062131275245,1,4122,Undergraduate,Partner
1997,3.092308745491291,1.711654842939513,4.379583049098709,4.4865013978482775,3.448898726260825,2.413843375775973,2.8447613087598578,2.2768969514827555,1.646662529059944,2.236573295278567,1.0699201826570324,0.5762544040474584,4.001606842657943,3.236981028589468,4.072459014926464,3.449016008844124,3.922518087502456,1,10841,Graduate,Alone
1998,1.6520254411984396,2.229913575697155,1.462032504576814,1.6970695803064892,1.5983756689527544,1.6832292072925563,1.7003268704580117,1.601364217550025,1.646662529059944,2.236573295278567,3.739929444462023,3.888680898450896,2.845668918057381,1.8184576767042693,1.3650447691424463,1.8274347021965225,1.007326393911976,2,5370,Undergraduate,Partner
1999,1.629071608494608,1.124294945814186,1.43831258145062,1.74732961305499,1.651884769405036,1.9206788120496667,2.187320248458797,1.6785679585709086,1.646662529059944,2.236573295278567,1.0699201826570324,1.6803965688486042,2.983986276556594,1.1509172758171171,1.4363798258634717,3.449016008844124,1.2849636980634502,2,176,Graduate,Partner
2000,1.2179935560031134,3.7155886096023942,1.4649974949675884,1.6970695803064892,1.6608029528137496,1.7197599157167271,1.7003268704580117,1.5434614117843624,2.6864955791288763,2.236573295278567,3.739929444462023,3.888680898450896,2.7616905218257166,2.485998077591421,1.388270136446966,1.8274347021965225,1.2849636980634502,2,4860,Graduate,Partner
2001,0.9540709451574384,1.711654842939513,1.4798224469214598,1.671939563932239,1.5983756689527544,1.6466984988683857,1.675977201557972,1.5241604765291417,2.16657905409441,12.555767160837409,3.739929444462023,2.7845387336497502,1.0376634462462462,3.821078879365726,1.361726859527515,1.8274347021965225,1.1461450459877132,2,10757,Graduate,Alone
2002,1.3257000017672464,3.231880459028596,1.4531375334044911,1.671939563932239,1.6117529440658247,1.6466984988683857,1.74902620825809,1.601364217550025,1.646662529059944,2.236573295278567,5.074934075364517,4.992823063252041,3.7595514652843214,2.0687853270369514,1.3633858143349806,1.8274347021965225,1.007326393911976,2,4023,Graduate,Partner
2003,1.2479171759651937,2.091711246961784,1.4946473988753313,1.7724596294292403,1.6652620445181063,1.8658827494134105,1.9194738905583648,1.736470764336571,2.6864955791288763,2.236573295278567,2.404924813559527,2.7845387336497502,1.2648991066378097,1.5681300263715872,1.4562872835530598,1.8274347021965225,1.4237823501391875,2,6679,Graduate,Partner
2004,1.9554899784225777,2.4717676509840545,1.470927475749137,1.9232397276747424,1.718771144970388,1.7197599157167271,1.846424883858247,1.775072634847013,1.646662529059944,2.236573295278567,2.404924813559527,2.7845387336497502,2.8110895784325782,1.234359825928011,1.4579462383605253,1.8274347021965225,1.2849636980634502,2,9923,Postgraduate,Partner
2005,2.159007766363433,2.4717676509840545,1.7437065917003711,2.3504500060369984,1.892675721440303,2.596496917896827,1.846424883858247,1.5820632822948042,4.246245154232274,2.236573295278567,3.739929444462023,3.888680898450896,1.3735770311729052,3.403866128811256,1.7665118325491451,1.8274347021965225,2.1178756105178733,0,7181,Graduate,Partner
2006,3.498693807895565,1.435250185468771,3.86070973071321,3.104350497264509,2.6685576779983857,2.468639438412229,1.675977201557972,1.6978688938261293,2.16657905409441,2.236573295278567,2.404924813559527,2.7845387336497502,1.2994784462626128,3.737636329254832,3.276160707342929,1.8274347021965225,2.950787522972296,0,3599,Postgraduate,Partner
2007,3.2336095658401813,2.6099699797194256,3.6620553745313327,2.752530268025004,2.597212210728677,2.907007939502279,1.9194738905583648,5.422949398083757,2.16657905409441,2.236573295278567,2.404924813559527,2.7845387336497502,3.048205050145514,2.6528831778132096,3.49182483231347,1.8274347021965225,4.20015539165393,1,405,Postgraduate,Partner
2008,1.4420489837316075,2.3335653222486834,1.4679624853583628,1.74732961305499,1.6652620445181063,1.7745559783529834,1.74902620825809,1.5434614117843624,2.16657905409441,2.236573295278567,2.404924813559527,2.7845387336497502,1.2105601443702618,1.4846874762606932,1.4032007297141575,1.8274347021965225,1.4237823501391875,2,6870,Postgraduate,Partner
2009,1.2983319704665242,0.8478902883434436,1.4561025237952654,1.6970695803064892,1.6028347606571112,1.6466984988683857,1.7733758771581294,1.6399660880604667,1.646662529059944,2.236573295278567,3.739929444462023,3.888680898450896,2.929647314289046,2.6528831778132096,1.3683626787573775,1.8274347021965225,1.007326393911976,2,832,Graduate,Partner
2010,1.0009543807812562,1.6425536785718275,1.4857524277030083,1.74732961305499,1.6162120357701817,1.7197599157167271,1.7246765393580508,1.7171698290813504,1.646662529059944,2.236573295278567,1.0699201826570324,0.5762544040474584,1.8478079745987768,3.6541937791439376,1.4032007297141575,1.8274347021965225,1.1461450459877132,2,2002,Graduate,Alone
2011,2.238788597846184,0.8133397061596008,2.9712126134809247,1.8729796949262416,2.5838349356156063,2.231189833655119,2.869110977659897,2.296197886737976,3.206412104163342,2.236573295278567,2.404924813559527,2.7845387336497502,3.848469767176672,3.987963979587514,2.7768153102957545,4.259806662167925,3.644880783350982,0,3657,Postgraduate,Partner
2012,0.2681044832006241,4.02654384925698,1.4442425622321684,2.0991498422944947,1.6652620445181063,1.884148103625496,2.016872566158522,2.1417904046962093,3.206412104163342,2.236573295278567,2.404924813559527,2.7845387336497502,4.03124627662206,0.984032175595329,1.4927842893173051,1.8274347021965225,1.4237823501391875,2,500,Undergraduate,Partner
2013,3.0846884447556056,3.4046333699478097,3.2617816717768044,2.7776602843992544,2.548162201980752,1.6466984988683857,2.08992157285864,2.180392275206651,2.16657905409441,2.236573295278567,2.404924813559527,1.6803965688486042,2.9395271256104185,4.154849079809302,2.8697167795138334,4.259806662167925,3.783699435426719,1,1951,Postgraduate,Alone
2014,3.0432414431932218,0.7787891239757581,2.3633895833721965,2.551490137031001,3.025285014346929,2.486904792624314,1.846424883858247,4.245592347515284,2.6864955791288763,2.236573295278567,2.404924813559527,2.7845387336497502,1.6502117481713303,3.4873086789221497,2.7668615814509603,1.8274347021965225,3.367243479199508,0,3262,Graduate,Partner
2015,0.7396802890937153,3.059127548109382,1.473892466139911,1.6970695803064892,1.692016594744247,1.6466984988683857,1.7977255460581685,1.5048595412739207,2.6864955791288763,2.236573295278567,2.404924813559527,2.7845387336497502,1.7193704274209365,1.735015126593375,1.4015417749066916,1.8274347021965225,1.4237823501391875,2,4102,Graduate,Partner
2016,2.517673018672899,1.746205425123356,2.567973920335622,3.17974054638726,3.2125668659299147,3.82027565010655,4.13529376046194,5.963375585229942,3.206412104163342,2.236573295278567,2.404924813559527,2.7845387336497502,2.6925318425761104,1.8184576767042693,3.417171865977513,1.8274347021965225,4.061336739578193,1,7042,Graduate,Partner
2017,1.7809665054760362,3.4737345343154957,1.7555665532634683,2.400710038785499,1.999693922344866,2.158128416806777,1.9194738905583648,4.284194218025726,1.646662529059944,2.236573295278567,2.404924813559527,2.7845387336497502,1.9416661821518135,1.0674747257062231,2.013696098861534,2.6382253555203232,2.1178756105178733,2,10598,Graduate,Partner
2018,2.74958107337902,1.573452514204142,2.046135611559348,2.0991498422944947,1.9283484550751573,2.3042512505034605,2.08992157285864,2.218994145717093,2.16657905409441,2.236573295278567,2.404924813559527,2.7845387336497502,1.6057525972251547,3.90452142947662,1.9771990930972885,1.8274347021965225,2.3955129146693475,2,255,Graduate,Partner
2019,3.41984228138058,3.888341520521609,3.0749872771580247,3.732600906620768,2.7354440535637377,3.345376440592329,3.1613070044603684,2.662915656587173,3.206412104163342,2.236573295278567,3.739929444462023,3.888680898450896,3.7150923143381456,1.6515725764824811,3.166669690050193,1.8274347021965225,4.061336739578193,0,2375,Graduate,Partner
2020,2.739544579727142,1.435250185468771,2.1410153040641253,3.93364103761477,2.552621293685109,2.7974158142297667,1.822075214958208,1.9487810521440008,3.206412104163342,2.236573295278567,2.404924813559527,1.6803965688486042,2.529514955773467,3.821078879365726,2.386960930541316,1.8274347021965225,3.0896061750480333,0,9829,Graduate,Alone
2021,1.7168909279485387,3.991993267073137,1.462032504576814,1.671939563932239,1.749984786900885,1.9206788120496667,1.7977255460581685,1.7171698290813504,1.646662529059944,2.236573295278567,2.404924813559527,2.7845387336497502,2.850608823718068,1.0674747257062231,1.4579462383605253,1.8274347021965225,1.2849636980634502,2,6214,Graduate,Partner
2022,2.7733248153054526,1.5043513498364565,3.9437294616548897,5.541962085566793,3.029744106051286,5.318034695497555,3.1613070044603684,2.991031555925928,1.646662529059944,2.236573295278567,1.0699201826570324,1.6803965688486042,3.087724295431004,1.234359825928011,4.08904856300112,2.6382253555203232,3.783699435426719,1,4954,Graduate,Partner
2023,2.232051136829877,3.819240356153923,2.028345669214702,2.853050333522005,2.467898551302329,2.651292980533084,2.698663295359622,4.361397959046609,1.646662529059944,2.236573295278567,1.0699201826570324,0.5762544040474584,2.677712125594052,0.4833768749299649,2.4748855353369974,1.8274347021965225,2.950787522972296,1,7861,Graduate,Alone
2024,3.788915749329031,4.02654384925698,2.713258449483562,3.90851102124052,4.487867093375959,1.938944166261752,4.15964342936198,3.4542540020512287,6.325911254370139,2.236573295278567,5.074934075364517,3.888680898450896,3.7595514652843214,2.2356704272587398,3.636153900562985,1.8274347021965225,3.2284248271237703,0,4837,Graduate,Alone
2025,1.2675255107850658,1.2970478567333998,1.4472075526229429,1.8227196621777408,1.6563438611093928,1.82935204098924,1.7977255460581685,1.5241604765291417,2.16657905409441,2.236573295278567,2.404924813559527,2.7845387336497502,1.6353920311892718,1.317802376038905,1.3998828200992262,1.8274347021965225,1.2849636980634502,2,9423,Graduate,Partner
2026,2.013199816920875,3.4046333699478097,1.5391222547369456,1.671939563932239,1.6206711274745382,1.7014945615046415,1.675977201557972,1.5434614117843624,1.646662529059944,2.236573295278567,2.404924813559527,2.7845387336497502,1.6255122198678995,1.4846874762606932,1.4098365489440203,1.8274347021965225,1.2849636980634502,2,4198,Postgraduate,Partner
2027,1.6457990979144044,3.4046333699478097,1.9245710055376024,2.6017501697795016,1.874839354622876,2.541700855260571,2.503865944159308,3.7244670956243207,5.286078204301206,2.236573295278567,2.404924813559527,2.7845387336497502,3.828710144533927,2.1522278771478454,2.101620703657216,1.8274347021965225,2.3955129146693475,0,153,Graduate,Partner
2028,1.918550105953861,3.370082787763967,1.5628421778631396,1.8478496785519916,2.030907564275364,1.7197599157167271,2.284718924058954,2.3154988219931973,2.6864955791288763,2.236573295278567,2.404924813559527,1.6803965688486042,1.6304521255285855,2.2356704272587398,1.696835730635586,1.8274347021965225,1.840238306366399,2,9323,Graduate,Alone
2029,2.389428933121127,2.368115904432526,1.8119013706881797,1.671939563932239,1.6830984113355334,1.6466984988683857,1.7003268704580117,1.620665152805246,1.646662529059944,2.236573295278567,2.404924813559527,2.7845387336497502,0.6869301443375289,3.1535384784785734,1.5890036681503157,1.8274347021965225,1.7014196542906617,2,10001,Graduate,Partner
2030,2.954167562032806,2.713621726270954,3.543455758900361,1.671939563932239,2.766657695494235,3.838541004318635,3.623950713561115,2.1417904046962093,1.646662529059944,2.236573295278567,1.0699201826570324,1.6803965688486042,2.0256445783834787,1.9853427769260568,3.335883080411694,3.449016008844124,4.338974043729667,1,3945,Graduate,Partner
2031,3.472673268798104,2.1608124113294696,3.433751114441713,5.7178722001865445,3.489030551600036,5.482422883406324,2.7473626331597005,2.6050128508215105,2.16657905409441,2.236573295278567,2.404924813559527,1.6803965688486042,3.9522077860510816,2.2356704272587398,3.939742630329208,3.449016008844124,2.2566942625936104,1,3799,Graduate,Alone
2032,3.6853447106714574,0.640586795240387,2.7636632861267247,2.325319989662748,3.9750715473749274,2.980069356350621,4.062244753761823,1.9873829226544424,1.646662529059944,2.236573295278567,1.0699201826570324,1.6803965688486042,1.4970746726900592,4.154849079809302,3.3309062159892973,1.8274347021965225,3.506062131275245,1,8625,Undergraduate,Partner
2033,1.4469743000607695,1.6080030963879848,1.4946473988753313,1.7221995966807395,1.6429665859963225,1.6466984988683857,1.7246765393580508,1.5820632822948042,1.646662529059944,2.236573295278567,3.739929444462023,3.888680898450896,2.9444670312711043,3.821078879365726,1.3982238652917602,1.8274347021965225,1.1461450459877132,2,3491,Graduate,Partner
2034,2.5124224456050186,1.8498571716748844,2.517569083692459,1.7724596294292403,1.8168711624662373,1.756290624140898,1.7733758771581294,3.3191474552646825,4.246245154232274,2.236573295278567,3.739929444462023,2.7845387336497502,1.9713056161159308,1.8184576767042693,2.2011579921051574,2.097698253304456,2.6731502188208216,0,983,Graduate,Alone
2035,3.46584287728502,2.3335653222486834,2.9890025558255706,2.551490137031001,2.5437031102763954,2.907007939502279,2.9665096532600543,2.1610913399514304,2.16657905409441,2.236573295278567,2.404924813559527,1.6803965688486042,0.6227113707486087,3.1535384784785734,2.873034689128765,1.8274347021965225,2.3955129146693475,1,9119,Graduate,Alone
2036,1.6354373475238082,2.229913575697155,1.5806321202077855,1.671939563932239,1.6608029528137496,1.6466984988683857,1.675977201557972,1.5627623470395833,2.16657905409441,2.236573295278567,3.739929444462023,2.7845387336497502,0.7215094839623319,3.4873086789221497,1.4446745999007995,1.8274347021965225,1.4237823501391875,2,4786,Postgraduate,Alone
2037,2.1868404501480385,3.991993267073137,1.5035423700476542,1.671939563932239,1.6385074942919655,1.7014945615046415,1.675977201557972,1.775072634847013,1.646662529059944,2.236573295278567,3.739929444462023,3.888680898450896,0.6029517481058639,3.6541937791439376,1.4164723681738831,1.8274347021965225,1.1461450459877132,2,5872,Graduate,Partner
2038,1.0105262219492508,2.402666486616369,1.512437341219977,1.8227196621777408,1.7098529615616742,1.8658827494134105,2.08992157285864,2.2382950809723137,1.646662529059944,2.236573295278567,1.0699201826570324,0.5762544040474584,2.8950679746642427,2.6528831778132096,1.5408939787338105,1.8274347021965225,1.4237823501391875,2,6568,Graduate,Alone
2039,3.224595307652846,3.4046333699478097,4.269878404640061,5.667612167438044,3.5826714773915285,2.012005583110094,1.675977201557972,2.0838875989305468,2.6864955791288763,2.236573295278567,2.404924813559527,1.6803965688486042,3.7052125030167735,1.9853427769260568,4.006100822627836,1.8274347021965225,3.922518087502456,1,5628,Graduate,Alone
2040,3.180499786932328,0.9860926170788148,3.006792498170216,3.883381004866269,2.3385848918759824,2.907007939502279,2.7473626331597005,4.052582994963076,2.6864955791288763,2.236573295278567,2.404924813559527,1.6803965688486042,2.282519672739159,1.735015126593375,3.0422480794902658,1.8274347021965225,3.783699435426719,1,5631,Postgraduate,Alone
2041,2.682531719954669,1.6425536785718275,3.576070653198878,2.0991498422944947,2.227107599267063,1.6466984988683857,1.8707745527582864,5.26854191604199,2.16657905409441,2.236573295278567,2.404924813559527,2.7845387336497502,3.2556810878943327,3.90452142947662,3.1318316390934133,1.8274347021965225,3.783699435426719,0,4974,Graduate,Partner
2042,1.7020685137126637,3.197329876844753,1.545052235518494,1.671939563932239,1.8391666209880213,2.012005583110094,1.8707745527582864,1.755771699591792,2.6864955791288763,2.236573295278567,2.404924813559527,2.7845387336497502,1.4970746726900592,2.3191129773696333,1.554165617193536,1.8274347021965225,1.5626010022149246,2,8416,Graduate,Partner
2043,3.1739481869095743,2.5063182331678973,3.169866969662801,3.0289604481417576,3.141221398660206,2.94353864792645,2.9908593221600936,3.994680189197413,1.646662529059944,2.236573295278567,1.0699201826570324,1.6803965688486042,1.8082887293132877,1.234359825928011,3.3906285890580623,1.8274347021965225,2.811968870896559,1,5454,Postgraduate,Partner
2044,1.8968973002049023,3.8537909383377658,1.5154023316107512,1.6970695803064892,1.6385074942919655,1.6466984988683857,1.675977201557972,1.4855586060186998,2.16657905409441,2.236573295278567,3.739929444462023,3.888680898450896,3.221101748269529,1.5681300263715872,1.3949059556768288,1.8274347021965225,1.2849636980634502,2,4095,Graduate,Partner
2045,3.0534637978386527,2.817273472822482,3.6739153360944297,3.682340873872267,2.5570803853894657,2.1763937710188626,3.623950713561115,1.6978688938261293,3.726328629197808,2.236573295278567,2.404924813559527,2.7845387336497502,3.976907314354512,1.9019002268151632,3.274501752535463,1.8274347021965225,4.338974043729667,0,5474,Graduate,Partner
2046,3.034924163731712,3.819240356153923,3.0423723828595075,2.551490137031001,2.1825166822234947,2.06680164574635,5.352777205463904,3.550758678327333,2.16657905409441,2.236573295278567,2.404924813559527,1.6803965688486042,3.2507411822336465,3.821078879365726,2.974230932384172,1.8274347021965225,2.3955129146693475,1,4268,Graduate,Alone
2047,1.8800768802883288,2.0226100825940985,1.5480172259092684,2.048889809545994,1.6563438611093928,1.9572095204738376,1.822075214958208,1.620665152805246,1.646662529059944,2.236573295278567,1.0699201826570324,1.6803965688486042,2.050344106686909,4.071406529698407,1.4927842893173051,1.8274347021965225,1.4237823501391875,2,10701,Graduate,Partner
2048,3.525783047705957,3.059127548109382,5.12083064679228,2.5012301042825005,3.0698759313904973,2.0302709373221792,2.4795162752592685,1.7943735701022336,2.16657905409441,2.236573295278567,2.404924813559527,2.7845387336497502,3.5915946728209915,3.737636329254832,4.113932885113106,1.8274347021965225,2.6731502188208216,1,3507,Postgraduate,Partner
2049,1.395397874349731,3.957442684889294,1.4857524277030083,1.6970695803064892,1.6786393196311766,1.938944166261752,2.016872566158522,2.025984793164884,2.16657905409441,2.236573295278567,2.404924813559527,2.7845387336497502,1.0080240122821291,1.0674747257062231,1.4894663797023735,1.8274347021965225,1.5626010022149246,2,2079,Graduate,Partner
2050,1.5156964024270996,3.4391839521316525,1.4768574565306856,1.74732961305499,1.6563438611093928,1.6832292072925563,1.7003268704580117,1.6978688938261293,1.646662529059944,2.236573295278567,2.404924813559527,2.7845387336497502,1.8379281632774045,1.4846874762606932,1.406518639329089,1.8274347021965225,1.1461450459877132,2,626,Graduate,Partner
2051,2.456199495055148,2.817273472822482,2.544253997209428,1.7724596294292403,2.0086121057535795,1.8658827494134105,1.8951242216583255,1.9487810521440008,2.6864955791288763,2.236573295278567,2.404924813559527,2.7845387336497502,2.2084210878288664,3.987963979587514,2.187886353645432,1.8274347021965225,2.811968870896559,0,4426,Graduate,Partner
2052,3.2588866609634293,3.577386280867024,1.9749758421807653,6.145082478548801,2.3831758089195505,3.528029982713184,2.6256142886595044,2.1224894694409886,1.646662529059944,2.236573295278567,2.404924813559527,2.7845387336497502,1.5069544840114315,3.403866128811256,2.5130414959087086,1.8274347021965225,3.2284248271237703,1,2591,Graduate,Partner
2053,1.0948606477740572,2.402666486616369,1.473892466139911,1.671939563932239,1.6385074942919655,1.6466984988683857,1.7246765393580508,1.6592670233156877,1.646662529059944,2.236573295278567,2.404924813559527,2.7845387336497502,2.0058849557407337,2.3191129773696333,1.388270136446966,1.8274347021965225,1.1461450459877132,2,10509,Graduate,Partner
2054,1.8711555525977712,1.435250185468771,1.7970764187343082,3.7577309229950178,2.7800349706073053,3.199253606895646,3.11260766666029,2.1610913399514304,2.16657905409441,2.236573295278567,1.0699201826570324,0.5762544040474584,3.230981559590902,0.817147075373541,2.4101862978458355,3.449016008844124,3.0896061750480333,1,6382,Postgraduate,Alone
2055,3.149879188244423,3.9228921027054513,3.288466585293773,4.687541528842281,3.4355214511477543,3.856806358530721,3.623950713561115,3.2805455847542406,1.646662529059944,2.236573295278567,1.0699201826570324,1.6803965688486042,2.351678351988765,1.1509172758171171,3.740668053433324,1.8274347021965225,3.367243479199508,1,6673,Graduate,Partner
2056,2.926520739241754,1.0206431992626577,1.963115880617668,3.17974054638726,2.6640985862940285,1.884148103625496,2.9908593221600936,2.527809109800627,2.16657905409441,2.236573295278567,2.404924813559527,1.6803965688486042,1.2895986349412405,2.2356704272587398,2.325579602665085,3.449016008844124,2.950787522972296,1,7441,Graduate,Alone
2057,1.215484432590144,2.091711246961784,1.470927475749137,1.671939563932239,1.607293852361468,1.6466984988683857,1.675977201557972,1.6399660880604667,1.646662529059944,2.236573295278567,2.404924813559527,2.7845387336497502,2.361558163310137,1.6515725764824811,1.3700216335648436,1.8274347021965225,1.1461450459877132,2,1071,Postgraduate,Partner
2058,0.9475658103830727,3.300981623396281,1.43831258145062,1.74732961305499,1.696475686448604,2.2677205420792896,1.846424883858247,2.0838875989305468,1.646662529059944,2.236573295278567,1.0699201826570324,0.5762544040474584,1.0524831632283047,3.0700959283676794,1.4961021989322365,1.8274347021965225,1.4237823501391875,2,10061,Undergraduate,Alone
2059,1.2114884212287482,2.0226100825940985,1.4531375334044911,2.325319989662748,1.7945757039444534,2.3407819589276317,1.8951242216583255,2.4313044335245224,2.16657905409441,2.236573295278567,2.404924813559527,2.7845387336497502,3.907748635104906,1.9853427769260568,1.618864854684698,1.8274347021965225,1.5626010022149246,2,7187,Graduate,Partner
2060,2.3195916647934776,1.746205425123356,2.298159794775162,1.8227196621777408,1.692016594744247,1.884148103625496,1.822075214958208,3.26124464949902,3.206412104163342,2.236573295278567,2.404924813559527,2.7845387336497502,3.547135521874816,3.0700959283676794,2.045216240203382,1.8274347021965225,2.3955129146693475,0,8775,Graduate,Partner
2061,3.101880586659285,2.2990147400648406,3.676880326485205,1.9734997604232432,3.306207791721407,2.249455187867204,3.8430977336614687,3.2033418437333574,1.646662529059944,2.236573295278567,1.0699201826570324,1.6803965688486042,3.216161842608844,0.7337045252626471,3.593021075568877,1.8274347021965225,4.6166113478811415,1,1612,Graduate,Partner
2062,2.5586553677514,1.4698007676526137,3.374451306626227,2.626880186153752,2.307371249945485,2.7791504600176813,2.8204116398598185,2.199693210461872,2.6864955791288763,2.236573295278567,2.404924813559527,2.7845387336497502,3.048205050145514,2.3191129773696333,2.9875025708438976,1.8274347021965225,3.922518087502456,0,2345,Graduate,Partner
2063,3.962091730072311,2.7481723084547967,2.0105557268700567,2.3001899732884974,4.296126150088616,2.8704772310781084,2.08992157285864,2.4313044335245224,1.646662529059944,2.236573295278567,1.0699201826570324,1.6803965688486042,3.3594191067687422,0.399934324819071,2.9211443785452698,1.8274347021965225,2.950787522972296,1,322,Undergraduate,Partner
2064,3.628610642389316,0.8478902883434436,3.905184586574824,3.506430759252514,3.2839123331996234,3.728948879046123,3.45350303126084,2.3154988219931973,1.646662529059944,2.236573295278567,2.404924813559527,2.7845387336497502,1.0327235405855602,3.1535384784785734,3.845182206303664,2.908488906628257,3.644880783350982,1,10897,Graduate,Partner
2065,1.3520457976034257,1.1933961101818715,1.4768574565306856,1.9483697440489929,1.6563438611093928,1.6832292072925563,1.675977201557972,1.7171698290813504,2.16657905409441,2.236573295278567,2.404924813559527,1.6803965688486042,1.9120267481876967,1.4012449261497992,1.4197902777888145,1.8274347021965225,1.4237823501391875,2,123,Graduate,Alone
2066,1.5044982775655136,1.9880595004102557,1.4561025237952654,1.6970695803064892,1.6117529440658247,1.6832292072925563,1.7003268704580117,1.5627623470395833,1.646662529059944,2.236573295278567,2.404924813559527,2.7845387336497502,1.7490098613850535,2.1522278771478454,1.3633858143349806,1.8274347021965225,1.007326393911976,2,6103,Postgraduate,Partner
2067,2.39932603102784,0.7096879596080725,2.108400409765608,1.8478496785519916,2.213730324153992,1.82935204098924,1.74902620825809,1.6978688938261293,4.76616167926674,2.236573295278567,3.739929444462023,2.7845387336497502,2.079983540651026,1.9019002268151632,1.990470731557014,3.449016008844124,2.5343315667450845,0,7899,Postgraduate,Alone
2068,0.9599720317027552,2.3335653222486834,1.429417610278297,1.6970695803064892,1.607293852361468,1.9206788120496667,1.7003268704580117,1.5820632822948042,1.646662529059944,2.236573295278567,1.0699201826570324,1.6803965688486042,1.828048351956032,2.3191129773696333,1.3700216335648436,1.8274347021965225,1.007326393911976,2,10500,Undergraduate,Partner
2069,3.2336095658401813,1.711654842939513,1.7881814475619855,2.275059956914247,2.142384856884284,2.0850669999584355,2.0412222350585614,2.296197886737976,1.646662529059944,2.236573295278567,2.404924813559527,2.7845387336497502,0.8746465594436028,1.735015126593375,1.9075229911837293,1.8274347021965225,2.2566942625936104,2,1655,Graduate,Partner
2070,3.601707263572477,2.6445205619032683,2.825928084332985,4.235201234105775,2.14684394858864,5.518953591830494,3.1613070044603684,6.214287743547812,1.646662529059944,2.236573295278567,1.0699201826570324,0.5762544040474584,3.339659484125997,0.3164917747081768,3.344177854449023,5.070597315491726,3.506062131275245,1,2406,Graduate,Alone
2071,2.238788597846184,0.8133397061596008,2.9712126134809247,1.8729796949262416,2.5838349356156063,2.231189833655119,2.869110977659897,2.296197886737976,3.206412104163342,2.236573295278567,2.404924813559527,2.7845387336497502,3.848469767176672,3.987963979587514,2.7768153102957545,4.259806662167925,3.644880783350982,0,2712,Postgraduate,Partner
2072,2.182426251551148,3.750139191786237,1.5065073604384285,1.6970695803064892,1.6340484025876088,1.6832292072925563,1.675977201557972,1.5048595412739207,1.646662529059944,2.236573295278567,3.739929444462023,3.888680898450896,2.5838539180410147,3.90452142947662,1.3932470008693634,1.8274347021965225,1.1461450459877132,2,5517,Postgraduate,Partner
2073,3.643525987121968,2.264464157880998,2.1410153040641253,4.989101725333285,3.573753293982815,6.21303705188974,6.351113630365516,3.5700596135825537,1.646662529059944,2.236573295278567,1.0699201826570324,1.6803965688486042,1.9317863708304412,1.8184576767042693,3.594680030376342,1.8274347021965225,3.0896061750480333,1,10643,Graduate,Partner
2074,2.440447775851506,1.5043513498364565,1.95718589983612,1.7724596294292403,1.7053938698573174,1.7928213325650688,1.7733758771581294,2.334799757248418,3.726328629197808,2.236573295278567,3.739929444462023,2.7845387336497502,2.5492745784162114,3.403866128811256,1.7648528777416792,1.8274347021965225,1.979056958442136,0,2254,Graduate,Alone
2075,3.726466455495125,2.713621726270954,5.835393330968882,3.054090464516008,2.82908497935523,2.541700855260571,1.675977201557972,5.056231628234561,2.16657905409441,2.236573295278567,2.404924813559527,2.7845387336497502,3.739791842641576,1.735015126593375,4.73272302829781,5.611124417707593,3.0896061750480333,1,10281,Postgraduate,Partner
2076,3.454133634691163,2.9554758015578533,4.735381895991623,1.9734997604232432,2.160221223701711,2.249455187867204,1.9681732283584437,2.952429685415486,1.646662529059944,2.236573295278567,2.404924813559527,2.7845387336497502,3.4384575973397205,1.8184576767042693,3.609610623643534,3.449016008844124,1.840238306366399,0,6958,Graduate,Partner
2077,2.391752195540543,2.0226100825940985,1.5154023316107512,1.671939563932239,1.625130219178895,1.6832292072925563,1.675977201557972,1.601364217550025,1.646662529059944,2.236573295278567,3.739929444462023,3.888680898450896,1.0870625028531078,1.735015126593375,1.4015417749066916,1.8274347021965225,1.1461450459877132,2,954,Postgraduate,Partner
2078,3.0751166035876114,2.817273472822482,2.9978975269978934,1.671939563932239,3.17689413229506,2.7974158142297667,2.357767930759072,1.4855586060186998,2.6864955791288763,2.236573295278567,2.404924813559527,2.7845387336497502,0.7758484462298796,3.987963979587514,2.9460287006572554,1.8274347021965225,3.922518087502456,0,5079,Postgraduate,Partner
2079,0.6071149354418295,0.6751373774242297,1.4679624853583628,1.74732961305499,1.625130219178895,1.7745559783529834,1.7733758771581294,1.7943735701022336,2.16657905409441,2.236573295278567,2.404924813559527,2.7845387336497502,3.7990707105698105,1.0674747257062231,1.4114955037514858,3.449016008844124,1.1461450459877132,2,10339,Undergraduate,Partner
2080,3.5498520463711083,3.7155886096023942,4.198718635261479,2.275059956914247,2.615048577546104,1.938944166261752,2.260369255158915,2.180392275206651,2.16657905409441,2.236573295278567,2.404924813559527,2.7845387336497502,1.2303197670130066,1.9019002268151632,3.423807685207376,4.259806662167925,3.0896061750480333,1,4643,Postgraduate,Partner
2081,0.5788640644217291,2.0226100825940985,1.4353475910598457,1.8478496785519916,1.6385074942919655,1.938944166261752,1.9681732283584437,2.006683857909663,1.646662529059944,2.236573295278567,1.0699201826570324,1.6803965688486042,2.98892618221728,2.0687853270369514,1.4513104191306625,1.8274347021965225,1.4237823501391875,2,3117,Undergraduate,Partner
2082,0.8686678186197003,0.8133397061596008,1.4412775718413942,1.9734997604232432,1.6117529440658247,1.7014945615046415,2.0655719039586007,1.8136745053574548,2.16657905409441,2.236573295278567,2.404924813559527,2.7845387336497502,3.5915946728209915,0.900589625484435,1.42144923259628,1.8274347021965225,1.2849636980634502,2,6497,Undergraduate,Partner
2083,2.6446160772697977,0.7442385417919153,1.6132470145063027,1.6970695803064892,1.78565752053574,1.756290624140898,1.7977255460581685,1.910179181633559,1.646662529059944,2.236573295278567,2.404924813559527,2.7845387336497502,2.4850558048272915,2.9032108281458915,1.559142481615933,1.8274347021965225,1.5626010022149246,2,5396,Postgraduate,Partner
2084,3.3100448994389726,0.6751373774242297,1.897886092020634,2.551490137031001,2.3876349006239077,1.6466984988683857,1.675977201557972,3.898175512921308,2.16657905409441,2.236573295278567,2.404924813559527,1.6803965688486042,3.3594191067687422,2.2356704272587398,2.1513893478811865,4.259806662167925,2.950787522972296,0,5250,Graduate,Alone
2085,2.1569168301859585,1.4698007676526137,1.942360947882248,1.7221995966807395,1.7633620620139558,1.7014945615046415,1.7246765393580508,2.392702563014081,2.6864955791288763,2.236573295278567,2.404924813559527,2.7845387336497502,2.494935616148664,3.987963979587514,1.7681707873566106,1.8274347021965225,1.979056958442136,2,1052,Postgraduate,Partner
2086,3.745191950595619,3.7155886096023942,3.890359634620953,3.1546105300130094,5.905858255361419,2.5782315636847417,3.599601044661076,1.8522763758678964,1.646662529059944,2.236573295278567,1.0699201826570324,0.5762544040474584,3.7990707105698105,2.986653378256785,4.654752152346923,4.800333764383792,3.367243479199508,1,2802,Graduate,Alone
2087,2.6273774701177297,2.2990147400648406,1.9898007941346367,1.9232397276747424,2.71760768674631,2.669558334745169,2.723012964259661,2.7208184623528355,4.246245154232274,2.236573295278567,3.739929444462023,2.7845387336497502,2.5245750501127806,3.4873086789221497,2.347146015162139,1.8274347021965225,2.950787522972296,0,6343,Graduate,Alone
2088,2.0083674310884896,1.711654842939513,3.587930614761976,2.0991498422944947,2.1825166822234947,1.847617395201325,1.8707745527582864,3.878874577666088,1.646662529059944,2.236573295278567,1.0699201826570324,1.6803965688486042,3.329779672804625,1.317802376038905,3.020681666993212,2.6382253555203232,3.783699435426719,1,6507,Postgraduate,Partner
2089,1.526708666295132,2.9900263837416965,1.450172543013717,1.7221995966807395,1.6295893108832518,1.6832292072925563,1.675977201557972,1.5241604765291417,2.16657905409441,2.236573295278567,3.739929444462023,3.888680898450896,0.8054878801939966,3.6541937791439376,1.3633858143349806,1.8274347021965225,1.1461450459877132,2,7901,Graduate,Partner
2090,1.9184571754570845,2.229913575697155,1.533192273955397,1.7724596294292403,1.6652620445181063,1.7745559783529834,1.822075214958208,2.7208184623528355,1.646662529059944,2.236573295278567,2.404924813559527,2.7845387336497502,1.7737093896884844,1.9019002268151632,1.547529797963673,1.8274347021965225,1.4237823501391875,2,4865,Postgraduate,Partner
2091,2.0447497205765464,3.819240356153923,1.9868358037438625,1.74732961305499,2.392093992328264,2.012005583110094,1.74902620825809,2.3154988219931973,3.726328629197808,2.236573295278567,2.404924813559527,2.7845387336497502,2.2676999557571005,3.570751229033044,2.051852059433245,1.8274347021965225,2.5343315667450845,0,2686,Postgraduate,Partner
2092,3.008438972150368,3.4046333699478097,3.629440480232816,2.3755800224112487,2.2672394246062737,2.103332354170521,1.8951242216583255,2.5857119155662893,2.16657905409441,2.236573295278567,2.404924813559527,2.7845387336497502,1.610692502885841,2.3191129773696333,3.0074100285334864,1.8274347021965225,3.922518087502456,0,3107,Postgraduate,Partner
2093,1.2082358538415656,1.1933961101818715,1.429417610278297,1.8478496785519916,1.6117529440658247,2.1215977083826063,1.7246765393580508,1.8136745053574548,2.16657905409441,2.236573295278567,2.404924813559527,2.7845387336497502,2.104683068954457,1.317802376038905,1.42144923259628,1.8274347021965225,1.2849636980634502,2,7734,Undergraduate,Partner
2094,3.163121784035096,2.368115904432526,3.65316040335901,3.4561707265040136,2.3653394421021234,1.884148103625496,1.9194738905583648,1.871577311123117,2.16657905409441,2.236573295278567,2.404924813559527,2.7845387336497502,1.3735770311729052,3.737636329254832,3.0488838987201285,1.8274347021965225,4.061336739578193,0,1146,Postgraduate,Partner
2095,3.2751959631477305,3.8537909383377658,3.848849769150113,2.7274002516507534,3.596048752504599,2.651292980533084,3.0395586599601723,4.457902635322714,1.646662529059944,2.236573295278567,1.0699201826570324,0.5762544040474584,2.7863900501291474,2.9032108281458915,3.936424720714277,1.8274347021965225,3.506062131275245,1,11031,Postgraduate,Alone
2096,1.1192549031779269,2.402666486616369,1.4442425622321684,1.7221995966807395,1.625130219178895,1.6832292072925563,1.7246765393580508,1.6592670233156877,1.646662529059944,2.236573295278567,2.404924813559527,1.6803965688486042,3.6459336350885394,2.1522278771478454,1.373339543179775,1.8274347021965225,1.007326393911976,2,7428,Graduate,Alone
2097,1.662480122085812,1.4698007676526137,1.5391222547369456,1.7975896458034906,1.8391666209880213,1.8658827494134105,1.8707745527582864,1.5820632822948042,2.16657905409441,2.236573295278567,2.404924813559527,2.7845387336497502,3.823770238873241,1.735015126593375,1.530940249889016,1.8274347021965225,1.5626010022149246,2,975,Postgraduate,Partner
2098,1.089424213712623,3.370082787763967,1.4412775718413942,1.671939563932239,1.607293852361468,1.6466984988683857,1.675977201557972,1.5820632822948042,1.646662529059944,2.236573295278567,3.739929444462023,3.888680898450896,2.183721559525436,1.735015126593375,1.3484552210677894,1.8274347021965225,1.007326393911976,2,1103,Undergraduate,Partner
2099,1.944849436541652,1.5389019320202992,1.7229516589649512,1.7221995966807395,1.6385074942919655,1.7197599157167271,1.675977201557972,1.7943735701022336,2.6864955791288763,2.236573295278567,2.404924813559527,2.7845387336497502,3.887989012462161,1.4012449261497992,1.5458708431562074,1.8274347021965225,1.5626010022149246,2,3422,Graduate,Partner
2100,2.39296029199864,3.6119368630508655,1.9512559190545709,3.481300742878264,2.0264484725710066,4.130786671712002,2.187320248458797,5.905472779464279,3.206412104163342,2.236573295278567,2.404924813559527,2.7845387336497502,4.021366465300687,3.403866128811256,2.541243727635625,1.8274347021965225,3.2284248271237703,0,1055,Undergraduate,Partner
2101,2.2482675085174018,2.9900263837416965,1.5895270913801085,1.671939563932239,1.6340484025876088,1.6466984988683857,1.675977201557972,1.5241604765291417,2.16657905409441,2.236573295278567,3.739929444462023,3.888680898450896,0.632591182069981,3.3204235787003618,1.4363798258634717,2.908488906628257,1.2849636980634502,2,6544,Graduate,Partner
2102,3.8647934999471625,4.02654384925698,4.385513029880258,2.048889809545994,3.4355214511477543,3.4549685658648417,2.4064672685591506,2.952429685415486,1.646662529059944,2.236573295278567,1.0699201826570324,1.6803965688486042,1.9120267481876967,2.0687853270369514,4.032644099547287,4.800333764383792,3.783699435426719,1,1241,Graduate,Partner
2103,2.767284333014971,1.8153065894910416,2.484954189393942,1.671939563932239,2.066580297910218,1.9937402288980084,1.8951242216583255,3.743768030879542,2.16657905409441,2.236573295278567,2.404924813559527,2.7845387336497502,2.223240804810925,2.569440627702316,2.335533331509879,1.8274347021965225,2.811968870896559,0,2909,Graduate,Partner
2104,3.745238415844007,2.713621726270954,5.316520012583384,1.671939563932239,3.190271407408131,2.486904792624314,3.8430977336614687,1.8136745053574548,1.646662529059944,2.236573295278567,1.0699201826570324,1.6803965688486042,2.8407290123966957,0.900589625484435,4.349504467773235,4.800333764383792,2.950787522972296,1,5802,Postgraduate,Partner
2105,2.950078620174634,0.7442385417919153,4.06825905806741,3.255130595510011,2.8915122632162253,1.6466984988683857,2.284718924058954,1.7171698290813504,3.206412104163342,2.236573295278567,1.0699201826570324,1.6803965688486042,3.8682293898194167,2.6528831778132096,3.4536688717417587,3.449016008844124,3.2284248271237703,1,1407,Postgraduate,Partner
2106,1.480382813651974,2.886374637190168,1.4412775718413942,1.671939563932239,1.5983756689527544,1.6466984988683857,1.675977201557972,1.5241604765291417,1.646662529059944,2.236573295278567,5.074934075364517,4.992823063252041,1.7638295783671118,1.9019002268151632,1.3401604470304609,1.8274347021965225,1.007326393911976,2,6183,Graduate,Partner
2107,1.3596660983391105,3.508285116499338,1.4798224469214598,1.671939563932239,1.651884769405036,1.7745559783529834,1.74902620825809,1.5241604765291417,1.646662529059944,2.236573295278567,2.404924813559527,1.6803965688486042,2.7271111822009133,1.735015126593375,1.3982238652917602,1.8274347021965225,1.1461450459877132,2,340,Graduate,Alone
2108,3.279470765999456,2.851824055006325,4.27580838542161,1.671939563932239,5.5268354604910925,2.5599662094726563,2.601264619759465,1.4855586060186998,1.646662529059944,2.236573295278567,1.0699201826570324,0.5762544040474584,2.9345872199497323,1.735015126593375,4.530330541786996,3.719279559952058,3.2284248271237703,1,5991,Postgraduate,Alone
2109,7.211127758377415,3.577386280867024,1.4353475910598457,1.6970695803064892,1.5983756689527544,1.664963853080471,1.7003268704580117,1.5048595412739207,1.126746004025478,2.236573295278567,1.0699201826570324,1.6803965688486042,2.0898633519723986,3.987963979587514,1.3401604470304609,1.8274347021965225,0.5908704376847644,2,3104,Postgraduate,Partner
2110,0.6632914207433123,3.0245769659255397,1.4323826006690714,1.74732961305499,1.5983756689527544,2.012005583110094,2.4064672685591506,2.392702563014081,2.6864955791288763,2.236573295278567,2.404924813559527,2.7845387336497502,3.96702750303314,1.4012449261497992,1.497761153739702,1.8274347021965225,1.2849636980634502,2,9729,Undergraduate,Partner
2111,2.962484841494316,2.2990147400648406,2.1410153040641253,3.3556506610070125,3.819003337722439,5.281503987073384,1.675977201557972,4.631611052619702,2.6864955791288763,2.236573295278567,1.0699201826570324,0.5762544040474584,1.427915993440453,3.3204235787003618,3.266206978498135,1.8274347021965225,2.5343315667450845,1,1008,Postgraduate,Alone
2112,2.6467534786956604,1.3661490211010854,2.3218797179013566,1.9483697440489929,1.8614620795098051,1.7197599157167271,1.846424883858247,1.6978688938261293,1.646662529059944,2.236573295278567,2.404924813559527,2.7845387336497502,1.003084106621443,2.6528831778132096,1.9821759575196856,1.8274347021965225,2.5343315667450845,2,11091,Graduate,Partner
2113,1.805639552370236,1.6771042607556703,1.8860261304575368,1.671939563932239,1.8124120707618805,1.756290624140898,1.943823559458404,2.199693210461872,3.726328629197808,2.236573295278567,3.739929444462023,2.7845387336497502,1.9219065595090687,2.3191129773696333,1.754899148896885,2.6382253555203232,1.979056958442136,2,3969,Graduate,Alone
2114,0.8761951888586086,1.9880595004102557,1.4353475910598457,1.74732961305499,1.6162120357701817,1.7197599157167271,1.7003268704580117,1.6592670233156877,1.646662529059944,2.236573295278567,2.404924813559527,1.6803965688486042,0.8301874084974274,2.2356704272587398,1.3683626787573775,1.8274347021965225,1.1461450459877132,2,1916,Graduate,Alone
2115,2.8300588835875957,3.2664310412124387,1.7377766109188224,1.9734997604232432,1.803493887353167,1.7197599157167271,1.9681732283584437,1.5820632822948042,1.646662529059944,2.236573295278567,2.404924813559527,1.6803965688486042,1.180920710406145,3.570751229033044,1.6337954479518892,1.8274347021965225,1.840238306366399,2,9907,Postgraduate,Alone
2116,1.2873197065984914,1.0206431992626577,1.636966937632497,1.74732961305499,1.754443878605242,1.7197599157167271,1.7246765393580508,2.7208184623528355,3.206412104163342,2.236573295278567,3.739929444462023,2.7845387336497502,4.006546748318629,2.569440627702316,1.6255006739145608,3.449016008844124,1.5626010022149246,0,87,Postgraduate,Alone
2117,0.8185318156086996,1.5389019320202992,1.4353475910598457,1.671939563932239,1.6295893108832518,1.7014945615046415,1.822075214958208,1.5241604765291417,1.646662529059944,2.236573295278567,2.404924813559527,1.6803965688486042,1.3291178802267298,1.9019002268151632,1.3633858143349806,1.8274347021965225,1.1461450459877132,2,8659,Graduate,Alone
2118,1.582513429609508,1.8153065894910416,1.4976123892661055,1.7221995966807395,1.6385074942919655,1.7014945615046415,1.7003268704580117,1.5627623470395833,2.16657905409441,2.236573295278567,3.739929444462023,3.888680898450896,1.363697219851533,2.1522278771478454,1.3998828200992262,1.8274347021965225,1.2849636980634502,2,6262,Graduate,Partner
2119,1.6386899149109908,3.128228712477068,1.5569121970815911,1.7724596294292403,1.6429665859963225,1.7928213325650688,1.675977201557972,2.006683857909663,3.726328629197808,2.236573295278567,3.739929444462023,2.7845387336497502,3.122303635055806,2.4025555274805277,1.482830560472511,1.8274347021965225,1.5626010022149246,2,6147,Graduate,Alone
2120,1.0133606021009385,1.0897443636303432,1.4412775718413942,2.275059956914247,1.6385074942919655,1.938944166261752,1.7003268704580117,1.9680819873992217,1.646662529059944,2.236573295278567,1.0699201826570324,1.6803965688486042,1.185860616066831,3.3204235787003618,1.461264147975457,1.8274347021965225,1.4237823501391875,2,8832,Graduate,Partner
2121,2.9553291932425143,2.6445205619032683,3.3685213258446787,1.8478496785519916,1.999693922344866,1.6466984988683857,2.0412222350585614,2.064586663675326,4.76616167926674,2.236573295278567,2.404924813559527,1.6803965688486042,1.3933366538156498,1.9853427769260568,2.6507347449283616,4.259806662167925,3.506062131275245,0,10067,Graduate,Alone
2122,3.5670906535231763,1.0551937814465004,4.133488846664444,3.481300742878264,2.3475030752846964,2.5051701468364,2.5525652819593865,3.3577493257751243,1.646662529059944,2.236573295278567,1.0699201826570324,0.5762544040474584,1.6650314651533886,3.3204235787003618,3.539934521729975,4.800333764383792,3.0896061750480333,1,7532,Graduate,Alone
2123,1.3011198853698234,1.435250185468771,1.5035423700476542,1.671939563932239,1.625130219178895,1.6466984988683857,1.7003268704580117,1.5627623470395833,1.646662529059944,2.236573295278567,2.404924813559527,2.7845387336497502,1.062362974549677,2.1522278771478454,1.389929091254432,1.8274347021965225,1.1461450459877132,2,4915,Postgraduate,Partner
2124,1.8374682475162367,1.7807560073071989,1.5005773796568798,1.7724596294292403,1.6875575030398902,1.6466984988683857,1.7246765393580508,1.6592670233156877,3.206412104163342,2.236573295278567,5.074934075364517,4.992823063252041,1.0673028802103632,3.0700959283676794,1.4280850518261428,1.8274347021965225,1.5626010022149246,0,2115,Postgraduate,Partner
2125,2.870901836920931,1.6771042607556703,1.847481255377471,1.9483697440489929,2.097793939840716,1.9206788120496667,2.016872566158522,1.5820632822948042,3.206412104163342,2.236573295278567,3.739929444462023,3.888680898450896,2.356618257649451,1.9853427769260568,1.824575250810444,1.8274347021965225,2.2566942625936104,0,2088,Postgraduate,Partner
2126,1.906887328608392,1.1588455279980288,1.6399319280232711,1.671939563932239,1.6474256777006793,1.7014945615046415,1.7003268704580117,1.4855586060186998,2.16657905409441,2.236573295278567,2.404924813559527,2.7845387336497502,1.872507502902208,2.9032108281458915,1.4728768316277168,1.8274347021965225,1.4237823501391875,2,2493,Postgraduate,Partner
2127,2.222990413394154,1.5043513498364565,1.533192273955397,1.6970695803064892,1.6608029528137496,1.6466984988683857,1.7003268704580117,1.5048595412739207,2.16657905409441,2.236573295278567,3.739929444462023,3.888680898450896,1.5563535406182931,3.236981028589468,1.4164723681738831,1.8274347021965225,1.2849636980634502,2,6292,Postgraduate,Partner
2128,3.1354284959956544,0.7787891239757581,2.900052844102342,2.47610008790825,5.375226342542961,5.829464613435946,2.8447613087598578,3.956078318686971,2.16657905409441,2.236573295278567,1.0699201826570324,1.6803965688486042,3.7990707105698105,2.0687853270369514,4.283146275474607,2.097698253304456,2.5343315667450845,1,1631,Graduate,Partner
2129,0.7164011996511654,3.4046333699478097,1.4561025237952654,1.898109711300492,1.6385074942919655,1.884148103625496,1.9194738905583648,1.7943735701022336,3.206412104163342,2.236573295278567,2.404924813559527,2.7845387336497502,1.338997691548102,1.735015126593375,1.4396977354784029,1.8274347021965225,1.5626010022149246,2,10104,Graduate,Partner
2130,1.805639552370236,1.6771042607556703,1.8860261304575368,1.671939563932239,1.8124120707618805,1.756290624140898,1.943823559458404,2.199693210461872,3.726328629197808,2.236573295278567,3.739929444462023,2.7845387336497502,1.9219065595090687,2.3191129773696333,1.754899148896885,2.6382253555203232,1.979056958442136,2,3006,Graduate,Alone
2131,1.339593111035355,0.8478902883434436,1.4561025237952654,1.6970695803064892,1.6117529440658247,1.7197599157167271,1.7977255460581685,1.620665152805246,1.646662529059944,2.236573295278567,2.404924813559527,2.7845387336497502,2.4010774085956266,1.735015126593375,1.378316407602172,1.8274347021965225,1.1461450459877132,2,3919,Postgraduate,Partner
2132,1.4132869949792353,1.1933961101818715,1.5065073604384285,1.74732961305499,1.692016594744247,1.7197599157167271,1.846424883858247,1.5434614117843624,2.16657905409441,2.236573295278567,2.404924813559527,2.7845387336497502,0.8252475028367412,1.1509172758171171,1.4363798258634717,1.8274347021965225,1.4237823501391875,2,11181,Undergraduate,Partner
2133,1.8578200263103224,2.6099699797194256,1.6577218703679168,1.8729796949262416,1.78565752053574,1.82935204098924,1.9194738905583648,1.9680819873992217,3.726328629197808,2.236573295278567,3.739929444462023,2.7845387336497502,0.8894662764256613,2.736325727924104,1.6155469450697666,1.8274347021965225,1.7014196542906617,2,642,Undergraduate,Alone
2134,1.5076114492075314,0.951542034894972,1.462032504576814,1.7221995966807395,1.6206711274745382,1.7197599157167271,1.7246765393580508,1.5241604765291417,1.646662529059944,2.236573295278567,2.404924813559527,2.7845387336497502,1.368637125512219,1.8184576767042693,1.373339543179775,1.8274347021965225,1.1461450459877132,2,4369,Postgraduate,Partner
2135,2.6369957765341128,2.679071144087111,3.1372520753642847,1.8478496785519916,2.1022530315450725,1.9937402288980084,1.846424883858247,1.620665152805246,2.16657905409441,2.236573295278567,2.404924813559527,2.7845387336497502,1.1265817481385971,3.4873086789221497,2.53958477282816,2.908488906628257,3.367243479199508,0,10127,Postgraduate,Partner
2136,2.6929399355936536,3.335532205580124,1.6933017550572085,2.048889809545994,1.986316647231796,2.2677205420792896,2.698663295359622,1.5820632822948042,1.646662529059944,2.236573295278567,2.404924813559527,1.6803965688486042,1.3538174085301606,2.6528831778132096,1.7814424258163362,1.8274347021965225,2.1178756105178733,2,271,Graduate,Alone
2137,2.749162886143525,3.750139191786237,4.432952876132647,2.425840055159749,3.368635075582403,2.7426197515935105,2.796061970959779,4.438601700067492,2.6864955791288763,2.236573295278567,2.404924813559527,2.7845387336497502,3.6805129747133423,2.736325727924104,4.1487709360698855,3.449016008844124,3.783699435426719,1,4973,Postgraduate,Partner
2138,2.8466469772622265,3.197329876844753,2.0935754578117365,1.9734997604232432,1.803493887353167,1.7197599157167271,1.9681732283584437,1.7171698290813504,1.646662529059944,2.236573295278567,2.404924813559527,2.7845387336497502,1.1661009934240865,1.4012449261497992,1.8444827085000328,1.8274347021965225,2.2566942625936104,2,2948,Graduate,Partner
2139,2.11835067402365,0.9860926170788148,2.0224156884331537,2.1494098750429957,2.084416664727645,2.5599662094726563,2.0412222350585614,1.8522763758678964,4.246245154232274,2.236573295278567,2.404924813559527,2.7845387336497502,2.228180710471611,3.3204235787003618,2.013696098861534,1.8274347021965225,2.5343315667450845,0,2715,Graduate,Partner
2140,3.39795714938968,2.817273472822482,3.119462133019639,3.506430759252514,4.327339792019114,4.075990609075745,4.15964342936198,2.894526879649823,1.646662529059944,2.236573295278567,1.0699201826570324,0.5762544040474584,2.519635144452095,3.987963979587514,3.923153082254551,2.097698253304456,3.644880783350982,1,10432,Undergraduate,Alone
2141,0.6283495539552932,1.0897443636303432,1.4323826006690714,1.74732961305499,1.6028347606571112,1.7928213325650688,1.7003268704580117,1.736470764336571,2.16657905409441,2.236573295278567,2.404924813559527,1.6803965688486042,1.793469012331229,0.399934324819071,1.3749984979872405,1.8274347021965225,1.1461450459877132,2,9216,Undergraduate,Alone
2142,1.3860583594236782,4.02654384925698,1.6132470145063027,1.6970695803064892,1.6786393196311766,1.7197599157167271,1.675977201557972,1.620665152805246,2.16657905409441,2.236573295278567,2.404924813559527,1.6803965688486042,2.4158971255776853,1.9019002268151632,1.482830560472511,1.8274347021965225,1.4237823501391875,2,7124,Postgraduate,Alone
2143,3.2684120368830354,0.7787891239757581,3.003827507779442,3.405910693755513,2.92718499685108,4.386501630681198,5.036231509763393,4.38069889430183,2.6864955791288763,2.236573295278567,2.404924813559527,1.6803965688486042,3.0580848614668863,3.570751229033044,3.5465703409598377,1.8274347021965225,2.950787522972296,1,9727,Graduate,Alone
2144,4.1559447463483945,3.888341520521609,1.909746053583731,2.3755800224112487,5.2369944997079,1.6466984988683857,2.357767930759072,2.5664109803110686,1.126746004025478,2.236573295278567,1.0699201826570324,0.5762544040474584,2.8555487293787536,0.5668194250408589,3.138467458323276,6.421915071031394,2.5343315667450845,1,5136,Postgraduate,Alone
2145,4.10148747523728,3.78468977397008,3.4307861240509387,5.290661921824289,2.1825166822234947,3.3636417948044146,6.351113630365516,6.1370840025269295,1.646662529059944,2.236573295278567,1.0699201826570324,1.6803965688486042,1.5168342953328038,1.0674747257062231,3.780482968812501,4.259806662167925,2.950787522972296,1,9790,Graduate,Partner
2146,1.8696221994009568,2.9209252193740105,1.4976123892661055,1.7724596294292403,1.6340484025876088,1.6466984988683857,1.7246765393580508,1.775072634847013,1.646662529059944,2.236573295278567,3.739929444462023,2.7845387336497502,1.6650314651533886,1.317802376038905,1.4164723681738831,1.8274347021965225,1.1461450459877132,2,1818,Graduate,Alone
2147,3.137937619408624,1.124294945814186,2.8881928825392444,1.7975896458034906,1.7321484200834585,1.884148103625496,1.7977255460581685,1.890878246378338,1.646662529059944,2.236573295278567,2.404924813559527,1.6803965688486042,1.1611610877634002,2.6528831778132096,2.269175139211251,2.908488906628257,2.950787522972296,2,1100,Graduate,Alone
2148,2.972660730891359,3.300981623396281,4.15127878900909,1.9232397276747424,2.164680315406068,1.884148103625496,1.675977201557972,3.975379253942192,1.646662529059944,2.236573295278567,1.0699201826570324,0.5762544040474584,2.3961375029349408,2.2356704272587398,3.3159756227221058,6.421915071031394,4.20015539165393,1,7873,Undergraduate,Alone
2149,2.750928565582281,2.057160664777941,2.0935754578117365,5.567092101941043,2.2806166997193444,5.153646507588785,3.940496409261626,2.527809109800627,2.16657905409441,2.236573295278567,2.404924813559527,2.7845387336497502,1.3933366538156498,1.8184576767042693,2.7751563554882885,1.8274347021965225,3.506062131275245,1,10609,Graduate,Partner
2150,3.263486720553873,1.3661490211010854,3.1253921138011878,2.1494098750429957,2.8647577129900847,2.5599662094726563,2.601264619759465,6.272190549313476,2.6864955791288763,2.236573295278567,2.404924813559527,2.7845387336497502,2.2430004274536697,3.821078879365726,3.339200990026625,1.8274347021965225,2.5343315667450845,1,6950,Graduate,Partner
2151,2.9496139676907505,1.5043513498364565,3.285501594902999,1.671939563932239,1.9015939048490165,1.6466984988683857,1.846424883858247,2.025984793164884,2.16657905409441,2.236573295278567,2.404924813559527,2.7845387336497502,1.1364615594599694,3.4873086789221497,2.53958477282816,3.1787524577361905,3.367243479199508,0,7233,Graduate,Partner
2152,3.5984546961852946,0.7096879596080725,4.613817289969878,2.6017501697795016,3.8992669884008615,5.171911861800871,3.9161467403615866,3.975379253942192,1.646662529059944,2.236573295278567,1.0699201826570324,1.6803965688486042,3.226041653930216,1.8184576767042693,4.716133480223154,5.070597315491726,3.0896061750480333,1,9481,Postgraduate,Partner
2153,3.700957034129935,2.402666486616369,3.6264754898420417,3.3807806773812628,4.661771669845873,5.738137842375519,3.331754686760644,3.4735549373064494,1.646662529059944,2.236573295278567,1.0699201826570324,0.5762544040474584,3.324839767143939,2.485998077591421,4.467290259103299,1.8274347021965225,2.811968870896559,1,7699,Postgraduate,Alone
2154,2.1700200302314654,0.7442385417919153,2.384144516107616,1.74732961305499,1.8124120707618805,1.7197599157167271,1.74902620825809,2.296197886737976,3.726328629197808,2.236573295278567,2.404924813559527,1.6803965688486042,3.6459336350885394,1.9853427769260568,2.030285646936191,1.8274347021965225,2.5343315667450845,0,2711,Postgraduate,Alone
2155,2.37827727350793,1.746205425123356,2.182525169534965,1.9232397276747424,1.78565752053574,2.194659125230948,1.9194738905583648,5.866870908953837,2.16657905409441,2.236573295278567,2.404924813559527,2.7845387336497502,3.24580127657296,2.1522278771478454,2.2807878228635112,2.6382253555203232,2.3955129146693475,0,8933,Graduate,Partner
2156,1.7292506840198325,3.542835698683181,1.7733564956081138,1.8227196621777408,1.955103005301298,1.756290624140898,1.822075214958208,2.2768969514827555,2.16657905409441,2.236573295278567,2.404924813559527,2.7845387336497502,1.8132286349739732,3.4873086789221497,1.7532401940894196,1.8274347021965225,1.979056958442136,2,8726,Graduate,Partner
2157,1.1308247500266193,2.3335653222486834,1.4946473988753313,1.7221995966807395,1.669721136222463,1.6466984988683857,1.7246765393580508,1.7171698290813504,2.6864955791288763,2.236573295278567,2.404924813559527,2.7845387336497502,1.7588896727064258,1.9019002268151632,1.4197902777888145,1.8274347021965225,1.4237823501391875,2,1515,Graduate,Partner
2158,1.9791872551006224,3.0245769659255397,2.9593526519178277,1.671939563932239,1.6830984113355334,1.6466984988683857,1.675977201557972,1.5820632822948042,3.206412104163342,2.236573295278567,2.404924813559527,2.7845387336497502,2.954346842592477,2.0687853270369514,2.226042314217143,2.908488906628257,2.950787522972296,0,5186,Postgraduate,Partner
2159,1.8954568775048644,3.957442684889294,1.470927475749137,2.5766201534052517,1.6385074942919655,1.7014945615046415,2.3090685929589934,2.1610913399514304,1.646662529059944,2.236573295278567,1.0699201826570324,1.6803965688486042,0.9191057103897784,2.736325727924104,1.5342581595039475,1.8274347021965225,1.4237823501391875,2,10157,Graduate,Partner
2160,1.150340154349715,1.435250185468771,1.4353475910598457,1.8729796949262416,1.6340484025876088,1.8658827494134105,2.016872566158522,1.92948011688878,2.6864955791288763,2.236573295278567,2.404924813559527,1.6803965688486042,2.588793823701701,1.5681300263715872,1.4413566902858683,1.8274347021965225,1.4237823501391875,2,5667,Undergraduate,Alone
2161,2.393099687743805,1.262497274549557,1.512437341219977,1.671939563932239,1.6295893108832518,1.7014945615046415,1.675977201557972,1.4855586060186998,1.646662529059944,2.236573295278567,2.404924813559527,2.7845387336497502,1.09694231417448,3.3204235787003618,1.3932470008693634,1.8274347021965225,1.1461450459877132,2,902,Undergraduate,Partner
2162,3.066055880151888,0.9169914527111293,3.000862517388668,5.240401889075788,2.5570803853894657,2.7791504600176813,1.8951242216583255,2.5664109803110686,3.206412104163342,2.236573295278567,2.404924813559527,2.7845387336497502,3.230981559590902,3.0700959283676794,3.0123868929558832,2.908488906628257,3.922518087502456,1,977,Graduate,Partner
2163,3.461846865923625,1.3661490211010854,2.9682476230901504,2.928440382644756,2.3341258001716256,4.02119454643949,1.675977201557972,2.2768969514827555,1.646662529059944,2.236573295278567,2.404924813559527,2.7845387336497502,1.2945385406019263,2.0687853270369514,2.831560818942122,2.908488906628257,3.644880783350982,1,7313,Postgraduate,Partner
2164,3.8281324189687753,2.713621726270954,3.2410267390413843,3.5818208083752654,4.9293171721072815,2.724354397381425,2.77171230205974,1.9873829226544424,1.646662529059944,2.236573295278567,1.0699201826570324,1.6803965688486042,0.8301874084974274,3.403866128811256,3.9248120370620168,3.1787524577361905,3.783699435426719,1,7600,Postgraduate,Partner
2165,2.962484841494316,2.2990147400648406,2.1410153040641253,3.3556506610070125,3.819003337722439,5.281503987073384,1.675977201557972,4.631611052619702,2.6864955791288763,2.236573295278567,1.0699201826570324,1.6803965688486042,1.427915993440453,3.3204235787003618,3.266206978498135,1.8274347021965225,2.5343315667450845,1,9706,Postgraduate,Partner
2166,1.0916545456352629,1.8844077538587272,1.4412775718413942,1.898109711300492,1.6429665859963225,1.847617395201325,1.7246765393580508,1.6399660880604667,2.16657905409441,2.236573295278567,2.404924813559527,2.7845387336497502,1.1068221254958526,2.0687853270369514,1.4032007297141575,1.8274347021965225,1.2849636980634502,2,2429,Undergraduate,Partner
2167,4.083644819856165,1.8844077538587272,3.4189261624878418,2.853050333522005,4.510162551897743,4.29517485962077,4.378790449462333,1.775072634847013,1.646662529059944,2.236573295278567,1.0699201826570324,0.5762544040474584,3.0037458991993384,1.1509172758171171,4.054210512044341,3.449016008844124,3.922518087502456,1,3520,Postgraduate,Alone
2168,1.817766982199588,2.817273472822482,1.4976123892661055,1.6970695803064892,1.6206711274745382,1.6466984988683857,1.7733758771581294,1.9487810521440008,1.646662529059944,2.236573295278567,3.739929444462023,2.7845387336497502,3.023505521842083,2.1522278771478454,1.4247671422112114,1.8274347021965225,1.1461450459877132,2,10394,Graduate,Alone
2169,1.1959690282670483,0.7096879596080725,1.4561025237952654,1.6970695803064892,1.5983756689527544,1.7014945615046415,1.7246765393580508,1.4855586060186998,1.646662529059944,2.236573295278567,1.0699201826570324,1.6803965688486042,4.026306370961374,4.154849079809302,1.355091040297652,1.8274347021965225,1.007326393911976,2,4548,Graduate,Partner
2170,3.745888929321444,1.9535089182264127,3.077952267548799,3.0289604481417576,5.357389975725534,5.33630004970964,4.9144831652631975,2.701517527097615,1.646662529059944,2.236573295278567,1.0699201826570324,1.6803965688486042,3.5520754275355024,3.3204235787003618,4.400932066804671,4.53007021327586,3.922518087502456,1,9362,Undergraduate,Partner
2171,3.348889847091611,2.7481723084547967,3.899254605793276,3.682340873872267,3.208107774225558,2.596496917896827,2.3090685929589934,4.843921340427132,2.16657905409441,2.236573295278567,2.404924813559527,2.7845387336497502,4.03124627662206,3.3204235787003618,3.86177175437832,4.259806662167925,3.367243479199508,1,3968,Graduate,Partner
2172,0.3294386110732108,2.437217068800212,1.4649974949675884,1.671939563932239,1.6474256777006793,1.7197599157167271,1.7246765393580508,1.5627623470395833,3.206412104163342,2.236573295278567,3.739929444462023,2.7845387336497502,2.8802482576821844,3.737636329254832,1.384952226832035,1.8274347021965225,1.4237823501391875,2,4084,Postgraduate,Alone
2173,1.9325826109671345,1.5043513498364565,1.5954570721616568,1.8478496785519916,1.803493887353167,1.82935204098924,1.7246765393580508,1.8329754406126757,1.646662529059944,2.236573295278567,1.0699201826570324,0.5762544040474584,0.9289855217111508,1.9019002268151632,1.5608014364233986,1.8274347021965225,1.5626010022149246,2,6721,Graduate,Alone
2174,2.502757673940247,2.817273472822482,2.298159794775162,1.8729796949262416,2.142384856884284,1.847617395201325,1.7733758771581294,3.531457743072112,2.16657905409441,2.236573295278567,2.404924813559527,2.7845387336497502,2.129382597257888,1.9853427769260568,2.232678133447006,2.6382253555203232,2.6731502188208216,0,2829,Graduate,Partner
2175,2.266156629146906,0.9860926170788148,2.310019756338259,1.671939563932239,1.7589029703095989,1.884148103625496,1.675977201557972,4.419300764812272,4.76616167926674,2.236573295278567,3.739929444462023,3.888680898450896,2.4455365595418024,3.570751229033044,2.156366212303584,4.259806662167925,2.3955129146693475,0,1772,Graduate,Partner
2176,1.6427788567691632,2.886374637190168,1.545052235518494,1.6970695803064892,1.6608029528137496,1.6832292072925563,1.675977201557972,1.5434614117843624,3.206412104163342,2.236573295278567,3.739929444462023,3.888680898450896,0.6029517481058639,1.8184576767042693,1.4280850518261428,1.8274347021965225,1.4237823501391875,2,1544,Graduate,Partner
2177,0.6716551654532104,3.093678130293225,1.4442425622321684,1.9483697440489929,1.6608029528137496,2.0302709373221792,1.8707745527582864,2.354100692503639,2.16657905409441,2.236573295278567,2.404924813559527,1.6803965688486042,2.2084210878288664,0.5668194250408589,1.5027380181620993,1.8274347021965225,1.4237823501391875,2,492,Undergraduate,Alone
2178,2.602100374994482,0.640586795240387,2.2181050542242566,2.1996699077914963,2.92718499685108,2.833946522653937,1.8707745527582864,2.334799757248418,3.206412104163342,2.236573295278567,2.404924813559527,1.6803965688486042,3.468097031303837,2.3191129773696333,2.4947929930265857,1.8274347021965225,3.644880783350982,0,4377,Graduate,Alone
2179,2.1700200302314654,0.7442385417919153,2.384144516107616,1.74732961305499,1.8124120707618805,1.7197599157167271,1.74902620825809,2.296197886737976,3.726328629197808,2.236573295278567,2.404924813559527,1.6803965688486042,3.6459336350885394,1.9853427769260568,2.030285646936191,3.449016008844124,2.5343315667450845,0,4541,Postgraduate,Alone
2180,3.3490757080851643,3.681038027418552,2.514604093301685,4.788061594339283,2.285075791423701,2.94353864792645,3.575251375761036,2.527809109800627,2.16657905409441,2.236573295278567,2.404924813559527,2.7845387336497502,3.270500804876391,1.5681300263715872,2.735341440109112,1.8274347021965225,3.506062131275245,1,1321,Graduate,Partner
2181,0.7991558070307689,1.1588455279980288,1.524297302783074,1.671939563932239,1.625130219178895,2.06680164574635,1.7733758771581294,1.8329754406126757,1.646662529059944,2.236573295278567,1.0699201826570324,1.6803965688486042,3.048205050145514,0.5668194250408589,1.4678999672053197,1.8274347021965225,1.2849636980634502,2,8858,Graduate,Partner
2182,1.587392280690282,3.4046333699478097,1.897886092020634,1.671939563932239,1.692016594744247,1.6466984988683857,1.675977201557972,1.8329754406126757,4.246245154232274,2.236573295278567,3.739929444462023,2.7845387336497502,3.660753352070598,2.4025555274805277,1.657020815256409,1.8274347021965225,1.840238306366399,0,3266,Graduate,Alone
2183,2.754645785453347,1.2279466923657143,2.22700002539658,4.913711676210534,3.796707879200655,4.970992965467932,2.723012964259661,2.045285728420105,3.206412104163342,2.236573295278567,2.404924813559527,2.7845387336497502,3.981847220015198,1.4012449261497992,3.2297099727338896,1.8274347021965225,2.811968870896559,1,11187,Graduate,Partner
2184,1.4131940644824588,3.2664310412124387,1.5509822163000426,1.671939563932239,1.6340484025876088,1.6466984988683857,1.675977201557972,1.5434614117843624,3.206412104163342,2.236573295278567,3.739929444462023,3.888680898450896,1.0722427858710493,3.570751229033044,1.4164723681738831,2.908488906628257,1.4237823501391875,2,8207,Graduate,Partner
2185,0.6127836957452051,2.437217068800212,1.43831258145062,1.74732961305499,1.6028347606571112,1.9206788120496667,1.7733758771581294,1.775072634847013,1.646662529059944,2.236573295278567,2.404924813559527,2.7845387336497502,3.398938352054232,2.819768278034997,1.3982238652917602,1.8274347021965225,1.1461450459877132,2,9723,Undergraduate,Partner
2186,2.017335224027436,1.6080030963879848,1.5272622931738482,1.671939563932239,1.6117529440658247,1.6466984988683857,1.675977201557972,1.775072634847013,2.16657905409441,2.236573295278567,3.739929444462023,2.7845387336497502,2.312159106703276,2.819768278034997,1.4148134133664172,1.8274347021965225,1.1461450459877132,2,2666,Graduate,Alone
2187,1.8604220802200688,1.711654842939513,2.324844708292131,2.400710038785499,2.173598498814781,2.231189833655119,1.675977201557972,2.006683857909663,4.246245154232274,2.236573295278567,2.404924813559527,1.6803965688486042,3.0630247671275725,3.4873086789221497,2.191204263260363,1.8274347021965225,2.811968870896559,0,5721,Undergraduate,Alone
2188,4.023658184186839,2.091711246961784,2.9682476230901504,3.4561707265040136,5.424276351290885,3.345376440592329,2.3334182618590327,2.508508174545406,1.646662529059944,2.236573295278567,1.0699201826570324,1.6803965688486042,1.2994784462626128,1.317802376038905,4.019372461087562,1.8274347021965225,2.950787522972296,1,10652,Graduate,Partner
2189,1.6878036824574485,1.4698007676526137,1.4976123892661055,1.7221995966807395,1.6652620445181063,1.6832292072925563,1.7003268704580117,1.4855586060186998,2.16657905409441,2.236573295278567,3.739929444462023,2.7845387336497502,0.8795864651042891,3.90452142947662,1.4015417749066916,1.8274347021965225,1.2849636980634502,2,1646,Postgraduate,Alone
2190,3.6655040496096447,2.091711246961784,3.1906219023982216,2.9535703990190063,4.403144350993179,2.9618040021385355,3.015208991060133,2.103188534185768,1.646662529059944,2.236573295278567,1.0699201826570324,0.5762544040474584,3.675573069052657,0.1496066744863888,3.70748895728401,1.8274347021965225,3.0896061750480333,1,4418,Undergraduate,Alone
2191,0.1661132629882549,1.0551937814465004,1.4649974949675884,1.7724596294292403,1.6206711274745382,1.664963853080471,1.74902620825809,1.5820632822948042,1.126746004025478,2.236573295278567,2.404924813559527,2.7845387336497502,2.2380605217929834,1.735015126593375,1.3799753624096378,1.8274347021965225,0.7296890897605017,2,2656,Graduate,Partner
2192,1.6298615177172096,3.681038027418552,1.4412775718413942,1.7221995966807395,1.6117529440658247,1.6466984988683857,1.675977201557972,1.5820632822948042,1.646662529059944,2.236573295278567,3.739929444462023,3.888680898450896,3.334719578465311,3.570751229033044,1.3534320854901865,1.8274347021965225,1.007326393911976,2,7990,Graduate,Partner
2193,1.2404827362230617,2.9554758015578533,1.482787437312234,1.74732961305499,1.67418022792682,1.7014945615046415,1.74902620825809,1.601364217550025,2.16657905409441,2.236573295278567,2.404924813559527,2.7845387336497502,2.88518816334287,1.1509172758171171,1.4131544585589515,1.8274347021965225,1.2849636980634502,2,8722,Graduate,Partner
2194,3.731252376079122,2.5063182331678973,2.413794420015359,6.547162740536805,3.270535058086553,4.368236276469112,4.719685814062883,2.5857119155662893,1.126746004025478,2.236573295278567,1.0699201826570324,0.5762544040474584,1.0080240122821291,4.071406529698407,3.374039040983405,1.8274347021965225,2.950787522972296,1,7118,Postgraduate,Alone
2195,0.9778611523322596,2.0226100825940985,1.4442425622321684,1.6970695803064892,1.625130219178895,1.6466984988683857,1.675977201557972,1.5048595412739207,1.646662529059944,2.236573295278567,2.404924813559527,2.7845387336497502,2.440596653881116,1.5681300263715872,1.3517731306827208,1.8274347021965225,1.007326393911976,2,2980,Graduate,Partner
2196,1.7829180459083456,3.1627792946609103,1.9364309671007,1.74732961305499,2.164680315406068,2.1215977083826063,2.260369255158915,2.6822165918423937,3.206412104163342,2.236573295278567,2.404924813559527,2.7845387336497502,3.665693257731284,0.984032175595329,2.0153550536689995,1.8274347021965225,2.3955129146693475,2,1839,Postgraduate,Partner
2197,2.615761158020649,3.4391839521316525,2.2299650157873536,2.4509700715339995,1.981857555527439,1.847617395201325,2.8447613087598578,1.910179181633559,2.6864955791288763,2.236573295278567,2.404924813559527,2.7845387336497502,1.6502117481713303,1.4846874762606932,2.106597568079613,1.8274347021965225,2.6731502188208216,2,10722,Graduate,Partner
2198,3.4406122474101606,1.0551937814465004,3.540490768509587,2.325319989662748,3.988448822487997,2.907007939502279,1.9925228972584828,3.0296334264363693,1.646662529059944,2.236573295278567,1.0699201826570324,0.5762544040474584,2.366498068970824,1.234359825928011,3.7124658217064073,5.881387968815528,3.367243479199508,1,2632,Postgraduate,Alone
2199,0.2681044832006241,0.8824408705272864,1.4353475910598457,1.8729796949262416,1.6385074942919655,1.7014945615046415,1.8707745527582864,1.890878246378338,3.206412104163342,2.236573295278567,2.404924813559527,2.7845387336497502,2.653012597290621,1.4846874762606932,1.4148134133664172,1.8274347021965225,1.5626010022149246,2,9014,Undergraduate,Partner
2200,1.4790817866971009,1.7807560073071989,1.4916824084845568,1.9734997604232432,1.6429665859963225,1.6466984988683857,1.74902620825809,1.5434614117843624,2.6864955791288763,2.236573295278567,5.074934075364517,4.992823063252041,0.6078916537665502,2.819768278034997,1.4114955037514858,1.8274347021965225,1.4237823501391875,2,7620,Postgraduate,Partner
2201,2.597964967887921,1.4698007676526137,3.1491120369273817,1.8227196621777408,1.848084804396735,1.7928213325650688,1.675977201557972,2.006683857909663,2.6864955791288763,2.236573295278567,2.404924813559527,1.6803965688486042,1.432855899101139,2.2356704272587398,2.453319122839944,2.6382253555203232,3.2284248271237703,0,10968,Postgraduate,Alone
2202,2.640341274418072,2.54086881535174,2.5205340740832334,2.275059956914247,1.892675721440303,2.3407819589276317,1.675977201557972,3.1840409084781367,4.246245154232274,2.236573295278567,3.739929444462023,3.888680898450896,3.754611559623635,2.4025555274805277,2.2990363257456337,1.8274347021965225,2.811968870896559,0,11133,Graduate,Partner
2203,2.883029266750284,3.646487445234709,2.784418218862145,1.7975896458034906,2.062121206205861,1.9206788120496667,2.08992157285864,2.508508174545406,5.286078204301206,2.236573295278567,3.739929444462023,3.888680898450896,2.8703684463608123,1.4846874762606932,2.4101862978458355,1.8274347021965225,3.0896061750480333,0,2736,Graduate,Partner
2204,2.6130661736141265,1.9880595004102557,2.108400409765608,1.8478496785519916,2.2003530490409218,1.7197599157167271,1.675977201557972,3.2419437142437992,3.726328629197808,2.236573295278567,2.404924813559527,1.6803965688486042,2.9741064652352214,2.9032108281458915,2.1032796584646816,1.8274347021965225,2.5343315667450845,0,1876,Graduate,Alone
2205,1.0549469994084877,0.951542034894972,1.43831258145062,1.7221995966807395,1.625130219178895,2.012005583110094,1.675977201557972,1.8136745053574548,2.16657905409441,2.236573295278567,3.739929444462023,3.888680898450896,0.7956080688726244,2.0687853270369514,1.4098365489440203,1.8274347021965225,1.2849636980634502,2,5959,Graduate,Partner
2206,0.431290435540415,3.4737345343154957,1.5005773796568798,1.74732961305499,1.7053938698573174,1.7745559783529834,1.7003268704580117,1.92948011688878,2.6864955791288763,2.236573295278567,2.404924813559527,1.6803965688486042,2.909887691646301,1.0674747257062231,1.466241012397854,2.6382253555203232,1.4237823501391875,2,1092,Graduate,Alone
2207,2.0013511785818525,3.093678130293225,3.958554413608761,1.9232397276747424,2.227107599267063,1.884148103625496,1.9194738905583648,1.871577311123117,2.16657905409441,2.236573295278567,1.0699201826570324,0.5762544040474584,3.9324481634083366,2.2356704272587398,3.0671324016022514,1.8274347021965225,4.061336739578193,1,4333,Postgraduate,Alone
2208,1.1656272210694734,2.368115904432526,1.4442425622321684,1.6970695803064892,1.6162120357701817,1.7014945615046415,1.7733758771581294,1.5434614117843624,1.646662529059944,2.236573295278567,1.0699201826570324,0.5762544040474584,3.9522077860510816,0.900589625484435,1.3633858143349806,1.8274347021965225,1.007326393911976,2,3850,Graduate,Alone
2209,1.5189954350626709,3.4391839521316525,1.43831258145062,1.74732961305499,1.6206711274745382,1.756290624140898,1.7246765393580508,1.6592670233156877,1.646662529059944,2.236573295278567,2.404924813559527,2.7845387336497502,2.381317785952882,1.9019002268151632,1.3766574527947064,1.8274347021965225,1.007326393911976,2,6168,Graduate,Partner
2210,2.7643570223665064,2.229913575697155,3.531595797337264,2.752530268025004,2.4010121757369776,2.413843375775973,4.549238131762608,6.252889614058255,2.16657905409441,2.236573295278567,2.404924813559527,2.7845387336497502,2.470236087845233,2.485998077591421,3.551547205382235,1.8274347021965225,2.811968870896559,1,607,Graduate,Partner
2211,2.894041530618316,2.575419397535583,2.633203708932656,1.671939563932239,1.7232302366747447,1.6466984988683857,1.675977201557972,1.6399660880604667,4.76616167926674,2.236573295278567,5.074934075364517,4.992823063252041,0.6819902386768426,4.238291629920196,2.063464743085505,2.097698253304456,2.6731502188208216,0,10469,Postgraduate,Partner
2212,2.56725143870324,3.78468977397008,4.121628885101347,2.8781803498962555,2.5570803853894657,2.231189833655119,1.9681732283584437,1.9487810521440008,1.646662529059944,2.236573295278567,1.0699201826570324,0.5762544040474584,1.3538174085301606,1.317802376038905,3.385651724635665,2.908488906628257,3.0896061750480333,1,6983,Graduate,Alone
2213,3.137101244937634,0.9169914527111293,2.6984334975296904,2.425840055159749,2.5437031102763954,3.107926835835219,2.4064672685591506,2.662915656587173,2.16657905409441,2.236573295278567,2.404924813559527,2.7845387336497502,1.3587573141908469,3.403866128811256,2.7253877112643177,1.8274347021965225,3.506062131275245,0,3661,Postgraduate,Partner
2214,2.3761863373304557,2.0226100825940985,1.6784768031033368,1.74732961305499,1.8614620795098051,1.6832292072925563,1.7003268704580117,1.890878246378338,2.6864955791288763,2.236573295278567,3.739929444462023,3.888680898450896,3.660753352070598,3.570751229033044,1.6122290354548352,3.449016008844124,1.7014196542906617,0,9303,Postgraduate,Partner
