,Unnamed: 0,Education,Income,Recency,Wines,Fruits,Meat,Fish,Sweets,Gold,NumDealsPurchases,Complain,Total_Offsprings,Living_With,Family_Size,Days_since_enrollment,Age,Total_Amount,Frequency,Total_purchases,cluster,Customer_cluster
0,0,3,58138.0,58,635,88,546,172,88,88,3,0,0,0,1,663,66,1617,6,22,1.0,Best Customer
1,1,3,46344.0,38,11,1,6,2,1,6,2,0,2,0,3,113,69,27,0,4,0.0,Ordinary customer
2,2,3,71613.0,26,426,49,127,111,21,42,1,0,0,1,2,312,58,776,0,20,1.0,Best Customer
3,3,3,26646.0,26,11,4,20,10,3,5,2,0,1,1,3,139,39,53,0,6,0.0,Ordinary customer
4,4,2,58293.0,94,173,43,118,46,27,15,5,0,1,1,3,161,42,422,0,14,0.0,Ordinary customer
5,5,2,62513.0,16,520,42,98,0,42,14,2,0,1,1,3,293,56,716,0,20,3.0,Good Customer
6,6,3,55635.0,34,235,65,164,50,49,27,4,0,1,0,2,593,52,590,0,17,3.0,Good Customer
7,7,2,33454.0,32,76,10,56,3,1,23,2,0,1,1,3,417,38,169,0,8,0.0,Ordinary customer
8,8,2,30351.0,19,14,0,24,3,3,2,1,0,1,1,3,388,49,46,6,5,0.0,Ordinary customer
9,9,2,5648.0,68,28,0,6,1,1,13,1,0,2,1,4,108,73,49,3,1,0.0,Ordinary customer
10,11,1,7500.0,59,6,16,11,11,1,16,1,0,0,1,2,593,47,61,0,5,1.0,Best Customer
11,12,3,63033.0,82,194,61,480,225,112,30,1,0,0,0,1,226,64,1102,0,15,0.0,Ordinary customer
12,13,2,59354.0,53,233,2,53,3,5,14,3,0,2,0,3,226,71,310,0,12,2.0,Ordinary customer
13,14,3,17323.0,38,3,14,17,6,1,5,1,0,0,1,2,627,36,46,0,4,1.0,Best Customer
14,15,2,82800.0,23,1006,22,115,59,68,45,1,0,0,0,1,582,77,1315,12,25,0.0,Ordinary customer
15,16,3,41850.0,51,53,5,19,2,13,4,3,0,2,1,4,552,43,96,0,6,3.0,Good Customer
16,17,3,37760.0,20,84,5,38,150,12,28,2,0,0,1,2,667,77,317,0,11,1.0,Best Customer
17,18,2,76995.0,91,1012,80,498,0,16,176,2,0,1,1,3,458,74,1782,1,24,2.0,Ordinary customer
18,19,1,33812.0,86,4,17,19,30,24,39,2,0,1,0,2,603,38,133,0,6,2.0,Ordinary customer
19,20,3,37040.0,41,86,2,73,69,38,48,1,0,0,1,2,690,41,316,0,11,3.0,Good Customer
20,21,3,2447.0,42,1,1,1725,1,1,1,15,0,1,1,3,539,44,1730,0,28,3.0,Good Customer
21,22,2,58607.0,63,867,0,86,0,0,19,3,0,1,1,3,553,74,972,4,14,3.0,Good Customer
22,23,2,65324.0,0,384,0,102,21,32,5,3,0,1,1,3,169,69,544,0,17,3.0,Good Customer
23,24,3,40689.0,69,270,3,27,39,6,99,7,0,1,1,3,468,72,444,0,13,2.0,Ordinary customer
24,25,3,18589.0,89,6,4,25,15,12,13,2,0,0,0,1,543,54,75,0,6,0.0,Ordinary customer
25,26,3,53359.0,4,173,4,30,3,6,41,4,0,2,1,4,398,47,257,0,10,0.0,Ordinary customer
26,28,3,38360.0,26,36,2,42,20,21,10,2,0,1,1,3,394,34,131,0,7,2.0,Ordinary customer
27,29,2,84618.0,96,684,100,801,21,66,0,1,0,0,1,2,219,58,1672,5,25,2.0,Ordinary customer
28,30,2,10979.0,34,8,4,10,2,2,4,2,0,0,0,1,38,34,30,0,6,0.0,Ordinary customer
29,31,2,38620.0,56,112,17,44,34,22,89,1,0,0,1,2,414,60,318,0,10,3.0,Good Customer
30,32,3,40548.0,31,110,0,5,2,0,3,2,0,1,1,3,627,53,120,4,7,1.0,Best Customer
31,33,2,46610.0,8,96,12,96,33,22,43,6,0,2,0,3,608,71,302,6,11,0.0,Ordinary customer
32,34,2,68657.0,4,482,34,471,119,68,22,1,0,0,1,2,494,77,1196,0,17,3.0,Good Customer
33,35,2,49389.0,55,40,0,19,2,1,3,1,0,2,0,3,304,72,65,0,5,0.0,Ordinary customer
34,36,2,67353.0,37,702,17,151,0,8,35,5,0,1,1,3,180,53,913,0,23,2.0,Ordinary customer
35,37,1,23718.0,76,6,3,14,15,7,36,3,0,1,1,3,300,47,81,0,6,1.0,Best Customer
36,38,3,42429.0,99,55,0,6,2,0,4,2,0,1,0,2,138,50,67,0,5,1.0,Best Customer
37,39,2,48948.0,53,437,8,206,160,49,42,2,0,0,0,1,513,80,902,9,22,0.0,Ordinary customer
38,40,3,80011.0,3,421,76,536,82,178,102,2,0,1,1,3,426,43,1395,0,19,0.0,Ordinary customer
39,41,2,20559.0,88,13,1,29,3,0,7,2,0,1,1,3,474,38,53,0,5,0.0,Ordinary customer
40,42,3,21994.0,4,9,0,6,3,1,3,1,0,1,1,3,552,66,22,0,3,1.0,Best Customer
41,44,2,7500.0,19,3,1,10,3,2,12,3,0,1,1,3,270,48,31,0,5,0.0,Ordinary customer
42,45,3,79941.0,72,123,164,266,227,30,174,1,0,0,0,1,1,47,984,0,15,3.0,Good Customer
43,46,1,7500.0,24,3,18,14,15,22,50,3,0,0,1,2,597,27,122,6,7,2.0,Ordinary customer
44,47,3,41728.0,92,13,6,15,3,5,13,1,0,1,1,3,401,55,55,0,4,1.0,Best Customer
45,49,2,72550.0,39,826,50,317,50,38,38,9,0,2,1,4,598,69,1319,0,19,1.0,Best Customer
46,50,3,65486.0,29,245,19,125,37,67,14,1,0,1,0,2,48,66,507,0,16,3.0,Good Customer
47,51,2,79143.0,2,650,37,780,27,167,32,1,0,0,1,2,687,59,1693,0,28,1.0,Best Customer
48,52,3,35790.0,54,12,6,20,30,1,3,2,0,1,0,2,543,46,72,0,5,1.0,Best Customer
49,53,3,82582.0,54,510,120,550,156,40,241,1,0,0,0,1,22,46,1617,10,20,2.0,Ordinary customer
50,54,3,66373.0,57,328,9,124,12,24,109,7,0,2,1,4,382,45,606,0,16,0.0,Ordinary customer
51,55,2,82384.0,55,984,51,432,180,120,190,1,0,0,1,2,587,68,1957,11,26,1.0,Best Customer
52,56,3,70287.0,30,295,35,482,121,120,40,1,0,0,0,1,453,57,1093,6,20,3.0,Good Customer
53,57,3,27938.0,31,13,0,8,2,1,5,1,0,1,0,2,62,35,29,0,5,3.0,Good Customer
54,59,2,55954.0,63,447,0,28,0,0,43,3,0,1,1,3,118,55,518,0,16,1.0,Best Customer
55,60,2,75777.0,12,712,26,538,69,13,80,1,0,0,0,1,360,41,1438,15,20,0.0,Ordinary customer
56,61,3,66653.0,18,452,18,102,16,18,6,4,0,2,1,4,660,48,612,0,18,0.0,Ordinary customer
57,62,3,61823.0,26,523,7,134,37,14,169,4,0,1,0,2,496,71,884,0,20,1.0,Best Customer
58,63,2,67680.0,8,546,0,48,0,6,6,1,0,1,0,2,383,72,606,0,18,3.0,Good Customer
59,64,3,70666.0,29,398,40,367,119,122,30,1,0,0,1,2,205,75,1076,0,15,3.0,Good Customer
60,65,3,25721.0,75,1,3,6,3,6,15,1,0,1,1,3,404,52,34,6,4,1.0,Best Customer
61,66,3,32474.0,0,10,0,1,0,0,0,1,0,2,1,4,49,56,11,0,3,3.0,Good Customer
62,67,1,88194.0,19,688,14,309,201,24,38,1,0,1,0,2,102,44,1274,10,31,3.0,Good Customer
63,68,3,69096.0,4,247,49,159,7,82,109,1,0,1,1,3,275,65,653,0,17,2.0,Ordinary customer
64,69,3,74854.0,90,856,59,487,58,29,73,7,0,3,1,5,447,53,1562,0,12,2.0,Ordinary customer
65,70,2,66991.0,1,496,36,460,189,60,12,3,0,0,1,2,656,69,1253,0,18,1.0,Best Customer
66,72,3,65031.0,29,258,107,291,84,37,86,4,0,1,1,3,469,64,863,0,26,2.0,Ordinary customer
67,73,2,60631.0,88,565,6,65,0,6,19,5,0,2,1,4,450,48,661,4,19,3.0,Good Customer
68,74,3,28332.0,58,14,10,13,4,15,9,1,0,0,1,2,60,71,65,0,7,2.0,Ordinary customer
69,75,3,40246.0,68,2,1,6,2,1,1,1,0,1,0,2,557,46,13,0,3,0.0,Ordinary customer
70,76,2,75251.0,34,721,111,925,97,18,18,1,0,0,1,2,671,51,1890,6,18,0.0,Ordinary customer
71,77,3,75825.0,40,1032,105,779,137,105,51,0,0,0,0,1,625,47,2209,9,22,2.0,Ordinary customer
72,78,1,26326.0,12,1,0,5,0,3,9,1,1,0,1,2,298,47,18,0,3,1.0,Best Customer
73,79,3,56046.0,9,577,0,64,0,0,51,2,0,0,1,2,543,58,692,9,19,0.0,Ordinary customer
74,80,3,29760.0,87,64,4,68,7,5,17,4,0,1,0,2,669,38,165,0,8,0.0,Ordinary customer
75,81,3,26304.0,5,4,1,5,2,0,4,1,0,1,1,3,371,54,16,0,3,2.0,Ordinary customer
76,82,1,23559.0,87,25,5,19,7,0,23,3,0,1,1,3,361,50,79,0,6,1.0,Best Customer
77,83,2,38620.0,56,112,17,44,34,22,89,1,0,0,1,2,414,60,318,0,10,0.0,Ordinary customer
78,84,3,81361.0,18,163,23,424,27,65,76,1,0,0,0,1,124,36,778,0,26,2.0,Ordinary customer
79,85,3,29440.0,95,17,8,14,10,4,3,2,0,2,1,4,322,63,56,0,5,0.0,Ordinary customer
80,86,2,36138.0,48,130,0,16,0,0,5,5,0,2,1,4,348,53,151,4,8,0.0,Ordinary customer
81,87,3,50388.0,3,292,6,37,0,3,34,4,0,1,0,2,32,66,372,11,13,3.0,Good Customer
82,88,3,79593.0,70,350,60,568,110,133,145,1,0,0,1,2,48,50,1366,5,18,0.0,Ordinary customer
83,89,3,54178.0,79,135,9,39,4,0,7,1,0,1,1,3,159,56,194,0,9,1.0,Best Customer
84,93,2,42394.0,69,15,2,10,0,1,4,1,0,1,0,2,98,51,32,0,4,1.0,Best Customer
85,94,2,23626.0,84,27,2,14,0,0,0,3,0,1,1,3,36,53,43,0,7,1.0,Best Customer
86,95,3,30096.0,30,5,3,11,12,5,9,1,0,1,1,3,38,40,45,0,5,1.0,Best Customer
87,96,3,47916.0,72,505,0,26,0,0,75,5,0,1,0,2,584,63,606,4,17,0.0,Ordinary customer
88,97,3,51813.0,37,51,2,7,0,1,2,2,0,2,0,3,444,51,63,0,5,0.0,Ordinary customer
89,98,1,78497.0,44,207,26,447,75,0,223,1,0,0,1,2,210,72,978,1,24,3.0,Good Customer
90,99,2,50150.0,32,135,46,92,65,61,11,2,0,0,1,2,374,40,410,0,14,2.0,Ordinary customer
91,100,1,47823.0,0,53,1,5,2,1,10,2,0,1,0,2,341,63,72,0,5,1.0,Best Customer
92,101,2,34554.0,43,41,1,6,2,0,5,2,0,1,0,2,91,64,55,0,5,1.0,Best Customer
93,102,3,85693.0,59,386,172,183,185,132,111,2,0,1,1,3,435,44,1169,0,25,1.0,Best Customer
94,103,2,65846.0,68,562,81,276,80,40,81,1,0,0,1,2,408,78,1120,0,15,3.0,Good Customer
95,104,3,87195.0,35,217,76,690,50,26,38,1,0,0,1,2,52,64,1097,6,19,1.0,Best Customer
96,105,1,24594.0,94,1,3,6,10,0,9,1,0,1,1,3,201,44,29,0,4,3.0,Good Customer
97,106,3,49096.0,15,144,1,32,2,1,7,4,0,2,1,4,278,59,187,0,9,0.0,Ordinary customer
98,107,3,52413.0,56,295,106,271,75,98,65,4,0,2,1,4,512,54,910,0,22,1.0,Best Customer
99,108,3,38557.0,17,76,3,31,4,4,27,2,0,1,0,2,557,45,145,0,7,3.0,Good Customer
100,109,2,89058.0,18,454,194,106,31,22,43,1,0,0,1,2,569,63,850,0,13,0.0,Ordinary customer
101,110,3,77298.0,46,425,115,292,23,35,79,1,0,1,1,3,239,44,969,0,23,0.0,Ordinary customer
102,111,2,68126.0,40,1332,17,311,23,51,86,1,0,0,0,1,596,32,1820,10,16,3.0,Good Customer
103,112,2,57288.0,27,527,0,21,0,0,60,3,0,1,1,3,4,60,608,4,17,2.0,Ordinary customer
104,113,3,86037.0,95,490,44,125,29,20,22,1,0,0,0,1,543,32,730,15,24,0.0,Ordinary customer
105,114,2,43974.0,19,378,0,101,0,0,72,5,0,1,1,3,564,43,551,0,16,2.0,Ordinary customer
106,115,3,50785.0,27,64,1,21,0,1,27,2,0,2,0,3,292,61,114,0,6,1.0,Best Customer
107,116,3,90765.0,25,547,99,812,151,82,33,0,0,0,1,2,156,53,1724,6,15,3.0,Good Customer
108,117,1,36550.0,74,47,90,94,123,103,120,5,0,1,1,3,495,45,577,0,15,1.0,Best Customer
109,118,1,30753.0,85,12,5,25,0,9,30,2,0,2,1,4,353,56,81,0,5,0.0,Ordinary customer
110,119,3,21918.0,37,1,6,7,11,5,3,2,0,1,1,3,227,54,33,0,5,3.0,Good Customer
111,120,2,56129.0,65,320,48,133,39,72,48,4,0,1,1,3,374,70,660,0,18,3.0,Good Customer
112,121,2,32557.0,13,34,3,29,0,4,10,3,0,1,0,2,125,56,80,6,6,3.0,Good Customer
113,122,2,19510.0,63,9,0,7,3,4,7,2,0,2,1,4,298,38,30,0,4,1.0,Best Customer
114,123,3,30992.0,83,17,0,14,7,3,2,1,0,1,0,2,433,47,43,0,4,0.0,Ordinary customer
115,124,3,101970.0,69,722,27,102,44,72,168,0,0,0,0,1,474,40,1135,16,27,1.0,Best Customer
116,125,1,71488.0,87,162,33,124,40,28,172,2,0,0,1,2,496,58,559,0,14,2.0,Ordinary customer
117,126,3,79607.0,37,450,133,951,173,0,216,1,0,0,0,1,434,39,1923,6,15,0.0,Ordinary customer
118,127,2,54348.0,51,70,0,16,0,0,4,2,0,2,1,4,21,70,90,0,6,2.0,Ordinary customer
119,129,2,77376.0,72,492,19,110,16,12,12,4,0,2,1,4,50,67,661,0,19,1.0,Best Customer
120,130,3,62998.0,10,120,58,73,65,89,58,5,0,1,1,3,272,71,463,0,14,3.0,Good Customer
121,131,2,61331.0,42,534,5,47,0,5,41,5,0,2,0,3,476,65,632,0,18,1.0,Best Customer
122,132,3,73448.0,10,236,106,189,23,41,130,1,0,0,1,2,139,54,725,0,18,3.0,Good Customer
123,134,2,41551.0,51,220,0,33,3,0,23,5,0,2,1,4,319,59,279,0,11,3.0,Good Customer
124,135,2,62981.0,21,796,14,590,38,44,0,1,0,0,1,2,469,56,1482,4,22,0.0,Ordinary customer
125,136,1,9548.0,31,0,1,3,10,6,9,2,0,1,0,2,690,47,29,0,4,0.0,Ordinary customer
126,137,2,33762.0,61,53,1,34,2,0,16,3,0,3,1,5,357,64,106,0,6,0.0,Ordinary customer
127,138,2,35860.0,37,15,0,8,4,2,20,2,0,2,0,3,41,50,49,9,4,2.0,Ordinary customer
128,139,2,36921.0,74,17,1,12,3,1,4,2,0,2,0,3,336,58,38,0,5,0.0,Ordinary customer
129,140,2,92859.0,46,962,61,921,52,61,20,1,0,0,0,1,618,31,2077,0,21,3.0,Good Customer
130,141,2,65104.0,4,738,0,232,13,20,50,2,0,1,1,3,227,47,1053,6,15,3.0,Good Customer
131,142,3,86111.0,73,399,28,756,36,40,126,1,0,0,1,2,436,61,1385,0,22,2.0,Ordinary customer
132,143,2,68352.0,47,614,16,132,43,33,33,3,0,1,0,2,305,49,871,0,22,3.0,Good Customer
133,144,3,41883.0,13,32,34,41,73,16,116,3,0,1,1,3,467,35,312,0,9,1.0,Best Customer
134,145,3,59809.0,36,598,16,141,32,41,49,3,0,2,1,4,619,47,877,0,12,2.0,Ordinary customer
135,146,3,23957.0,47,2,1,18,20,11,16,1,0,1,1,3,609,48,68,6,5,0.0,Ordinary customer
136,147,3,38547.0,49,6,1,10,0,1,4,1,1,1,1,3,305,42,22,0,3,0.0,Ordinary customer
137,148,1,35688.0,94,73,3,90,12,1,32,7,0,3,1,5,676,50,211,0,9,1.0,Best Customer
138,149,2,49605.0,65,42,16,29,12,20,8,1,0,0,1,2,8,57,127,0,7,0.0,Ordinary customer
139,150,2,59354.0,59,295,21,78,39,13,13,1,0,2,1,4,66,70,459,0,15,1.0,Best Customer
140,151,3,65747.0,96,346,17,48,23,13,13,4,0,1,1,3,114,54,460,4,15,0.0,Ordinary customer
141,152,1,46344.0,28,233,20,57,8,20,91,4,0,1,1,3,562,51,429,0,13,1.0,Best Customer
142,153,3,34176.0,12,5,7,24,19,14,20,4,0,1,0,2,48,35,89,0,7,3.0,Good Customer
143,154,2,61010.0,57,888,0,57,0,0,76,2,0,1,1,3,628,71,1021,0,24,0.0,Ordinary customer
144,155,3,69372.0,10,997,26,269,34,13,42,1,0,0,1,2,495,74,1381,15,20,2.0,Ordinary customer
145,156,3,49967.0,4,212,6,69,4,12,3,3,0,1,0,2,356,65,306,0,12,2.0,Ordinary customer
146,157,3,60199.0,49,8,1,7,2,0,0,1,0,3,0,4,290,45,18,0,3,1.0,Best Customer
147,158,3,55375.0,3,42,11,57,10,28,14,1,0,1,1,3,255,46,162,0,8,0.0,Ordinary customer
148,159,3,80317.0,64,536,11,387,149,91,57,1,0,0,0,1,313,68,1231,0,17,0.0,Ordinary customer
149,160,2,30523.0,0,5,0,3,0,0,5,1,0,3,0,4,363,65,13,0,3,0.0,Ordinary customer
150,161,2,70356.0,20,1349,16,249,43,16,33,2,0,0,1,2,601,78,1706,0,25,0.0,Ordinary customer
151,162,3,23228.0,91,53,3,49,7,4,5,4,0,1,1,3,175,39,121,0,7,0.0,Ordinary customer
152,163,2,74165.0,9,1001,12,240,16,12,12,1,0,0,0,1,424,48,1293,0,19,2.0,Ordinary customer
153,164,2,157243.0,98,20,2,1582,1,2,1,15,0,1,1,3,120,50,1608,0,22,1.0,Best Customer
154,165,3,43482.0,83,18,1,32,6,3,28,3,0,3,1,5,228,57,88,0,6,1.0,Best Customer
155,166,3,62551.0,27,125,16,98,134,21,27,1,0,0,0,1,223,70,421,3,17,0.0,Ordinary customer
156,167,3,52332.0,63,212,5,33,7,0,2,1,0,0,0,1,305,64,259,4,11,0.0,Ordinary customer
157,168,3,66951.0,46,277,162,305,173,76,124,1,0,0,0,1,239,35,1117,0,14,1.0,Best Customer
158,169,3,26091.0,84,15,10,19,8,17,20,3,0,2,1,4,124,66,89,0,6,0.0,Ordinary customer
159,170,3,33456.0,58,7,3,10,8,1,7,2,0,2,1,4,69,58,36,0,4,0.0,Ordinary customer
160,171,3,28718.0,78,12,4,6,11,8,16,2,0,1,1,3,351,41,57,0,5,1.0,Best Customer
161,172,3,50447.0,4,85,7,24,2,3,27,1,0,2,1,4,69,53,148,0,7,0.0,Ordinary customer
162,173,2,53537.0,17,81,0,6,0,0,6,2,0,2,1,4,150,64,93,0,6,2.0,Ordinary customer
163,174,3,52074.0,77,59,0,12,0,0,48,1,0,1,0,2,86,56,119,3,6,0.0,Ordinary customer
164,175,2,80427.0,56,1149,71,449,69,71,26,1,0,1,1,3,655,48,1835,0,27,2.0,Ordinary customer
165,176,2,83837.0,79,847,66,119,86,89,111,1,0,0,1,2,560,75,1318,11,24,3.0,Good Customer
166,177,2,38853.0,90,29,0,14,0,0,2,2,0,2,1,4,37,53,45,0,5,1.0,Best Customer
167,178,3,38285.0,96,2,0,5,2,0,1,1,0,3,1,5,5,64,10,0,3,0.0,Ordinary customer
168,179,1,78497.0,44,207,26,447,75,0,223,1,0,0,1,2,210,72,978,1,24,0.0,Ordinary customer
169,180,2,51650.0,81,152,3,22,2,5,7,1,0,1,1,3,49,47,191,0,9,1.0,Best Customer
170,181,1,16248.0,77,12,11,10,3,12,9,3,0,1,1,3,50,35,57,0,6,2.0,Ordinary customer
171,182,2,66835.0,21,620,26,195,34,17,141,1,0,0,1,2,274,77,1033,0,23,0.0,Ordinary customer
172,183,2,30477.0,16,47,1,6,0,0,12,1,0,1,1,3,158,39,66,0,5,0.0,Ordinary customer
173,184,1,28249.0,80,1,9,7,2,14,10,1,0,0,1,2,14,62,43,0,5,0.0,Ordinary customer
174,185,3,25271.0,45,10,1,18,10,4,7,1,0,1,1,3,571,40,50,0,4,1.0,Best Customer
175,186,2,32303.0,63,35,0,2,0,0,2,2,0,1,0,2,113,53,39,0,5,1.0,Best Customer
176,187,3,61286.0,34,356,0,107,19,9,117,2,0,1,1,3,331,57,608,0,16,1.0,Best Customer
177,188,3,74068.0,14,783,30,537,140,76,15,1,0,0,1,2,467,47,1581,0,23,0.0,Ordinary customer
178,189,2,45759.0,13,42,1,18,3,0,4,2,0,2,1,4,491,59,68,0,5,3.0,Good Customer
179,190,1,24882.0,52,1,4,10,29,0,36,1,0,1,1,3,658,45,80,3,4,1.0,Best Customer
180,191,2,66973.0,98,466,22,432,147,113,102,1,0,0,1,2,408,34,1282,0,27,1.0,Best Customer
181,192,1,36640.0,99,15,6,8,7,4,25,1,1,1,0,2,276,123,65,0,5,1.0,Best Customer
182,193,3,38872.0,93,23,3,21,3,19,22,2,0,1,1,3,395,35,91,0,6,0.0,Ordinary customer
183,194,3,51148.0,38,235,6,45,8,9,12,4,0,2,1,4,496,50,315,0,12,2.0,Ordinary customer
184,195,3,31353.0,24,10,0,10,3,1,7,2,0,2,1,4,182,46,31,0,4,0.0,Ordinary customer
185,196,2,69661.0,80,656,16,106,32,16,8,1,0,0,1,2,47,43,834,0,22,0.0,Ordinary customer
186,197,3,80067.0,82,519,17,813,27,173,51,1,0,0,1,2,283,69,1600,5,16,0.0,Ordinary customer
187,198,3,86718.0,20,344,189,482,50,33,172,1,0,0,1,2,528,69,1270,0,16,3.0,Good Customer
188,199,2,46854.0,81,96,1,79,7,1,79,6,0,2,0,3,90,50,263,9,9,0.0,Ordinary customer
189,200,3,69142.0,50,448,4,34,6,4,39,3,0,1,0,2,0,71,535,4,16,1.0,Best Customer
190,201,3,75922.0,60,265,138,553,224,23,92,1,0,0,0,1,202,55,1295,0,17,0.0,Ordinary customer
191,202,3,63693.0,63,587,43,337,42,87,54,3,0,1,0,2,258,45,1150,0,26,3.0,Good Customer
192,203,2,102160.0,54,763,29,138,76,176,58,0,0,0,1,2,604,46,1240,16,26,1.0,Best Customer
193,204,2,40637.0,72,22,0,13,0,0,3,2,0,2,0,3,347,58,38,0,4,0.0,Ordinary customer
194,205,2,18890.0,5,6,4,1,7,2,15,1,0,0,0,1,596,39,35,9,3,0.0,Ordinary customer
195,206,3,29604.0,88,7,6,13,7,6,14,1,0,1,1,3,203,35,53,3,4,1.0,Best Customer
196,207,2,48721.0,50,81,18,113,47,13,21,6,0,2,0,3,412,60,293,0,11,2.0,Ordinary customer
197,208,3,44794.0,99,54,0,7,0,0,4,1,0,1,1,3,21,57,65,0,5,3.0,Good Customer
198,209,3,64497.0,17,1170,48,320,42,32,192,5,0,1,0,2,657,69,1804,9,24,0.0,Ordinary customer
199,210,3,46097.0,11,72,24,68,65,4,8,5,0,1,1,3,455,67,241,0,10,1.0,Best Customer
200,211,3,77972.0,18,613,22,319,33,102,12,1,0,0,1,2,103,69,1101,0,19,3.0,Good Customer
201,212,2,44377.0,70,224,0,30,0,0,10,8,0,2,1,4,632,55,264,0,11,0.0,Ordinary customer
202,213,2,46014.0,21,410,0,59,19,9,44,10,0,2,1,4,524,49,541,0,16,3.0,Good Customer
203,214,3,70951.0,66,239,10,554,254,87,54,1,0,0,1,2,421,38,1198,0,16,0.0,Ordinary customer
204,215,3,41443.0,79,171,7,171,25,19,89,6,0,1,1,3,89,46,482,0,14,3.0,Good Customer
205,216,1,52195.0,2,12,0,4,0,0,1,1,0,3,0,4,48,45,17,0,3,3.0,Good Customer
206,217,2,83790.0,81,1076,16,417,42,48,16,1,0,0,1,2,226,75,1615,9,24,1.0,Best Customer
207,218,2,44551.0,24,182,4,33,0,0,66,2,0,1,0,2,302,69,285,0,10,0.0,Ordinary customer
208,219,3,69508.0,48,824,32,162,42,32,43,2,0,1,1,3,592,43,1135,0,26,3.0,Good Customer
209,220,1,45204.0,93,30,11,25,29,1,18,1,0,1,1,3,79,35,114,0,6,1.0,Best Customer
210,221,3,72460.0,56,377,10,540,80,30,10,1,0,0,1,2,227,54,1047,0,15,0.0,Ordinary customer
211,222,2,77622.0,3,520,7,154,19,0,14,2,0,2,1,4,76,53,714,0,20,2.0,Ordinary customer
212,223,2,30732.0,44,155,1,25,0,1,3,4,0,1,1,3,540,43,185,0,9,3.0,Good Customer
213,224,3,63887.0,38,897,23,207,15,11,92,5,0,1,0,2,659,61,1245,0,27,0.0,Ordinary customer
214,225,3,42011.0,46,131,0,16,2,1,39,4,0,1,1,3,460,45,189,0,8,0.0,Ordinary customer
215,226,3,51369.0,84,297,7,79,0,11,182,2,0,1,1,3,612,47,576,0,14,3.0,Good Customer
216,227,3,51537.0,27,787,20,204,0,0,92,3,0,1,0,2,567,71,1103,0,15,2.0,Ordinary customer
217,228,2,79930.0,72,792,86,740,67,51,17,1,0,0,1,2,690,51,1753,0,16,2.0,Ordinary customer
218,229,2,34320.0,66,4,1,9,3,0,0,1,0,1,1,3,133,37,17,0,3,1.0,Best Customer
219,230,3,37070.0,30,231,7,137,4,15,39,9,0,2,0,3,466,57,433,6,14,1.0,Best Customer
220,231,1,81975.0,2,983,76,184,180,138,27,1,0,1,0,2,540,61,1588,5,13,2.0,Ordinary customer
221,232,3,38590.0,65,3,1,8,4,3,3,1,0,1,1,3,410,52,22,0,3,1.0,Best Customer
222,233,3,15033.0,37,0,4,5,6,0,4,1,0,0,0,1,74,72,19,0,4,3.0,Good Customer
223,234,2,62745.0,89,562,21,464,28,10,32,3,0,1,1,3,463,58,1117,0,26,0.0,Ordinary customer
224,235,1,22212.0,49,5,9,20,6,8,21,2,0,1,1,3,202,48,69,0,6,3.0,Good Customer
225,236,2,23661.0,46,18,0,4,0,0,1,1,0,1,1,3,207,41,23,0,4,3.0,Good Customer
226,237,2,79761.0,32,415,5,124,15,35,11,1,0,1,0,2,268,65,605,0,18,1.0,Best Customer
227,238,3,7500.0,54,5,3,10,12,7,20,4,0,1,0,2,185,50,57,0,7,1.0,Best Customer
228,239,1,60182.0,23,8,0,5,7,0,2,1,0,1,0,2,43,130,22,0,3,2.0,Ordinary customer
229,240,3,73455.0,98,901,61,757,186,163,20,1,0,0,0,1,244,55,2088,4,21,2.0,Ordinary customer
230,241,3,64961.0,97,382,114,276,75,124,38,2,0,1,1,3,553,65,1009,0,14,1.0,Best Customer
231,242,3,22804.0,75,14,1,7,2,1,1,1,0,1,0,2,333,52,26,0,4,2.0,Ordinary customer
232,243,3,73687.0,8,559,153,503,218,13,181,1,0,0,1,2,213,33,1627,7,21,3.0,Good Customer
233,244,3,61074.0,37,789,0,133,0,28,152,7,0,1,1,3,681,65,1102,0,24,2.0,Ordinary customer
234,245,2,31686.0,31,11,0,5,0,0,1,2,0,2,1,4,24,59,17,0,4,3.0,Good Customer
235,246,3,80134.0,40,1218,16,272,104,0,80,2,0,1,1,3,405,51,1690,16,14,2.0,Ordinary customer
236,247,3,75027.0,74,925,64,179,133,12,77,2,0,1,1,3,536,70,1390,0,19,0.0,Ordinary customer
237,248,2,67546.0,90,864,134,768,150,38,172,1,0,0,1,2,667,35,2126,0,19,0.0,Ordinary customer
238,249,2,65176.0,57,960,28,183,220,70,70,4,0,1,1,3,608,54,1531,0,21,2.0,Ordinary customer
239,250,2,31160.0,59,16,3,25,6,1,13,2,0,1,0,2,286,48,64,0,5,3.0,Good Customer
240,251,3,29938.0,52,3,3,7,0,2,11,2,0,1,0,2,245,38,26,0,4,0.0,Ordinary customer
241,252,3,102692.0,5,168,148,444,32,172,148,1,0,0,0,1,450,49,1112,18,28,0.0,Ordinary customer
242,253,1,26490.0,92,45,47,52,21,20,25,2,0,0,1,2,645,65,210,0,9,3.0,Good Customer
243,254,3,75702.0,77,650,28,353,45,42,30,5,0,2,1,4,669,56,1148,0,21,0.0,Ordinary customer
244,255,2,30899.0,35,24,0,8,0,0,1,2,0,1,0,2,624,49,33,0,4,1.0,Best Customer
245,256,2,63342.0,48,918,21,118,13,10,21,3,0,1,1,3,621,62,1101,4,16,0.0,Ordinary customer
246,257,3,45989.0,97,138,33,87,28,24,12,4,0,1,0,2,615,59,322,0,12,1.0,Best Customer
247,258,3,18701.0,95,12,4,2,10,6,10,4,0,2,0,3,390,59,44,0,6,0.0,Ordinary customer
248,259,2,40737.0,24,11,0,4,0,0,2,1,0,3,0,4,203,66,17,0,3,1.0,Best Customer
249,260,3,15287.0,60,1,2,8,4,3,13,2,0,1,0,2,627,44,31,9,4,2.0,Ordinary customer
250,261,2,69674.0,46,554,41,215,11,0,24,3,0,2,0,3,403,55,845,0,22,0.0,Ordinary customer
251,262,2,44159.0,85,167,2,62,24,13,7,4,0,1,1,3,12,53,275,0,11,0.0,Ordinary customer
252,263,2,37717.0,31,9,0,6,4,1,5,1,0,1,1,3,583,45,25,0,3,0.0,Ordinary customer
253,264,2,43776.0,9,177,2,71,3,2,20,6,0,2,1,4,511,71,275,6,11,3.0,Good Customer
254,265,2,38179.0,30,38,4,22,4,2,20,4,0,2,1,4,472,57,90,0,7,1.0,Best Customer
255,266,3,80124.0,47,483,84,398,205,84,241,1,0,0,1,2,3,60,1495,3,18,1.0,Best Customer
256,267,2,38097.0,70,77,2,35,0,1,69,4,0,2,1,4,622,53,184,9,7,1.0,Best Customer
257,268,3,72940.0,13,182,74,298,162,149,116,1,0,0,1,2,375,53,981,0,12,3.0,Good Customer
258,269,3,22070.0,11,10,7,19,8,2,21,2,0,1,1,3,268,53,67,0,6,0.0,Ordinary customer
259,270,3,69267.0,31,778,44,499,95,73,146,2,0,0,0,1,645,70,1635,6,12,3.0,Good Customer
260,271,2,31788.0,15,16,7,23,0,8,6,3,1,1,0,2,101,40,60,0,7,3.0,Good Customer
261,272,2,61905.0,2,167,0,43,6,2,13,2,0,1,1,3,145,48,231,0,10,0.0,Ordinary customer
262,273,3,29315.0,55,13,2,14,8,7,4,4,0,2,1,4,84,63,48,0,6,0.0,Ordinary customer
263,274,3,33378.0,38,33,6,40,3,7,10,3,0,2,0,3,508,60,99,0,6,0.0,Ordinary customer
264,275,2,66313.0,86,625,7,99,10,22,7,2,0,1,1,3,286,60,770,0,21,1.0,Best Customer
265,276,3,60714.0,56,216,162,224,101,92,162,2,0,0,0,1,528,67,957,6,21,3.0,Good Customer
266,277,2,77882.0,29,68,129,396,188,22,15,1,0,0,1,2,60,42,818,0,11,1.0,Best Customer
267,278,2,69867.0,30,196,0,512,33,130,54,1,0,0,0,1,453,37,925,7,16,2.0,Ordinary customer
268,279,2,63841.0,64,635,15,100,20,7,131,1,0,1,0,2,434,55,908,0,21,2.0,Ordinary customer
269,280,1,24480.0,46,4,19,9,28,25,17,3,0,1,1,3,503,42,102,0,7,0.0,Ordinary customer
270,281,3,51369.0,84,297,7,79,0,11,182,2,0,1,1,3,612,47,576,0,14,1.0,Best Customer
271,282,3,37760.0,20,84,5,38,150,12,28,2,0,0,1,2,667,77,317,0,11,0.0,Ordinary customer
272,283,2,65640.0,74,204,7,149,20,15,66,1,0,1,1,3,120,49,461,0,14,0.0,Ordinary customer
273,284,2,44319.0,18,26,0,8,0,0,3,2,0,2,1,4,73,48,37,0,5,3.0,Good Customer
274,285,3,30631.0,75,15,6,20,4,5,20,1,0,1,1,3,352,49,70,0,6,2.0,Ordinary customer
275,286,3,75278.0,17,304,98,230,150,74,74,1,0,0,1,2,516,71,930,0,22,0.0,Ordinary customer
276,287,2,50898.0,88,285,28,242,55,114,135,13,0,2,1,4,537,67,859,0,20,1.0,Best Customer
277,288,3,79946.0,19,395,183,565,166,141,28,1,0,0,0,1,48,57,1478,0,21,3.0,Good Customer
278,289,2,35416.0,62,248,3,81,4,3,51,3,0,0,0,1,381,74,390,0,13,0.0,Ordinary customer
279,290,1,32414.0,11,20,6,5,0,9,12,1,0,0,1,2,360,39,52,3,4,3.0,Good Customer
280,291,3,38361.0,74,39,0,56,20,8,14,3,0,1,1,3,184,54,137,0,7,0.0,Ordinary customer
281,292,3,82497.0,32,777,129,573,216,21,203,1,0,0,1,2,606,43,1919,5,18,2.0,Ordinary customer
282,293,3,16626.0,76,8,3,22,21,1,13,3,0,2,1,4,165,52,68,0,6,0.0,Ordinary customer
283,294,3,29672.0,6,9,1,3,0,4,8,1,0,2,1,4,474,58,25,0,3,1.0,Best Customer
284,295,2,55951.0,62,1241,0,80,0,13,40,3,0,1,1,3,675,71,1374,6,20,2.0,Ordinary customer
285,296,1,35388.0,20,6,4,7,4,3,8,1,0,1,0,2,479,35,32,0,4,1.0,Best Customer
286,297,2,42386.0,43,65,4,16,0,4,11,1,0,1,1,3,532,37,100,0,6,3.0,Good Customer
287,298,3,68627.0,45,395,15,263,60,54,38,1,0,0,0,1,533,41,825,0,11,2.0,Ordinary customer
288,299,2,57912.0,34,801,0,80,0,0,35,5,0,1,0,2,104,58,916,4,23,2.0,Ordinary customer
289,300,3,35246.0,53,36,0,12,2,2,10,4,0,2,0,3,74,65,62,0,7,0.0,Ordinary customer
290,301,1,58821.0,44,513,14,154,19,0,28,1,0,1,1,3,260,67,728,0,20,1.0,Best Customer
291,302,2,46377.0,89,37,0,46,4,3,0,1,0,1,1,3,120,45,90,0,6,0.0,Ordinary customer
292,303,3,39747.0,43,80,15,93,20,13,52,3,0,1,0,2,77,35,273,0,10,0.0,Ordinary customer
293,304,3,23976.0,68,14,1,21,2,3,25,3,0,1,1,3,184,39,66,0,7,0.0,Ordinary customer
294,305,2,80950.0,44,525,147,112,219,147,63,1,0,0,1,2,458,62,1213,1,22,2.0,Ordinary customer
295,306,3,27038.0,64,1,26,25,17,23,15,1,0,0,0,1,649,57,107,6,6,0.0,Ordinary customer
296,307,3,77457.0,85,675,11,400,15,45,11,1,0,0,0,1,116,76,1157,5,17,3.0,Good Customer
297,308,2,64100.0,93,509,0,27,0,0,10,1,0,1,1,3,292,59,546,4,17,0.0,Ordinary customer
298,309,2,42670.0,12,154,2,46,20,4,15,1,0,0,1,2,428,31,241,0,10,0.0,Ordinary customer
299,310,3,12571.0,86,3,5,14,2,12,17,4,0,1,0,2,162,47,53,0,7,3.0,Good Customer
300,311,3,22574.0,28,25,0,8,2,0,2,2,0,3,1,5,244,56,37,0,5,3.0,Good Customer
301,313,2,70893.0,42,768,44,561,77,44,14,1,0,0,0,1,508,47,1508,0,22,2.0,Ordinary customer
302,314,3,54198.0,13,185,0,28,3,2,17,6,0,2,1,4,194,57,235,0,10,0.0,Ordinary customer
303,315,2,28839.0,86,24,0,7,0,0,1,2,0,2,1,4,110,67,32,0,5,0.0,Ordinary customer
304,316,3,40321.0,59,44,4,21,6,0,27,2,0,2,1,4,335,51,102,0,6,2.0,Ordinary customer
305,317,3,66503.0,30,91,64,128,65,3,50,2,0,1,0,2,684,38,401,0,13,2.0,Ordinary customer
306,318,3,30833.0,33,11,0,7,3,1,6,2,0,2,1,4,348,72,28,0,4,2.0,Ordinary customer
307,320,3,64795.0,23,412,5,119,38,29,77,3,0,1,1,3,528,52,680,0,18,2.0,Ordinary customer
308,321,3,34421.0,81,3,3,7,6,2,9,1,0,1,1,3,363,49,30,0,3,0.0,Ordinary customer
309,322,2,47025.0,6,16,0,3,0,0,1,1,0,2,0,3,140,58,20,0,3,3.0,Good Customer
310,323,2,64325.0,41,731,60,353,78,12,73,5,0,1,0,2,507,62,1307,0,18,1.0,Best Customer
311,324,3,40464.0,78,424,17,118,7,23,41,6,0,1,0,2,534,70,630,0,18,0.0,Ordinary customer
312,325,3,62187.0,49,792,0,275,45,45,126,1,0,0,1,2,359,66,1283,0,17,1.0,Best Customer
313,326,2,14849.0,39,21,2,28,3,2,9,3,0,1,0,2,362,47,65,0,6,1.0,Best Customer
314,327,3,27255.0,3,22,1,11,0,1,2,1,0,1,1,3,234,39,37,0,4,1.0,Best Customer
315,328,2,54432.0,37,33,0,5,0,0,0,1,0,3,1,5,416,73,38,0,4,2.0,Ordinary customer
316,329,2,29999.0,22,68,7,59,10,5,11,4,0,1,0,2,501,37,160,0,8,3.0,Good Customer
317,330,3,24072.0,79,9,1,6,3,0,4,1,0,1,0,2,439,40,23,0,3,3.0,Good Customer
318,331,2,33996.0,46,40,2,15,8,0,6,1,0,0,0,1,291,34,71,0,5,2.0,Ordinary customer
319,332,2,66334.0,82,909,11,218,0,0,23,2,0,1,1,3,452,67,1161,6,17,1.0,Best Customer
320,333,2,35178.0,10,23,1,13,2,2,18,1,0,1,1,3,535,52,59,9,4,0.0,Ordinary customer
321,334,3,22010.0,51,11,2,9,3,0,8,2,0,1,1,3,364,40,33,0,5,1.0,Best Customer
322,335,3,62204.0,38,317,46,247,151,46,139,1,0,2,0,3,655,63,946,0,21,0.0,Ordinary customer
323,336,3,75693.0,10,797,153,293,72,97,30,1,0,0,0,1,570,55,1442,16,21,0.0,Ordinary customer
324,337,3,30675.0,14,10,2,16,11,2,21,1,0,1,1,3,594,51,62,0,4,3.0,Good Customer
325,338,3,83003.0,18,856,61,570,40,25,122,1,0,0,1,2,483,58,1674,11,21,1.0,Best Customer
326,339,2,83532.0,36,755,144,562,104,64,224,1,0,0,1,2,276,124,1853,5,14,1.0,Best Customer
327,340,3,68655.0,95,456,19,832,75,118,38,1,0,0,0,1,688,35,1538,0,20,1.0,Best Customer
328,341,3,41411.0,11,37,32,38,11,3,18,1,0,0,0,1,204,37,139,0,7,3.0,Good Customer
329,342,2,55212.0,65,1103,0,45,0,0,34,3,0,1,1,3,583,54,1182,6,17,0.0,Ordinary customer
330,343,2,59292.0,71,378,14,68,19,14,14,2,0,1,1,3,381,73,507,0,16,0.0,Ordinary customer
331,344,1,27190.0,13,1,6,7,0,1,3,1,0,1,1,3,318,50,18,9,3,1.0,Best Customer
332,345,3,82623.0,58,204,34,204,172,153,173,1,0,0,0,1,231,71,940,0,15,3.0,Good Customer
333,346,3,44300.0,65,30,0,9,0,0,3,2,0,2,1,4,371,58,42,0,4,0.0,Ordinary customer
334,347,3,84835.0,0,189,104,379,111,189,218,1,0,0,0,1,13,53,1190,6,14,1.0,Best Customer
335,348,3,30372.0,33,15,0,12,7,3,7,3,0,2,0,3,551,52,44,0,5,2.0,Ordinary customer
336,349,2,33181.0,90,9,0,3,0,0,4,1,0,1,1,3,177,47,16,3,3,0.0,Ordinary customer
337,350,3,71113.0,95,495,33,255,11,33,8,4,0,1,1,3,194,66,835,0,22,0.0,Ordinary customer
338,351,3,71952.0,93,656,80,455,52,107,93,2,0,1,1,3,535,37,1443,8,20,3.0,Good Customer
339,352,2,69759.0,38,452,20,514,13,30,0,3,0,0,0,1,244,57,1029,6,15,3.0,Good Customer
340,353,3,72099.0,18,546,91,410,119,0,22,1,0,0,1,2,610,49,1188,0,17,1.0,Best Customer
341,354,2,60000.0,57,1048,0,217,0,0,12,5,0,1,0,2,554,47,1277,0,19,2.0,Ordinary customer
342,355,3,38643.0,45,22,2,14,0,1,10,2,1,2,0,3,212,45,49,0,5,1.0,Best Customer
343,356,3,50737.0,61,78,0,11,0,0,10,1,0,1,1,3,414,68,99,4,6,3.0,Good Customer
344,357,2,68462.0,6,561,64,785,84,128,48,1,0,0,1,2,564,54,1670,0,14,0.0,Ordinary customer
345,358,2,65073.0,65,629,17,177,69,0,8,1,1,0,1,2,313,80,900,0,13,0.0,Ordinary customer
346,359,2,46681.0,52,269,15,69,15,19,38,2,0,2,1,4,264,75,425,0,14,2.0,Ordinary customer
347,360,3,78618.0,87,736,163,818,212,163,61,1,0,0,1,2,639,66,2153,4,21,3.0,Good Customer
348,361,2,62187.0,38,512,0,83,0,0,41,3,0,1,0,2,99,54,636,0,18,2.0,Ordinary customer
349,362,3,28442.0,53,19,3,10,11,8,6,3,0,2,1,4,125,45,57,0,7,0.0,Ordinary customer
350,363,2,37717.0,31,9,0,6,4,1,5,1,0,1,1,3,583,45,25,0,3,2.0,Ordinary customer
351,364,3,51479.0,67,247,8,160,6,8,65,7,0,2,1,4,548,56,494,0,15,2.0,Ordinary customer
352,365,3,54803.0,65,404,0,92,28,27,142,2,0,1,0,2,677,54,693,0,17,3.0,Good Customer
353,366,3,79530.0,64,333,0,815,129,42,29,1,0,0,1,2,408,63,1348,0,25,2.0,Ordinary customer
354,367,3,31615.0,82,2,3,20,6,11,9,2,0,1,0,2,470,47,51,0,5,0.0,Ordinary customer
355,368,3,72025.0,27,833,33,549,151,133,233,1,0,0,1,2,589,61,1932,0,15,0.0,Ordinary customer
356,369,2,52614.0,63,789,0,142,12,9,38,2,0,1,0,2,575,48,990,0,14,2.0,Ordinary customer
357,370,1,35684.0,66,10,4,7,0,6,3,1,0,1,1,3,68,39,30,0,4,0.0,Ordinary customer
358,371,3,48178.0,69,159,4,45,6,2,38,6,0,2,1,4,609,48,254,0,10,2.0,Ordinary customer
359,372,2,29548.0,52,7,1,6,3,1,11,1,0,1,0,2,304,53,29,3,4,2.0,Ordinary customer
360,373,3,63810.0,45,977,12,253,16,12,101,4,0,1,0,2,595,57,1371,4,19,3.0,Good Customer
361,374,2,38578.0,2,38,4,22,3,3,3,3,0,2,0,3,372,51,73,6,6,3.0,Good Customer
362,375,2,46098.0,86,57,0,27,0,0,36,4,0,2,0,3,680,48,120,0,7,0.0,Ordinary customer
363,376,3,22585.0,23,3,9,15,13,2,39,1,0,0,0,1,468,53,81,9,4,3.0,Good Customer
364,377,3,30279.0,13,10,4,14,4,4,1,1,0,1,0,2,546,34,37,0,4,1.0,Best Customer
365,378,2,66426.0,14,1043,24,97,32,24,157,2,0,1,1,3,270,62,1377,0,18,0.0,Ordinary customer
366,379,3,30822.0,92,3,9,13,2,12,12,1,0,1,0,2,380,54,51,0,4,1.0,Best Customer
367,380,2,33581.0,38,11,0,5,0,0,1,1,0,2,1,4,537,54,17,0,3,2.0,Ordinary customer
368,381,3,19986.0,74,3,6,5,0,2,6,1,0,1,1,3,227,38,22,0,3,3.0,Good Customer
369,382,3,27421.0,14,43,12,96,78,40,55,3,0,0,0,1,564,69,324,0,11,1.0,Best Customer
370,383,1,35688.0,94,73,3,90,12,1,32,7,0,3,1,5,676,50,211,0,9,0.0,Ordinary customer
371,384,2,36143.0,33,12,0,1,0,0,6,1,0,1,0,2,91,42,19,0,3,0.0,Ordinary customer
372,385,3,10245.0,32,4,7,7,6,4,13,3,0,1,0,2,410,52,41,0,5,2.0,Ordinary customer
373,386,2,43795.0,11,314,11,53,4,3,107,3,0,1,1,3,256,55,492,10,14,0.0,Ordinary customer
374,387,3,63381.0,78,571,50,142,33,50,159,4,0,1,1,3,632,63,1005,0,22,0.0,Ordinary customer
375,388,3,38823.0,56,70,0,11,2,8,23,1,0,1,1,3,668,74,114,0,6,1.0,Best Customer
376,389,2,83664.0,57,866,21,151,28,21,86,3,0,2,0,3,417,55,1173,0,16,0.0,Ordinary customer
377,390,3,90300.0,7,594,134,786,33,134,57,0,0,0,1,2,177,44,1738,5,19,2.0,Ordinary customer
378,391,2,62499.0,0,140,4,61,0,13,4,2,0,1,1,3,202,44,222,0,10,3.0,Good Customer
379,392,3,74293.0,66,375,152,335,93,91,81,1,0,0,0,1,56,30,1127,0,15,0.0,Ordinary customer
380,393,2,51012.0,86,102,9,63,2,9,24,1,0,0,1,2,437,77,209,0,9,2.0,Ordinary customer
381,394,2,70777.0,80,554,35,113,0,7,78,3,0,1,1,3,124,55,787,0,20,0.0,Ordinary customer
382,395,2,68682.0,56,919,0,505,99,30,45,1,0,0,1,2,266,32,1598,0,23,0.0,Ordinary customer
383,396,3,43824.0,18,96,1,42,12,3,32,4,0,2,1,4,652,52,186,0,8,3.0,Good Customer
384,397,3,15345.0,51,5,2,16,3,2,19,2,0,1,1,3,667,39,47,6,4,2.0,Ordinary customer
385,398,3,23442.0,71,2,0,6,8,6,5,1,0,1,0,2,552,36,27,0,4,3.0,Good Customer
386,399,1,14515.0,71,6,4,9,6,36,35,4,0,1,1,3,597,43,96,6,7,3.0,Good Customer
387,400,1,31395.0,80,23,1,25,0,8,7,4,0,2,0,3,463,67,64,0,6,2.0,Ordinary customer
388,401,3,75276.0,2,610,105,125,137,42,21,1,0,0,1,2,640,58,1040,0,22,3.0,Good Customer
389,402,3,42373.0,83,67,5,61,3,8,19,5,0,2,0,3,318,49,163,0,8,1.0,Best Customer
390,403,3,30507.0,29,65,36,74,38,20,110,1,0,0,1,2,475,63,343,0,10,0.0,Ordinary customer
391,404,2,55521.0,11,416,0,26,0,0,4,9,0,3,0,4,250,68,446,10,15,1.0,Best Customer
392,405,3,48006.0,55,23,0,11,3,2,2,1,0,2,1,4,20,58,41,0,4,1.0,Best Customer
393,406,2,27213.0,19,19,3,26,10,9,3,3,0,1,0,2,668,51,70,6,6,3.0,Good Customer
394,407,2,65808.0,1,155,7,80,13,7,10,3,0,2,0,3,30,52,272,0,11,0.0,Ordinary customer
395,408,2,30351.0,19,14,0,24,3,3,2,1,0,1,1,3,388,49,46,0,5,0.0,Ordinary customer
396,409,3,50437.0,28,370,9,92,6,9,4,3,0,2,1,4,620,60,490,0,16,0.0,Ordinary customer
397,410,1,23616.0,76,4,22,11,3,7,32,2,0,1,0,2,589,41,79,6,6,1.0,Best Customer
398,411,3,53858.0,50,407,53,221,58,150,26,4,0,1,1,3,597,47,915,0,13,1.0,Best Customer
399,412,2,66465.0,1,1200,0,204,38,29,14,3,0,1,1,3,456,68,1485,1,32,0.0,Ordinary customer
400,413,3,46923.0,90,85,44,54,102,78,6,3,0,1,0,2,676,36,369,0,13,1.0,Best Customer
401,414,3,75072.0,83,583,34,309,0,22,125,2,0,1,1,3,522,61,1073,0,17,3.0,Good Customer
402,415,2,75865.0,73,483,0,591,156,0,12,1,0,0,1,2,90,80,1242,0,18,0.0,Ordinary customer
403,416,1,19789.0,24,2,5,9,28,6,28,3,0,1,1,3,221,48,78,3,6,1.0,Best Customer
404,417,3,80134.0,11,966,26,282,52,26,26,1,0,0,1,2,135,29,1378,12,20,1.0,Best Customer
405,418,3,91065.0,33,822,114,108,179,137,114,1,0,0,0,1,492,42,1474,12,25,3.0,Good Customer
406,419,2,49505.0,4,604,0,100,19,0,28,9,0,2,1,4,481,52,751,0,20,3.0,Good Customer
407,420,2,37401.0,14,19,3,19,3,1,3,2,0,1,1,3,54,50,48,0,5,1.0,Best Customer
408,421,3,30096.0,30,5,3,11,12,5,9,1,0,1,1,3,38,40,45,0,5,2.0,Ordinary customer
409,422,2,18492.0,75,2,2,2,2,1,1,1,0,1,1,3,24,41,10,0,3,0.0,Ordinary customer
410,423,2,82584.0,26,1076,68,103,29,91,68,1,0,0,1,2,390,49,1435,15,15,3.0,Good Customer
411,424,2,93027.0,77,1285,42,716,55,0,21,0,0,0,1,2,442,82,2119,5,22,2.0,Ordinary customer
412,425,3,48686.0,8,10,0,7,2,0,1,1,0,3,1,5,207,70,20,0,3,0.0,Ordinary customer
413,426,3,92910.0,42,551,137,792,179,103,33,1,0,0,1,2,66,37,1795,10,26,0.0,Ordinary customer
414,427,3,75433.0,28,800,0,297,0,34,57,2,0,1,1,3,85,34,1188,5,17,0.0,Ordinary customer
415,428,1,10404.0,52,2,2,11,10,6,12,2,0,1,1,3,56,34,43,0,5,0.0,Ordinary customer
416,429,3,61314.0,1,378,0,189,97,172,172,2,0,1,1,3,430,55,1008,0,22,2.0,Ordinary customer
417,430,2,84865.0,1,1248,16,349,43,16,16,1,0,0,0,1,416,62,1688,18,15,2.0,Ordinary customer
418,431,3,42387.0,42,235,0,235,19,4,191,5,0,1,1,3,608,34,684,0,16,2.0,Ordinary customer
419,432,1,67309.0,76,515,47,181,149,95,95,15,0,2,1,4,522,56,1082,0,24,2.0,Ordinary customer
420,433,3,75236.0,27,438,66,400,12,38,114,1,0,1,1,3,216,59,1068,0,24,2.0,Ordinary customer
421,434,3,30015.0,28,25,0,22,2,3,5,2,0,1,0,2,147,53,57,0,5,1.0,Best Customer
422,435,2,50943.0,49,31,0,7,2,0,6,1,0,1,1,3,373,67,46,0,4,0.0,Ordinary customer
423,436,3,67272.0,12,357,35,271,28,28,14,3,0,1,0,2,190,57,733,0,20,0.0,Ordinary customer
424,437,2,51529.0,14,400,4,35,6,0,22,2,0,1,0,2,295,74,467,0,15,3.0,Good Customer
425,438,2,32011.0,89,99,0,15,2,1,5,3,0,1,1,3,311,52,122,0,7,3.0,Good Customer
426,439,1,7500.0,96,1,11,5,4,6,9,2,0,1,1,3,507,37,36,0,5,2.0,Ordinary customer
427,440,3,28691.0,56,5,4,13,8,0,4,1,0,1,1,3,360,34,34,0,4,0.0,Ordinary customer
428,441,2,56223.0,72,77,28,31,16,0,4,2,0,1,1,3,191,75,156,0,8,3.0,Good Customer
429,442,3,18100.0,14,3,1,2,4,3,1,1,0,0,1,2,327,77,14,0,3,0.0,Ordinary customer
430,443,3,30279.0,13,10,4,14,4,4,1,1,0,1,0,2,546,34,37,0,4,1.0,Best Customer
431,444,1,20130.0,99,0,6,3,7,6,12,1,0,0,1,2,104,49,34,0,4,0.0,Ordinary customer
432,445,3,23295.0,72,0,0,1,2,12,5,1,0,0,0,1,351,64,20,0,3,0.0,Ordinary customer
433,446,2,42618.0,92,76,14,74,13,5,10,2,0,1,0,2,263,51,192,0,9,1.0,Best Customer
434,447,3,81246.0,87,398,190,537,61,156,37,1,0,0,0,1,182,59,1379,4,16,3.0,Good Customer
435,448,3,24027.0,7,14,7,11,11,0,5,2,0,1,1,3,385,47,48,0,5,1.0,Best Customer
436,449,2,55707.0,91,208,7,82,30,66,35,2,0,1,1,3,189,70,428,0,14,2.0,Ordinary customer
437,450,3,57959.0,71,430,16,322,43,24,33,5,0,1,0,2,423,68,868,0,22,1.0,Best Customer
438,451,3,56796.0,24,656,38,161,62,47,37,3,0,1,1,3,498,54,1001,0,24,0.0,Ordinary customer
439,452,2,36230.0,17,14,2,30,8,2,3,1,0,1,0,2,255,52,59,0,6,1.0,Best Customer
440,453,1,70829.0,87,141,70,106,72,19,23,2,0,2,1,4,210,43,431,0,14,1.0,Best Customer
441,454,3,65991.0,21,507,19,364,25,47,9,3,0,1,1,3,660,47,971,0,24,2.0,Ordinary customer
442,455,3,38988.0,90,164,24,103,12,3,42,7,0,3,1,5,678,51,348,0,12,0.0,Ordinary customer
443,456,1,89572.0,44,606,24,974,197,194,64,1,0,0,0,1,652,57,2059,11,23,3.0,Good Customer
444,457,2,42207.0,71,116,11,72,3,17,46,4,0,1,1,3,454,39,265,9,10,1.0,Best Customer
445,458,3,50300.0,52,143,15,60,24,23,5,2,0,1,1,3,35,71,270,0,11,0.0,Ordinary customer
446,459,1,66664.0,78,398,96,447,220,96,32,1,0,0,1,2,642,41,1289,0,18,3.0,Good Customer
447,460,3,60597.0,2,522,0,257,32,16,66,4,0,1,1,3,179,59,893,7,12,0.0,Ordinary customer
448,461,3,70165.0,60,161,0,253,199,191,122,1,0,0,0,1,280,74,926,0,21,2.0,Ordinary customer
449,462,2,50520.0,25,112,0,6,2,1,14,2,0,1,0,2,152,65,135,0,7,3.0,Good Customer
450,463,3,80124.0,47,483,84,398,205,84,241,1,0,0,1,2,3,60,1495,3,18,0.0,Ordinary customer
451,464,3,33183.0,46,7,5,39,17,15,37,2,0,1,1,3,125,48,120,0,7,0.0,Ordinary customer
452,465,2,66582.0,83,789,25,420,16,38,0,1,0,0,0,1,118,54,1288,0,19,3.0,Good Customer
453,466,2,75261.0,17,1239,17,413,23,34,17,1,0,0,1,2,432,68,1743,15,16,3.0,Good Customer
454,467,3,31880.0,13,4,1,5,2,0,3,1,0,1,0,2,606,53,15,0,3,0.0,Ordinary customer
455,468,3,53790.0,86,335,42,127,28,5,5,3,0,2,1,4,115,72,542,0,17,2.0,Ordinary customer
456,469,2,49269.0,92,639,8,166,11,8,58,3,0,1,1,3,683,52,890,0,22,2.0,Ordinary customer
457,470,3,61456.0,47,563,76,384,84,192,89,4,0,1,1,3,459,48,1388,0,29,0.0,Ordinary customer
458,471,3,37406.0,18,2,0,8,2,2,3,1,0,1,1,3,262,43,17,6,3,1.0,Best Customer
459,472,2,56937.0,81,746,8,125,11,8,8,7,0,1,1,3,694,42,906,10,23,1.0,Best Customer
460,473,3,38415.0,91,22,1,13,4,0,4,2,0,2,1,4,543,45,44,0,4,3.0,Good Customer
461,474,3,20518.0,58,4,1,6,4,1,9,1,0,1,0,2,42,35,25,0,4,3.0,Good Customer
462,475,3,62503.0,40,478,0,193,110,75,117,4,0,1,1,3,496,67,973,0,22,0.0,Ordinary customer
463,476,2,41644.0,67,20,3,4,2,0,2,2,0,2,0,3,51,51,31,0,4,2.0,Ordinary customer
464,477,2,55842.0,19,451,0,39,0,4,24,1,0,1,1,3,37,46,518,0,16,1.0,Best Customer
465,478,2,62010.0,93,371,22,39,6,0,92,4,0,1,1,3,614,51,530,0,15,2.0,Ordinary customer
466,479,3,41124.0,41,281,7,84,15,0,119,7,0,1,1,3,606,46,506,0,14,1.0,Best Customer
467,480,2,38961.0,60,19,7,19,0,1,24,1,0,1,1,3,181,50,70,0,5,3.0,Good Customer
468,481,2,37760.0,54,26,3,13,2,10,0,1,0,1,0,2,322,51,54,0,5,2.0,Ordinary customer
469,482,3,32233.0,26,138,15,35,25,11,72,2,0,1,0,2,679,49,296,9,10,3.0,Good Customer
470,483,3,43057.0,30,213,2,44,0,2,5,4,0,1,1,3,242,48,266,0,11,2.0,Ordinary customer
471,484,2,83151.0,93,407,28,100,120,74,18,1,0,0,1,2,627,63,747,0,18,3.0,Good Customer
472,485,2,78825.0,35,483,74,114,169,37,18,1,0,0,0,1,653,59,895,6,28,3.0,Good Customer
473,486,2,65104.0,4,738,0,232,13,20,50,2,0,1,1,3,227,47,1053,0,15,3.0,Good Customer
474,487,3,60093.0,92,502,12,109,16,6,90,2,0,1,1,3,368,49,735,0,19,0.0,Ordinary customer
475,488,3,14045.0,24,11,0,5,2,1,1,1,0,1,1,3,154,54,20,0,4,0.0,Ordinary customer
476,489,1,28457.0,96,24,1,108,29,29,14,1,0,0,0,1,609,71,205,0,9,2.0,Ordinary customer
477,490,2,78952.0,11,1170,19,594,99,76,134,2,0,1,1,3,643,65,2092,0,19,3.0,Good Customer
478,491,3,46310.0,99,185,2,88,15,5,14,2,0,1,0,2,573,47,309,0,12,0.0,Ordinary customer
479,492,3,76005.0,72,983,20,389,240,50,40,1,0,0,1,2,492,68,1722,1,21,1.0,Best Customer
480,493,2,58308.0,77,691,0,69,10,0,130,4,0,1,0,2,533,59,900,0,11,1.0,Best Customer
481,494,2,55614.0,85,504,13,131,8,0,26,1,0,0,0,1,214,79,682,4,19,1.0,Best Customer
482,495,2,59432.0,88,317,25,265,25,19,12,3,0,1,0,2,442,61,663,0,19,2.0,Ordinary customer
483,496,3,55563.0,22,29,1,9,2,0,2,1,0,1,0,2,85,45,43,0,5,3.0,Good Customer
484,497,2,78642.0,83,1396,0,322,46,35,17,1,0,1,1,3,434,52,1816,0,17,0.0,Ordinary customer
485,498,2,67911.0,63,529,0,356,63,28,0,3,0,1,1,3,38,74,976,0,24,1.0,Best Customer
486,499,3,65275.0,9,388,14,218,91,14,21,1,0,0,1,2,452,79,746,0,20,0.0,Ordinary customer
487,500,3,27203.0,92,13,2,21,4,0,24,2,0,2,1,4,692,73,64,0,4,1.0,Best Customer
488,501,2,48330.0,2,28,0,4,0,0,0,1,0,1,1,3,226,62,32,0,4,0.0,Ordinary customer
489,502,1,24279.0,6,16,36,21,20,62,108,1,0,0,1,2,547,33,263,0,8,1.0,Best Customer
490,503,2,64355.0,66,1047,0,140,67,38,153,2,0,1,1,3,674,38,1445,0,19,0.0,Ordinary customer
491,504,2,50943.0,49,31,0,7,2,0,6,1,0,1,1,3,373,67,46,0,4,2.0,Ordinary customer
492,505,3,53653.0,29,815,10,239,28,10,108,2,0,0,0,1,599,70,1210,0,26,1.0,Best Customer
493,506,3,65665.0,77,225,162,387,106,36,29,1,0,1,1,3,209,47,945,0,23,1.0,Best Customer
494,507,3,81217.0,77,493,70,324,146,40,84,1,0,0,0,1,345,34,1157,0,21,0.0,Ordinary customer
495,508,3,34935.0,71,34,4,66,3,10,20,1,0,0,1,2,373,31,137,0,7,1.0,Best Customer
496,509,3,61250.0,49,382,138,65,60,26,59,6,0,1,0,2,560,64,730,0,19,2.0,Ordinary customer
497,510,2,39665.0,97,127,1,56,0,1,31,3,0,1,1,3,400,42,216,3,9,1.0,Best Customer
498,511,3,60152.0,6,325,83,300,86,58,91,1,0,1,0,2,458,44,943,0,22,0.0,Ordinary customer
499,512,3,48920.0,93,238,17,68,8,10,6,3,0,2,1,4,252,59,347,4,13,0.0,Ordinary customer
500,513,2,89120.0,78,1168,92,408,72,129,55,1,0,0,1,2,104,64,1924,5,18,1.0,Best Customer
501,514,2,44124.0,62,284,0,55,0,6,52,4,0,1,1,3,414,77,397,0,13,2.0,Ordinary customer
502,515,2,81169.0,47,1288,20,613,80,61,27,1,0,0,0,1,441,48,2089,0,21,1.0,Best Customer
503,516,3,36443.0,9,65,0,46,4,3,20,4,0,2,1,4,511,62,138,0,7,0.0,Ordinary customer
504,517,3,26095.0,77,11,7,9,3,1,11,1,0,1,0,2,364,33,42,0,4,3.0,Good Customer
505,518,3,71367.0,24,227,23,389,42,21,75,1,0,0,1,2,310,64,777,0,16,1.0,Best Customer
506,519,2,80184.0,19,1035,134,670,25,38,0,1,0,0,1,2,120,79,1902,6,19,0.0,Ordinary customer
507,520,3,30630.0,67,27,1,12,2,0,10,2,0,2,0,3,153,58,52,0,5,0.0,Ordinary customer
508,521,2,73454.0,95,982,73,351,56,14,175,1,0,0,0,1,120,36,1651,3,12,2.0,Ordinary customer
509,522,3,42691.0,48,179,2,64,38,17,58,1,0,0,1,2,317,32,358,0,12,0.0,Ordinary customer
510,523,3,70503.0,73,1379,33,216,0,33,66,1,0,0,1,2,637,70,1727,9,15,0.0,Ordinary customer
511,524,3,25545.0,35,32,1,64,16,12,85,3,0,1,1,3,659,36,210,6,7,1.0,Best Customer
512,525,3,32880.0,76,8,4,15,7,6,2,1,0,1,1,3,572,37,42,0,4,0.0,Ordinary customer
513,526,2,77863.0,20,881,38,319,16,25,12,1,0,0,1,2,214,65,1291,0,19,2.0,Ordinary customer
514,527,2,50353.0,72,141,15,153,67,31,35,1,0,0,1,2,21,46,442,0,14,0.0,Ordinary customer
515,528,3,61839.0,20,1000,155,379,224,17,120,1,0,0,0,1,686,59,1895,0,16,2.0,Ordinary customer
516,529,2,49154.0,69,206,10,67,30,27,71,6,0,2,1,4,238,63,411,0,13,2.0,Ordinary customer
517,530,1,47682.0,80,162,61,83,97,57,61,4,0,1,0,2,499,48,521,0,15,1.0,Best Customer
518,531,3,72679.0,65,619,54,260,127,54,54,1,0,1,0,2,284,54,1168,0,16,3.0,Good Customer
519,532,2,57954.0,52,456,4,24,0,0,9,7,0,2,1,4,11,46,493,4,16,0.0,Ordinary customer
520,533,3,65316.0,65,112,6,92,3,9,38,2,0,2,1,4,431,61,260,0,10,1.0,Best Customer
521,534,3,28567.0,57,11,3,22,2,2,6,2,0,1,0,2,377,41,46,0,5,0.0,Ordinary customer
522,535,2,47352.0,70,172,12,112,8,0,15,4,0,1,1,3,444,72,319,0,12,0.0,Ordinary customer
523,536,3,44931.0,0,78,0,11,0,0,7,1,0,1,1,3,162,56,96,0,6,0.0,Ordinary customer
524,537,3,76982.0,19,464,151,292,65,60,30,1,0,0,0,1,134,56,1062,11,15,0.0,Ordinary customer
525,538,1,57247.0,50,99,4,32,37,54,6,2,0,1,1,3,325,71,232,0,10,2.0,Ordinary customer
526,539,2,22944.0,67,19,3,19,4,5,26,3,0,1,0,2,188,42,76,0,6,2.0,Ordinary customer
527,540,1,25315.0,46,1,9,8,11,3,22,3,0,1,1,3,234,46,54,0,6,2.0,Ordinary customer
528,541,3,43638.0,37,63,10,83,7,19,19,2,0,1,0,2,692,54,201,0,9,1.0,Best Customer
529,542,2,42710.0,38,252,3,42,4,3,102,2,0,1,0,2,578,39,406,0,12,0.0,Ordinary customer
530,543,2,84169.0,9,1478,19,403,0,19,0,1,0,0,1,2,326,41,1919,15,19,1.0,Best Customer
531,544,3,54058.0,56,198,18,252,32,108,54,2,0,1,1,3,390,47,662,0,18,1.0,Best Customer
532,545,1,24683.0,98,8,4,10,6,7,6,2,0,1,1,3,113,33,41,0,6,2.0,Ordinary customer
533,546,3,85620.0,68,416,46,925,60,107,46,1,0,0,0,1,173,59,1600,6,13,1.0,Best Customer
534,547,3,47850.0,72,42,7,43,20,12,10,1,0,1,1,3,208,43,134,0,7,0.0,Ordinary customer
535,548,3,19514.0,47,14,3,21,2,1,28,4,0,2,1,4,154,55,69,9,6,1.0,Best Customer
536,549,2,27159.0,33,17,0,3,0,0,1,2,0,2,1,4,92,50,21,0,4,3.0,Good Customer
537,550,1,39548.0,87,15,4,10,3,4,18,2,0,2,0,3,90,60,54,0,5,1.0,Best Customer
538,551,3,21474.0,0,6,16,24,11,0,34,2,0,1,0,2,82,34,91,9,6,2.0,Ordinary customer
539,552,2,60504.0,73,458,0,24,6,4,34,2,0,1,0,2,142,52,526,0,16,0.0,Ordinary customer
540,553,3,22419.0,74,30,3,47,19,21,42,1,0,0,1,2,437,60,162,0,7,3.0,Good Customer
541,554,2,81698.0,4,179,28,520,111,123,47,1,0,0,1,2,235,74,1008,6,24,0.0,Ordinary customer
542,555,3,43462.0,50,90,17,97,15,6,15,6,0,2,1,4,655,71,240,0,10,2.0,Ordinary customer
543,556,2,54880.0,57,308,85,137,102,45,118,2,0,1,0,2,485,45,795,0,19,0.0,Ordinary customer
544,557,3,79908.0,30,557,129,761,29,185,111,1,0,0,1,2,450,41,1772,5,18,3.0,Good Customer
545,558,1,15315.0,27,7,4,13,15,8,17,2,0,0,1,2,330,53,64,0,6,0.0,Ordinary customer
546,559,3,87771.0,61,1492,38,287,50,57,33,1,0,1,1,3,403,64,1957,18,19,2.0,Ordinary customer
547,560,3,33039.0,4,30,8,12,8,8,12,1,0,1,1,3,293,45,78,0,6,0.0,Ordinary customer
548,561,3,81741.0,75,249,153,940,58,134,38,0,0,0,0,1,378,43,1572,0,19,0.0,Ordinary customer
549,562,2,71499.0,12,465,25,132,136,0,37,2,0,1,1,3,369,52,795,0,24,3.0,Good Customer
550,563,1,62466.0,13,129,129,259,168,121,83,5,0,1,1,3,165,53,889,0,21,0.0,Ordinary customer
551,564,2,48799.0,9,174,18,81,28,6,24,3,0,1,0,2,236,60,331,0,12,0.0,Ordinary customer
552,565,2,52157.0,48,189,2,29,3,2,40,2,0,1,1,3,22,73,265,0,10,0.0,Ordinary customer
553,566,3,66565.0,80,747,10,161,65,40,42,4,0,1,0,2,571,61,1065,0,15,0.0,Ordinary customer
554,567,2,29298.0,60,6,0,2,2,0,1,1,0,2,1,4,295,72,11,0,3,0.0,Ordinary customer
555,568,3,47691.0,43,14,0,3,0,0,4,1,0,1,0,2,359,44,21,0,3,3.0,Good Customer
556,569,3,38200.0,19,12,0,4,0,0,1,1,0,2,1,4,569,53,17,0,3,0.0,Ordinary customer
557,570,3,44989.0,26,98,0,106,49,10,106,5,0,1,1,3,655,49,369,0,11,2.0,Ordinary customer
558,571,2,38443.0,58,32,0,5,0,0,1,2,0,2,1,4,153,55,38,0,4,0.0,Ordinary customer
559,572,1,38593.0,42,51,12,49,17,24,24,3,0,1,0,2,289,45,177,0,8,0.0,Ordinary customer
560,573,2,64413.0,27,200,5,44,0,10,20,1,0,1,1,3,332,53,279,0,11,1.0,Best Customer
561,574,2,36959.0,56,25,6,25,6,0,0,2,0,1,1,3,270,42,62,0,5,3.0,Good Customer
562,575,2,61996.0,27,1050,12,144,0,0,24,3,0,1,1,3,514,46,1230,13,18,0.0,Ordinary customer
563,576,3,51287.0,10,117,0,22,13,0,30,3,0,2,1,4,89,55,182,0,8,2.0,Ordinary customer
564,577,3,13260.0,48,9,4,17,10,2,7,4,0,2,1,4,310,53,49,0,6,2.0,Ordinary customer
565,578,2,47472.0,39,56,0,11,0,0,8,2,0,2,1,4,286,57,75,0,6,1.0,Best Customer
566,579,2,54603.0,85,145,13,46,17,2,4,6,0,2,1,4,355,67,227,0,10,1.0,Best Customer
567,580,2,45207.0,64,203,0,10,0,0,2,5,0,2,1,4,596,49,215,4,10,0.0,Ordinary customer
568,581,3,40689.0,69,270,3,27,39,6,99,7,0,1,1,3,468,72,444,0,13,2.0,Ordinary customer
569,582,1,47821.0,54,9,0,16,6,6,10,1,0,2,1,4,252,56,47,0,4,0.0,Ordinary customer
570,583,2,27450.0,57,37,12,23,8,11,52,1,0,0,1,2,440,72,143,0,6,2.0,Ordinary customer
571,584,3,39453.0,64,46,0,7,0,0,2,2,0,1,1,3,87,40,55,0,5,0.0,Ordinary customer
572,585,1,26850.0,10,31,1,13,7,2,9,4,0,2,1,4,72,52,63,0,7,0.0,Ordinary customer
573,586,3,79800.0,65,1060,21,530,32,0,224,1,0,0,0,1,644,68,1867,15,21,0.0,Ordinary customer
574,587,2,61794.0,74,264,47,188,54,47,11,2,0,1,1,3,288,62,611,0,18,2.0,Ordinary customer
575,588,3,53863.0,4,399,4,30,6,4,30,3,0,1,1,3,43,68,473,4,15,3.0,Good Customer
576,589,3,24221.0,94,8,9,9,2,5,22,1,0,0,1,2,313,64,55,0,5,1.0,Best Customer
577,590,2,39684.0,41,19,0,35,6,4,17,2,1,1,0,2,625,39,81,6,5,3.0,Good Customer
578,591,2,92163.0,25,817,183,797,106,163,20,0,0,0,1,2,564,48,2086,12,21,0.0,Ordinary customer
579,592,2,69882.0,94,292,127,635,132,127,165,1,0,0,0,1,231,58,1478,0,19,2.0,Ordinary customer
580,593,3,33178.0,9,12,6,2,11,2,16,1,0,1,1,3,150,46,49,0,4,2.0,Ordinary customer
581,594,2,59973.0,47,130,30,168,20,34,0,1,0,0,1,2,291,51,382,0,14,0.0,Ordinary customer
582,595,2,17459.0,12,6,4,16,3,10,30,3,0,1,1,3,283,48,69,6,6,0.0,Ordinary customer
583,596,3,23910.0,80,16,12,18,7,1,13,1,0,1,0,2,611,54,67,0,5,1.0,Best Customer
584,597,2,42169.0,20,19,0,9,0,0,2,2,0,2,1,4,253,54,30,0,4,2.0,Ordinary customer
585,598,1,26224.0,39,4,7,15,13,9,15,3,0,1,1,3,390,45,63,0,6,2.0,Ordinary customer
586,599,3,31089.0,57,31,3,31,2,8,4,3,0,1,1,3,681,42,79,0,7,0.0,Ordinary customer
587,600,3,30081.0,27,36,0,2,0,0,4,1,0,1,0,2,493,62,42,0,4,0.0,Ordinary customer
588,601,3,62807.0,83,526,28,135,10,21,99,3,0,1,1,3,667,63,819,0,20,1.0,Best Customer
589,602,3,72906.0,79,400,32,519,71,75,54,1,0,0,0,1,285,68,1151,0,16,0.0,Ordinary customer
590,603,2,61467.0,69,410,16,114,0,5,49,3,0,2,1,4,567,75,594,0,17,0.0,Ordinary customer
591,604,2,49618.0,77,80,3,26,4,2,14,4,0,2,1,4,519,57,129,0,7,0.0,Ordinary customer
592,605,2,21888.0,15,88,10,46,2,3,64,4,0,1,0,2,547,37,213,6,8,2.0,Ordinary customer
593,606,3,42429.0,99,55,0,6,2,0,4,2,0,1,0,2,138,50,67,0,5,0.0,Ordinary customer
594,607,3,26150.0,61,5,1,13,3,5,1,1,0,3,0,4,475,67,28,0,4,0.0,Ordinary customer
595,608,1,30801.0,23,8,4,5,15,2,11,2,0,1,1,3,611,48,45,0,4,2.0,Ordinary customer
596,609,3,81168.0,84,410,0,592,147,22,22,1,0,0,1,2,53,58,1193,1,17,1.0,Best Customer
597,610,2,26877.0,74,101,13,76,20,18,40,2,0,0,0,1,314,54,268,0,10,2.0,Ordinary customer
598,611,2,45006.0,90,162,25,53,16,0,10,1,0,0,0,1,346,79,266,0,11,1.0,Best Customer
599,612,1,18978.0,41,2,8,1,4,7,15,1,0,1,1,3,565,50,37,0,4,0.0,Ordinary customer
600,613,3,22574.0,28,25,0,8,2,0,2,2,0,3,1,5,244,56,37,0,5,1.0,Best Customer
601,614,2,48240.0,73,389,91,248,64,49,41,3,0,0,0,1,597,54,882,6,22,3.0,Good Customer
602,615,3,45837.0,88,215,13,87,17,17,24,5,0,2,1,4,338,49,373,0,13,0.0,Ordinary customer
603,616,2,35791.0,94,27,0,5,0,0,3,2,0,3,0,4,419,58,35,0,4,2.0,Ordinary customer
604,617,2,162397.0,31,85,1,16,2,1,2,0,0,2,1,4,391,47,107,0,1,1.0,Best Customer
605,618,3,54162.0,31,5,6,10,6,5,10,1,0,2,0,3,468,45,42,0,4,1.0,Best Customer
606,619,2,30522.0,6,179,8,83,19,11,26,5,0,1,1,3,681,63,326,0,12,1.0,Best Customer
607,620,2,54456.0,23,352,0,27,10,0,15,3,0,1,1,3,353,62,404,0,14,2.0,Ordinary customer
608,621,3,31632.0,92,17,8,12,11,15,32,1,0,0,0,1,350,52,95,0,5,1.0,Best Customer
609,622,3,72298.0,52,625,35,169,58,17,35,1,0,0,0,1,111,74,939,9,13,0.0,Ordinary customer
610,623,1,36975.0,50,10,6,11,0,4,2,1,0,1,0,2,183,45,33,0,4,1.0,Best Customer
611,624,1,72635.0,54,390,22,323,104,35,107,1,0,0,1,2,391,68,981,1,20,3.0,Good Customer
612,625,3,13624.0,93,10,2,15,2,1,6,2,0,1,1,3,525,47,36,0,5,3.0,Good Customer
613,626,3,84196.0,56,215,63,507,231,31,190,1,0,1,0,2,391,48,1237,0,19,3.0,Good Customer
614,627,3,70971.0,28,1001,17,572,93,125,17,7,0,1,1,3,646,63,1825,6,27,3.0,Good Customer
615,628,2,34487.0,94,19,18,33,24,1,8,3,0,2,0,3,661,46,103,0,6,1.0,Best Customer
616,629,3,28769.0,76,41,5,129,10,3,3,3,0,1,0,2,558,46,191,0,9,3.0,Good Customer
617,630,2,69084.0,43,1181,107,199,39,30,30,2,0,1,1,3,222,53,1586,0,23,2.0,Ordinary customer
618,631,2,65488.0,46,603,45,207,36,18,54,1,0,0,1,2,16,65,963,0,13,1.0,Best Customer
619,632,1,62466.0,13,129,129,259,168,121,83,5,0,1,1,3,165,53,889,0,21,0.0,Ordinary customer
620,633,1,32218.0,27,10,24,15,13,1,30,1,0,0,0,1,134,63,93,9,6,1.0,Best Customer
621,634,3,83917.0,12,514,22,732,42,198,79,1,0,0,0,1,437,50,1587,6,20,2.0,Ordinary customer
622,635,3,46102.0,3,14,0,1,0,0,1,1,0,3,0,4,111,61,16,0,3,3.0,Good Customer
623,636,3,84574.0,72,387,20,713,38,54,163,1,0,0,0,1,390,71,1375,0,31,3.0,Good Customer
624,637,3,56181.0,6,121,103,69,8,44,48,1,0,1,1,3,537,61,393,0,13,1.0,Best Customer
625,638,2,63120.0,53,965,69,279,54,41,69,5,0,1,0,2,639,73,1477,6,21,0.0,Ordinary customer
626,639,3,73691.0,58,707,21,250,85,43,73,2,0,1,1,3,235,52,1179,3,16,3.0,Good Customer
627,640,3,63381.0,78,571,50,142,33,50,159,4,0,1,1,3,632,63,1005,0,22,0.0,Ordinary customer
628,641,2,76140.0,57,586,66,653,17,0,26,1,0,0,1,2,47,75,1348,0,20,2.0,Ordinary customer
629,642,2,62859.0,37,1063,89,102,16,12,25,4,0,1,0,2,546,64,1307,0,19,2.0,Ordinary customer
630,643,3,45906.0,20,305,3,27,4,3,144,2,0,1,0,2,418,59,486,3,13,0.0,Ordinary customer
631,644,2,77632.0,73,1200,105,758,0,42,147,1,0,0,1,2,476,76,2252,15,12,2.0,Ordinary customer
632,645,2,46463.0,56,163,2,40,8,11,11,7,0,2,1,4,315,52,235,0,10,1.0,Best Customer
633,646,3,105471.0,36,1009,181,104,202,21,207,0,0,0,1,2,524,53,1724,12,30,0.0,Ordinary customer
634,647,2,55282.0,9,125,6,73,8,4,19,1,0,1,0,2,198,53,235,0,10,3.0,Good Customer
635,648,2,78710.0,42,721,0,152,119,50,50,3,0,1,1,3,37,46,1092,0,25,0.0,Ordinary customer
636,649,3,66886.0,28,315,4,62,41,31,146,2,0,1,1,3,286,65,599,0,15,1.0,Best Customer
637,650,2,98777.0,23,1000,19,711,125,115,38,0,0,0,0,1,132,63,2008,4,19,2.0,Ordinary customer
638,651,3,29103.0,38,16,0,17,6,3,6,2,0,1,1,3,671,38,48,0,4,2.0,Ordinary customer
639,652,3,67445.0,63,757,80,217,29,80,11,5,0,1,1,3,686,49,1174,0,27,2.0,Ordinary customer
640,653,2,50616.0,71,30,2,25,0,1,9,1,0,1,1,3,77,73,67,0,6,0.0,Ordinary customer
641,654,3,49431.0,9,219,3,100,26,0,17,2,0,1,0,2,695,68,365,0,13,2.0,Ordinary customer
642,655,3,153924.0,81,1,1,1,1,1,1,0,0,0,0,1,142,48,6,0,0,0.0,Ordinary customer
643,656,3,61278.0,87,111,3,28,2,6,15,2,0,1,1,3,176,70,165,0,8,0.0,Ordinary customer
644,657,1,26490.0,92,45,47,52,21,20,25,2,0,0,1,2,645,65,210,0,9,3.0,Good Customer
645,658,2,73059.0,36,410,112,420,0,82,71,1,0,1,1,3,302,76,1095,0,25,3.0,Good Customer
646,659,2,46734.0,86,100,1,39,6,1,76,4,0,3,0,4,251,57,223,3,8,1.0,Best Customer
647,660,3,56253.0,83,509,0,65,7,11,5,4,0,1,1,3,569,60,597,0,18,3.0,Good Customer
648,661,3,19986.0,74,3,6,5,0,2,6,1,0,1,1,3,227,38,22,0,3,3.0,Good Customer
649,662,3,58330.0,87,445,53,213,104,98,151,1,0,1,0,2,186,48,1064,0,23,0.0,Ordinary customer
650,663,1,25965.0,29,2,2,11,41,7,11,1,0,0,1,2,660,43,74,0,5,3.0,Good Customer
651,664,2,14661.0,88,4,1,11,6,2,2,1,0,0,1,2,544,67,26,0,4,1.0,Best Customer
652,665,3,18690.0,77,6,1,7,23,4,19,1,0,0,1,2,548,64,60,0,4,2.0,Ordinary customer
653,666,2,45068.0,25,14,0,3,0,0,3,1,0,1,1,3,409,49,20,0,3,1.0,Best Customer
654,667,1,21063.0,34,1,10,11,19,3,15,2,0,1,0,2,277,36,59,0,5,3.0,Good Customer
655,668,2,29187.0,43,26,0,6,0,0,2,1,0,1,1,3,416,55,34,0,4,1.0,Best Customer
656,669,1,54690.0,76,111,16,37,7,9,18,3,0,2,1,4,234,52,198,0,9,2.0,Ordinary customer
657,670,2,59304.0,81,418,61,428,80,51,10,3,0,1,1,3,335,59,1048,0,25,0.0,Ordinary customer
658,671,2,59247.0,87,327,9,122,19,14,83,5,0,2,0,3,233,61,574,0,16,1.0,Best Customer
659,672,3,66731.0,33,371,159,194,58,106,141,4,0,1,0,2,655,53,1029,0,13,3.0,Good Customer
660,673,3,77353.0,38,275,59,107,69,101,59,2,0,1,1,3,195,43,670,0,18,1.0,Best Customer
661,674,2,52614.0,63,789,0,142,12,9,38,2,0,1,0,2,575,48,990,0,14,3.0,Good Customer
662,675,3,26751.0,26,1,1,5,0,3,1,1,0,2,1,4,38,49,11,0,3,1.0,Best Customer
663,676,2,81300.0,17,1004,12,145,32,12,36,3,0,1,1,3,607,60,1241,7,18,1.0,Best Customer
664,677,3,70337.0,75,187,81,149,25,43,91,1,0,0,0,1,178,44,576,0,16,3.0,Good Customer
665,678,1,36145.0,13,56,4,76,17,1,18,4,0,1,1,3,378,38,172,9,8,1.0,Best Customer
666,679,2,65295.0,19,365,32,117,34,110,6,1,0,0,0,1,188,43,664,0,19,0.0,Ordinary customer
667,680,3,68118.0,51,595,23,123,10,23,154,2,0,1,0,2,254,60,928,0,21,2.0,Ordinary customer
668,681,3,68743.0,81,1132,134,384,175,134,115,1,0,0,0,1,668,56,2074,0,29,0.0,Ordinary customer
669,682,1,41039.0,32,34,11,137,179,61,45,1,0,0,1,2,339,41,467,0,14,0.0,Ordinary customer
670,683,3,38946.0,84,116,6,82,6,6,41,2,0,1,1,3,248,68,257,0,10,2.0,Ordinary customer
671,684,3,65777.0,87,565,32,435,28,32,54,1,0,0,1,2,192,56,1146,0,16,0.0,Ordinary customer
672,685,2,66476.0,99,372,18,126,47,48,78,2,0,1,0,2,479,47,689,0,18,2.0,Ordinary customer
673,686,2,86857.0,96,899,102,838,133,102,40,1,0,0,0,1,655,51,2114,6,21,1.0,Best Customer
674,687,2,160803.0,21,55,16,1622,17,3,4,15,0,0,1,2,694,41,1717,0,29,3.0,Good Customer
675,688,2,77845.0,40,760,40,480,0,40,26,1,0,0,1,2,44,34,1346,6,20,3.0,Good Customer
676,689,2,69476.0,3,260,86,559,63,9,67,1,0,0,1,2,272,54,1044,0,14,3.0,Good Customer
677,690,2,50611.0,98,459,0,24,6,0,4,6,0,1,0,2,633,63,493,10,16,1.0,Best Customer
678,691,3,61209.0,73,466,0,224,119,49,99,1,0,0,0,1,308,53,957,0,12,2.0,Ordinary customer
679,692,2,42315.0,90,67,15,80,17,11,80,3,0,1,1,3,352,65,270,0,9,1.0,Best Customer
680,693,1,13084.0,29,2,0,7,3,7,10,1,0,0,1,2,239,71,29,0,4,2.0,Ordinary customer
681,694,2,47570.0,3,67,1,20,0,2,31,3,0,2,0,3,396,74,121,6,6,3.0,Good Customer
682,695,2,61923.0,94,92,4,18,3,3,6,1,0,2,1,4,338,62,126,0,7,3.0,Good Customer
683,696,3,34824.0,65,4,2,11,2,0,4,1,0,0,0,1,95,28,23,0,3,2.0,Ordinary customer
684,697,2,26518.0,33,20,1,28,3,3,2,3,0,2,0,3,447,74,57,6,5,0.0,Ordinary customer
685,698,3,45938.0,46,273,11,178,62,83,29,2,0,0,0,1,238,62,636,0,18,3.0,Good Customer
686,699,3,78468.0,29,434,22,388,104,22,34,1,0,0,1,2,81,63,1004,1,27,2.0,Ordinary customer
687,700,3,78901.0,99,321,11,309,33,26,34,3,0,1,0,2,285,50,734,0,17,3.0,Good Customer
688,701,3,71427.0,26,212,123,177,15,64,23,2,0,2,1,4,109,45,614,0,18,0.0,Ordinary customer
689,702,3,71022.0,30,909,12,278,0,12,242,3,0,1,0,2,138,45,1453,3,18,1.0,Best Customer
690,703,2,90247.0,27,1184,32,352,21,16,16,1,0,0,0,1,61,35,1621,16,14,1.0,Best Customer
691,704,2,41335.0,24,112,19,21,16,14,5,3,0,1,0,2,185,55,187,0,9,0.0,Ordinary customer
692,705,3,71952.0,93,656,80,455,52,107,93,2,0,1,1,3,535,37,1443,8,20,1.0,Best Customer
693,706,2,35682.0,34,23,0,8,6,2,18,1,0,1,0,2,2,53,57,0,5,0.0,Ordinary customer
694,707,3,43185.0,88,537,6,42,16,6,30,2,0,1,0,2,445,72,637,0,18,3.0,Good Customer
695,708,2,66375.0,96,712,0,45,0,0,191,3,0,1,1,3,220,75,948,3,11,3.0,Good Customer
696,709,2,35178.0,10,23,1,13,2,2,18,1,0,1,1,3,535,52,59,9,4,0.0,Ordinary customer
697,710,3,25252.0,26,1,3,4,2,2,6,1,0,1,1,3,352,37,18,0,3,1.0,Best Customer
698,711,2,55250.0,49,664,58,83,32,0,66,4,0,1,0,2,616,58,903,0,22,0.0,Ordinary customer
699,712,3,33249.0,11,6,10,21,19,14,42,2,0,1,0,2,494,48,112,0,6,0.0,Ordinary customer
700,713,3,58398.0,44,299,5,201,21,21,49,3,0,0,1,2,411,70,596,0,17,1.0,Best Customer
701,714,3,50272.0,75,99,13,66,43,8,4,3,0,1,1,3,326,41,233,0,10,1.0,Best Customer
702,715,2,76618.0,64,749,40,294,121,160,147,1,0,0,1,2,569,48,1511,0,10,0.0,Ordinary customer
703,716,1,87305.0,19,345,25,501,63,138,80,1,0,0,0,1,644,63,1152,11,16,1.0,Best Customer
704,717,3,25851.0,45,9,4,18,7,5,5,2,0,1,1,3,503,45,48,0,5,0.0,Ordinary customer
705,718,3,58710.0,77,440,81,368,0,122,174,6,0,1,0,2,455,53,1185,0,25,3.0,Good Customer
706,719,3,45160.0,9,8,2,5,3,0,3,1,0,2,0,3,92,65,21,0,3,3.0,Good Customer
707,720,2,74806.0,1,670,9,249,0,28,9,2,0,1,1,3,557,58,965,0,14,0.0,Ordinary customer
708,721,3,59111.0,90,524,0,134,28,28,155,1,0,0,1,2,423,69,869,0,20,3.0,Good Customer
709,722,2,18988.0,43,6,0,6,2,1,1,2,0,1,1,3,37,39,16,0,4,1.0,Best Customer
710,723,3,72190.0,79,597,166,597,172,166,249,1,0,0,1,2,501,58,1947,0,15,1.0,Best Customer
711,724,3,7500.0,19,7,0,12,13,7,32,5,0,1,1,3,697,47,71,9,7,0.0,Ordinary customer
712,725,3,44794.0,99,54,0,7,0,0,4,1,0,1,1,3,21,57,65,0,5,0.0,Ordinary customer
713,726,3,80395.0,62,445,25,706,80,76,48,1,0,0,1,2,218,68,1380,1,23,1.0,Best Customer
714,727,2,75012.0,41,294,142,218,164,58,151,1,0,0,0,1,155,47,1027,0,22,3.0,Good Customer
715,728,2,56962.0,60,292,3,77,10,3,26,7,0,3,1,5,261,58,411,0,14,0.0,Ordinary customer
716,729,3,89891.0,17,412,22,132,59,28,183,1,0,0,1,2,440,32,836,5,25,0.0,Ordinary customer
717,730,2,35946.0,24,8,0,3,0,0,0,1,0,2,0,3,275,74,11,0,3,0.0,Ordinary customer
718,731,2,53593.0,60,349,4,78,6,0,43,8,0,2,1,4,691,70,480,0,15,1.0,Best Customer
719,732,3,66373.0,57,328,9,124,12,24,109,7,0,2,1,4,382,45,606,0,16,1.0,Best Customer
720,733,2,45072.0,74,144,2,99,7,2,30,5,0,3,0,4,256,75,284,0,11,0.0,Ordinary customer
721,734,3,89694.0,22,1126,28,211,37,28,42,3,0,2,0,3,263,50,1472,10,11,1.0,Best Customer
722,735,3,72025.0,46,967,0,617,43,50,0,1,0,0,1,2,61,74,1677,16,25,2.0,Ordinary customer
723,736,3,67432.0,69,432,79,341,177,136,170,2,0,1,1,3,457,50,1335,0,17,1.0,Best Customer
724,737,2,70545.0,29,138,39,63,55,18,21,1,0,1,1,3,26,71,334,0,12,1.0,Best Customer
725,738,1,17487.0,37,0,0,1,7,4,6,1,0,1,1,3,468,34,18,0,3,0.0,Ordinary customer
726,739,3,62882.0,26,509,133,497,78,24,97,2,0,1,1,3,689,54,1338,0,18,1.0,Best Customer
727,740,2,64108.0,8,948,10,86,13,21,21,4,0,1,0,2,463,70,1099,0,26,1.0,Best Customer
728,741,2,34941.0,26,39,2,25,4,3,24,2,0,2,1,4,480,67,97,0,6,1.0,Best Customer
729,742,2,48767.0,79,28,1,21,3,0,10,3,0,3,0,4,179,73,63,0,6,1.0,Best Customer
730,743,1,38702.0,71,13,11,24,13,8,40,2,0,1,1,3,332,45,109,0,7,3.0,Good Customer
731,744,3,82224.0,83,307,26,360,138,31,40,1,0,0,1,2,155,59,902,1,20,3.0,Good Customer
732,745,3,83844.0,57,901,31,345,75,31,191,1,0,0,1,2,413,71,1574,5,19,0.0,Ordinary customer
733,746,1,17003.0,37,2,5,12,4,8,7,3,0,1,1,3,202,48,38,0,6,0.0,Ordinary customer
734,747,3,71163.0,30,283,17,372,138,106,44,1,0,0,0,1,112,28,960,0,23,0.0,Ordinary customer
735,748,3,33697.0,34,4,3,7,0,3,11,1,0,1,0,2,287,53,28,3,3,3.0,Good Customer
736,749,1,63564.0,0,769,80,252,15,34,65,1,0,0,1,2,151,69,1215,9,27,1.0,Best Customer
737,750,2,83443.0,89,518,42,742,55,56,84,1,0,0,1,2,180,51,1497,0,21,2.0,Ordinary customer
738,751,2,51518.0,92,350,8,66,17,4,4,2,0,1,1,3,269,65,449,0,15,1.0,Best Customer
739,752,3,58330.0,87,445,53,213,104,98,151,1,0,1,0,2,186,48,1064,0,23,0.0,Ordinary customer
740,753,3,80952.0,20,778,178,689,41,27,44,1,0,0,1,2,486,54,1757,16,24,1.0,Best Customer
741,754,3,75507.0,56,709,93,374,104,80,80,1,0,0,1,2,58,44,1440,0,20,1.0,Best Customer
742,755,1,63855.0,28,359,35,314,93,116,89,1,0,0,1,2,505,45,1006,0,23,0.0,Ordinary customer
743,756,2,62220.0,55,799,12,375,16,12,12,5,0,1,1,3,687,51,1226,6,18,3.0,Good Customer
744,757,3,58512.0,25,895,10,101,13,0,152,5,0,1,1,3,283,59,1171,0,15,3.0,Good Customer
745,758,2,40662.0,0,40,2,23,0,4,23,2,0,1,1,3,471,44,92,0,6,1.0,Best Customer
746,759,2,38829.0,86,76,0,7,0,0,16,1,0,1,1,3,84,64,99,0,7,3.0,Good Customer
747,760,1,35523.0,8,11,5,22,12,5,11,2,0,1,1,3,269,42,66,0,6,0.0,Ordinary customer
748,761,3,79146.0,33,245,16,223,21,43,16,2,0,2,0,3,66,56,564,0,17,0.0,Ordinary customer
749,762,2,78285.0,13,647,107,391,175,67,40,1,0,0,1,2,244,35,1427,0,20,0.0,Ordinary customer
750,763,2,31626.0,12,39,1,9,2,1,34,1,0,1,0,2,415,45,86,9,5,2.0,Ordinary customer
751,764,3,75127.0,92,203,35,305,46,17,227,1,0,0,0,1,38,71,833,0,18,1.0,Best Customer
752,765,3,48726.0,90,138,3,38,4,0,59,3,0,1,1,3,428,68,242,0,9,0.0,Ordinary customer
753,766,3,74985.0,8,587,51,898,247,0,86,1,0,0,1,2,656,46,1869,0,16,1.0,Best Customer
754,767,3,67430.0,6,595,97,291,127,133,121,1,0,0,1,2,662,36,1364,0,28,1.0,Best Customer
755,768,1,46891.0,91,43,12,23,29,15,61,1,0,1,1,3,301,58,183,0,7,0.0,Ordinary customer
756,769,2,62058.0,52,301,7,74,10,0,58,4,0,1,1,3,399,67,450,0,14,2.0,Ordinary customer
757,770,3,72063.0,3,180,32,348,76,32,90,2,0,1,1,3,361,44,758,0,19,0.0,Ordinary customer
758,771,2,78939.0,57,794,115,243,150,0,205,1,0,0,1,2,199,72,1507,0,19,0.0,Ordinary customer
759,772,3,42720.0,9,392,5,91,28,26,112,8,0,2,0,3,431,58,654,6,17,0.0,Ordinary customer
760,773,3,33622.0,22,39,1,22,3,4,12,3,0,2,1,4,442,51,81,0,6,0.0,Ordinary customer
761,774,2,6835.0,76,107,2,12,2,2,12,0,0,1,1,3,568,66,137,0,1,3.0,Good Customer
762,775,3,41452.0,86,13,0,3,0,0,0,1,0,2,1,4,480,70,16,0,3,3.0,Good Customer
763,776,2,40760.0,64,70,0,17,0,0,6,2,0,1,0,2,303,58,93,0,6,2.0,Ordinary customer
764,777,2,74250.0,90,680,11,392,75,0,0,1,0,0,1,2,154,65,1158,0,17,1.0,Best Customer
765,778,2,51124.0,79,26,1,11,0,1,4,2,0,2,0,3,193,68,43,0,4,1.0,Best Customer
766,779,3,72258.0,28,522,0,522,227,120,134,2,0,1,0,2,290,52,1525,0,20,2.0,Ordinary customer
767,780,2,71466.0,86,412,12,546,78,182,0,1,0,0,0,1,85,49,1230,0,18,0.0,Ordinary customer
768,781,3,36283.0,42,6,5,5,8,0,5,2,0,2,1,4,76,47,29,0,4,2.0,Ordinary customer
769,782,3,20587.0,39,2,3,6,4,1,9,1,0,1,0,2,49,53,25,0,4,2.0,Ordinary customer
770,783,3,30467.0,8,1,3,8,2,5,5,1,0,1,1,3,102,51,24,0,3,3.0,Good Customer
771,784,3,31590.0,40,6,2,15,6,6,3,1,0,1,1,3,376,51,38,0,4,3.0,Good Customer
772,785,1,20425.0,5,4,12,5,3,16,17,2,0,1,1,3,608,37,57,0,5,1.0,Best Customer
773,786,2,17144.0,96,18,2,19,0,2,6,5,0,2,1,4,134,63,47,0,7,0.0,Ordinary customer
774,787,2,42564.0,28,324,48,186,39,18,198,6,0,1,0,2,543,55,813,9,18,3.0,Good Customer
775,788,2,43783.0,22,327,9,125,25,4,139,6,0,1,1,3,31,45,629,3,16,0.0,Ordinary customer
776,789,3,40780.0,30,229,27,71,13,3,34,4,0,1,0,2,659,47,377,0,13,0.0,Ordinary customer
777,790,2,62847.0,45,521,168,706,80,76,61,1,0,0,1,2,530,78,1612,0,13,1.0,Best Customer
778,791,2,82017.0,58,184,23,446,30,23,23,1,0,0,1,2,599,66,729,16,16,1.0,Best Customer
779,792,3,16813.0,49,4,8,11,12,2,13,1,0,0,0,1,345,73,50,3,5,0.0,Ordinary customer
780,793,3,51267.0,37,183,2,64,7,2,12,4,0,2,1,4,243,45,270,0,11,0.0,Ordinary customer
781,794,3,46524.0,70,31,19,35,26,14,52,2,0,1,0,2,450,62,177,0,7,0.0,Ordinary customer
782,795,2,45183.0,33,219,3,60,12,9,12,1,0,0,0,1,525,61,315,4,12,3.0,Good Customer
783,796,2,70421.0,98,479,28,136,75,14,35,3,0,1,1,3,1,69,767,0,20,1.0,Best Customer
784,797,1,60161.0,17,584,44,212,46,8,177,3,0,1,0,2,614,58,1071,0,23,2.0,Ordinary customer
785,798,3,73926.0,54,627,91,597,159,91,15,1,0,0,1,2,484,50,1580,0,23,2.0,Ordinary customer
786,799,3,19329.0,39,24,1,16,12,2,5,3,0,1,1,3,197,55,60,0,7,1.0,Best Customer
787,800,2,61872.0,81,330,5,159,36,27,16,4,0,1,1,3,198,53,573,0,17,3.0,Good Customer
788,801,3,46984.0,71,19,1,10,2,1,8,1,0,2,0,3,460,67,41,0,4,1.0,Best Customer
789,802,3,34838.0,62,28,23,29,29,14,47,3,0,2,1,4,526,72,170,0,7,0.0,Ordinary customer
790,803,2,82716.0,8,606,148,228,15,148,22,1,0,0,0,1,236,79,1167,0,27,0.0,Ordinary customer
791,804,3,48192.0,76,1039,43,204,153,58,29,3,0,0,1,2,449,65,1526,13,22,2.0,Ordinary customer
792,805,2,49681.0,66,411,0,26,0,0,21,6,0,2,1,4,237,47,458,0,15,3.0,Good Customer
793,806,2,56850.0,83,34,1,19,2,7,0,1,0,1,1,3,98,52,63,0,5,0.0,Ordinary customer
794,807,3,55267.0,28,161,28,136,32,3,45,4,0,1,1,3,251,66,405,0,13,1.0,Best Customer
795,808,3,59666.0,87,623,53,178,23,17,133,7,0,2,1,4,464,51,1027,4,13,0.0,Ordinary customer
796,809,3,72504.0,43,604,26,470,123,161,94,2,0,1,0,2,449,51,1478,0,20,2.0,Ordinary customer
797,810,3,26872.0,0,3,10,8,3,16,32,1,0,0,1,2,256,42,72,0,4,2.0,Ordinary customer
798,811,3,21359.0,1,12,2,17,6,1,10,2,0,1,0,2,435,51,48,6,5,1.0,Best Customer
799,812,3,73170.0,1,184,174,256,50,30,32,1,0,0,0,1,29,48,726,0,15,1.0,Best Customer
800,813,2,52750.0,72,393,0,239,90,69,69,6,0,1,1,3,510,68,860,0,21,3.0,Good Customer
801,814,2,91820.0,72,410,73,747,76,161,30,0,0,0,1,2,218,37,1497,0,22,0.0,Ordinary customer
802,815,2,65968.0,12,376,9,83,19,4,4,2,0,1,1,3,48,53,495,0,16,1.0,Best Customer
803,816,3,30772.0,89,7,2,4,2,1,4,1,0,2,1,4,109,47,20,0,3,0.0,Ordinary customer
804,817,3,22507.0,67,68,0,226,51,157,68,3,0,0,0,1,582,69,570,0,16,0.0,Ordinary customer
805,818,3,65685.0,54,642,14,49,0,7,57,1,0,1,1,3,92,51,769,0,20,2.0,Ordinary customer
806,819,1,25804.0,34,8,7,9,13,6,12,2,0,1,1,3,301,45,55,0,5,0.0,Ordinary customer
807,820,2,76412.0,15,840,53,804,23,71,17,1,0,0,0,1,420,43,1808,12,17,0.0,Ordinary customer
808,821,3,22063.0,43,7,10,13,3,11,11,2,0,1,1,3,325,51,55,0,5,0.0,Ordinary customer
809,822,3,57091.0,0,464,5,64,7,0,37,1,0,0,0,1,14,62,577,8,17,3.0,Good Customer
810,823,3,22419.0,74,30,3,47,19,21,42,1,0,0,1,2,437,60,162,0,7,2.0,Ordinary customer
811,824,3,87771.0,61,1492,38,287,50,57,33,1,0,1,1,3,403,64,1957,18,19,1.0,Best Customer
812,825,1,78353.0,51,752,122,476,39,153,34,1,0,1,0,2,439,64,1576,0,23,2.0,Ordinary customer
813,826,3,93404.0,97,1279,15,287,20,0,15,3,0,3,1,5,418,69,1616,9,14,3.0,Good Customer
814,827,3,37859.0,75,22,1,8,2,1,2,2,0,3,0,4,533,61,36,0,4,0.0,Ordinary customer
815,828,2,80995.0,83,860,28,409,73,56,56,1,0,1,0,2,414,65,1482,0,21,0.0,Ordinary customer
816,829,3,16529.0,23,3,0,5,13,0,1,1,0,1,1,3,120,39,22,0,4,2.0,Ordinary customer
817,830,2,55412.0,65,10,5,28,11,1,8,1,0,2,0,3,219,47,63,0,5,0.0,Ordinary customer
818,831,3,48789.0,94,351,16,156,7,5,145,1,0,0,0,1,657,31,680,0,17,1.0,Best Customer
819,832,2,56575.0,42,421,5,90,0,16,10,3,0,2,1,4,420,56,542,0,17,1.0,Best Customer
820,833,1,25130.0,10,2,5,7,0,18,18,2,0,1,1,3,270,43,50,0,5,1.0,Best Customer
821,834,3,35441.0,94,25,1,9,2,1,1,2,0,2,1,4,500,56,39,0,4,3.0,Good Customer
822,835,3,71391.0,50,336,123,274,46,123,141,5,0,1,1,3,457,67,1043,0,23,2.0,Ordinary customer
823,836,2,49494.0,46,191,9,97,0,6,82,2,0,1,0,2,430,51,385,0,12,0.0,Ordinary customer
824,837,3,81702.0,98,563,50,774,28,31,187,1,0,0,0,1,644,43,1633,0,26,2.0,Ordinary customer
825,838,1,45889.0,42,31,0,6,0,1,8,1,0,1,0,2,362,43,46,0,4,3.0,Good Customer
826,839,3,56628.0,30,479,5,82,7,17,171,2,0,1,0,2,100,46,761,3,18,1.0,Best Customer
827,840,3,34026.0,11,18,6,15,12,8,17,3,0,2,1,4,328,73,76,0,6,0.0,Ordinary customer
828,841,3,40049.0,61,91,65,52,10,44,28,3,0,1,1,3,577,49,290,0,11,3.0,Good Customer
829,842,3,34176.0,12,5,7,24,19,14,20,4,0,1,0,2,48,35,89,0,7,1.0,Best Customer
830,843,3,19419.0,76,2,14,28,16,3,7,4,0,1,1,3,596,42,70,0,7,0.0,Ordinary customer
831,844,1,82504.0,2,362,50,431,134,35,54,1,0,0,1,2,337,63,1066,0,16,3.0,Good Customer
832,845,3,81205.0,43,724,74,929,97,55,130,1,0,0,1,2,167,53,2009,16,18,0.0,Ordinary customer
833,846,1,61618.0,27,605,91,399,0,45,205,2,0,0,0,1,638,32,1345,0,17,1.0,Best Customer
834,847,2,55284.0,60,547,7,140,0,7,63,3,0,1,0,2,552,67,764,0,20,0.0,Ordinary customer
835,848,3,49980.0,79,104,1,54,13,9,14,2,0,1,0,2,249,60,195,0,9,0.0,Ordinary customer
836,849,3,15072.0,96,8,2,15,0,10,18,4,0,2,1,4,415,43,53,0,7,2.0,Ordinary customer
837,850,3,49166.0,17,224,2,25,7,0,110,2,0,1,0,2,381,49,368,0,11,3.0,Good Customer
838,851,2,65324.0,0,384,0,102,21,32,5,3,0,1,1,3,169,69,544,0,17,2.0,Ordinary customer
839,852,1,82347.0,38,556,54,845,202,133,63,1,0,0,1,2,600,66,1853,4,24,0.0,Ordinary customer
840,853,2,30843.0,43,24,0,2,0,0,9,2,0,2,1,4,34,57,35,3,4,2.0,Ordinary customer
841,854,2,46374.0,1,408,0,21,0,0,17,3,0,1,1,3,104,49,446,11,15,2.0,Ordinary customer
842,855,3,60474.0,25,265,199,303,234,9,170,7,0,1,0,2,454,44,1180,0,24,3.0,Good Customer
843,856,2,38576.0,2,34,0,7,0,0,0,1,0,1,1,3,117,50,41,0,4,0.0,Ordinary customer
844,857,3,55357.0,66,374,64,116,84,25,64,3,0,2,1,4,495,38,727,0,19,1.0,Best Customer
845,858,3,37758.0,49,27,2,10,0,0,1,2,0,2,1,4,633,57,40,0,4,1.0,Best Customer
846,859,1,85710.0,5,600,20,350,29,30,33,1,0,0,1,2,420,34,1062,5,25,0.0,Ordinary customer
847,860,3,23228.0,71,13,2,18,6,1,0,2,0,1,1,3,154,54,40,0,5,0.0,Ordinary customer
848,861,2,44602.0,35,167,2,89,0,0,34,6,0,2,1,4,134,54,292,0,11,3.0,Good Customer
849,862,3,7500.0,94,0,2,3,4,1,5,1,0,0,1,2,536,36,15,0,3,1.0,Best Customer
850,863,1,38683.0,80,46,35,69,84,41,66,6,0,1,1,3,633,34,341,0,11,3.0,Good Customer
851,864,1,49514.0,61,88,39,78,58,13,93,2,0,1,0,2,194,48,369,0,11,0.0,Ordinary customer
852,865,2,57906.0,29,243,11,119,10,3,15,3,0,1,1,3,383,50,401,0,14,1.0,Best Customer
853,866,2,43456.0,0,275,11,68,25,7,7,3,0,1,0,2,460,57,393,0,14,0.0,Ordinary customer
854,867,2,19485.0,80,6,0,4,0,0,0,1,0,2,0,3,278,37,10,0,3,2.0,Ordinary customer
855,868,3,53172.0,54,121,62,90,68,20,125,3,0,1,1,3,419,45,486,0,13,0.0,Ordinary customer
856,869,3,30545.0,71,4,12,15,19,7,12,2,0,1,1,3,620,44,69,0,5,0.0,Ordinary customer
857,870,2,70123.0,27,1308,0,396,23,0,0,1,0,0,1,2,274,40,1727,6,16,0.0,Ordinary customer
858,871,3,62450.0,61,515,47,267,62,66,38,2,0,1,0,2,174,64,995,4,14,1.0,Best Customer
859,872,3,21675.0,55,4,0,16,17,4,4,3,0,1,1,3,18,47,45,0,7,1.0,Best Customer
860,873,1,42395.0,35,48,13,57,24,15,25,4,0,2,0,3,86,42,182,0,8,0.0,Ordinary customer
861,874,2,61346.0,34,562,58,168,43,16,142,1,0,1,1,3,266,45,989,0,22,0.0,Ordinary customer
862,875,3,80812.0,95,769,22,500,210,143,33,1,0,0,1,2,285,70,1677,9,17,3.0,Good Customer
863,876,2,42835.0,64,379,4,93,12,9,98,7,0,2,0,3,364,52,595,0,16,1.0,Best Customer
864,877,3,39922.0,30,29,12,59,19,1,36,2,0,1,1,3,500,40,156,0,7,0.0,Ordinary customer
865,878,2,86424.0,12,387,68,569,89,45,68,1,0,0,0,1,85,67,1226,0,27,3.0,Good Customer
866,879,1,17117.0,96,12,23,38,30,18,7,4,0,1,1,3,528,45,128,0,7,1.0,Best Customer
867,880,3,24762.0,16,6,10,12,3,15,40,3,0,1,0,2,139,51,86,9,6,2.0,Ordinary customer
868,881,3,35797.0,16,27,1,14,4,1,21,2,0,1,1,3,621,48,68,0,5,1.0,Best Customer
869,882,3,36627.0,78,9,1,5,0,0,1,1,0,2,0,3,341,48,16,0,3,3.0,Good Customer
870,883,1,51111.0,83,22,0,19,6,5,3,2,0,2,1,4,10,42,55,0,5,3.0,Good Customer
871,884,2,86857.0,96,899,102,838,133,102,40,1,0,0,0,1,655,51,2114,6,21,1.0,Best Customer
872,885,2,82072.0,67,889,55,685,168,92,129,1,0,0,1,2,362,53,2018,0,18,0.0,Ordinary customer
873,886,2,46231.0,87,189,2,55,0,5,12,4,0,3,0,4,580,70,263,0,11,2.0,Ordinary customer
874,887,3,42243.0,34,48,0,2,0,0,5,2,0,2,1,4,200,64,55,0,5,1.0,Best Customer
875,888,3,51195.0,46,230,14,156,82,24,58,8,0,2,1,4,454,61,564,0,16,2.0,Ordinary customer
876,889,2,68092.0,7,852,60,207,78,36,48,2,0,0,0,1,195,45,1281,0,18,1.0,Best Customer
877,890,3,31814.0,73,35,3,20,4,1,20,2,0,1,1,3,505,50,83,3,5,2.0,Ordinary customer
878,891,2,51390.0,54,205,20,47,23,2,56,6,0,2,0,3,659,58,353,0,12,0.0,Ordinary customer
879,892,3,76630.0,93,255,31,446,40,56,175,1,0,0,1,2,166,40,1003,0,24,1.0,Best Customer
880,893,1,26868.0,52,0,0,1,8,3,2,1,0,1,0,2,60,32,14,0,3,1.0,Best Customer
881,894,2,48948.0,53,437,8,206,160,49,42,2,0,0,0,1,513,80,902,9,22,2.0,Ordinary customer
882,895,2,55260.0,81,825,8,53,11,0,242,2,0,1,0,2,564,51,1139,0,23,0.0,Ordinary customer
883,896,3,64090.0,8,316,58,161,76,51,135,1,0,1,1,3,326,67,797,6,19,2.0,Ordinary customer
884,897,3,78331.0,97,756,138,354,160,169,61,2,0,1,0,2,157,65,1638,0,23,1.0,Best Customer
885,898,2,37087.0,50,194,55,134,15,0,3,3,0,1,1,3,322,49,401,0,14,1.0,Best Customer
886,899,3,21846.0,38,7,17,18,6,10,26,4,0,1,0,2,250,37,84,0,7,3.0,Good Customer
887,900,3,81320.0,61,183,33,493,59,103,57,1,0,0,1,2,508,65,928,0,17,0.0,Ordinary customer
888,901,3,54137.0,46,171,0,11,0,1,20,2,0,1,0,2,317,53,203,0,9,1.0,Best Customer
889,902,3,66825.0,73,243,101,405,29,40,40,1,0,0,1,2,350,56,858,0,15,1.0,Best Customer
890,903,3,57100.0,19,181,21,69,39,3,96,1,0,0,1,2,207,50,409,0,12,1.0,Best Customer
891,904,3,58917.0,10,151,7,89,0,7,28,5,0,3,1,5,462,54,282,0,11,1.0,Best Customer
892,905,3,85072.0,94,494,92,391,194,11,241,1,0,0,0,1,81,46,1423,0,17,2.0,Ordinary customer
893,906,3,86429.0,10,464,28,873,29,18,37,0,0,0,0,1,220,62,1449,7,18,1.0,Best Customer
894,907,3,45684.0,37,5,1,5,10,0,7,1,0,1,0,2,209,52,28,0,3,0.0,Ordinary customer
895,908,3,47889.0,94,29,0,29,0,5,4,1,0,1,1,3,176,49,67,0,5,1.0,Best Customer
896,909,2,45921.0,23,102,9,49,24,3,12,1,0,0,1,2,111,37,199,0,9,2.0,Ordinary customer
897,910,2,78420.0,75,604,28,674,91,28,28,1,0,0,0,1,365,57,1453,0,21,0.0,Ordinary customer
898,911,3,75114.0,40,571,12,523,63,60,24,1,0,0,1,2,234,31,1253,0,18,1.0,Best Customer
899,912,2,52278.0,24,953,0,71,0,0,174,6,0,1,0,2,520,60,1198,6,25,2.0,Ordinary customer
900,913,2,35641.0,11,63,3,67,8,9,28,2,0,1,1,3,350,51,178,6,8,1.0,Best Customer
901,914,3,95529.0,29,770,29,890,250,27,24,1,0,0,0,1,573,29,1990,11,17,1.0,Best Customer
902,915,3,62820.0,51,398,61,265,138,61,53,1,0,0,1,2,414,69,976,0,13,1.0,Best Customer
903,916,2,73113.0,86,741,19,154,50,9,28,1,0,0,1,2,185,63,1001,0,14,1.0,Best Customer
904,917,2,84169.0,9,1478,19,403,0,19,0,1,0,0,1,2,326,41,1919,15,19,1.0,Best Customer
905,918,1,42607.0,30,156,29,56,30,32,47,2,0,1,0,2,224,69,350,0,12,2.0,Ordinary customer
906,919,2,74637.0,73,960,64,464,146,0,16,1,0,0,0,1,407,69,1650,1,24,3.0,Good Customer
907,920,2,46015.0,25,38,0,2,0,0,6,1,0,2,1,4,77,68,46,5,4,0.0,Ordinary customer
908,921,3,72354.0,67,315,26,473,220,12,182,1,0,0,0,1,438,30,1228,0,18,1.0,Best Customer
909,922,2,39858.0,67,15,20,25,2,7,26,1,0,1,0,2,521,54,95,6,6,0.0,Ordinary customer
910,923,2,34469.0,58,19,6,20,0,5,12,3,0,2,1,4,56,75,62,0,6,1.0,Best Customer
911,924,3,83033.0,82,812,99,431,237,149,33,1,0,1,1,3,42,37,1761,1,25,3.0,Good Customer
912,925,2,24401.0,98,73,28,217,10,24,115,3,0,0,1,2,667,44,467,0,13,3.0,Good Customer
913,926,3,77583.0,93,372,23,384,250,12,108,1,0,0,1,2,139,45,1149,1,18,3.0,Good Customer
914,927,1,74116.0,53,871,111,704,145,55,166,1,0,0,0,1,181,41,2052,4,18,3.0,Good Customer
915,928,3,74293.0,66,375,152,335,93,91,81,1,0,0,0,1,56,30,1127,0,15,3.0,Good Customer
916,929,2,68397.0,6,760,80,466,17,13,80,1,0,1,1,3,224,47,1416,0,20,1.0,Best Customer
917,930,2,79632.0,42,471,0,510,99,21,12,1,0,0,1,2,82,49,1113,0,19,1.0,Best Customer
918,931,3,46107.0,78,31,9,27,16,9,33,1,0,1,0,2,139,34,125,0,6,2.0,Ordinary customer
919,932,2,64950.0,29,819,0,72,12,0,63,2,0,1,0,2,686,72,966,4,23,3.0,Good Customer
920,933,1,25443.0,82,1,4,3,8,9,7,1,0,1,1,3,554,34,32,0,4,3.0,Good Customer
921,934,3,75127.0,92,203,35,305,46,17,227,1,0,0,0,1,38,71,833,0,18,0.0,Ordinary customer
922,935,2,32892.0,78,26,0,15,2,1,2,2,0,1,1,3,35,52,46,0,6,0.0,Ordinary customer
923,936,3,71796.0,54,354,21,311,167,75,32,1,0,0,1,2,248,52,960,0,16,3.0,Good Customer
924,937,2,67536.0,45,1253,0,447,23,71,35,3,0,1,1,3,403,53,1829,1,27,0.0,Ordinary customer
925,938,3,55239.0,59,371,17,238,23,24,106,3,0,1,0,2,350,52,779,0,23,0.0,Ordinary customer
926,939,2,60554.0,8,588,7,76,110,15,15,2,0,1,0,2,324,48,811,0,21,2.0,Ordinary customer
927,940,1,64831.0,51,480,86,249,75,86,144,8,0,2,0,3,384,71,1120,0,14,0.0,Ordinary customer
928,941,2,56067.0,51,517,12,54,16,6,120,2,0,1,1,3,344,61,725,0,18,0.0,Ordinary customer
929,942,3,82025.0,76,267,98,606,48,70,98,1,0,0,0,1,397,40,1187,11,11,0.0,Ordinary customer
930,943,3,94384.0,62,1111,24,790,160,45,172,0,0,0,1,2,482,70,2302,16,18,3.0,Good Customer
931,944,1,14906.0,86,7,7,14,7,16,15,3,0,0,0,1,554,37,66,0,6,3.0,Good Customer
932,945,2,51563.0,60,1166,0,48,0,0,36,1,0,0,1,2,636,36,1250,9,18,0.0,Ordinary customer
933,946,1,57937.0,56,261,42,144,55,48,133,3,0,1,1,3,133,41,683,0,17,2.0,Ordinary customer
934,947,3,68274.0,83,135,25,51,23,25,46,2,0,2,0,3,272,44,305,0,11,1.0,Best Customer
935,948,3,39771.0,92,6,2,18,2,8,14,1,0,1,1,3,205,46,50,0,5,2.0,Ordinary customer
936,949,1,67893.0,31,711,28,142,49,18,47,2,0,1,0,2,636,48,995,0,14,0.0,Ordinary customer
937,950,2,27922.0,80,11,0,13,2,4,11,1,0,1,1,3,50,44,41,0,5,0.0,Ordinary customer
938,951,2,52190.0,39,42,0,17,0,0,18,3,0,2,1,4,52,47,77,3,6,0.0,Ordinary customer
939,952,2,44051.0,20,79,7,58,6,3,18,4,0,2,0,3,516,50,171,6,8,3.0,Good Customer
940,953,2,42767.0,53,20,6,43,19,5,38,1,0,2,0,3,414,52,131,0,6,1.0,Best Customer
941,954,2,46106.0,84,30,0,8,2,0,14,1,0,2,1,4,49,47,54,0,4,0.0,Ordinary customer
942,955,2,16927.0,50,20,2,23,3,1,4,5,0,2,1,4,504,47,53,0,7,0.0,Ordinary customer
943,956,3,59754.0,96,115,27,44,4,146,139,3,0,1,1,3,575,58,475,6,13,3.0,Good Customer
944,957,3,53700.0,94,263,5,233,69,41,83,4,0,1,0,2,681,71,694,0,18,1.0,Best Customer
945,958,3,59041.0,25,69,2,15,2,2,6,2,0,2,1,4,53,50,96,0,6,0.0,Ordinary customer
946,959,2,54237.0,48,267,3,30,4,0,57,4,0,1,0,2,428,66,361,0,12,0.0,Ordinary customer
947,960,3,70647.0,65,561,85,171,25,123,114,2,0,1,0,2,646,56,1079,0,24,2.0,Ordinary customer
948,961,2,52597.0,69,492,0,37,7,0,42,3,0,1,0,2,53,61,578,0,17,1.0,Best Customer
949,962,2,41021.0,12,14,7,9,6,16,12,2,0,1,1,3,546,54,64,6,5,1.0,Best Customer
950,963,2,40233.0,84,80,4,46,0,17,2,5,0,1,1,3,258,48,149,0,8,1.0,Best Customer
951,964,3,50183.0,47,97,12,84,13,10,15,7,0,2,1,4,4,43,231,0,10,0.0,Ordinary customer
952,965,3,54753.0,87,197,107,227,7,59,131,3,0,1,1,3,290,64,728,0,18,0.0,Ordinary customer
953,966,3,92955.0,35,693,21,925,31,24,84,1,0,0,1,2,314,50,1778,12,22,3.0,Good Customer
954,967,3,33471.0,47,43,2,27,0,9,12,3,0,1,1,3,625,50,93,0,7,0.0,Ordinary customer
955,968,2,34596.0,48,14,0,2,0,0,7,1,0,1,1,3,442,49,23,6,3,2.0,Ordinary customer
956,969,3,44010.0,46,186,36,234,86,72,48,6,0,1,1,3,624,43,662,0,18,2.0,Ordinary customer
957,970,3,84219.0,27,434,137,400,45,137,45,1,0,0,1,2,147,35,1198,0,17,1.0,Best Customer
958,971,2,40706.0,37,59,0,11,4,2,5,4,0,3,1,5,528,55,81,0,7,1.0,Best Customer
959,972,1,15716.0,8,16,5,30,8,7,26,3,1,1,1,3,594,35,92,0,7,0.0,Ordinary customer
960,973,1,59052.0,29,230,35,75,63,57,31,3,0,1,0,2,224,64,491,0,15,1.0,Best Customer
961,974,2,80573.0,85,829,138,430,60,92,15,1,0,0,1,2,623,52,1564,0,23,1.0,Best Customer
962,975,3,83715.0,2,318,8,407,150,35,8,1,0,0,1,2,146,61,926,0,23,1.0,Best Customer
963,976,2,82576.0,66,1206,55,445,168,18,18,1,0,0,1,2,697,64,1910,5,18,0.0,Ordinary customer
964,977,2,56962.0,60,292,3,77,10,3,26,7,0,3,1,5,261,58,411,0,14,1.0,Best Customer
965,978,3,35704.0,54,30,9,12,2,11,30,3,0,2,1,4,177,71,94,0,6,0.0,Ordinary customer
966,979,3,53103.0,70,729,17,133,11,0,195,5,0,1,1,3,290,69,1085,3,23,3.0,Good Customer
967,980,1,46779.0,55,12,1,3,0,0,7,1,0,2,0,3,352,63,23,0,3,1.0,Best Customer
968,981,3,4861.0,20,2,1,1,1,0,1,0,0,0,0,1,7,58,6,0,0,0.0,Ordinary customer
969,982,2,33462.0,78,22,3,18,0,0,11,1,0,1,0,2,326,44,54,0,5,2.0,Ordinary customer
970,983,3,63693.0,63,587,43,337,42,87,54,3,0,1,0,2,258,45,1150,0,26,1.0,Best Customer
971,984,3,80763.0,17,674,168,108,192,42,231,1,0,0,1,2,318,73,1415,12,22,0.0,Ordinary customer
972,985,2,65352.0,43,284,3,84,4,7,23,2,0,1,1,3,312,49,405,0,14,3.0,Good Customer
973,986,2,82170.0,13,1023,93,651,49,55,37,1,0,0,1,2,216,45,1908,0,18,2.0,Ordinary customer
974,987,3,75759.0,46,1394,22,708,89,91,182,1,0,0,1,2,247,54,2486,15,25,3.0,Good Customer
975,988,1,79689.0,65,311,26,640,180,37,121,1,0,0,0,1,413,47,1315,0,26,1.0,Best Customer
976,989,2,35340.0,1,27,0,12,0,1,5,2,0,2,0,3,0,67,45,0,5,3.0,Good Customer
977,990,3,85683.0,6,1296,17,311,45,69,51,1,0,0,0,1,100,69,1789,18,16,0.0,Ordinary customer
978,991,1,24884.0,32,3,6,7,0,0,3,1,0,1,1,3,577,51,19,0,3,0.0,Ordinary customer
979,992,2,42021.0,34,393,5,136,7,5,27,5,0,1,1,3,667,42,573,3,17,3.0,Good Customer
980,993,3,64449.0,70,218,63,282,137,35,70,4,0,1,0,2,131,34,805,0,20,3.0,Good Customer
981,994,3,64587.0,49,66,0,16,0,6,20,2,0,2,0,3,7,69,108,0,6,1.0,Best Customer
982,995,3,34824.0,65,4,2,11,2,0,4,1,0,0,0,1,95,28,23,0,3,0.0,Ordinary customer
983,996,3,75437.0,25,795,0,545,95,58,0,1,0,0,1,2,232,45,1493,1,22,0.0,Ordinary customer
984,997,3,26091.0,84,15,10,19,8,17,20,3,0,2,1,4,124,66,89,0,6,1.0,Best Customer
985,998,3,52845.0,7,384,25,292,130,41,64,3,0,1,1,3,320,50,936,3,22,0.0,Ordinary customer
986,999,3,46086.0,34,244,8,32,7,2,50,4,0,1,0,2,238,67,343,0,12,2.0,Ordinary customer
987,1000,2,78028.0,38,158,19,288,25,0,38,1,0,1,0,2,657,67,528,15,19,0.0,Ordinary customer
988,1001,2,95169.0,1,1285,21,449,106,20,20,1,0,0,0,1,263,36,1901,12,11,0.0,Ordinary customer
989,1002,1,56337.0,25,349,16,144,28,5,182,5,0,2,1,4,459,42,724,10,17,2.0,Ordinary customer
990,1003,3,22434.0,25,4,12,11,3,13,15,2,0,1,1,3,501,36,58,0,5,1.0,Best Customer
991,1004,2,36930.0,50,223,2,31,0,2,39,5,0,1,1,3,408,69,297,0,11,2.0,Ordinary customer
992,1005,3,36130.0,46,157,43,127,68,56,37,6,0,1,0,2,512,69,488,9,15,0.0,Ordinary customer
993,1006,2,65569.0,96,397,46,288,20,38,70,2,0,1,1,3,601,70,859,0,21,2.0,Ordinary customer
994,1007,3,83844.0,57,901,31,345,75,31,191,1,0,0,1,2,413,71,1574,5,19,0.0,Ordinary customer
995,1008,3,19514.0,47,14,3,21,2,1,28,4,0,2,1,4,154,55,69,3,6,0.0,Ordinary customer
996,1009,2,36736.0,52,10,0,3,0,0,4,1,0,2,0,3,415,60,17,0,3,3.0,Good Customer
997,1010,3,77568.0,30,1230,0,396,232,178,158,1,0,1,1,3,673,44,2194,10,20,0.0,Ordinary customer
998,1011,2,49187.0,63,81,1,31,2,1,0,1,0,1,1,3,169,47,116,0,7,0.0,Ordinary customer
999,1012,3,30168.0,51,154,20,66,0,12,27,7,0,1,0,2,479,45,279,0,11,3.0,Good Customer
1000,1013,2,34053.0,14,63,0,21,7,0,12,1,0,1,1,3,657,55,103,0,6,2.0,Ordinary customer
1001,1014,2,38196.0,20,30,0,11,0,0,3,3,0,2,1,4,72,52,44,0,6,2.0,Ordinary customer
1002,1015,2,59412.0,56,90,67,165,30,43,11,1,0,0,1,2,71,72,406,0,14,2.0,Ordinary customer
1003,1016,1,70924.0,41,635,114,254,132,152,76,1,0,0,1,2,83,58,1363,5,19,3.0,Good Customer
1004,1017,3,54165.0,72,127,4,73,15,6,11,1,0,0,1,2,397,54,236,0,10,1.0,Best Customer
1005,1018,3,32300.0,1,13,3,6,6,5,6,1,0,1,1,3,542,50,39,0,4,1.0,Best Customer
1006,1019,3,20180.0,27,18,42,24,15,20,18,1,0,0,0,1,494,47,137,0,7,1.0,Best Customer
1007,1020,3,34961.0,77,45,2,26,4,1,1,3,0,1,1,3,10,50,79,0,7,0.0,Ordinary customer
1008,1021,2,28440.0,87,38,1,24,0,0,0,1,0,1,1,3,357,49,63,0,5,1.0,Best Customer
1009,1022,2,64504.0,81,986,36,168,16,0,108,7,0,3,1,5,482,70,1314,6,18,2.0,Ordinary customer
1010,1023,2,33564.0,51,61,0,3,0,0,7,1,0,1,1,3,5,57,71,0,5,0.0,Ordinary customer
1011,1024,3,17345.0,79,4,9,16,17,0,12,2,0,1,1,3,603,45,58,0,5,0.0,Ordinary customer
1012,1025,2,56320.0,11,201,53,172,116,77,83,3,0,1,1,3,447,56,702,0,18,2.0,Ordinary customer
1013,1026,3,28647.0,54,19,8,29,0,12,26,1,0,1,0,2,312,45,94,9,6,3.0,Good Customer
1014,1027,1,15038.0,93,4,8,11,19,12,26,2,0,1,0,2,516,36,80,0,5,3.0,Good Customer
1015,1028,2,32173.0,0,18,0,2,0,0,2,1,0,1,0,2,332,65,22,0,4,0.0,Ordinary customer
1016,1029,1,68316.0,54,806,80,161,120,11,33,5,0,1,1,3,602,59,1211,0,27,2.0,Ordinary customer
1017,1030,3,74538.0,21,380,98,733,110,112,28,1,0,0,1,2,365,52,1461,11,21,1.0,Best Customer
1018,1031,3,91700.0,58,576,172,961,125,115,19,1,0,0,0,1,528,52,1968,6,19,2.0,Ordinary customer
1019,1032,3,68695.0,3,458,81,356,106,50,40,1,0,0,1,2,4,54,1091,0,15,2.0,Ordinary customer
1020,1033,1,31056.0,99,5,10,13,3,8,16,1,0,1,1,3,523,46,55,0,4,0.0,Ordinary customer
1021,1034,3,79593.0,70,350,60,568,110,133,145,1,0,0,1,2,48,50,1366,5,18,1.0,Best Customer
1022,1035,3,28071.0,65,39,33,130,41,26,44,2,0,0,0,1,669,43,313,0,11,3.0,Good Customer
1023,1036,2,37334.0,44,26,1,16,2,2,15,4,0,2,1,4,123,65,62,0,7,3.0,Good Customer
1024,1037,2,46423.0,6,68,0,16,0,0,8,3,0,2,0,3,284,51,92,0,6,1.0,Best Customer
1025,1038,2,37126.0,9,45,3,9,4,4,7,1,0,1,1,3,91,52,72,9,5,0.0,Ordinary customer
1026,1039,3,47703.0,95,359,0,134,13,26,123,4,0,1,1,3,396,70,655,0,17,1.0,Best Customer
1027,1040,3,61180.0,70,403,24,29,6,24,218,2,0,1,1,3,67,64,704,3,16,2.0,Ordinary customer
1028,1041,3,38998.0,92,34,1,14,0,0,5,3,1,2,1,4,603,69,54,0,5,0.0,Ordinary customer
1029,1042,3,8028.0,62,73,18,66,7,12,2,15,0,0,0,1,649,32,178,0,1,1.0,Best Customer
1030,1043,3,76081.0,85,292,30,415,63,33,200,1,0,0,1,2,37,61,1033,1,13,0.0,Ordinary customer
1031,1044,3,34728.0,2,14,0,16,0,0,6,1,0,1,1,3,334,37,36,6,4,2.0,Ordinary customer
1032,1045,2,33168.0,0,80,1,37,0,1,3,3,0,1,0,2,624,58,122,0,7,1.0,Best Customer
1033,1046,2,33585.0,91,30,11,33,13,6,29,1,0,1,1,3,277,57,122,0,6,1.0,Best Customer
1034,1047,2,77037.0,3,463,96,333,168,53,10,1,0,1,1,3,259,63,1123,0,26,3.0,Good Customer
1035,1048,3,35196.0,68,75,12,141,43,39,187,6,0,1,1,3,593,39,497,6,12,3.0,Good Customer
1036,1049,3,44529.0,98,538,13,91,17,6,26,6,0,1,1,3,359,57,691,4,19,1.0,Best Customer
1037,1050,1,70924.0,41,635,114,254,132,152,76,1,0,0,1,2,83,58,1363,5,19,0.0,Ordinary customer
1038,1051,2,28764.0,16,8,0,3,0,0,1,1,0,2,1,4,24,57,12,3,3,0.0,Ordinary customer
1039,1052,2,69098.0,82,1315,22,780,145,0,178,1,0,0,1,2,498,74,2440,0,24,0.0,Ordinary customer
1040,1053,1,25959.0,1,4,2,12,7,5,26,2,0,2,0,3,500,53,56,6,5,1.0,Best Customer
1041,1054,2,27100.0,64,12,0,13,2,0,10,1,0,1,1,3,450,40,37,0,4,3.0,Good Customer
1042,1055,3,70596.0,68,347,44,534,17,0,26,1,0,0,0,1,632,38,968,0,20,2.0,Ordinary customer
1043,1056,3,42557.0,98,192,5,53,0,5,15,4,0,1,1,3,669,49,270,0,11,1.0,Best Customer
1044,1057,2,53312.0,32,241,0,12,0,0,25,1,0,0,1,2,324,72,278,0,11,0.0,Ordinary customer
1045,1058,3,72228.0,87,631,28,491,30,14,56,1,0,0,0,1,579,71,1250,0,21,3.0,Good Customer
1046,1059,3,67605.0,84,336,28,282,184,54,54,1,0,0,1,2,455,36,938,0,16,3.0,Good Customer
1047,1060,2,62845.0,3,1099,0,45,0,0,34,11,0,2,1,4,636,74,1178,4,17,0.0,Ordinary customer
1048,1061,3,65196.0,34,743,19,181,12,0,200,2,0,2,1,4,339,65,1155,3,24,2.0,Ordinary customer
1049,1062,2,42000.0,23,124,83,267,85,59,35,2,0,0,0,1,535,36,653,6,18,1.0,Best Customer
1050,1063,2,35860.0,37,15,0,8,4,2,20,2,0,2,0,3,41,50,49,3,4,1.0,Best Customer
1051,1064,2,65526.0,22,397,19,69,12,0,9,1,0,1,1,3,79,59,506,0,16,0.0,Ordinary customer
1052,1065,3,16860.0,19,10,4,4,3,3,14,3,0,2,1,4,655,62,38,0,5,2.0,Ordinary customer
1053,1066,3,83528.0,7,530,117,678,134,44,147,1,0,0,0,1,59,31,1650,10,22,0.0,Ordinary customer
1054,1067,1,64176.0,52,1215,33,249,64,116,149,8,0,1,0,2,695,58,1826,0,25,1.0,Best Customer
1055,1068,3,22304.0,91,3,2,7,0,4,2,1,0,0,0,1,694,67,18,0,3,3.0,Good Customer
1056,1069,3,67023.0,93,444,44,382,11,8,17,1,1,0,1,2,117,45,906,0,23,1.0,Best Customer
1057,1070,2,32892.0,78,26,0,15,2,1,2,2,0,1,1,3,35,52,46,0,6,0.0,Ordinary customer
1058,1071,3,70713.0,23,736,114,279,82,76,190,6,0,1,1,3,573,57,1477,0,19,1.0,Best Customer
1059,1072,3,59925.0,83,473,21,176,19,21,56,3,0,1,1,3,576,68,766,0,20,3.0,Good Customer
1060,1073,3,39722.0,92,32,0,5,2,0,8,2,0,1,1,3,125,70,47,0,5,0.0,Ordinary customer
1061,1074,3,46610.0,4,288,10,30,4,10,125,1,0,0,1,2,346,65,467,0,13,1.0,Best Customer
1062,1075,3,88347.0,32,1050,178,555,77,138,118,1,0,0,1,2,361,62,2116,1,20,0.0,Ordinary customer
1063,1076,2,87171.0,27,1001,44,107,58,44,44,1,0,0,1,2,424,42,1298,8,24,1.0,Best Customer
1064,1077,1,26907.0,10,9,1,7,0,3,2,2,0,2,1,4,313,47,22,0,4,1.0,Best Customer
1065,1078,2,50014.0,9,234,14,77,19,10,42,2,0,1,0,2,158,55,396,0,13,2.0,Ordinary customer
1066,1079,2,41014.0,65,7,2,6,2,0,3,1,0,1,1,3,433,45,20,0,3,1.0,Best Customer
1067,1080,3,66294.0,68,251,108,334,65,92,117,1,0,0,0,1,104,58,967,0,12,0.0,Ordinary customer
1068,1081,3,36715.0,16,172,10,125,21,13,16,6,0,1,1,3,589,52,357,6,13,0.0,Ordinary customer
1069,1082,3,79456.0,12,565,42,548,64,83,99,1,0,0,1,2,676,67,1401,6,15,2.0,Ordinary customer
1070,1083,3,40479.0,95,5,0,8,2,0,0,1,0,1,1,3,316,41,15,0,3,3.0,Good Customer
1071,1084,2,75345.0,16,918,57,842,99,38,133,1,0,0,0,1,512,53,2087,7,19,1.0,Best Customer
1072,1085,3,54233.0,46,652,8,158,21,0,142,4,0,1,1,3,510,46,981,0,22,0.0,Ordinary customer
1073,1086,3,24163.0,3,4,1,7,2,1,2,2,0,2,0,3,260,53,17,0,4,3.0,Good Customer
1074,1087,2,84460.0,80,152,27,103,106,54,81,0,0,0,1,2,541,65,523,18,22,1.0,Best Customer
1075,1088,3,43776.0,77,8,0,9,2,1,3,1,0,1,1,3,57,40,23,0,3,0.0,Ordinary customer
1076,1089,2,71691.0,0,336,130,411,240,32,43,1,0,0,0,1,104,65,1192,6,16,0.0,Ordinary customer
1077,1090,2,85844.0,62,938,19,843,25,95,38,1,0,0,1,2,31,50,1958,5,19,0.0,Ordinary customer
1078,1091,2,39190.0,91,68,8,18,19,8,12,2,0,1,0,2,64,49,133,0,7,0.0,Ordinary customer
1079,1092,3,71367.0,24,227,23,389,42,21,75,1,0,0,1,2,310,64,777,0,16,1.0,Best Customer
1080,1093,2,38578.0,2,38,4,22,3,3,3,3,0,2,0,3,372,51,73,0,6,0.0,Ordinary customer
1081,1094,2,57236.0,22,105,0,9,2,1,4,3,0,2,1,4,109,58,121,0,7,2.0,Ordinary customer
1082,1095,3,61825.0,56,162,50,100,55,30,27,1,0,1,0,2,326,44,424,0,14,3.0,Good Customer
1083,1096,3,79803.0,54,574,8,216,21,16,33,1,0,1,0,2,27,65,868,0,12,0.0,Ordinary customer
1084,1097,1,80910.0,71,160,80,369,67,39,41,1,0,0,0,1,606,37,756,0,14,1.0,Best Customer
1085,1098,2,27590.0,38,6,0,5,0,0,1,1,0,1,1,3,432,41,12,0,3,1.0,Best Customer
1086,1099,3,56775.0,62,614,35,160,58,35,35,2,0,1,1,3,543,44,937,0,23,0.0,Ordinary customer
1087,1100,3,83829.0,78,897,161,430,186,161,27,0,0,0,0,1,264,48,1862,15,17,1.0,Best Customer
1088,1101,1,54210.0,18,70,54,109,80,9,45,2,0,1,1,3,405,44,367,0,12,2.0,Ordinary customer
1089,1102,3,38508.0,95,120,19,206,25,19,54,6,0,1,1,3,331,37,443,0,14,3.0,Good Customer
1090,1103,3,53187.0,66,211,2,30,7,7,10,2,0,1,1,3,246,53,267,0,11,2.0,Ordinary customer
1091,1104,3,30023.0,28,11,0,16,7,6,21,1,0,1,1,3,97,51,61,0,5,2.0,Ordinary customer
1092,1105,2,76045.0,78,760,53,400,17,93,0,1,0,0,0,1,226,63,1323,1,20,2.0,Ordinary customer
1093,1106,2,50870.0,13,53,0,8,0,0,2,1,0,1,1,3,10,71,63,0,5,3.0,Good Customer
1094,1107,1,15315.0,27,7,4,13,15,8,17,2,0,0,1,2,330,53,64,0,6,3.0,Good Customer
1095,1108,1,65463.0,17,391,32,70,21,32,16,2,0,1,1,3,150,49,562,4,17,0.0,Ordinary customer
1096,1109,3,66480.0,71,199,9,57,20,21,6,7,0,2,1,4,29,58,312,0,12,0.0,Ordinary customer
1097,1110,3,76773.0,79,516,56,449,86,33,16,1,0,0,0,1,489,69,1156,0,15,2.0,Ordinary customer
1098,1111,1,81698.0,1,709,45,115,30,160,45,1,0,0,0,1,485,40,1104,7,15,0.0,Ordinary customer
1099,1112,2,54466.0,78,12,0,4,0,0,0,1,0,2,0,3,140,50,16,0,3,3.0,Good Customer
1100,1113,2,98777.0,23,1000,19,711,125,115,38,0,0,0,0,1,132,63,2008,4,19,3.0,Good Customer
1101,1114,2,16269.0,75,19,3,18,3,1,0,3,0,1,0,2,303,39,44,0,6,0.0,Ordinary customer
1102,1115,3,71819.0,70,1224,28,140,0,14,168,3,0,1,1,3,305,52,1574,9,11,2.0,Ordinary customer
1103,1116,2,33569.0,10,16,2,18,3,0,24,1,0,1,1,3,256,40,63,9,4,1.0,Best Customer
1104,1117,2,36262.0,24,88,39,54,64,28,153,1,0,0,1,2,282,40,426,9,11,3.0,Good Customer
1105,1118,1,22634.0,47,2,23,11,8,6,46,1,0,0,1,2,529,57,96,0,5,0.0,Ordinary customer
1106,1119,1,47025.0,98,508,11,59,23,5,29,5,0,1,1,3,290,45,635,0,18,0.0,Ordinary customer
1107,1120,3,70566.0,4,381,28,215,84,28,21,2,0,1,0,2,266,55,757,0,20,1.0,Best Customer
1108,1121,2,31605.0,15,74,0,42,2,1,6,2,0,1,1,3,584,44,125,0,7,1.0,Best Customer
1109,1122,2,52034.0,67,146,0,93,7,13,73,5,0,2,0,3,408,50,332,0,11,0.0,Ordinary customer
1110,1123,3,48526.0,32,23,17,23,43,20,9,1,0,1,0,2,187,44,135,0,7,0.0,Ordinary customer
1111,1124,3,46734.0,40,110,5,137,26,23,29,2,0,1,1,3,588,69,330,0,12,1.0,Best Customer
1112,1125,3,39552.0,54,165,3,147,4,24,41,7,0,2,0,3,558,61,384,6,13,2.0,Ordinary customer
1113,1126,3,86358.0,78,957,47,494,82,47,95,4,0,2,0,3,690,57,1722,0,14,0.0,Ordinary customer
1114,1127,3,46931.0,94,41,0,17,3,1,16,2,0,3,1,5,66,46,78,0,5,3.0,Good Customer
1115,1128,1,16581.0,51,1,3,4,2,3,11,1,0,0,0,1,533,38,24,0,3,0.0,Ordinary customer
1116,1129,1,63998.0,42,176,29,818,0,33,112,1,0,0,0,1,191,71,1168,6,24,2.0,Ordinary customer
1117,1130,2,67381.0,67,815,8,53,11,0,70,4,0,1,1,3,530,72,957,4,13,2.0,Ordinary customer
1118,1131,3,25930.0,87,6,1,2,2,0,4,1,0,2,0,3,262,56,15,0,3,1.0,Best Customer
1119,1132,3,42693.0,29,8,4,20,6,3,16,1,0,1,1,3,22,45,57,0,4,0.0,Ordinary customer
1120,1133,3,85606.0,89,717,42,864,219,30,84,2,0,1,1,3,594,47,1956,1,22,0.0,Ordinary customer
1121,1134,3,72903.0,74,1067,138,750,0,19,39,1,0,0,0,1,243,38,2013,16,20,3.0,Good Customer
1122,1135,1,49669.0,97,166,5,107,11,8,29,2,0,1,1,3,36,49,326,0,12,0.0,Ordinary customer
1123,1136,2,36778.0,63,29,4,34,2,4,4,3,0,2,1,4,693,55,77,0,6,2.0,Ordinary customer
1124,1137,2,85696.0,88,714,76,395,116,0,12,1,0,0,0,1,422,61,1313,6,19,1.0,Best Customer
1125,1138,2,10979.0,34,8,4,10,2,2,4,2,0,0,0,1,38,34,30,0,6,1.0,Best Customer
1126,1139,3,49678.0,81,229,5,56,3,2,20,2,0,1,1,3,512,62,315,0,12,0.0,Ordinary customer
1127,1140,2,56129.0,65,320,48,133,39,72,48,4,0,1,1,3,374,70,660,0,18,1.0,Best Customer
1128,1141,3,37155.0,51,23,0,26,7,15,3,1,0,1,1,3,514,34,74,0,6,0.0,Ordinary customer
1129,1142,1,21282.0,76,1,5,8,4,8,20,2,0,1,0,2,49,45,46,0,5,0.0,Ordinary customer
1130,1143,2,33419.0,76,56,0,12,0,0,18,2,0,1,0,2,316,61,86,0,6,3.0,Good Customer
1131,1144,3,63285.0,84,508,124,249,50,38,134,1,0,0,0,1,236,78,1103,0,24,1.0,Best Customer
1132,1145,2,21255.0,56,29,0,25,2,2,3,4,0,1,1,3,159,49,61,0,7,1.0,Best Customer
1133,1146,3,42162.0,31,46,7,59,2,4,27,2,0,1,1,3,222,42,145,9,7,3.0,Good Customer
1134,1147,3,54450.0,0,454,0,171,8,19,32,12,0,2,1,4,653,67,684,0,19,0.0,Ordinary customer
1135,1148,2,57744.0,91,350,3,39,0,0,19,2,0,1,1,3,229,69,411,0,14,3.0,Good Customer
1136,1149,3,26576.0,40,10,0,8,0,0,9,1,0,1,0,2,624,37,27,9,3,3.0,Good Customer
1137,1150,2,57513.0,59,735,40,183,52,20,30,2,0,0,0,1,358,80,1060,0,25,1.0,Best Customer
1138,1151,3,68142.0,96,897,126,196,91,112,37,3,0,1,1,3,669,59,1459,0,21,0.0,Ordinary customer
1139,1152,3,7500.0,61,5,2,3,3,0,5,1,0,1,1,3,669,44,18,0,3,3.0,Good Customer
1140,1153,3,83145.0,14,777,35,731,39,137,114,1,0,0,1,2,645,49,1833,11,25,0.0,Ordinary customer
1141,1154,2,54197.0,16,162,6,37,6,13,13,2,0,1,1,3,87,63,237,0,10,0.0,Ordinary customer
1142,1155,2,23091.0,98,35,0,11,0,0,2,4,0,2,0,3,32,60,48,0,6,1.0,Best Customer
1143,1156,3,46049.0,11,342,9,112,19,14,19,10,0,2,1,4,343,47,515,6,16,1.0,Best Customer
1144,1157,3,56715.0,52,258,105,239,237,172,9,1,0,0,1,2,571,49,1020,0,14,2.0,Ordinary customer
1145,1158,3,79410.0,19,658,80,483,123,13,13,1,0,0,1,2,31,62,1370,0,10,2.0,Ordinary customer
1146,1159,3,57304.0,61,356,80,329,138,17,106,2,0,1,1,3,475,72,1026,0,23,1.0,Best Customer
1147,1160,3,44375.0,73,213,5,28,7,7,41,1,0,1,1,3,98,58,301,0,11,0.0,Ordinary customer
1148,1161,3,54450.0,0,454,0,171,8,19,32,12,0,2,1,4,653,67,684,0,19,0.0,Ordinary customer
1149,1162,3,59594.0,74,457,4,29,0,0,9,1,0,1,1,3,617,58,499,4,16,0.0,Ordinary customer
1150,1163,3,80685.0,55,241,45,604,34,26,54,1,0,0,1,2,676,29,1004,0,20,0.0,Ordinary customer
1151,1164,2,40344.0,48,210,0,6,0,0,2,2,0,1,1,3,259,49,218,0,10,3.0,Good Customer
1152,1165,3,62710.0,53,441,35,83,7,29,11,4,0,1,1,3,402,51,606,0,18,0.0,Ordinary customer
1153,1166,1,48985.0,13,19,13,18,10,7,8,1,0,1,1,3,359,55,75,0,5,1.0,Best Customer
1154,1167,3,35322.0,34,28,9,37,12,7,13,3,0,3,1,5,676,55,106,0,6,3.0,Good Customer
1155,1168,3,77142.0,54,476,75,162,29,151,97,1,0,0,1,2,396,75,990,0,16,0.0,Ordinary customer
1156,1169,3,81657.0,69,364,40,425,158,60,50,1,0,0,0,1,158,54,1097,0,15,3.0,Good Customer
1157,1170,1,14421.0,81,0,0,2,3,3,8,1,0,0,1,2,132,27,16,3,3,0.0,Ordinary customer
1158,1171,1,20130.0,99,0,6,3,7,6,12,1,0,0,1,2,104,49,34,0,4,2.0,Ordinary customer
1159,1172,2,74214.0,3,863,83,547,86,99,33,1,0,0,1,2,672,33,1711,0,15,2.0,Ordinary customer
1160,1173,2,66726.0,61,349,7,35,0,0,47,3,0,2,1,4,168,66,438,4,14,0.0,Ordinary customer
1161,1174,1,23724.0,65,5,23,15,0,18,14,2,0,1,1,3,537,44,75,0,5,3.0,Good Customer
1162,1175,2,47353.0,93,184,2,19,8,8,4,3,0,1,1,3,228,63,225,0,10,0.0,Ordinary customer
1163,1176,2,33444.0,24,8,0,8,0,0,2,1,0,2,1,4,603,71,18,0,3,0.0,Ordinary customer
1164,1177,3,54386.0,8,277,21,64,62,21,25,2,0,1,1,3,408,42,470,0,15,1.0,Best Customer
1165,1178,3,28510.0,72,44,5,19,0,4,19,3,0,2,0,3,442,42,91,0,6,3.0,Good Customer
1166,1179,2,90638.0,29,1156,120,915,94,144,96,1,0,0,0,1,136,32,2525,5,17,2.0,Ordinary customer
1167,1180,3,48070.0,33,373,14,83,6,9,19,3,1,1,1,3,532,73,504,0,16,2.0,Ordinary customer
1168,1181,3,43140.0,68,134,8,76,6,0,11,1,0,1,1,3,540,66,235,0,10,0.0,Ordinary customer
1169,1182,2,54959.0,55,1148,0,60,0,0,24,3,0,1,0,2,526,62,1232,10,18,3.0,Good Customer
1170,1183,1,15056.0,76,6,12,3,21,6,40,5,0,2,0,3,422,65,88,0,7,0.0,Ordinary customer
1171,1184,3,26954.0,17,4,1,11,0,0,1,1,0,1,0,2,52,52,17,0,3,3.0,Good Customer
1172,1185,3,22327.0,94,5,4,8,2,0,5,1,0,1,0,2,331,38,24,0,4,1.0,Best Customer
1173,1186,3,44393.0,86,24,2,20,2,2,10,2,0,2,1,4,311,58,60,0,5,1.0,Best Customer
1174,1187,2,62000.0,25,899,0,101,0,0,20,1,0,1,0,2,308,71,1020,1,25,0.0,Ordinary customer
1175,1188,2,31497.0,22,108,1,28,13,1,4,2,0,1,1,3,570,61,155,0,8,3.0,Good Customer
1176,1189,1,45894.0,15,27,2,7,0,2,13,1,0,2,1,4,122,49,51,0,4,0.0,Ordinary customer
1177,1190,2,78579.0,35,816,66,549,216,66,99,1,0,0,0,1,554,53,1812,6,15,2.0,Ordinary customer
1178,1191,2,67369.0,81,1298,0,70,37,14,42,4,0,1,0,2,589,54,1461,15,21,1.0,Best Customer
1179,1192,3,58401.0,55,10,0,11,17,29,29,1,0,1,0,2,70,63,96,0,5,3.0,Good Customer
1180,1193,3,62307.0,94,87,13,34,10,6,10,1,0,1,0,2,132,71,160,0,8,1.0,Best Customer
1181,1194,2,43641.0,50,57,2,51,4,2,23,3,0,2,1,4,433,54,139,0,7,2.0,Ordinary customer
1182,1195,2,63841.0,64,635,15,100,20,7,131,1,0,1,0,2,434,55,908,0,21,0.0,Ordinary customer
1183,1196,1,46891.0,91,43,12,23,29,15,61,1,0,1,1,3,301,58,183,0,7,0.0,Ordinary customer
1184,1197,2,70091.0,11,964,34,137,15,0,11,2,0,1,1,3,455,54,1161,4,17,0.0,Ordinary customer
1185,1198,2,78075.0,72,572,8,259,34,35,80,1,0,0,1,2,85,51,988,0,13,3.0,Good Customer
1186,1199,1,59184.0,6,341,142,113,259,151,66,3,0,1,0,2,658,62,1072,0,24,3.0,Good Customer
1187,1200,3,54809.0,0,63,6,57,13,13,22,4,0,2,1,4,291,46,174,0,8,1.0,Best Customer
1188,1201,3,58113.0,66,221,104,169,102,78,84,3,1,1,1,3,520,64,758,0,19,0.0,Ordinary customer
1189,1202,2,51412.0,42,140,3,29,4,5,14,2,0,1,1,3,180,65,195,0,9,0.0,Ordinary customer
1190,1203,3,15287.0,60,1,2,8,4,3,13,2,0,1,0,2,627,44,31,9,4,2.0,Ordinary customer
1191,1204,2,66636.0,64,291,10,689,84,10,0,1,0,0,1,2,316,66,1084,0,16,0.0,Ordinary customer
1192,1205,2,50965.0,87,544,13,85,8,6,29,3,0,1,1,3,494,67,685,3,19,1.0,Best Customer
1193,1206,2,84618.0,96,684,100,801,21,66,0,1,0,0,1,2,219,58,1672,5,25,2.0,Ordinary customer
1194,1207,3,18351.0,1,1,12,9,0,14,7,1,0,0,1,2,243,33,43,0,5,2.0,Ordinary customer
1195,1208,2,40451.0,54,35,0,4,0,0,10,1,0,2,1,4,133,66,49,3,4,0.0,Ordinary customer
1196,1209,3,36317.0,53,87,3,25,3,2,13,2,0,1,1,3,403,58,133,0,7,1.0,Best Customer
1197,1210,3,42213.0,96,309,3,24,4,3,20,2,0,1,1,3,260,66,363,4,13,0.0,Ordinary customer
1198,1211,3,65748.0,58,172,73,93,95,78,34,2,1,1,1,3,440,68,545,0,16,0.0,Ordinary customer
1199,1212,3,77044.0,12,625,38,242,50,34,76,2,0,1,1,3,245,51,1065,3,29,3.0,Good Customer
1200,1213,3,74918.0,78,972,59,913,25,19,59,1,0,0,1,2,474,54,2047,5,20,1.0,Best Customer
1201,1214,3,56721.0,64,157,6,39,6,13,75,5,0,2,1,4,606,51,296,0,10,2.0,Ordinary customer
1202,1215,3,42160.0,26,48,9,45,3,15,20,4,0,2,0,3,366,48,140,6,7,0.0,Ordinary customer
1203,1216,3,61559.0,8,279,83,88,32,14,34,1,0,1,0,2,347,58,530,0,16,0.0,Ordinary customer
1204,1217,2,33629.0,49,132,0,16,0,0,4,5,0,2,1,4,690,60,152,0,8,0.0,Ordinary customer
1205,1218,2,68682.0,56,919,0,505,99,30,45,1,0,0,1,2,266,32,1598,0,23,0.0,Ordinary customer
1206,1219,3,34377.0,55,62,0,22,3,1,26,2,0,1,0,2,526,60,114,0,6,2.0,Ordinary customer
1207,1220,1,8940.0,25,1,45,3,4,6,42,3,0,1,0,2,676,37,101,0,7,0.0,Ordinary customer
1208,1221,3,26228.0,50,2,6,4,3,1,9,1,0,1,1,3,280,50,25,0,3,0.0,Ordinary customer
1209,1222,1,77297.0,84,408,61,109,48,122,41,1,0,0,0,1,519,66,789,1,21,3.0,Good Customer
1210,1223,3,40211.0,30,51,1,7,2,1,25,2,0,2,1,4,334,42,87,3,5,0.0,Ordinary customer
1211,1224,2,33438.0,81,62,1,16,3,2,6,4,0,2,0,3,280,65,90,0,7,1.0,Best Customer
1212,1225,2,75032.0,74,952,12,180,47,12,12,2,0,1,1,3,427,64,1215,0,18,0.0,Ordinary customer
1213,1226,2,61284.0,76,618,15,106,20,7,45,1,0,0,0,1,260,68,811,4,21,0.0,Ordinary customer
1214,1227,3,22518.0,36,11,7,12,2,2,27,2,0,1,1,3,615,37,61,9,5,2.0,Ordinary customer
1215,1228,2,54730.0,64,318,3,17,4,7,56,5,0,1,1,3,318,48,405,0,13,0.0,Ordinary customer
1216,1229,2,38452.0,62,56,0,14,0,0,2,3,0,2,1,4,91,68,72,0,6,1.0,Best Customer
1217,1230,3,44421.0,53,110,5,59,7,1,7,5,0,2,0,3,499,52,189,0,9,1.0,Best Customer
1218,1231,2,38197.0,86,23,0,11,2,1,3,1,0,1,1,3,365,37,40,0,4,0.0,Ordinary customer
1219,1232,3,41986.0,15,27,5,8,8,3,12,3,0,1,0,2,140,45,63,0,7,2.0,Ordinary customer
1220,1233,3,28427.0,67,18,3,19,3,3,6,2,0,1,1,3,465,40,52,0,5,2.0,Ordinary customer
1221,1234,2,37395.0,47,18,0,9,0,1,11,1,0,1,1,3,58,47,39,0,4,0.0,Ordinary customer
1222,1235,3,64722.0,47,303,0,280,60,147,15,4,0,1,1,3,34,52,805,0,21,0.0,Ordinary customer
1223,1236,2,55249.0,81,97,1,19,2,0,11,1,0,1,1,3,73,67,130,0,7,3.0,Good Customer
1224,1237,3,84906.0,98,997,15,414,99,30,76,1,0,0,1,2,268,51,1631,11,23,1.0,Best Customer
1225,1238,3,28691.0,56,5,4,13,8,0,4,1,0,1,1,3,360,34,34,0,4,3.0,Good Customer
1226,1239,3,44213.0,48,95,11,35,0,4,7,4,0,2,0,3,212,71,152,0,8,1.0,Best Customer
1227,1240,1,25707.0,18,1,6,2,3,6,3,1,0,1,0,2,162,39,21,0,4,1.0,Best Customer
1228,1241,2,59062.0,74,46,1,12,3,0,9,2,0,3,1,5,269,56,71,0,5,3.0,Good Customer
1229,1242,3,76624.0,68,411,106,147,54,115,66,1,0,1,0,2,36,61,899,3,22,3.0,Good Customer
1230,1243,2,66000.0,36,244,51,270,101,0,45,1,0,0,1,2,70,76,711,0,9,3.0,Good Customer
1231,1244,2,27683.0,90,152,9,121,12,12,45,4,0,1,1,3,694,45,351,0,12,1.0,Best Customer
1232,1245,3,1730.0,65,1,1,3,1,1,1,15,0,0,0,1,42,52,8,0,0,0.0,Ordinary customer
1233,1246,1,7500.0,63,10,17,18,8,26,40,4,0,1,0,2,573,31,119,0,7,1.0,Best Customer
1234,1247,3,40521.0,82,12,0,5,0,0,4,1,0,2,1,4,450,55,21,0,3,0.0,Ordinary customer
1235,1248,2,20427.0,63,5,0,4,0,0,1,1,0,1,1,3,97,50,10,0,3,1.0,Best Customer
1236,1249,3,65106.0,55,790,19,133,12,0,19,3,0,1,1,3,36,48,973,4,24,1.0,Best Customer
1237,1250,2,69969.0,64,882,29,514,38,29,44,1,0,0,1,2,306,58,1536,12,12,0.0,Ordinary customer
1238,1251,3,67433.0,51,615,28,259,12,48,30,4,0,2,1,4,348,71,992,4,24,0.0,Ordinary customer
1239,1252,2,77766.0,97,1004,59,265,115,59,27,2,0,1,1,3,492,56,1529,9,32,1.0,Best Customer
1240,1253,3,74716.0,92,133,27,421,13,195,71,2,0,1,1,3,290,51,860,0,15,3.0,Good Customer
1241,1254,3,68118.0,51,595,23,123,10,23,154,2,0,1,0,2,254,60,928,0,21,0.0,Ordinary customer
1242,1255,2,55158.0,72,293,0,87,4,11,23,4,0,2,1,4,699,53,418,6,14,0.0,Ordinary customer
1243,1256,1,62972.0,39,313,15,47,20,0,192,2,0,1,1,3,695,68,587,6,14,1.0,Best Customer
1244,1257,3,74190.0,49,151,81,86,168,91,64,2,0,1,1,3,48,48,641,0,17,3.0,Good Customer
1245,1258,3,39356.0,21,15,0,2,0,0,6,1,0,2,1,4,102,47,23,3,3,3.0,Good Customer
1246,1259,3,76653.0,91,736,63,946,219,189,126,1,0,0,1,2,317,54,2279,6,22,2.0,Ordinary customer
1247,1260,2,35860.0,37,15,0,8,4,2,20,2,0,2,0,3,41,50,49,3,4,3.0,Good Customer
1248,1261,2,90687.0,98,982,17,672,23,34,51,1,0,0,0,1,403,40,1779,11,16,2.0,Ordinary customer
1249,1262,2,73450.0,85,1142,51,415,90,69,37,1,0,0,1,2,206,41,1804,4,26,3.0,Good Customer
1250,1263,3,31454.0,40,28,0,11,0,0,9,3,0,2,1,4,358,63,48,0,5,0.0,Ordinary customer
1251,1264,3,47139.0,2,46,0,12,0,2,23,2,0,2,0,3,115,71,83,6,5,0.0,Ordinary customer
1252,1265,3,83829.0,78,897,161,430,186,161,27,0,0,0,0,1,264,48,1862,15,17,1.0,Best Customer
1253,1266,2,53378.0,41,489,6,152,8,6,132,10,0,2,1,4,643,60,793,6,19,0.0,Ordinary customer
1254,1267,3,19656.0,94,25,4,9,6,8,32,3,0,1,1,3,506,53,84,0,6,1.0,Best Customer
1255,1268,2,45579.0,10,145,1,33,2,1,1,1,0,1,1,3,313,75,183,0,9,1.0,Best Customer
1256,1269,1,85485.0,73,630,26,611,44,18,54,1,0,0,0,1,8,65,1383,0,18,0.0,Ordinary customer
1257,1270,3,55956.0,22,760,38,104,50,9,38,2,0,0,1,2,83,79,999,4,14,3.0,Good Customer
1258,1271,2,64191.0,30,420,15,186,151,38,15,3,0,1,0,2,523,60,825,0,21,3.0,Good Customer
1259,1272,3,38808.0,21,125,17,52,3,19,30,4,0,1,0,2,672,51,246,9,10,2.0,Ordinary customer
1260,1273,2,57183.0,51,464,5,64,7,0,70,8,0,2,1,4,467,57,610,0,17,3.0,Good Customer
1261,1274,2,23748.0,97,6,6,29,12,15,8,3,0,1,0,2,585,55,76,0,6,0.0,Ordinary customer
1262,1275,3,66303.0,56,1090,12,96,16,12,60,4,0,1,1,3,488,52,1286,4,18,1.0,Best Customer
1263,1276,2,37368.0,4,3,2,11,2,2,10,1,0,1,1,3,195,48,30,3,3,1.0,Best Customer
1264,1277,3,40800.0,77,24,0,27,8,30,10,2,1,3,1,5,544,59,99,0,6,2.0,Ordinary customer
1265,1278,3,71847.0,95,737,21,106,55,63,210,0,0,0,0,1,646,45,1192,1,22,2.0,Ordinary customer
1266,1279,3,46149.0,36,254,6,71,4,0,27,5,0,1,1,3,212,48,362,0,13,0.0,Ordinary customer
1267,1280,3,78687.0,13,817,185,687,145,55,241,1,0,0,1,2,689,40,2130,11,18,0.0,Ordinary customer
1268,1281,1,49118.0,90,620,54,239,99,98,119,2,0,0,0,1,680,52,1229,12,26,0.0,Ordinary customer
1269,1282,2,37633.0,49,13,4,20,0,0,1,2,0,2,1,4,647,66,38,0,4,0.0,Ordinary customer
1270,1283,2,39767.0,18,113,61,204,34,26,47,2,0,0,1,2,343,72,485,0,15,0.0,Ordinary customer
1271,1284,1,26997.0,89,7,23,78,133,49,144,2,0,0,1,2,601,72,434,0,11,3.0,Good Customer
1272,1285,3,33986.0,43,16,2,18,2,1,5,1,0,1,0,2,472,53,44,0,4,1.0,Best Customer
1273,1286,2,57091.0,82,462,0,24,6,0,4,2,0,1,1,3,583,51,496,10,16,0.0,Ordinary customer
1274,1287,1,46831.0,84,22,2,10,6,4,34,2,0,2,1,4,386,54,78,0,5,0.0,Ordinary customer
1275,1288,2,83151.0,80,968,147,842,137,42,210,1,0,0,1,2,504,51,2346,15,22,1.0,Best Customer
1276,1289,3,52531.0,68,283,112,151,51,72,125,2,0,0,1,2,546,52,794,0,19,2.0,Ordinary customer
1277,1290,3,15759.0,12,1,2,5,6,0,3,1,0,0,1,2,297,67,17,0,3,0.0,Ordinary customer
1278,1291,3,22804.0,75,14,1,7,2,1,1,1,0,1,0,2,333,52,26,0,4,1.0,Best Customer
1279,1292,1,43050.0,10,30,5,24,6,3,8,2,0,1,1,3,103,50,76,0,6,3.0,Good Customer
1280,1293,2,42997.0,91,4,0,5,0,1,5,1,0,2,0,3,204,46,15,0,3,0.0,Ordinary customer
1281,1294,2,48918.0,21,52,0,9,0,0,1,2,0,2,0,3,78,60,62,0,5,1.0,Best Customer
1282,1295,2,60033.0,28,62,1,57,19,11,48,2,0,1,1,3,92,69,198,0,8,1.0,Best Customer
1283,1296,2,34043.0,97,20,2,14,3,0,10,1,0,1,1,3,247,45,49,0,4,3.0,Good Customer
1284,1297,3,57811.0,49,545,7,114,37,21,78,5,0,1,1,3,370,57,802,4,20,3.0,Good Customer
1285,1298,3,78569.0,14,558,79,622,207,175,95,1,0,0,1,2,130,77,1736,11,14,1.0,Best Customer
1286,1299,3,7500.0,5,6,5,4,13,4,25,4,0,2,0,3,549,45,57,0,6,0.0,Ordinary customer
1287,1300,2,157733.0,37,39,1,9,2,0,8,0,0,1,1,3,390,52,59,0,2,1.0,Best Customer
1288,1301,3,94384.0,62,1111,24,790,160,45,172,0,0,0,1,2,482,70,2302,16,18,0.0,Ordinary customer
1289,1302,1,23148.0,83,4,6,8,6,3,10,1,0,0,1,2,131,38,37,0,5,0.0,Ordinary customer
1290,1303,3,44267.0,48,183,5,65,3,5,49,5,0,2,0,3,489,53,310,0,11,3.0,Good Customer
1291,1304,3,71626.0,94,546,72,376,94,145,72,1,0,0,1,2,605,44,1305,4,18,0.0,Ordinary customer
1292,1305,3,60894.0,61,606,7,155,10,0,54,5,0,1,1,3,366,57,832,0,21,0.0,Ordinary customer
1293,1306,3,50200.0,70,266,6,51,8,6,64,6,0,2,1,4,452,47,401,0,13,0.0,Ordinary customer
1294,1307,2,81051.0,43,1142,29,249,38,29,14,1,0,0,1,2,37,58,1501,9,22,1.0,Best Customer
1295,1308,3,65169.0,23,1074,0,69,0,0,46,1,0,0,1,2,166,41,1189,17,27,0.0,Ordinary customer
1296,1309,3,59868.0,37,771,51,154,54,10,154,7,0,1,1,3,342,51,1194,0,25,1.0,Best Customer
1297,1310,2,65695.0,50,371,32,189,0,58,6,2,0,1,1,3,149,63,656,0,19,3.0,Good Customer
1298,1311,2,64857.0,78,556,14,717,210,0,43,1,0,0,0,1,583,67,1540,0,22,0.0,Ordinary customer
1299,1312,2,45143.0,74,202,5,74,11,5,14,3,0,1,1,3,307,58,311,0,12,3.0,Good Customer
1300,1313,1,74805.0,14,209,162,209,41,162,37,5,0,1,1,3,235,68,820,0,21,2.0,Ordinary customer
1301,1314,1,59060.0,77,35,40,111,36,40,12,3,0,1,1,3,169,34,274,0,11,0.0,Ordinary customer
1302,1315,2,27238.0,39,37,0,17,0,0,3,3,0,2,0,3,435,61,57,0,6,2.0,Ordinary customer
1303,1316,3,47009.0,89,171,45,73,59,10,90,4,0,1,1,3,271,58,448,0,13,1.0,Best Customer
1304,1317,1,46094.0,62,12,2,20,3,2,5,1,0,2,1,4,19,50,44,0,4,0.0,Ordinary customer
1305,1318,3,40321.0,59,44,4,21,6,0,27,2,0,2,1,4,335,51,102,0,6,3.0,Good Customer
1306,1319,3,37235.0,68,20,2,9,4,6,20,1,0,1,1,3,148,39,61,0,4,1.0,Best Customer
1307,1320,2,81843.0,13,779,86,537,34,69,138,1,0,0,1,2,433,63,1643,0,26,1.0,Best Customer
1308,1321,2,46692.0,37,170,6,97,24,12,88,3,0,1,1,3,388,65,397,0,12,3.0,Good Customer
1309,1322,3,77382.0,36,491,48,231,112,105,134,2,0,1,1,3,173,55,1121,5,24,0.0,Ordinary customer
1310,1323,3,37774.0,28,173,8,107,7,2,176,4,1,2,0,3,664,46,473,9,12,1.0,Best Customer
1311,1324,1,18393.0,2,7,10,13,16,0,4,2,0,1,1,3,92,49,50,0,6,2.0,Ordinary customer
1312,1325,2,72828.0,17,1205,0,235,19,14,205,6,0,1,1,3,500,61,1678,0,22,2.0,Ordinary customer
1313,1326,3,24711.0,86,10,7,25,6,3,7,1,0,0,1,2,72,41,58,0,6,2.0,Ordinary customer
1314,1327,2,45503.0,54,97,4,44,6,1,18,1,0,1,1,3,277,48,170,0,8,0.0,Ordinary customer
1315,1328,2,6560.0,2,67,11,26,4,3,262,0,0,0,0,1,199,41,373,0,2,3.0,Good Customer
1316,1329,2,71604.0,3,345,53,528,98,75,97,1,0,0,1,2,224,78,1196,9,16,3.0,Good Customer
1317,1330,3,27244.0,84,6,5,17,3,24,46,2,0,1,1,3,114,44,101,0,6,2.0,Ordinary customer
1318,1331,3,48752.0,8,73,57,100,71,15,0,5,0,2,1,4,564,54,316,6,12,2.0,Ordinary customer
1319,1332,3,71434.0,4,711,36,217,172,96,168,3,0,1,1,3,284,61,1400,5,18,2.0,Ordinary customer
1320,1333,3,90842.0,57,774,70,118,182,187,93,1,0,0,0,1,335,75,1424,0,26,0.0,Ordinary customer
1321,1334,2,88097.0,24,163,0,480,0,126,75,1,0,1,1,3,680,45,844,16,19,2.0,Ordinary customer
1322,1335,3,51948.0,51,82,33,54,71,30,41,2,0,1,1,3,285,48,311,0,11,3.0,Good Customer
1323,1336,3,71853.0,29,358,108,413,141,97,32,1,0,0,1,2,417,41,1149,0,16,1.0,Best Customer
1324,1337,2,35876.0,13,66,2,40,4,3,14,1,0,0,1,2,70,40,129,0,7,1.0,Best Customer
1325,1338,3,40049.0,23,13,6,7,0,3,3,1,0,1,0,2,256,71,32,0,4,1.0,Best Customer
1326,1339,3,39660.0,36,139,13,78,20,13,36,3,0,1,0,2,690,41,299,6,11,0.0,Ordinary customer
1327,1340,3,50127.0,88,274,0,21,4,6,15,1,0,1,1,3,31,61,320,4,12,0.0,Ordinary customer
1328,1341,2,43263.0,2,262,6,61,0,10,102,3,0,1,1,3,585,46,441,0,13,1.0,Best Customer
1329,1342,2,62845.0,3,1099,0,45,0,0,34,11,0,2,1,4,636,74,1178,10,17,1.0,Best Customer
1330,1343,3,18929.0,15,32,0,8,23,4,18,1,0,0,1,2,498,33,85,0,5,0.0,Ordinary customer
1331,1344,1,24367.0,58,2,4,2,0,11,5,1,0,1,0,2,466,41,24,0,3,1.0,Best Customer
1332,1345,3,33249.0,11,6,10,21,19,14,42,2,0,1,0,2,494,48,112,0,6,1.0,Best Customer
1333,1346,1,26887.0,27,6,7,4,3,4,6,1,0,1,1,3,504,64,30,0,4,0.0,Ordinary customer
1334,1347,2,50150.0,32,135,46,92,65,61,11,2,0,0,1,2,374,40,410,0,14,3.0,Good Customer
1335,1348,3,62061.0,12,641,7,84,0,30,38,3,0,1,1,3,302,47,800,4,21,2.0,Ordinary customer
1336,1349,2,85696.0,88,714,76,395,116,0,12,1,0,0,0,1,422,61,1313,6,19,3.0,Good Customer
1337,1350,2,76542.0,91,794,73,573,0,29,14,1,0,0,1,2,456,67,1483,0,22,1.0,Best Customer
1338,1351,3,70515.0,12,420,0,452,182,64,140,1,0,0,0,1,251,30,1258,6,16,2.0,Ordinary customer
1339,1352,3,18227.0,21,1,2,7,4,3,11,1,0,1,1,3,598,36,28,0,3,1.0,Best Customer
1340,1353,3,69139.0,23,86,12,75,33,15,6,1,0,1,1,3,153,58,227,0,10,2.0,Ordinary customer
1341,1354,3,69109.0,10,823,25,459,124,29,95,1,0,0,1,2,597,41,1555,11,19,0.0,Ordinary customer
1342,1355,3,69627.0,35,231,161,215,171,30,53,2,0,1,0,2,469,61,861,0,21,2.0,Ordinary customer
1343,1356,3,38136.0,69,8,15,27,0,20,33,2,0,1,1,3,433,45,103,3,6,0.0,Ordinary customer
1344,1357,2,62159.0,68,182,17,259,77,70,29,1,0,0,0,1,62,77,634,0,18,2.0,Ordinary customer
1345,1358,3,80695.0,85,557,129,984,193,37,18,1,0,0,0,1,182,60,1918,0,18,0.0,Ordinary customer
1346,1359,2,33316.0,34,79,1,31,4,4,12,3,0,2,0,3,268,52,131,0,7,0.0,Ordinary customer
1347,1360,3,58554.0,55,368,24,68,38,0,88,6,0,2,1,4,641,55,586,0,16,3.0,Good Customer
1348,1361,1,17256.0,10,6,4,14,8,8,22,2,0,1,1,3,218,31,62,3,5,3.0,Good Customer
1349,1362,3,53034.0,30,160,15,196,15,11,50,8,0,2,0,3,395,49,447,0,14,2.0,Ordinary customer
1350,1363,1,52203.0,36,488,21,238,56,108,28,1,0,0,1,2,698,73,939,0,26,0.0,Ordinary customer
1351,1364,1,59601.0,14,691,7,69,0,7,23,4,0,1,0,2,339,46,797,4,11,2.0,Ordinary customer
1352,1365,2,75154.0,79,543,10,205,160,143,82,1,0,1,0,2,663,65,1143,6,15,0.0,Ordinary customer
1353,1366,3,47025.0,52,254,7,108,20,0,26,3,0,1,0,2,234,47,415,0,14,2.0,Ordinary customer
1354,1367,3,37971.0,97,5,4,10,2,2,7,1,0,1,1,3,216,50,30,0,4,0.0,Ordinary customer
1355,1368,2,41335.0,24,112,19,21,16,14,5,3,0,1,0,2,185,55,187,0,9,0.0,Ordinary customer
1356,1369,3,67267.0,0,134,11,59,15,2,30,1,0,1,1,3,47,65,251,0,10,1.0,Best Customer
1357,1370,3,57338.0,96,143,6,52,11,8,17,2,0,1,0,2,61,48,237,0,10,0.0,Ordinary customer
1358,1371,1,50523.0,89,51,4,24,4,7,1,2,0,2,1,4,186,63,91,0,6,0.0,Ordinary customer
1359,1372,2,35791.0,94,27,0,5,0,0,3,2,0,3,0,4,419,58,35,0,4,1.0,Best Customer
1360,1373,2,50611.0,98,459,0,24,6,0,4,6,0,1,0,2,633,63,493,4,16,0.0,Ordinary customer
1361,1374,2,56242.0,72,689,8,167,11,8,88,5,0,1,1,3,483,54,971,0,23,0.0,Ordinary customer
1362,1375,3,48904.0,1,283,10,38,0,13,27,4,0,1,0,2,574,63,371,0,13,0.0,Ordinary customer
1363,1376,3,56243.0,26,347,0,35,4,3,7,6,0,3,0,4,181,48,396,0,14,2.0,Ordinary customer
1364,1377,3,21355.0,5,5,13,14,0,5,31,2,0,1,1,3,313,38,68,9,5,0.0,Ordinary customer
1365,1378,2,57420.0,22,280,0,18,0,0,24,3,0,1,1,3,369,52,322,4,12,3.0,Good Customer
1366,1380,2,46390.0,56,95,14,64,2,9,38,1,0,1,0,2,55,68,222,0,9,2.0,Ordinary customer
1367,1381,1,54342.0,74,84,10,34,11,10,28,4,0,2,1,4,361,67,177,0,8,3.0,Good Customer
1368,1384,3,20895.0,24,18,3,17,3,0,4,1,0,1,1,3,631,50,45,0,5,3.0,Good Customer
1369,1385,3,92344.0,9,992,24,694,51,19,119,0,0,0,1,2,165,75,1899,8,20,0.0,Ordinary customer
1370,1387,1,26907.0,10,9,1,7,0,3,2,2,0,2,1,4,313,47,22,0,4,3.0,Good Customer
1371,1388,3,44964.0,35,19,1,17,2,0,2,1,0,2,1,4,560,43,41,0,4,0.0,Ordinary customer
1372,1389,3,75507.0,56,709,93,374,104,80,80,1,0,0,1,2,58,44,1440,0,20,0.0,Ordinary customer
1373,1390,2,53761.0,7,158,0,76,13,7,71,6,0,2,1,4,261,51,325,0,11,3.0,Good Customer
1374,1391,3,22682.0,51,10,14,29,4,2,36,3,0,1,1,3,269,50,95,0,7,3.0,Good Customer
1375,1392,2,38887.0,17,25,1,13,0,0,3,1,0,1,1,3,119,51,42,0,4,0.0,Ordinary customer
1376,1393,1,41658.0,30,8,4,12,15,4,29,2,0,2,0,3,597,48,72,0,4,3.0,Good Customer
1377,1394,2,29791.0,21,14,0,6,0,0,0,2,0,1,1,3,45,51,20,0,5,3.0,Good Customer
1378,1395,2,63915.0,2,622,7,115,30,0,15,2,0,2,1,4,334,67,789,0,21,0.0,Ordinary customer
1379,1396,3,39996.0,85,11,0,3,0,0,1,1,0,2,0,3,38,49,15,0,3,1.0,Best Customer
1380,1397,3,26759.0,65,25,3,16,8,5,2,2,0,1,0,2,142,51,59,0,6,2.0,Ordinary customer
1381,1398,2,63841.0,64,635,15,100,20,7,131,1,0,1,0,2,434,55,908,0,21,3.0,Good Customer
1382,1399,2,51039.0,11,100,64,79,65,0,109,2,0,2,1,4,566,54,417,0,12,2.0,Ordinary customer
1383,1400,3,60544.0,92,201,2,43,3,5,35,4,0,2,1,4,673,62,289,0,11,2.0,Ordinary customer
1384,1401,3,65685.0,54,642,14,49,0,7,57,1,0,1,1,3,92,51,769,0,20,0.0,Ordinary customer
1385,1402,3,37716.0,4,97,1,41,6,2,41,2,0,1,1,3,69,70,188,0,8,0.0,Ordinary customer
1386,1403,3,36864.0,53,204,5,39,17,0,89,3,0,1,0,2,685,66,354,6,11,0.0,Ordinary customer
1387,1404,2,44511.0,39,513,7,133,46,14,14,6,0,1,1,3,625,53,727,0,20,1.0,Best Customer
1388,1405,2,36947.0,49,88,3,21,4,1,29,4,0,2,1,4,691,56,146,0,7,3.0,Good Customer
1389,1406,2,47352.0,70,172,12,112,8,0,15,4,0,1,1,3,444,72,319,0,12,0.0,Ordinary customer
1390,1407,2,67087.0,40,329,35,222,130,35,43,2,0,1,1,3,194,70,794,0,20,2.0,Ordinary customer
1391,1408,3,57045.0,40,296,13,104,11,13,17,3,0,1,1,3,659,73,454,0,15,0.0,Ordinary customer
1392,1409,2,36957.0,43,100,2,16,2,1,31,4,0,2,0,3,661,70,152,6,7,0.0,Ordinary customer
1393,1410,2,69389.0,17,422,7,238,69,46,15,1,0,1,1,3,639,46,797,0,21,0.0,Ordinary customer
1394,1411,3,80134.0,40,1218,16,272,104,0,80,2,0,1,1,3,405,51,1690,16,14,0.0,Ordinary customer
1395,1412,2,43142.0,84,5,1,7,2,1,4,1,0,2,1,4,131,54,20,0,3,2.0,Ordinary customer
1396,1413,3,80589.0,25,507,93,520,242,40,26,1,0,0,1,2,158,79,1428,7,20,0.0,Ordinary customer
1397,1414,3,34412.0,62,52,12,50,4,36,55,3,0,1,0,2,501,33,209,0,8,2.0,Ordinary customer
1398,1415,3,57537.0,83,191,56,139,51,8,100,4,0,1,0,2,384,44,545,0,15,1.0,Best Customer
1399,1416,1,22634.0,47,2,23,11,8,6,46,1,0,0,1,2,529,57,96,0,5,0.0,Ordinary customer
1400,1417,3,51315.0,45,68,28,39,16,30,41,1,0,0,1,2,126,75,222,0,9,3.0,Good Customer
1401,1418,3,36026.0,34,20,4,10,6,4,17,2,0,3,1,5,105,51,61,0,5,0.0,Ordinary customer
1402,1419,3,24639.0,3,20,3,16,0,4,1,3,0,2,1,4,152,50,44,0,6,0.0,Ordinary customer
1403,1420,2,34578.0,1,7,0,1,0,0,0,1,0,3,1,5,79,51,8,0,3,2.0,Ordinary customer
1404,1421,1,65704.0,18,279,172,74,38,8,246,1,0,0,0,1,259,51,817,0,22,2.0,Ordinary customer
1405,1422,3,63810.0,45,977,12,253,16,12,101,4,0,1,0,2,595,57,1371,4,19,0.0,Ordinary customer
1406,1423,2,54132.0,81,30,1,8,0,0,3,1,0,1,1,3,133,54,42,0,4,0.0,Ordinary customer
1407,1424,3,18690.0,77,6,1,7,23,4,19,1,0,0,1,2,548,64,60,0,4,0.0,Ordinary customer
1408,1425,3,28164.0,23,3,18,26,11,8,12,3,0,1,1,3,421,53,78,0,6,0.0,Ordinary customer
1409,1426,2,34596.0,48,14,0,2,0,0,7,1,0,1,1,3,442,49,23,0,3,1.0,Best Customer
1410,1427,2,43269.0,61,10,1,7,0,0,1,1,0,1,1,3,286,51,19,0,3,1.0,Best Customer
1411,1428,1,38741.0,60,7,10,17,8,6,13,2,0,2,0,3,91,65,61,0,5,2.0,Ordinary customer
1412,1429,3,31907.0,75,33,87,64,175,16,74,1,0,0,0,1,482,51,449,0,13,1.0,Best Customer
1413,1430,2,27100.0,64,12,0,13,2,0,10,1,0,1,1,3,450,40,37,0,4,3.0,Good Customer
1414,1431,1,31163.0,54,2,3,10,11,2,10,1,0,1,0,2,136,50,38,0,4,1.0,Best Customer
1415,1432,3,92533.0,84,693,21,118,110,147,42,1,0,0,1,2,192,38,1131,6,22,3.0,Good Customer
1416,1433,3,34853.0,75,9,3,15,2,3,2,2,0,2,0,3,188,50,34,0,5,0.0,Ordinary customer
1417,1434,3,70844.0,16,129,26,67,3,67,2,5,0,2,0,3,242,56,294,0,12,1.0,Best Customer
1418,1435,1,31086.0,79,16,2,11,3,0,16,2,0,2,1,4,421,44,48,3,4,1.0,Best Customer
1419,1436,3,60544.0,92,201,2,43,3,5,35,4,0,2,1,4,673,62,289,0,11,2.0,Ordinary customer
1420,1437,1,20491.0,16,5,4,5,4,2,10,1,0,0,1,2,520,37,30,0,3,3.0,Good Customer
1421,1438,3,42523.0,96,14,36,11,3,26,35,1,0,0,1,2,67,59,125,0,6,1.0,Best Customer
1422,1439,3,39922.0,30,29,12,59,19,1,36,2,0,1,1,3,500,40,156,0,7,2.0,Ordinary customer
1423,1440,3,33402.0,60,26,2,19,10,5,8,3,0,2,1,4,346,71,70,0,6,0.0,Ordinary customer
1424,1441,2,36408.0,11,9,1,4,3,2,3,1,0,2,1,4,281,74,22,0,3,1.0,Best Customer
1425,1442,3,21645.0,75,14,0,23,4,5,19,3,0,1,1,3,664,44,65,6,6,3.0,Good Customer
1426,1443,2,78427.0,36,972,19,595,180,26,138,3,0,0,0,1,613,75,1930,7,20,3.0,Good Customer
1427,1444,3,82657.0,71,966,168,672,246,105,126,1,0,0,1,2,275,77,2283,5,22,3.0,Good Customer
1428,1445,3,51876.0,88,99,27,102,28,48,6,1,0,0,1,2,257,65,310,0,12,0.0,Ordinary customer
1429,1446,1,78041.0,93,482,35,553,72,160,17,1,0,0,1,2,560,52,1319,0,17,0.0,Ordinary customer
1430,1447,3,52852.0,93,714,8,99,11,0,47,4,0,1,1,3,575,66,879,3,22,0.0,Ordinary customer
1431,1448,2,70038.0,54,587,54,348,71,54,130,1,0,0,1,2,247,41,1244,0,16,3.0,Good Customer
1432,1449,1,69401.0,41,399,27,159,58,8,39,4,0,1,1,3,98,50,690,0,13,3.0,Good Customer
1433,1450,3,46053.0,46,56,10,92,19,7,25,3,0,1,1,3,497,51,209,0,9,1.0,Best Customer
1434,1451,3,77343.0,28,227,151,573,98,54,31,1,0,0,1,2,20,58,1134,0,16,0.0,Ordinary customer
1435,1452,3,73892.0,40,703,102,601,0,58,43,1,0,0,0,1,228,70,1507,6,22,3.0,Good Customer
1436,1453,2,40304.0,82,37,0,17,0,0,3,1,0,1,0,2,272,56,57,0,5,0.0,Ordinary customer
1437,1454,2,32727.0,38,167,13,180,86,13,70,2,0,0,1,2,670,58,529,0,15,0.0,Ordinary customer
1438,1455,3,68695.0,3,458,81,356,106,50,40,1,0,0,1,2,4,54,1091,0,15,2.0,Ordinary customer
1439,1456,3,43300.0,87,91,3,52,2,1,31,3,0,1,0,2,624,52,180,6,8,3.0,Good Customer
1440,1457,3,26290.0,49,15,8,16,11,5,22,4,0,2,1,4,533,51,77,0,6,3.0,Good Customer
1441,1458,3,93790.0,16,1302,68,731,89,114,45,0,0,0,0,1,137,53,2349,16,25,0.0,Ordinary customer
1442,1459,2,38410.0,65,153,64,123,116,64,14,2,0,0,1,2,653,49,534,6,16,1.0,Best Customer
1443,1460,2,64866.0,9,508,5,21,7,5,10,4,0,1,0,2,154,73,556,4,17,0.0,Ordinary customer
1444,1461,3,57957.0,24,290,59,177,77,5,29,7,1,1,1,3,314,64,637,0,18,2.0,Ordinary customer
1445,1462,2,46015.0,25,38,0,2,0,0,6,1,0,2,1,4,77,68,46,5,4,3.0,Good Customer
1446,1463,3,16531.0,43,2,13,6,7,5,11,3,0,1,1,3,11,45,44,0,6,1.0,Best Customer
1447,1464,2,28072.0,10,30,0,10,2,0,5,1,0,1,1,3,356,37,47,0,4,3.0,Good Customer
1448,1465,2,49476.0,29,386,23,95,54,41,196,4,0,1,0,2,374,60,795,0,18,0.0,Ordinary customer
1449,1466,3,50725.0,45,443,10,75,0,10,48,4,0,1,1,3,501,70,586,0,17,0.0,Ordinary customer
1450,1467,3,83844.0,57,901,31,345,75,31,191,1,0,0,1,2,413,71,1574,5,19,1.0,Best Customer
1451,1468,2,41145.0,20,9,0,3,0,0,1,1,0,2,1,4,141,73,13,0,3,3.0,Good Customer
1452,1469,3,67419.0,29,846,84,352,91,56,42,4,0,1,1,3,529,53,1471,0,21,1.0,Best Customer
1453,1470,1,23162.0,82,8,3,9,19,4,22,3,0,2,1,4,190,53,65,0,5,0.0,Ordinary customer
1454,1471,3,34380.0,68,72,7,58,13,1,24,4,0,1,1,3,423,46,175,0,8,1.0,Best Customer
1455,1472,3,34704.0,65,29,0,5,0,1,5,1,0,1,0,2,428,57,40,0,4,0.0,Ordinary customer
1456,1473,2,94871.0,99,169,24,553,188,0,144,1,0,2,1,4,666,54,1078,15,17,3.0,Good Customer
1457,1474,3,65148.0,9,460,35,422,33,12,153,2,0,1,1,3,590,65,1115,0,19,0.0,Ordinary customer
1458,1475,3,39898.0,20,69,8,26,12,7,12,2,0,1,1,3,502,69,134,0,7,1.0,Best Customer
1459,1476,2,64857.0,78,556,14,717,210,0,43,1,0,0,0,1,583,67,1540,0,22,3.0,Good Customer
1460,1477,2,59892.0,26,73,0,13,0,1,0,1,0,1,1,3,239,53,87,0,6,0.0,Ordinary customer
1461,1478,2,41020.0,68,112,1,54,7,7,36,1,0,0,0,1,244,36,217,0,9,1.0,Best Customer
1462,1479,2,57072.0,79,944,0,60,0,0,30,2,0,1,1,3,156,62,1034,3,25,2.0,Ordinary customer
1463,1480,3,60474.0,25,265,199,303,234,9,170,7,0,1,0,2,454,44,1180,0,24,3.0,Good Customer
1464,1481,3,62807.0,83,526,28,135,10,21,99,3,0,1,1,3,667,63,819,0,20,3.0,Good Customer
1465,1482,1,19414.0,32,2,3,12,3,5,7,1,0,1,1,3,256,42,32,0,4,1.0,Best Customer
1466,1483,3,19107.0,49,2,4,9,10,5,16,2,0,1,1,3,311,43,46,0,4,3.0,Good Customer
1467,1484,1,75484.0,50,378,97,259,197,194,34,2,0,1,1,3,696,47,1159,0,16,2.0,Ordinary customer
1468,1485,2,70379.0,84,553,25,142,65,67,8,3,0,1,0,2,483,47,860,0,22,3.0,Good Customer
1469,1486,2,79419.0,96,751,127,687,20,15,31,1,0,0,1,2,7,53,1631,0,14,3.0,Good Customer
1470,1487,2,64014.0,56,406,0,30,0,0,8,7,0,3,1,5,19,77,444,1,15,1.0,Best Customer
1471,1488,3,76998.0,85,1449,89,161,69,35,107,2,0,1,1,3,534,68,1910,5,27,2.0,Ordinary customer
1472,1489,2,49854.0,63,123,17,171,39,0,30,5,0,1,1,3,231,51,380,0,13,3.0,Good Customer
1473,1490,2,60585.0,17,267,42,309,55,42,21,10,0,2,1,4,370,52,736,6,20,1.0,Best Customer
1474,1491,2,42873.0,11,209,0,40,3,2,15,4,0,2,0,3,524,73,269,0,11,1.0,Best Customer
1475,1492,3,87679.0,62,1259,172,815,97,148,33,1,0,0,1,2,337,35,2524,15,28,3.0,Good Customer
1476,1493,3,57867.0,48,344,35,178,15,23,17,7,0,1,1,3,271,45,612,0,18,1.0,Best Customer
1477,1494,3,35765.0,86,22,3,30,0,5,15,2,0,1,1,3,200,33,75,0,6,0.0,Ordinary customer
1478,1495,3,65492.0,73,247,161,295,210,85,47,2,0,0,1,2,154,64,1045,0,24,1.0,Best Customer
1479,1496,3,32952.0,36,38,0,12,3,1,1,1,0,1,0,2,210,46,55,0,5,1.0,Best Customer
1480,1497,2,53374.0,34,896,10,101,13,10,34,6,0,1,1,3,682,54,1064,9,15,2.0,Ordinary customer
1481,1498,3,71706.0,16,931,56,253,91,98,14,4,0,1,1,3,593,64,1443,0,21,2.0,Ordinary customer
1482,1499,3,68487.0,48,758,12,385,33,89,89,1,0,0,1,2,532,35,1366,0,29,3.0,Good Customer
1483,1500,2,53253.0,61,216,9,57,20,9,125,7,0,2,1,4,503,48,436,0,12,0.0,Ordinary customer
1484,1501,1,31163.0,54,2,3,10,11,2,10,1,0,1,0,2,136,50,38,0,4,0.0,Ordinary customer
1485,1502,3,42014.0,56,244,15,108,4,15,50,6,0,1,1,3,681,46,436,6,14,2.0,Ordinary customer
1486,1503,2,54108.0,74,539,6,91,8,6,97,13,0,2,1,4,601,50,747,0,19,1.0,Best Customer
1487,1504,2,49667.0,35,1181,26,120,17,13,39,2,0,0,0,1,678,68,1396,9,20,1.0,Best Customer
1488,1505,2,63206.0,65,750,8,125,11,8,26,1,0,0,1,2,101,49,928,5,13,2.0,Ordinary customer
1489,1506,2,57136.0,48,306,5,109,21,109,92,9,0,2,1,4,355,51,642,0,17,0.0,Ordinary customer
1490,1507,1,46772.0,88,350,104,189,197,151,57,6,0,1,1,3,599,48,1048,3,24,2.0,Ordinary customer
1491,1508,2,78931.0,19,331,197,170,58,152,35,1,0,0,1,2,247,52,943,0,23,3.0,Good Customer
1492,1509,3,53977.0,21,620,16,165,0,24,82,5,0,1,1,3,386,65,907,0,22,1.0,Best Customer
1493,1510,3,84219.0,27,434,137,400,45,137,45,1,0,0,1,2,147,35,1198,0,17,0.0,Ordinary customer
1494,1511,2,46098.0,86,57,0,27,0,0,36,4,0,2,0,3,680,48,120,0,7,1.0,Best Customer
1495,1512,3,73538.0,92,811,76,428,99,137,107,3,0,1,1,3,581,58,1658,0,23,0.0,Ordinary customer
1496,1513,3,79529.0,1,423,42,706,73,197,197,1,0,0,1,2,63,37,1638,0,21,3.0,Good Customer
1497,1514,1,20981.0,14,2,12,10,6,13,30,1,0,0,1,2,425,46,73,6,6,0.0,Ordinary customer
1498,1515,3,51766.0,74,60,51,87,6,20,51,2,0,1,0,2,110,43,275,0,10,3.0,Good Customer
1499,1516,3,55759.0,84,675,0,85,10,7,77,5,0,1,1,3,578,61,854,0,21,0.0,Ordinary customer
1500,1517,3,33039.0,4,30,8,12,8,8,12,1,0,1,1,3,293,45,78,0,6,0.0,Ordinary customer
1501,1518,2,37787.0,50,40,1,40,4,3,18,1,0,1,1,3,282,51,106,0,6,2.0,Ordinary customer
1502,1519,3,27242.0,2,3,17,26,20,1,39,2,0,1,0,2,595,53,106,6,5,2.0,Ordinary customer
1503,1520,2,87188.0,73,910,111,724,49,74,55,1,0,0,0,1,391,40,1923,6,18,1.0,Best Customer
1504,1521,3,69930.0,21,252,98,827,219,70,196,1,0,0,1,2,399,52,1662,0,21,3.0,Good Customer
1505,1522,3,37697.0,82,34,6,21,11,4,8,1,0,1,0,2,142,47,84,0,6,3.0,Good Customer
1506,1523,2,37401.0,14,19,3,19,3,1,3,2,0,1,1,3,54,50,48,0,5,0.0,Ordinary customer
1507,1524,3,3502.0,56,2,1,1,0,0,1,0,0,1,0,2,442,50,5,0,0,3.0,Good Customer
1508,1525,3,58597.0,20,490,0,184,10,28,21,12,0,2,1,4,586,47,733,0,20,1.0,Best Customer
1509,1526,2,82032.0,54,332,194,377,149,125,57,0,0,0,0,1,85,75,1234,0,17,0.0,Ordinary customer
1510,1527,3,28087.0,77,53,8,17,13,0,21,3,0,2,1,4,565,65,112,0,6,3.0,Good Customer
1511,1528,2,74004.0,5,784,48,560,42,176,48,1,0,0,0,1,125,36,1658,12,14,0.0,Ordinary customer
1512,1529,3,19740.0,65,7,11,3,10,4,20,2,0,1,1,3,462,63,55,0,5,2.0,Ordinary customer
1513,1530,1,57036.0,33,1171,43,219,19,14,47,4,0,1,1,3,565,48,1513,3,22,2.0,Ordinary customer
1514,1531,1,53083.0,65,215,7,33,3,0,13,6,0,2,1,4,410,65,271,4,11,3.0,Good Customer
1515,1532,2,69283.0,41,674,62,134,0,26,8,4,0,1,1,3,15,48,904,0,23,0.0,Ordinary customer
1516,1533,2,46098.0,86,57,0,27,0,0,36,4,0,2,0,3,680,48,120,6,7,2.0,Ordinary customer
1517,1534,1,23331.0,92,5,36,7,0,10,45,2,0,1,1,3,663,35,103,0,6,1.0,Best Customer
1518,1535,1,23331.0,97,104,20,101,24,15,5,6,0,1,0,2,632,35,269,0,11,1.0,Best Customer
1519,1536,3,9255.0,91,9,0,7,2,0,4,1,0,1,0,2,191,34,22,0,4,1.0,Best Customer
1520,1537,2,67786.0,0,431,82,441,80,20,102,1,0,0,0,1,204,64,1156,6,15,3.0,Good Customer
1521,1538,2,71969.0,59,1000,0,76,0,0,10,3,0,1,1,3,621,52,1086,4,16,0.0,Ordinary customer
1522,1539,2,59235.0,4,448,40,469,80,0,91,3,0,1,0,2,533,56,1128,0,25,3.0,Good Customer
1523,1540,3,31928.0,5,33,4,24,4,2,5,2,0,1,1,3,93,34,72,0,7,2.0,Ordinary customer
1524,1541,2,74881.0,48,505,72,270,36,27,54,4,0,2,1,4,478,62,964,0,23,0.0,Ordinary customer
1525,1542,3,65819.0,99,267,38,701,149,165,63,1,0,0,1,2,577,45,1383,0,19,1.0,Best Customer
1526,1543,2,51411.0,81,14,0,3,0,0,1,1,0,3,0,4,399,70,18,0,3,0.0,Ordinary customer
1527,1544,3,51983.0,95,631,0,115,10,7,30,3,0,1,0,2,667,59,793,0,21,0.0,Ordinary customer
1528,1545,2,42386.0,43,65,4,16,0,4,11,1,0,1,1,3,532,37,100,0,6,0.0,Ordinary customer
1529,1546,1,30390.0,5,10,12,12,25,1,20,1,0,0,1,2,300,36,80,0,5,1.0,Best Customer
1530,1547,3,30983.0,50,51,4,50,12,1,49,1,0,0,0,1,597,60,167,6,7,0.0,Ordinary customer
1531,1548,3,66033.0,76,293,35,179,46,59,65,2,0,1,0,2,525,66,677,0,18,2.0,Ordinary customer
1532,1549,1,37284.0,46,11,1,2,2,1,6,1,0,2,1,4,457,48,23,0,3,3.0,Good Customer
1533,1550,2,57530.0,68,50,1,27,6,7,1,1,0,1,0,2,260,72,92,0,6,3.0,Good Customer
1534,1551,1,76800.0,33,173,26,255,35,71,81,1,0,0,1,2,113,58,641,0,15,3.0,Good Customer
1535,1552,3,63943.0,50,423,184,368,13,97,21,1,0,1,1,3,665,67,1106,0,16,3.0,Good Customer
1536,1553,3,76081.0,85,292,30,415,63,33,200,1,0,0,1,2,37,61,1033,1,13,1.0,Best Customer
1537,1554,3,67445.0,63,757,80,217,29,80,11,5,0,1,1,3,686,49,1174,0,27,0.0,Ordinary customer
1538,1555,2,37054.0,89,12,1,6,0,1,5,2,0,2,1,4,287,56,25,0,4,1.0,Best Customer
1539,1556,2,47175.0,81,167,2,44,6,2,19,7,0,2,1,4,609,61,240,9,10,0.0,Ordinary customer
1540,1557,3,31859.0,77,3,1,3,8,0,5,1,0,1,0,2,380,47,20,0,3,3.0,Good Customer
1541,1558,3,27215.0,50,30,5,22,8,9,28,4,0,3,0,4,522,62,102,0,7,0.0,Ordinary customer
1542,1559,2,70179.0,10,532,88,168,69,44,133,3,0,1,0,2,343,47,1034,0,23,0.0,Ordinary customer
1543,1560,3,39922.0,30,29,12,59,19,1,36,2,0,1,1,3,500,40,156,0,7,1.0,Best Customer
1544,1561,2,49681.0,66,411,0,26,0,0,21,6,0,2,1,4,237,47,458,0,15,2.0,Ordinary customer
1545,1562,3,24645.0,16,5,3,4,4,1,0,1,0,1,1,3,605,35,17,0,3,2.0,Ordinary customer
1546,1563,3,79865.0,12,71,99,278,185,121,38,1,0,1,0,2,11,69,792,0,20,0.0,Ordinary customer
1547,1564,3,44322.0,30,46,0,40,3,0,3,2,0,1,1,3,13,38,92,0,6,1.0,Best Customer
1548,1565,3,47958.0,8,268,11,88,15,3,22,2,0,1,0,2,526,71,407,0,14,1.0,Best Customer
1549,1566,2,63972.0,93,928,63,254,0,12,12,4,0,1,0,2,574,59,1269,4,19,0.0,Ordinary customer
1550,1567,3,75315.0,14,459,15,171,142,23,31,2,0,1,1,3,75,69,841,0,21,1.0,Best Customer
1551,1568,2,55517.0,53,483,0,108,0,6,36,5,0,2,1,4,640,73,633,6,18,2.0,Ordinary customer
1552,1569,2,75283.0,26,733,9,180,12,19,66,11,0,3,1,5,459,66,1019,0,14,0.0,Ordinary customer
1553,1570,2,82800.0,23,1006,22,115,59,68,45,1,0,0,0,1,582,77,1315,12,25,2.0,Ordinary customer
1554,1571,3,38998.0,92,34,1,14,0,0,5,3,1,2,1,4,603,69,54,0,5,0.0,Ordinary customer
1555,1572,2,90638.0,29,1156,120,915,94,144,96,1,0,0,0,1,136,32,2525,11,17,1.0,Best Customer
1556,1573,2,27161.0,41,7,4,23,7,0,11,1,0,1,1,3,244,37,52,0,4,0.0,Ordinary customer
1557,1574,3,42014.0,56,244,15,108,4,15,50,6,0,1,1,3,681,46,436,6,14,1.0,Best Customer
1558,1575,2,38201.0,19,233,0,23,0,0,12,4,0,1,1,3,457,63,268,0,11,2.0,Ordinary customer
1559,1576,3,45203.0,4,35,3,67,10,8,24,1,0,2,1,4,98,41,147,6,7,0.0,Ordinary customer
1560,1577,2,81574.0,89,1252,0,465,46,35,0,1,0,0,1,2,62,76,1798,9,17,2.0,Ordinary customer
1561,1578,3,34935.0,71,34,4,66,3,10,20,1,0,0,1,2,373,31,137,0,7,3.0,Good Customer
1562,1579,2,60482.0,81,255,43,134,37,14,24,1,0,1,0,2,522,47,507,0,16,0.0,Ordinary customer
1563,1580,3,34633.0,31,8,1,5,0,0,1,1,0,3,1,5,157,67,15,0,3,2.0,Ordinary customer
1564,1581,2,78093.0,53,368,32,639,13,43,10,1,0,0,1,2,200,76,1105,0,16,1.0,Best Customer
1565,1582,3,82460.0,78,255,47,573,52,32,15,1,0,0,0,1,209,73,974,0,14,0.0,Ordinary customer
1566,1583,2,45903.0,80,33,8,10,2,10,3,2,0,1,1,3,67,57,66,0,6,3.0,Good Customer
1567,1584,3,81361.0,18,163,23,424,27,65,76,1,0,0,0,1,124,36,778,6,26,1.0,Best Customer
1568,1585,2,35860.0,37,15,0,8,4,2,20,2,0,2,0,3,41,50,49,9,4,1.0,Best Customer
1569,1586,2,40442.0,52,45,12,52,25,22,13,4,0,2,1,4,679,71,169,6,8,0.0,Ordinary customer
1570,1587,3,61482.0,39,48,58,68,16,66,43,1,0,0,1,2,2,58,299,0,11,0.0,Ordinary customer
1571,1588,3,34968.0,11,158,6,45,8,2,2,7,0,1,1,3,445,43,221,0,10,0.0,Ordinary customer
1572,1589,3,75794.0,33,754,160,625,63,32,48,1,0,0,1,2,187,36,1682,1,24,3.0,Good Customer
1573,1590,2,31497.0,22,108,1,28,13,1,4,2,0,1,1,3,570,61,155,0,8,3.0,Good Customer
1574,1591,3,74268.0,83,199,66,315,97,174,41,1,0,0,1,2,500,68,892,0,12,0.0,Ordinary customer
1575,1592,1,13724.0,43,2,7,5,2,15,27,1,0,1,1,3,667,35,58,3,4,0.0,Ordinary customer
1576,1593,2,45143.0,74,202,5,74,11,5,14,3,0,1,1,3,307,58,311,0,12,1.0,Best Customer
1577,1594,2,52569.0,54,85,0,3,0,0,7,1,0,1,0,2,85,56,95,0,6,2.0,Ordinary customer
1578,1595,2,48432.0,3,322,3,50,4,3,42,5,0,1,0,2,619,50,424,6,14,1.0,Best Customer
1579,1596,2,17144.0,96,18,2,19,0,2,6,5,0,2,1,4,134,63,47,0,7,2.0,Ordinary customer
1580,1597,3,36108.0,68,141,8,129,3,11,47,3,0,1,0,2,257,39,339,3,12,0.0,Ordinary customer
1581,1598,3,76445.0,2,739,107,309,140,80,35,1,0,1,1,3,639,52,1410,0,20,1.0,Best Customer
1582,1599,2,36663.0,40,18,0,6,3,3,5,1,0,1,1,3,65,48,35,0,5,0.0,Ordinary customer
1583,1600,2,53843.0,64,378,0,88,19,4,73,4,0,1,1,3,367,58,562,0,16,2.0,Ordinary customer
1584,1601,2,90226.0,26,1083,108,649,253,151,108,1,0,0,1,2,641,67,2352,1,23,0.0,Ordinary customer
1585,1602,2,70638.0,69,1016,12,215,16,12,63,1,0,0,0,1,393,68,1334,4,19,3.0,Good Customer
1586,1603,3,44512.0,57,23,1,6,0,0,2,2,0,2,1,4,303,63,32,0,4,0.0,Ordinary customer
1587,1604,3,27116.0,78,12,1,21,2,2,3,2,0,2,1,4,119,62,41,0,5,0.0,Ordinary customer
1588,1605,2,54072.0,71,35,0,4,0,0,0,1,0,2,1,4,337,60,39,0,4,1.0,Best Customer
1589,1606,3,71855.0,59,548,31,422,0,112,28,4,0,1,1,3,529,46,1141,0,21,3.0,Good Customer
1590,1607,1,51250.0,28,342,32,230,34,32,40,5,0,1,0,2,456,33,710,3,19,0.0,Ordinary customer
1591,1608,2,60432.0,61,365,3,15,4,3,11,5,0,1,1,3,112,50,401,0,14,0.0,Ordinary customer
1592,1609,2,65526.0,22,397,19,69,12,0,9,1,0,1,1,3,79,59,506,0,16,3.0,Good Customer
1593,1610,3,68655.0,95,456,19,832,75,118,38,1,0,0,0,1,688,35,1538,0,20,1.0,Best Customer
1594,1611,1,12393.0,38,5,6,15,11,7,13,1,0,0,1,2,572,45,57,0,5,0.0,Ordinary customer
1595,1612,3,64509.0,19,836,185,575,24,25,77,1,0,0,0,1,316,33,1722,9,18,0.0,Ordinary customer
1596,1613,3,33955.0,92,100,2,128,23,7,10,4,0,1,0,2,324,48,270,0,11,1.0,Best Customer
1597,1614,3,31353.0,24,10,0,10,3,1,7,2,0,2,1,4,182,46,31,6,4,0.0,Ordinary customer
1598,1615,3,55434.0,21,238,115,215,169,69,76,3,0,1,1,3,267,39,882,0,21,0.0,Ordinary customer
1599,1616,3,28359.0,35,6,0,5,2,1,2,1,0,1,1,3,245,40,16,0,3,0.0,Ordinary customer
1600,1617,3,57100.0,9,158,11,99,15,11,17,2,0,1,0,2,42,36,311,0,12,0.0,Ordinary customer
1601,1618,3,69139.0,23,86,12,75,33,15,6,1,0,1,1,3,153,58,227,0,10,3.0,Good Customer
1602,1619,2,52973.0,92,856,0,76,12,9,199,7,0,1,1,3,598,67,1152,0,24,3.0,Good Customer
1603,1620,2,51717.0,55,98,1,17,0,1,5,1,0,1,1,3,313,58,122,4,7,1.0,Best Customer
1604,1621,3,18793.0,14,4,16,20,0,17,20,3,0,1,1,3,533,52,77,0,6,0.0,Ordinary customer
1605,1622,1,66664.0,78,398,96,447,220,96,32,1,0,0,1,2,642,41,1289,0,18,0.0,Ordinary customer
1606,1623,3,50664.0,64,313,8,104,6,4,126,9,0,2,0,3,529,64,561,0,15,0.0,Ordinary customer
1607,1624,3,54414.0,49,109,18,16,24,26,18,4,0,2,1,4,522,60,211,0,9,3.0,Good Customer
1608,1625,2,54549.0,8,216,2,6,0,0,9,2,0,1,1,3,118,71,233,0,10,3.0,Good Customer
1609,1626,2,47111.0,35,595,71,153,120,112,41,6,0,1,0,2,659,52,1092,0,15,0.0,Ordinary customer
1610,1627,2,41003.0,11,123,133,142,71,44,88,1,0,0,0,1,469,60,601,0,16,1.0,Best Customer
1611,1628,3,19444.0,8,16,0,23,3,2,10,3,0,1,1,3,127,41,54,6,7,2.0,Ordinary customer
1612,1629,1,36301.0,53,11,12,35,3,5,12,1,0,1,1,3,247,47,78,0,6,0.0,Ordinary customer
1613,1630,2,73059.0,36,410,112,420,0,82,71,1,0,1,1,3,302,76,1095,0,25,1.0,Best Customer
1614,1631,2,42731.0,64,159,2,51,6,2,24,3,0,1,1,3,251,54,244,0,10,1.0,Best Customer
1615,1632,2,52854.0,43,105,0,10,0,1,0,2,0,2,1,4,97,64,116,0,7,0.0,Ordinary customer
1616,1633,3,22775.0,40,5,1,8,0,0,1,1,0,1,1,3,375,45,15,0,3,0.0,Ordinary customer
1617,1634,2,46681.0,52,269,15,69,15,19,38,2,0,2,1,4,264,75,425,0,14,1.0,Best Customer
1618,1635,2,59821.0,11,629,0,70,0,0,35,6,0,1,1,3,443,68,734,0,20,2.0,Ordinary customer
1619,1636,3,50002.0,21,443,5,71,21,16,82,2,0,1,0,2,377,69,638,0,17,1.0,Best Customer
1620,1637,3,69755.0,23,217,77,373,111,23,93,1,0,0,1,2,270,78,894,0,21,2.0,Ordinary customer
1621,1638,3,44078.0,17,24,1,10,2,0,4,2,0,2,1,4,10,54,41,0,5,2.0,Ordinary customer
1622,1639,2,30560.0,6,9,1,5,4,5,7,1,0,1,1,3,367,47,31,0,4,0.0,Ordinary customer
1623,1640,2,35924.0,56,8,0,14,2,3,7,1,0,2,1,4,98,54,34,0,4,3.0,Good Customer
1624,1641,2,64140.0,71,1459,0,61,0,15,215,5,0,2,0,3,279,59,1750,16,13,3.0,Good Customer
1625,1642,3,56386.0,51,230,48,214,13,32,75,8,0,2,1,4,610,42,612,0,17,1.0,Best Customer
1626,1643,1,24594.0,94,1,3,6,10,0,9,1,0,1,1,3,201,44,29,0,4,3.0,Good Customer
1627,1644,1,75774.0,27,340,21,134,258,14,56,1,0,1,1,3,58,42,823,0,20,0.0,Ordinary customer
1628,1645,2,39228.0,1,7,1,6,0,3,3,1,0,0,0,1,415,63,20,0,3,3.0,Good Customer
1629,1646,2,58494.0,56,298,7,68,4,0,19,2,0,1,1,3,199,49,396,0,14,0.0,Ordinary customer
1630,1647,3,58684.0,71,479,35,179,28,7,85,1,0,0,0,1,13,42,813,4,20,2.0,Ordinary customer
1631,1648,3,57136.0,18,267,140,599,34,12,127,1,0,0,0,1,407,56,1179,6,19,2.0,Ordinary customer
1632,1649,2,56551.0,48,67,4,32,17,2,16,3,0,2,0,3,53,73,138,0,7,3.0,Good Customer
1633,1650,3,22448.0,86,3,1,8,23,2,18,3,0,1,1,3,123,41,55,0,6,0.0,Ordinary customer
1634,1651,3,82014.0,48,980,37,265,35,163,31,1,0,0,0,1,678,62,1511,6,21,1.0,Best Customer
1635,1652,3,34213.0,2,50,4,28,6,3,26,3,0,2,0,3,660,60,117,6,6,1.0,Best Customer
1636,1653,3,157146.0,13,1,0,1725,2,1,1,0,0,0,1,2,426,46,1730,0,28,2.0,Ordinary customer
1637,1654,2,25358.0,57,19,0,5,0,0,8,2,0,1,0,2,342,76,32,0,4,1.0,Best Customer
1638,1655,2,35544.0,77,30,5,23,4,1,4,1,0,1,0,2,113,45,67,0,5,1.0,Best Customer
1639,1656,2,36634.0,0,213,9,76,4,3,30,3,0,1,1,3,397,69,335,0,12,1.0,Best Customer
1640,1657,2,62670.0,57,539,30,92,80,46,38,1,0,1,1,3,147,69,825,0,21,1.0,Best Customer
1641,1658,1,50334.0,24,284,16,160,84,16,134,6,0,1,1,3,340,51,694,0,17,2.0,Ordinary customer
1642,1659,3,72066.0,55,1003,34,536,134,51,34,1,0,0,0,1,6,42,1792,12,16,0.0,Ordinary customer
1643,1660,2,50729.0,62,239,13,143,45,4,52,9,0,2,0,3,423,65,496,0,15,2.0,Ordinary customer
1644,1661,3,34916.0,89,51,23,82,33,0,42,4,0,2,1,4,410,55,231,0,9,0.0,Ordinary customer
1645,1662,3,64892.0,77,527,24,230,32,24,65,2,0,1,0,2,31,47,902,0,22,0.0,Ordinary customer
1646,1663,3,43602.0,45,19,5,12,10,3,19,3,0,2,0,3,170,57,68,0,6,1.0,Best Customer
1647,1664,2,33996.0,46,40,2,15,8,0,6,1,0,0,0,1,291,34,71,0,5,0.0,Ordinary customer
1648,1665,1,41473.0,80,21,8,20,15,3,9,1,0,1,0,2,375,38,76,0,5,0.0,Ordinary customer
1649,1666,2,63246.0,60,593,30,91,29,22,7,1,0,2,1,4,313,56,772,0,21,0.0,Ordinary customer
1650,1667,2,36732.0,71,21,5,3,10,1,7,3,0,2,1,4,182,64,47,0,6,0.0,Ordinary customer
1651,1668,2,69084.0,43,1181,107,199,39,30,30,2,0,1,1,3,222,53,1586,0,23,0.0,Ordinary customer
1652,1669,2,77766.0,97,1004,59,265,115,59,27,2,0,1,1,3,492,56,1529,9,32,1.0,Best Customer
1653,1670,2,37929.0,49,202,2,46,3,2,10,2,0,0,0,1,334,38,265,11,11,3.0,Good Customer
1654,1671,3,86610.0,66,446,107,768,33,196,53,1,0,0,1,2,297,72,1603,0,17,3.0,Good Customer
1655,1672,2,80141.0,20,1184,102,673,52,40,40,1,0,0,1,2,534,37,2091,11,21,1.0,Best Customer
1656,1673,1,72635.0,54,390,22,323,104,35,107,1,0,0,1,2,391,68,981,1,20,3.0,Good Customer
1657,1674,3,69016.0,61,726,53,363,123,107,161,4,0,1,1,3,584,53,1533,0,30,1.0,Best Customer
1658,1675,1,20193.0,18,8,8,22,24,11,9,1,0,0,1,2,578,32,82,0,6,0.0,Ordinary customer
1659,1676,3,27573.0,45,50,15,110,39,15,15,4,0,1,1,3,461,48,244,0,10,2.0,Ordinary customer
1660,1677,1,15862.0,26,1,1,4,11,9,10,1,0,1,0,2,367,44,36,0,4,2.0,Ordinary customer
1661,1678,2,49544.0,0,308,0,73,0,0,23,2,0,1,1,3,502,47,404,0,14,3.0,Good Customer
1662,1679,3,33228.0,28,22,2,31,7,4,5,1,0,1,1,3,157,43,71,0,5,0.0,Ordinary customer
1663,1680,3,70440.0,49,690,117,499,76,102,88,1,0,0,1,2,264,45,1572,1,22,1.0,Best Customer
1664,1681,3,38232.0,84,43,5,28,7,6,33,4,0,2,1,4,163,52,122,0,7,0.0,Ordinary customer
1665,1682,2,22554.0,38,27,0,10,0,0,4,4,0,2,1,4,603,68,41,0,6,1.0,Best Customer
1666,1683,2,23536.0,53,6,0,3,0,0,1,1,0,1,1,3,25,40,10,0,3,3.0,Good Customer
1667,1684,3,49413.0,88,205,7,41,3,2,46,2,0,1,1,3,247,71,304,0,11,0.0,Ordinary customer
1668,1685,3,42231.0,99,24,0,8,0,1,4,1,0,2,1,4,96,54,37,0,4,2.0,Ordinary customer
1669,1686,2,78789.0,12,667,50,850,21,83,83,1,0,0,0,1,690,43,1754,6,15,3.0,Good Customer
1670,1687,3,56534.0,35,691,7,61,10,0,46,4,0,1,1,3,341,55,815,12,21,0.0,Ordinary customer
1671,1688,3,58350.0,5,493,26,206,116,80,80,4,0,1,0,2,541,52,1001,0,23,0.0,Ordinary customer
1672,1689,3,81217.0,77,493,70,324,146,40,84,1,0,0,0,1,345,34,1157,0,21,3.0,Good Customer
1673,1690,3,49090.0,45,494,5,82,7,0,100,3,0,1,0,2,345,72,688,0,18,0.0,Ordinary customer
1674,1691,2,61787.0,71,621,73,414,78,48,85,1,0,0,0,1,358,36,1319,0,18,1.0,Best Customer
1675,1692,2,18169.0,40,9,0,5,0,0,7,1,0,1,1,3,495,38,21,0,3,0.0,Ordinary customer
1676,1693,1,24336.0,82,1,6,2,8,2,12,1,0,1,0,2,671,42,31,0,3,1.0,Best Customer
1677,1694,3,18222.0,70,12,4,19,12,6,14,1,0,0,1,2,545,33,67,0,5,1.0,Best Customer
1678,1695,3,62335.0,87,243,131,217,85,6,26,2,0,1,0,2,402,71,708,0,19,0.0,Ordinary customer
1679,1696,1,42033.0,95,11,1,4,2,0,7,1,0,2,1,4,648,52,25,0,3,1.0,Best Customer
1680,1697,2,86580.0,72,532,21,127,26,20,20,0,0,0,1,2,487,40,746,5,11,2.0,Ordinary customer
1681,1698,2,41437.0,5,29,0,2,0,0,1,1,0,2,0,3,645,66,32,0,4,3.0,Good Customer
1682,1699,2,73705.0,86,612,91,520,258,107,107,2,0,2,0,3,116,72,1695,0,23,3.0,Good Customer
1683,1700,3,61064.0,80,387,126,342,0,45,180,5,0,1,1,3,667,47,1080,0,23,0.0,Ordinary customer
1684,1701,2,38452.0,62,56,0,14,0,0,2,3,0,2,1,4,91,68,72,0,6,0.0,Ordinary customer
1685,1702,3,18358.0,49,6,8,19,16,4,4,3,0,1,0,2,221,34,57,0,7,3.0,Good Customer
1686,1703,2,55012.0,85,582,0,65,0,0,13,6,0,1,1,3,100,50,660,0,19,0.0,Ordinary customer
1687,1704,1,9722.0,7,6,17,16,6,16,42,4,0,1,1,3,635,50,103,6,7,1.0,Best Customer
1688,1705,2,38175.0,6,70,6,69,2,3,3,3,0,1,1,3,279,39,153,0,8,1.0,Best Customer
1689,1706,2,58656.0,25,962,12,194,16,24,12,4,0,1,1,3,647,67,1220,5,28,1.0,Best Customer
1690,1707,3,52117.0,55,112,10,107,30,0,20,2,0,1,1,3,682,58,279,0,11,2.0,Ordinary customer
1691,1708,3,64813.0,81,293,0,124,179,97,52,1,0,1,1,3,178,45,745,0,19,2.0,Ordinary customer
1692,1709,2,54222.0,98,199,12,31,3,12,7,1,0,1,1,3,120,50,264,0,11,0.0,Ordinary customer
1693,1710,3,83512.0,31,1060,61,835,80,20,101,1,0,0,1,2,12,37,2157,17,21,2.0,Ordinary customer
1694,1711,2,77520.0,30,940,44,396,0,88,58,1,0,1,1,3,305,64,1526,15,22,3.0,Good Customer
1695,1712,3,41154.0,98,44,2,11,2,3,7,1,0,1,1,3,446,45,69,0,5,1.0,Best Customer
1696,1713,3,80398.0,92,342,51,936,207,35,26,1,0,0,1,2,596,57,1597,5,25,0.0,Ordinary customer
1697,1714,1,18746.0,41,2,10,11,12,9,20,2,0,1,0,2,31,31,64,0,6,2.0,Ordinary customer
1698,1715,3,35196.0,68,75,12,141,43,39,187,6,0,1,1,3,593,39,497,0,12,0.0,Ordinary customer
1699,1716,3,60230.0,78,520,20,367,39,81,40,2,0,1,0,2,405,67,1067,0,15,1.0,Best Customer
1700,1717,3,22108.0,46,5,3,9,6,2,6,2,0,2,1,4,52,46,31,0,5,1.0,Best Customer
1701,1718,3,44392.0,71,87,5,71,7,12,29,5,0,2,1,4,297,49,211,0,9,3.0,Good Customer
1702,1719,2,55424.0,6,462,61,184,10,53,107,4,0,1,1,3,581,47,877,9,21,3.0,Good Customer
1703,1720,3,17688.0,82,2,2,1,3,1,2,1,1,1,1,3,532,44,11,0,3,1.0,Best Customer
1704,1721,2,92491.0,71,979,44,935,29,25,22,1,0,0,1,2,424,40,2034,16,24,0.0,Ordinary customer
1705,1722,3,90273.0,32,704,129,853,120,74,111,1,0,0,0,1,197,32,1991,16,18,0.0,Ordinary customer
1706,1723,2,82571.0,28,861,31,558,62,95,79,0,0,0,0,1,88,61,1686,5,24,0.0,Ordinary customer
1707,1724,2,38513.0,20,172,3,115,16,0,18,5,0,1,0,2,152,41,324,6,12,0.0,Ordinary customer
1708,1725,2,16653.0,10,5,7,31,15,4,7,3,0,1,0,2,72,44,69,6,6,2.0,Ordinary customer
1709,1726,3,42586.0,7,194,2,56,0,0,0,5,0,2,1,4,608,68,252,6,11,1.0,Best Customer
1710,1727,1,23529.0,67,9,7,13,3,2,20,1,0,1,0,2,538,58,54,0,4,3.0,Good Customer
1711,1728,2,74881.0,48,505,72,270,36,27,54,4,0,2,1,4,478,62,964,0,23,1.0,Best Customer
1712,1729,3,71107.0,61,533,10,217,198,174,195,2,0,1,1,3,497,72,1327,0,26,2.0,Ordinary customer
1713,1730,2,46910.0,36,48,0,14,0,0,6,2,0,2,1,4,98,59,68,0,5,1.0,Best Customer
1714,1731,3,18690.0,77,6,1,7,23,4,19,1,0,0,1,2,548,64,60,0,4,1.0,Best Customer
1715,1732,3,37244.0,90,18,2,10,0,0,25,1,0,2,0,3,428,68,55,3,4,1.0,Best Customer
1716,1733,3,82427.0,35,482,147,509,104,107,107,1,0,0,1,2,109,57,1456,5,20,3.0,Good Customer
1717,1734,1,75342.0,38,204,97,97,21,118,26,1,0,1,0,2,419,65,563,0,17,3.0,Good Customer
1718,1735,3,70044.0,46,1073,0,250,153,14,14,4,0,1,0,2,496,69,1504,0,22,2.0,Ordinary customer
1719,1736,3,79146.0,33,245,16,223,21,43,16,2,0,2,0,3,66,56,564,0,17,3.0,Good Customer
1720,1737,3,77437.0,70,560,21,442,29,44,29,1,0,0,1,2,215,60,1125,5,22,0.0,Ordinary customer
1721,1738,3,54984.0,51,173,13,131,32,3,6,4,0,1,1,3,36,64,358,1,13,0.0,Ordinary customer
1722,1739,2,42403.0,18,22,1,11,0,5,3,1,0,1,1,3,200,52,42,0,4,0.0,Ordinary customer
1723,1740,3,55761.0,97,136,1,12,0,3,32,2,0,1,1,3,66,59,184,4,8,2.0,Ordinary customer
1724,1741,3,37292.0,32,275,0,86,10,23,66,5,0,1,1,3,437,40,460,0,14,0.0,Ordinary customer
1725,1742,2,45576.0,9,56,19,29,2,14,25,1,0,0,0,1,32,78,145,6,7,3.0,Good Customer
1726,1743,3,70321.0,6,303,23,751,82,26,191,1,0,0,1,2,529,76,1376,6,24,3.0,Good Customer
1727,1744,2,58086.0,80,708,7,62,0,0,15,2,0,1,0,2,525,54,792,0,21,2.0,Ordinary customer
1728,1745,3,81795.0,74,324,132,693,27,118,88,1,0,0,1,2,611,71,1382,0,22,3.0,Good Customer
1729,1746,1,28389.0,49,1,5,3,7,4,8,1,0,0,1,2,586,76,28,0,3,3.0,Good Customer
1730,1747,2,66835.0,21,620,26,195,34,17,141,1,0,0,1,2,274,77,1033,0,23,0.0,Ordinary customer
1731,1748,3,69901.0,95,312,21,206,102,92,149,3,0,1,0,2,396,54,882,0,20,3.0,Good Customer
1732,1749,2,80360.0,56,1493,86,454,112,43,43,2,0,0,1,2,483,74,2231,10,13,2.0,Ordinary customer
1733,1750,2,63342.0,48,918,21,118,13,10,21,3,0,1,1,3,621,62,1101,10,16,1.0,Best Customer
1734,1751,3,44989.0,26,98,0,106,49,10,106,5,0,1,1,3,655,49,369,0,11,2.0,Ordinary customer
1735,1752,1,31859.0,3,3,4,7,15,8,11,1,0,1,0,2,122,43,48,0,4,0.0,Ordinary customer
1736,1753,2,51569.0,39,380,0,47,6,0,34,4,0,1,0,2,502,74,467,10,15,2.0,Ordinary customer
1737,1754,3,30372.0,33,15,0,12,7,3,7,3,0,2,0,3,551,52,44,0,5,2.0,Ordinary customer
1738,1755,1,16014.0,42,3,9,4,7,8,7,4,0,2,0,3,469,44,38,0,6,1.0,Best Customer
1739,1756,3,41120.0,80,24,2,23,0,8,24,3,0,2,1,4,235,55,81,0,6,1.0,Best Customer
1740,1757,2,39763.0,9,80,1,60,4,6,16,2,0,1,0,2,329,52,167,6,8,0.0,Ordinary customer
1741,1758,2,38725.0,52,31,0,6,2,1,5,2,0,2,1,4,50,68,45,0,5,0.0,Ordinary customer
1742,1759,3,77981.0,78,138,120,204,16,126,60,3,0,1,1,3,399,51,664,0,18,2.0,Ordinary customer
1743,1760,1,62905.0,68,166,75,96,119,107,59,3,0,1,1,3,292,59,622,0,17,2.0,Ordinary customer
1744,1761,1,13533.0,45,12,3,8,8,0,17,2,0,1,0,2,476,44,48,0,5,0.0,Ordinary customer
1745,1762,3,59481.0,47,178,3,85,71,66,58,2,0,1,1,3,249,48,461,0,14,1.0,Best Customer
1746,1763,3,72117.0,34,707,20,171,65,60,50,1,0,1,1,3,313,46,1073,0,25,2.0,Ordinary customer
1747,1764,1,21955.0,81,5,1,7,17,14,11,2,0,1,1,3,295,37,55,0,6,0.0,Ordinary customer
1748,1765,3,67131.0,72,465,71,250,93,35,62,3,0,1,1,3,460,67,976,0,23,1.0,Best Customer
1749,1766,2,36802.0,23,16,1,2,0,0,1,1,0,1,0,2,13,43,20,0,4,3.0,Good Customer
1750,1767,3,71853.0,29,358,108,413,141,97,32,1,0,0,1,2,417,41,1149,0,16,0.0,Ordinary customer
1751,1768,1,28249.0,80,1,9,7,2,14,10,1,0,0,1,2,14,62,43,0,5,0.0,Ordinary customer
1752,1769,2,47808.0,30,123,1,26,2,0,72,2,0,1,1,3,252,48,224,3,8,3.0,Good Customer
1753,1770,2,25509.0,15,40,3,30,10,7,11,3,0,1,0,2,649,49,101,6,6,0.0,Ordinary customer
1754,1771,2,51012.0,86,102,9,63,2,9,24,1,0,0,1,2,437,77,209,0,9,3.0,Good Customer
1755,1772,3,70596.0,68,347,44,534,17,0,26,1,0,0,0,1,632,38,968,0,20,1.0,Best Customer
1756,1773,2,85431.0,54,376,53,462,168,53,53,1,0,0,1,2,386,71,1165,0,16,0.0,Ordinary customer
1757,1774,3,42664.0,44,21,0,3,0,0,0,1,0,1,1,3,103,56,24,0,4,0.0,Ordinary customer
1758,1775,3,42586.0,7,194,2,56,0,0,0,5,0,2,1,4,608,68,252,6,11,1.0,Best Customer
1759,1776,3,29760.0,87,64,4,68,7,5,17,4,0,1,0,2,669,38,165,0,8,2.0,Ordinary customer
1760,1777,2,28973.0,59,206,0,46,3,2,12,2,0,0,1,2,624,46,269,0,11,0.0,Ordinary customer
1761,1778,2,39435.0,16,71,0,18,0,0,13,1,0,1,1,3,327,50,102,0,6,0.0,Ordinary customer
1762,1779,1,65370.0,1,71,22,112,138,89,29,1,0,0,1,2,332,39,461,0,18,2.0,Ordinary customer
1763,1780,1,20194.0,64,0,4,7,11,10,15,2,0,1,0,2,559,44,47,0,5,2.0,Ordinary customer
1764,1781,2,42473.0,72,93,1,21,0,4,25,3,0,2,0,3,132,47,144,0,7,3.0,Good Customer
1765,1782,3,64590.0,98,920,138,168,36,46,30,1,0,0,1,2,623,55,1338,0,23,1.0,Best Customer
1766,1783,3,71232.0,91,653,17,170,34,26,17,2,0,1,1,3,213,64,917,0,23,1.0,Best Customer
1767,1784,3,34600.0,8,199,33,60,8,3,15,5,0,2,1,4,544,52,318,6,12,1.0,Best Customer
1768,1785,3,46904.0,20,153,4,56,0,9,31,4,0,2,0,3,603,56,253,0,10,0.0,Ordinary customer
1769,1786,3,49094.0,6,376,0,38,11,8,69,5,0,1,1,3,646,50,502,0,15,3.0,Good Customer
1770,1787,3,36075.0,54,46,0,30,12,1,30,1,0,1,1,3,202,40,119,0,6,0.0,Ordinary customer
1771,1788,1,60839.0,72,600,21,128,223,150,128,13,0,2,1,4,670,44,1250,0,16,3.0,Good Customer
1772,1789,3,77298.0,46,425,115,292,23,35,79,1,0,1,1,3,239,44,969,0,23,3.0,Good Customer
1773,1790,3,34026.0,11,18,6,15,12,8,17,3,0,2,1,4,328,73,76,0,6,0.0,Ordinary customer
1774,1791,2,48918.0,21,52,0,9,0,0,1,2,0,2,0,3,78,60,62,0,5,1.0,Best Customer
1775,1792,1,82122.0,89,734,22,350,151,25,100,1,0,0,1,2,318,61,1382,5,25,1.0,Best Customer
1776,1793,3,37697.0,82,34,6,21,11,4,8,1,0,1,0,2,142,47,84,0,6,0.0,Ordinary customer
1777,1794,3,34074.0,69,135,1,41,10,1,67,5,0,2,1,4,351,71,255,3,9,3.0,Good Customer
1778,1795,2,28520.0,55,11,0,10,0,2,20,1,0,2,1,4,380,63,43,0,4,1.0,Best Customer
1779,1796,3,62535.0,13,163,48,90,0,45,52,1,0,1,0,2,269,68,398,0,13,1.0,Best Customer
1780,1797,2,36273.0,80,29,3,30,3,2,9,2,0,1,0,2,74,46,76,0,6,1.0,Best Customer
1781,1798,3,63404.0,97,734,26,70,11,44,17,2,0,2,1,4,23,59,902,1,13,0.0,Ordinary customer
1782,1799,1,75774.0,27,340,21,134,258,14,56,1,0,1,1,3,58,42,823,0,20,3.0,Good Customer
1783,1800,3,78416.0,99,453,38,279,188,38,183,2,0,1,1,3,2,47,1179,0,24,1.0,Best Customer
1784,1801,3,75702.0,87,1073,0,629,145,37,37,1,0,1,1,3,623,49,1921,5,28,0.0,Ordinary customer
1785,1802,2,59385.0,85,135,0,10,0,4,36,2,0,2,1,4,427,72,185,0,8,0.0,Ordinary customer
1786,1803,3,37070.0,30,231,7,137,4,15,39,9,0,2,0,3,466,57,433,6,14,3.0,Good Customer
1787,1804,3,44689.0,82,18,0,5,0,0,11,2,0,2,1,4,170,72,34,3,4,0.0,Ordinary customer
1788,1805,3,53977.0,21,620,16,165,0,24,82,5,0,1,1,3,386,65,907,0,22,0.0,Ordinary customer
1789,1806,2,7144.0,92,81,4,33,5,2,291,0,0,2,0,3,204,57,416,0,25,3.0,Good Customer
1790,1807,3,18701.0,95,12,4,2,10,6,10,4,0,2,0,3,390,59,44,0,6,1.0,Best Customer
1791,1808,3,90369.0,2,292,51,981,224,23,17,1,0,0,1,2,62,67,1588,6,16,0.0,Ordinary customer
1792,1809,2,63159.0,74,965,34,586,89,86,37,1,0,0,0,1,601,49,1797,3,16,2.0,Ordinary customer
1793,1810,3,37758.0,49,27,2,10,0,0,1,2,0,2,1,4,633,57,40,0,4,1.0,Best Customer
1794,1811,2,46757.0,71,777,30,163,0,51,122,6,0,1,0,2,590,60,1143,0,15,1.0,Best Customer
1795,1812,2,79734.0,72,572,8,232,23,62,17,1,0,0,1,2,1,54,914,1,13,0.0,Ordinary customer
1796,1813,3,63207.0,68,438,169,565,91,169,70,1,0,0,1,2,525,31,1502,1,11,2.0,Ordinary customer
1797,1814,3,72071.0,4,531,69,300,150,138,150,3,0,1,0,2,500,69,1338,0,17,0.0,Ordinary customer
1798,1815,2,21840.0,80,17,0,9,0,0,1,1,0,1,1,3,343,40,27,0,4,3.0,Good Customer
1799,1816,1,58582.0,15,402,35,106,101,77,42,2,0,1,1,3,274,41,763,4,20,0.0,Ordinary customer
1800,1817,3,72282.0,70,503,27,419,90,139,153,1,0,0,0,1,345,72,1331,6,21,0.0,Ordinary customer
1801,1818,3,50387.0,91,369,9,87,12,14,34,3,0,2,1,4,302,67,525,0,16,0.0,Ordinary customer
1802,1819,2,32583.0,10,5,0,3,0,0,1,1,0,2,1,4,14,62,9,0,3,1.0,Best Customer
1803,1820,3,62568.0,99,362,17,398,80,35,61,3,0,1,1,3,83,61,953,1,13,0.0,Ordinary customer
1804,1821,2,44635.0,25,56,0,9,0,0,3,2,0,2,0,3,261,52,68,0,5,3.0,Good Customer
1805,1822,2,33316.0,34,79,1,31,4,4,12,3,0,2,0,3,268,52,131,0,7,3.0,Good Customer
1806,1823,3,63967.0,57,387,84,141,73,35,162,3,0,1,1,3,324,55,882,0,20,0.0,Ordinary customer
1807,1824,1,52513.0,84,367,17,241,104,188,232,2,0,0,1,2,663,45,1149,0,23,1.0,Best Customer
1808,1825,3,25293.0,51,15,0,11,0,2,9,1,0,1,1,3,287,54,37,0,4,2.0,Ordinary customer
1809,1826,2,54111.0,97,267,6,54,8,3,50,2,0,1,0,2,308,58,388,0,13,1.0,Best Customer
1810,1827,3,78394.0,13,298,27,697,216,24,166,1,0,0,1,2,499,37,1428,6,15,0.0,Ordinary customer
1811,1828,2,80739.0,92,674,92,736,39,0,92,1,0,0,1,2,402,65,1633,0,23,3.0,Good Customer
1812,1829,2,22669.0,30,16,14,36,37,22,48,3,0,1,1,3,403,48,173,6,7,0.0,Ordinary customer
1813,1830,3,29236.0,30,37,4,24,16,9,9,2,0,1,0,2,264,36,99,0,7,2.0,Ordinary customer
1814,1831,3,44911.0,11,159,0,22,2,1,31,3,0,1,1,3,471,64,215,0,9,0.0,Ordinary customer
1815,1832,2,54693.0,72,686,17,142,23,26,35,8,0,1,1,3,497,61,929,0,23,2.0,Ordinary customer
1816,1833,3,48186.0,39,97,3,66,12,7,34,3,0,1,1,3,101,49,219,0,9,1.0,Best Customer
1817,1834,3,54809.0,0,63,6,57,13,13,22,4,0,2,1,4,291,46,174,6,8,0.0,Ordinary customer
1818,1835,3,41580.0,15,56,5,24,4,0,3,3,0,2,1,4,566,45,92,0,6,1.0,Best Customer
1819,1836,2,80336.0,12,209,19,456,160,142,66,1,0,0,1,2,293,53,1052,0,24,1.0,Best Customer
1820,1837,3,47743.0,56,198,2,43,0,12,20,3,0,1,1,3,464,66,275,4,11,1.0,Best Customer
1821,1838,1,62972.0,39,313,15,47,20,0,192,2,0,1,1,3,695,68,587,0,14,3.0,Good Customer
1822,1839,2,57333.0,55,941,14,397,76,58,176,11,0,1,0,2,645,69,1662,6,22,0.0,Ordinary customer
1823,1840,2,32313.0,60,86,4,56,2,4,7,3,0,1,1,3,503,41,159,0,8,2.0,Ordinary customer
1824,1841,2,84953.0,73,167,48,602,63,72,72,1,0,0,0,1,391,70,1024,16,17,1.0,Best Customer
1825,1842,2,27071.0,90,8,3,19,0,2,3,2,0,1,0,2,67,55,35,0,5,3.0,Good Customer
1826,1843,2,68148.0,86,389,66,408,37,57,85,1,0,0,1,2,302,66,1042,0,14,3.0,Good Customer
1827,1844,2,65735.0,37,239,7,119,4,15,11,5,0,2,1,4,204,58,395,0,14,2.0,Ordinary customer
1828,1845,2,86836.0,7,179,21,273,0,21,63,1,0,0,1,2,655,48,557,15,22,2.0,Ordinary customer
1829,1846,2,4023.0,29,5,0,1,1,1,1,15,0,2,1,4,6,60,9,0,0,1.0,Best Customer
1830,1847,3,30093.0,19,2,6,28,13,4,16,1,0,0,1,2,356,33,69,0,5,1.0,Best Customer
1831,1848,2,57705.0,14,383,0,53,6,4,40,3,0,1,1,3,169,57,486,0,15,3.0,Good Customer
1832,1849,3,25008.0,72,2,8,8,6,1,9,2,0,1,0,2,147,35,34,0,4,0.0,Ordinary customer
1833,1850,1,83257.0,56,536,27,590,38,107,67,1,1,0,0,1,649,28,1365,14,27,2.0,Ordinary customer
1834,1851,3,22280.0,85,2,1,4,3,1,2,1,0,1,1,3,406,48,13,0,3,0.0,Ordinary customer
1835,1852,2,72159.0,62,322,53,899,34,40,53,1,0,0,1,2,608,45,1401,0,20,1.0,Best Customer
1836,1853,3,64260.0,1,539,169,816,20,0,30,1,0,0,1,2,534,62,1574,6,13,2.0,Ordinary customer
1837,1854,2,82733.0,28,712,50,420,65,38,38,1,0,0,0,1,292,39,1323,6,19,1.0,Best Customer
1838,1855,2,74290.0,70,1121,0,72,0,12,12,4,0,1,0,2,321,52,1217,5,28,0.0,Ordinary customer
1839,1856,2,58217.0,84,68,1,13,3,5,13,1,0,3,0,4,589,72,103,0,6,3.0,Good Customer
1840,1857,2,21024.0,89,36,4,18,6,2,18,1,0,0,1,2,360,47,84,0,6,2.0,Ordinary customer
1841,1858,2,70116.0,73,707,44,603,95,58,29,1,0,0,1,2,519,51,1536,0,22,2.0,Ordinary customer
1842,1859,3,54006.0,42,174,77,203,6,24,97,2,0,1,1,3,649,38,581,0,16,1.0,Best Customer
1843,1860,2,69063.0,16,666,35,124,69,8,26,1,0,1,1,3,599,57,928,0,13,1.0,Best Customer
1844,1861,1,11448.0,16,0,0,0,6,2,6,1,0,0,0,1,196,48,14,0,3,3.0,Good Customer
1845,1862,3,61825.0,56,162,50,100,55,30,27,1,0,1,0,2,326,44,424,0,14,1.0,Best Customer
1846,1863,3,70886.0,65,407,70,239,103,88,53,1,0,1,1,3,258,52,960,0,13,1.0,Best Customer
1847,1864,3,69109.0,10,823,25,459,124,29,95,1,0,0,1,2,597,41,1555,11,19,0.0,Ordinary customer
1848,1865,3,60208.0,13,488,23,71,15,0,59,11,0,2,0,3,630,50,656,10,18,2.0,Ordinary customer
1849,1866,2,32889.0,78,28,0,13,4,2,8,3,0,2,1,4,296,55,55,0,6,3.0,Good Customer
1850,1867,3,34738.0,51,3,2,10,3,0,2,1,0,1,0,2,49,39,20,0,4,2.0,Ordinary customer
1851,1868,2,30538.0,27,284,0,52,8,3,20,4,0,1,1,3,636,52,367,0,13,2.0,Ordinary customer
1852,1869,1,82326.0,30,938,142,754,159,81,183,1,0,0,1,2,111,46,2257,16,21,0.0,Ordinary customer
1853,1870,2,26642.0,71,13,2,15,2,2,8,2,0,1,0,2,120,56,42,0,5,1.0,Best Customer
1854,1871,3,69932.0,97,412,172,153,150,105,57,2,0,1,0,2,382,59,1049,0,24,3.0,Good Customer
1855,1872,3,44503.0,83,31,1,8,0,0,8,2,0,2,0,3,74,51,48,0,5,0.0,Ordinary customer
1856,1873,2,60200.0,3,502,19,132,0,6,26,6,0,1,0,2,543,75,685,0,19,1.0,Best Customer
1857,1874,3,49638.0,71,18,10,3,3,5,0,1,0,1,0,2,71,71,39,0,4,1.0,Best Customer
1858,1875,1,23830.0,3,1,8,6,4,8,16,1,0,0,0,1,142,36,43,0,4,0.0,Ordinary customer
1859,1876,2,33051.0,15,100,71,243,108,94,219,3,0,0,0,1,682,64,835,6,18,3.0,Good Customer
1860,1877,3,72905.0,52,407,114,445,181,165,203,1,0,0,1,2,159,65,1515,1,19,1.0,Best Customer
1861,1878,2,69702.0,8,664,9,240,50,19,57,2,0,1,1,3,495,72,1039,0,24,2.0,Ordinary customer
1862,1879,3,70300.0,89,1045,61,338,60,46,46,3,0,1,0,2,349,48,1596,0,23,0.0,Ordinary customer
1863,1880,2,70643.0,66,1218,107,304,23,143,33,1,0,0,1,2,622,39,1828,6,17,1.0,Best Customer
1864,1881,2,30396.0,22,15,0,6,0,1,12,2,0,1,1,3,60,54,34,9,4,1.0,Best Customer
1865,1882,2,50616.0,56,128,0,16,0,1,4,2,0,1,0,2,72,55,149,0,8,3.0,Good Customer
1866,1883,2,62772.0,74,581,49,157,43,8,108,1,0,1,0,2,406,54,946,4,22,0.0,Ordinary customer
1867,1884,2,30298.0,48,6,3,12,6,1,0,1,0,0,0,1,41,38,28,0,5,2.0,Ordinary customer
1868,1885,3,52413.0,67,185,8,133,56,56,12,2,0,1,0,2,603,39,450,0,15,2.0,Ordinary customer
1869,1886,2,44155.0,24,22,1,9,0,0,14,1,0,2,1,4,161,66,46,0,4,2.0,Ordinary customer
1870,1887,2,86979.0,67,584,100,835,65,83,35,1,0,0,0,1,234,52,1702,9,15,0.0,Ordinary customer
1871,1888,3,76532.0,38,355,30,177,90,138,30,4,0,2,1,4,293,48,820,0,21,1.0,Best Customer
1872,1889,3,42081.0,86,175,10,110,54,6,27,2,0,1,1,3,488,41,382,3,13,3.0,Good Customer
1873,1890,2,67546.0,90,864,134,768,150,38,172,1,0,0,1,2,667,35,2126,0,19,0.0,Ordinary customer
1874,1891,2,88420.0,87,957,153,612,99,95,153,1,0,0,1,2,58,34,2069,9,19,2.0,Ordinary customer
1875,1892,3,31158.0,62,25,6,16,20,0,5,2,0,1,1,3,518,38,72,0,5,0.0,Ordinary customer
1876,1893,3,61671.0,23,641,7,56,0,0,28,8,0,1,0,2,26,55,732,5,20,1.0,Best Customer
1877,1894,3,69719.0,99,273,86,208,177,14,43,1,0,0,0,1,34,49,801,0,10,1.0,Best Customer
1878,1895,3,49160.0,29,122,21,43,25,10,15,2,0,1,0,2,252,74,236,0,10,1.0,Best Customer
1879,1896,1,24882.0,52,1,4,10,29,0,36,1,0,1,1,3,658,45,80,3,4,1.0,Best Customer
1880,1897,2,90933.0,90,1020,31,430,62,63,79,1,0,0,0,1,90,69,1685,5,14,3.0,Good Customer
1881,1898,2,113734.0,9,6,2,3,1,262,3,0,0,0,0,1,32,78,277,0,27,3.0,Good Customer
1882,1899,2,59292.0,71,378,14,68,19,14,14,2,0,1,1,3,381,73,507,0,16,2.0,Ordinary customer
1883,1900,2,45759.0,13,42,1,18,3,0,4,2,0,2,1,4,491,59,68,0,5,2.0,Ordinary customer
1884,1901,3,22148.0,16,15,5,14,0,4,11,1,0,0,0,1,77,40,49,0,4,2.0,Ordinary customer
1885,1902,2,73395.0,94,272,7,80,20,7,11,1,0,0,1,2,103,36,397,0,14,0.0,Ordinary customer
1886,1903,3,29819.0,77,9,1,24,2,1,2,3,0,1,0,2,248,52,39,0,6,2.0,Ordinary customer
1887,1904,3,45688.0,20,279,0,18,0,0,9,2,0,1,1,3,155,55,306,4,12,1.0,Best Customer
1888,1905,3,62820.0,51,398,61,265,138,61,53,1,0,0,1,2,414,69,976,0,13,1.0,Best Customer
1889,1906,2,60491.0,81,637,47,237,12,19,76,4,0,1,1,3,296,52,1028,0,24,1.0,Best Customer
1890,1907,3,33235.0,71,45,0,16,2,1,6,1,0,1,1,3,144,37,70,0,6,3.0,Good Customer
1891,1908,3,35701.0,36,21,1,9,7,3,5,1,0,0,1,2,467,64,46,0,4,0.0,Ordinary customer
1892,1909,2,31535.0,95,15,4,13,0,0,19,1,0,1,1,3,276,43,51,3,4,3.0,Good Customer
1893,1910,1,92556.0,32,493,183,352,184,23,28,0,0,0,1,2,70,63,1263,0,21,1.0,Best Customer
1894,1911,3,67384.0,32,957,40,175,158,53,107,2,0,1,0,2,596,53,1490,4,20,1.0,Best Customer
1895,1912,2,80573.0,85,829,138,430,60,92,15,1,0,0,1,2,623,52,1564,0,23,3.0,Good Customer
1896,1913,3,77870.0,93,1017,50,500,65,50,133,3,0,1,1,3,676,56,1815,11,15,0.0,Ordinary customer
1897,1914,2,52278.0,24,953,0,71,0,0,174,6,0,1,0,2,520,60,1198,0,25,3.0,Good Customer
1898,1915,3,57107.0,44,159,0,120,0,0,137,7,0,1,0,2,674,55,416,12,16,0.0,Ordinary customer
1899,1916,3,18929.0,15,32,0,8,23,4,18,1,0,0,1,2,498,33,85,0,5,0.0,Ordinary customer
1900,1917,2,36038.0,82,23,0,15,0,2,7,2,0,1,0,2,394,42,47,0,6,1.0,Best Customer
1901,1918,3,20180.0,27,18,42,24,15,20,18,1,0,0,0,1,494,47,137,0,7,0.0,Ordinary customer
1902,1919,2,34230.0,72,15,0,4,0,0,2,1,0,2,1,4,550,58,21,0,3,3.0,Good Customer
1903,1920,1,31878.0,7,23,4,5,10,5,23,1,0,1,0,2,7,46,70,0,5,3.0,Good Customer
1904,1921,1,70932.0,57,200,193,100,46,185,185,2,0,1,1,3,161,51,909,0,20,0.0,Ordinary customer
1905,1922,3,91249.0,84,1324,27,119,71,108,27,0,0,0,0,1,617,67,1676,18,22,0.0,Ordinary customer
1906,1923,2,77598.0,53,1193,33,281,129,66,33,1,0,0,0,1,271,80,1735,5,25,1.0,Best Customer
1907,1924,3,80982.0,48,505,137,401,104,22,22,3,1,2,0,3,537,64,1191,0,27,0.0,Ordinary customer
1908,1925,2,22701.0,2,2,4,9,0,4,5,1,0,1,1,3,297,46,24,0,4,2.0,Ordinary customer
1909,1926,2,55212.0,65,1103,0,45,0,0,34,3,0,1,1,3,583,54,1182,6,17,1.0,Best Customer
1910,1927,3,70617.0,45,353,61,753,40,46,27,1,0,0,1,2,371,53,1280,0,13,0.0,Ordinary customer
1911,1928,3,64849.0,42,652,48,350,94,84,108,1,0,0,0,1,593,66,1336,6,18,1.0,Best Customer
1912,1929,2,62694.0,29,379,6,157,25,91,91,5,0,2,1,4,377,58,749,0,19,1.0,Best Customer
1913,1930,2,61917.0,83,46,4,36,2,2,1,1,0,2,1,4,221,49,91,0,6,1.0,Best Customer
1914,1931,2,67472.0,93,162,31,127,8,17,69,2,0,1,1,3,274,76,414,0,13,0.0,Ordinary customer
1915,1932,2,21059.0,40,8,3,19,3,3,8,3,0,1,1,3,173,41,44,0,6,0.0,Ordinary customer
1916,1933,2,29543.0,47,17,3,18,3,4,18,2,0,2,1,4,89,55,63,0,6,2.0,Ordinary customer
1917,1934,3,75903.0,50,340,108,185,130,38,100,2,0,1,1,3,447,72,901,0,21,3.0,Good Customer
1918,1935,1,34984.0,40,8,4,15,3,5,3,2,0,2,1,4,661,48,38,0,4,1.0,Best Customer
1919,1936,2,54998.0,3,154,22,202,39,30,8,5,0,1,0,2,476,67,455,6,15,1.0,Best Customer
1920,1937,2,54356.0,62,710,15,30,20,0,0,3,0,1,0,2,587,74,775,6,21,2.0,Ordinary customer
1921,1938,2,34242.0,25,8,2,4,0,0,1,1,0,1,1,3,98,64,15,0,3,1.0,Best Customer
1922,1939,3,25410.0,48,2,2,4,13,13,4,1,0,1,1,3,302,50,38,0,5,0.0,Ordinary customer
1923,1940,2,73356.0,56,1050,14,322,0,14,112,1,0,0,1,2,143,39,1512,15,21,3.0,Good Customer
1924,1941,3,28320.0,68,19,1,14,3,2,4,1,0,1,1,3,531,73,43,0,4,1.0,Best Customer
1925,1942,3,23763.0,64,22,0,6,6,2,6,1,0,1,0,2,691,46,42,0,4,0.0,Ordinary customer
1926,1943,3,72570.0,67,274,83,216,151,141,224,1,0,0,1,2,65,39,1089,0,22,1.0,Best Customer
1927,1944,2,34529.0,94,68,6,38,3,6,41,2,0,1,1,3,653,47,162,0,7,1.0,Best Customer
1928,1945,3,70792.0,82,344,45,654,104,11,114,2,0,0,0,1,508,72,1272,0,17,0.0,Ordinary customer
1929,1946,3,63211.0,3,145,193,459,205,26,145,2,0,0,1,2,604,41,1173,6,18,0.0,Ordinary customer
1930,1947,2,83891.0,24,217,38,350,111,85,15,1,0,1,1,3,9,49,816,0,21,2.0,Ordinary customer
1931,1948,3,36065.0,54,18,7,34,10,2,3,3,0,2,0,3,455,55,74,0,6,1.0,Best Customer
1932,1949,3,39898.0,20,69,8,26,12,7,12,2,0,1,1,3,502,69,134,0,7,3.0,Good Customer
1933,1950,2,51141.0,96,144,0,7,0,0,6,1,0,0,0,1,356,83,157,0,8,1.0,Best Customer
1934,1951,3,56939.0,19,256,34,103,90,29,49,2,0,1,1,3,284,47,561,0,16,1.0,Best Customer
1935,1952,3,80872.0,60,483,72,567,94,12,108,1,0,0,0,1,48,72,1336,0,18,1.0,Best Customer
1936,1953,2,72335.0,2,1285,105,653,28,21,0,1,0,0,1,2,685,47,2092,6,22,3.0,Good Customer
1937,1954,2,61798.0,13,338,4,89,11,8,13,1,0,0,0,1,218,59,463,0,15,2.0,Ordinary customer
1938,1955,2,76842.0,37,605,10,345,84,54,32,1,0,0,0,1,57,73,1130,0,16,0.0,Ordinary customer
1939,1956,3,29478.0,59,8,0,7,3,1,1,1,0,1,1,3,163,47,20,0,4,0.0,Ordinary customer
1940,1957,3,46998.0,55,172,41,86,45,6,27,5,0,1,0,2,615,67,377,3,13,0.0,Ordinary customer
1941,1958,3,96843.0,60,448,71,951,40,17,17,1,0,0,0,1,432,33,1544,11,27,3.0,Good Customer
1942,1959,2,56551.0,48,67,4,32,17,2,16,3,0,2,0,3,53,73,138,0,7,1.0,Best Customer
1943,1960,2,70053.0,38,512,53,98,81,179,89,3,0,1,1,3,361,58,1012,0,23,0.0,Ordinary customer
1944,1961,2,71670.0,8,1462,16,128,0,0,160,1,0,0,0,1,355,61,1766,17,14,0.0,Ordinary customer
1945,1962,3,44359.0,19,20,0,14,7,3,1,3,0,2,1,4,12,45,45,0,6,2.0,Ordinary customer
1946,1963,3,40887.0,32,50,4,44,10,10,43,3,0,2,0,3,419,71,161,6,7,0.0,Ordinary customer
1947,1964,3,48877.0,27,102,1,15,2,0,24,1,0,1,0,2,175,57,144,0,7,2.0,Ordinary customer
1948,1965,3,74485.0,58,499,149,815,173,49,49,1,0,0,1,2,309,76,1734,0,25,1.0,Best Customer
1949,1966,3,64474.0,59,381,35,172,56,86,93,2,0,1,1,3,250,51,823,0,20,0.0,Ordinary customer
1950,1967,3,77226.0,29,631,43,239,128,76,21,2,0,1,1,3,121,60,1138,0,26,3.0,Good Customer
1951,1968,3,72643.0,60,526,80,553,123,94,53,1,0,0,0,1,487,74,1429,7,20,0.0,Ordinary customer
1952,1969,2,85738.0,41,913,26,376,17,26,13,1,0,0,1,2,157,45,1371,9,20,0.0,Ordinary customer
1953,1970,3,55686.0,27,673,0,199,37,47,26,2,0,1,0,2,500,57,982,3,14,2.0,Ordinary customer
1954,1971,3,39062.0,28,23,0,9,0,0,12,1,0,1,0,2,96,40,44,3,4,0.0,Ordinary customer
1955,1972,3,34600.0,8,199,33,60,8,3,15,5,0,2,1,4,544,52,318,6,12,0.0,Ordinary customer
1956,1973,3,40794.0,18,261,23,73,4,23,50,2,0,1,1,3,448,48,434,0,14,1.0,Best Customer
1957,1974,1,54690.0,76,111,16,37,7,9,18,3,0,2,1,4,234,52,198,0,9,0.0,Ordinary customer
1958,1975,3,4428.0,0,16,4,12,2,4,321,0,0,1,1,3,267,54,359,0,25,1.0,Best Customer
1959,1976,1,32632.0,32,63,151,137,153,19,53,2,0,0,1,2,696,60,576,0,16,1.0,Best Customer
1960,1977,2,38236.0,2,58,0,18,2,0,10,4,0,2,0,3,282,55,88,0,7,0.0,Ordinary customer
1961,1978,3,36781.0,16,29,1,17,0,3,13,1,0,1,1,3,80,44,63,6,5,1.0,Best Customer
1962,1979,2,31385.0,56,3,2,12,0,1,9,1,0,1,0,2,571,39,27,9,3,1.0,Best Customer
1963,1980,3,24570.0,97,28,34,62,11,14,44,3,0,1,1,3,487,39,193,0,8,3.0,Good Customer
1964,1981,2,25509.0,15,40,3,30,10,7,11,3,0,1,0,2,649,49,101,6,6,0.0,Ordinary customer
1965,1982,3,94642.0,35,879,143,797,106,143,143,0,0,0,1,2,137,72,2211,6,21,2.0,Ordinary customer
1966,1983,2,58646.0,3,62,1,44,6,5,22,1,0,1,1,3,384,61,140,0,7,2.0,Ordinary customer
1967,1984,3,53201.0,49,280,7,81,20,0,27,8,0,2,0,3,502,48,415,0,14,2.0,Ordinary customer
1968,1985,3,21994.0,4,9,0,6,3,1,3,1,0,1,1,3,552,66,22,0,3,0.0,Ordinary customer
1969,1986,3,57113.0,45,182,4,33,0,2,42,6,0,2,1,4,508,45,263,0,10,2.0,Ordinary customer
1970,1987,3,51373.0,37,83,2,101,64,26,117,1,0,0,1,2,372,32,393,0,11,0.0,Ordinary customer
1971,1988,3,23477.0,39,38,15,54,3,8,29,3,0,1,1,3,251,37,147,0,7,0.0,Ordinary customer
1972,1989,3,58116.0,38,228,19,130,4,11,51,2,0,1,1,3,77,67,443,0,14,1.0,Best Customer
1973,1990,2,72968.0,8,1092,37,592,145,37,55,1,0,0,0,1,195,60,1958,7,18,3.0,Good Customer
1974,1991,2,39791.0,89,85,15,27,13,13,21,2,0,1,1,3,458,52,174,0,8,2.0,Ordinary customer
1975,1992,2,91712.0,47,1276,24,746,94,29,48,0,0,0,0,1,255,76,2217,11,27,3.0,Good Customer
1976,1993,3,94472.0,75,1017,33,417,108,100,16,1,0,1,0,2,87,65,1691,9,15,1.0,Best Customer
1977,1994,3,13672.0,86,6,2,9,2,1,5,2,0,2,1,4,438,63,25,0,4,2.0,Ordinary customer
1978,1995,1,96547.0,4,448,21,125,52,101,62,0,0,0,1,2,37,43,809,15,21,1.0,Best Customer
1979,1996,3,79205.0,73,504,23,117,179,28,44,1,0,0,1,2,669,48,895,7,15,1.0,Best Customer
1980,1997,2,56559.0,46,226,22,133,41,31,31,3,0,1,1,3,551,48,484,0,15,1.0,Best Customer
1981,1998,2,32644.0,38,239,3,141,0,7,23,4,0,1,1,3,529,50,413,3,14,0.0,Ordinary customer
1982,1999,1,67506.0,73,90,38,67,33,36,67,1,0,1,0,2,178,43,331,0,11,2.0,Ordinary customer
1983,2000,3,24206.0,66,7,2,8,3,2,3,1,0,1,0,2,478,53,25,0,4,0.0,Ordinary customer
1984,2001,2,28420.0,36,4,2,5,2,0,0,1,0,1,0,2,187,56,13,0,3,0.0,Ordinary customer
1985,2002,3,22979.0,29,16,17,19,20,21,22,3,0,1,1,3,661,53,115,6,7,0.0,Ordinary customer
1986,2003,3,33279.0,29,10,3,3,0,0,0,1,0,0,0,1,17,57,16,0,3,0.0,Ordinary customer
1987,2004,2,46423.0,6,68,0,16,0,0,8,3,0,2,0,3,284,51,92,0,6,0.0,Ordinary customer
1988,2005,3,30368.0,97,35,0,13,2,0,2,2,0,1,1,3,234,46,52,0,5,0.0,Ordinary customer
1989,2006,3,63684.0,61,575,80,428,208,93,80,3,0,1,1,3,580,53,1464,0,20,3.0,Good Customer
1990,2007,3,41638.0,68,315,0,31,4,0,91,4,0,1,0,2,501,59,441,3,13,3.0,Good Customer
1991,2008,2,68805.0,73,182,2,49,17,13,20,1,0,1,0,2,285,64,283,0,11,0.0,Ordinary customer
1992,2009,2,65814.0,90,561,14,113,10,14,35,3,0,1,1,3,119,57,747,0,20,0.0,Ordinary customer
1993,2010,3,71964.0,81,587,51,932,180,34,86,1,0,0,0,1,405,65,1870,0,16,2.0,Ordinary customer
1994,2011,3,39146.0,1,94,1,33,13,12,12,3,0,1,0,2,500,37,165,0,8,3.0,Good Customer
1995,2012,3,96876.0,79,908,43,735,40,194,21,1,0,0,1,2,327,46,1941,16,23,0.0,Ordinary customer
1996,2013,1,34445.0,92,228,122,122,208,129,30,6,0,0,1,2,518,42,839,0,21,3.0,Good Customer
1997,2014,3,68281.0,31,995,112,417,42,48,41,1,0,0,0,1,691,65,1655,6,24,3.0,Good Customer
1998,2015,1,37284.0,46,11,1,2,2,1,6,1,0,2,1,4,457,48,23,0,3,0.0,Ordinary customer
1999,2016,3,36790.0,14,3,3,14,15,21,10,1,0,0,1,2,485,40,66,6,5,1.0,Best Customer
2000,2017,3,27943.0,89,12,1,16,4,1,3,3,0,2,1,4,440,56,37,0,5,0.0,Ordinary customer
2001,2018,3,22263.0,31,17,0,2,0,0,2,2,1,2,0,3,91,72,21,0,4,0.0,Ordinary customer
2002,2019,3,30261.0,75,8,0,5,0,3,6,1,0,3,1,5,642,51,22,0,3,3.0,Good Customer
2003,2020,3,28587.0,42,22,4,17,12,10,13,3,0,1,1,3,137,45,78,0,6,3.0,Good Customer
2004,2021,2,43815.0,53,14,10,29,4,7,15,1,0,1,1,3,450,41,79,0,5,0.0,Ordinary customer
2005,2022,3,48195.0,53,106,27,68,52,7,5,6,0,2,1,4,159,67,265,0,11,1.0,Best Customer
2006,2023,2,77027.0,23,820,57,242,45,0,11,2,0,1,1,3,144,71,1175,0,17,1.0,Best Customer
2007,2024,2,71322.0,57,753,43,226,69,10,204,2,0,1,1,3,498,58,1305,0,26,3.0,Good Customer
2008,2025,2,32765.0,49,13,3,17,7,3,3,2,0,1,1,3,126,44,46,0,6,0.0,Ordinary customer
2009,2026,3,29672.0,6,9,1,3,0,4,8,1,0,2,1,4,474,58,25,0,3,0.0,Ordinary customer
2010,2027,3,23272.0,29,19,3,6,4,2,12,1,0,0,0,1,255,70,46,0,4,3.0,Good Customer
2011,2028,2,49912.0,5,520,8,223,32,49,42,4,0,1,1,3,660,74,874,9,22,2.0,Ordinary customer
2012,2029,1,7500.0,98,5,17,17,13,14,34,4,0,1,1,3,697,38,100,0,6,0.0,Ordinary customer
2013,2030,2,68117.0,80,618,44,215,0,17,36,2,0,1,0,2,476,76,930,9,23,1.0,Best Customer
2014,2031,3,67225.0,4,315,35,322,46,7,143,3,0,1,1,3,215,68,868,0,20,1.0,Best Customer
2015,2032,3,17649.0,70,15,1,23,0,5,1,3,0,1,1,3,229,47,45,0,6,1.0,Best Customer
2016,2033,3,55914.0,32,384,60,364,119,101,232,4,0,1,1,3,426,48,1260,0,25,0.0,Ordinary customer
2017,2034,3,40059.0,82,110,29,92,28,10,145,1,0,1,1,3,274,39,414,3,11,3.0,Good Customer
2018,2035,3,60905.0,27,208,17,76,36,17,38,2,0,1,1,3,206,73,392,0,13,1.0,Best Customer
2019,2036,3,75330.0,94,555,82,257,93,61,61,4,0,2,1,4,633,46,1109,0,25,0.0,Ordinary customer
2020,2037,3,60689.0,23,240,90,216,63,6,24,4,0,1,0,2,393,72,639,0,18,0.0,Ordinary customer
2021,2038,3,38680.0,97,11,0,36,15,5,12,1,0,1,1,3,458,39,79,0,5,2.0,Ordinary customer
2022,2039,3,61416.0,25,848,154,323,201,61,78,1,0,0,1,2,506,41,1665,3,23,1.0,Best Customer
2023,2040,3,49767.0,92,202,47,197,55,42,149,1,0,0,0,1,423,32,692,0,17,1.0,Best Customer
2024,2041,3,83273.0,98,433,89,650,16,102,102,10,0,3,0,4,642,53,1392,0,19,3.0,Good Customer
2025,2042,3,29009.0,19,6,6,15,10,5,2,2,0,1,1,3,212,42,44,0,5,0.0,Ordinary customer
2026,2043,2,45057.0,80,37,0,7,3,0,3,1,0,1,1,3,210,44,50,0,5,1.0,Best Customer
2027,2044,3,37150.0,80,167,37,64,49,34,116,8,0,1,1,3,656,52,467,0,13,0.0,Ordinary customer
2028,2045,3,43020.0,79,45,7,99,4,25,43,3,0,1,0,2,211,53,223,0,9,3.0,Good Customer
2029,2046,3,53154.0,50,129,0,21,0,1,7,1,0,1,1,3,20,64,158,0,8,3.0,Good Customer
2030,2047,3,65308.0,60,713,0,264,120,80,34,1,0,0,1,2,291,50,1211,6,27,2.0,Ordinary customer
2031,2048,3,76467.0,44,676,161,426,210,44,58,2,0,1,0,2,681,53,1575,6,12,3.0,Good Customer
2032,2049,1,81044.0,0,450,26,535,73,98,26,1,0,0,1,2,184,76,1208,0,21,0.0,Ordinary customer
2033,2050,3,32871.0,28,22,2,12,0,2,5,1,0,2,1,4,477,72,43,0,4,0.0,Ordinary customer
2034,2051,3,55801.0,35,367,4,51,6,4,95,6,0,2,0,3,280,48,527,1,15,3.0,Good Customer
2035,2052,3,76320.0,49,526,35,214,69,53,35,2,0,1,0,2,7,64,932,0,13,1.0,Best Customer
2036,2053,2,36927.0,46,51,0,16,0,0,4,2,0,2,0,3,27,68,71,0,6,0.0,Ordinary customer
2037,2054,3,48794.0,97,25,0,11,3,0,15,1,0,2,1,4,3,70,54,0,4,1.0,Best Customer
2038,2055,3,23478.0,51,28,6,27,12,17,39,1,0,0,0,1,467,58,129,0,6,1.0,Best Customer
2039,2056,3,71128.0,80,958,159,447,20,0,31,3,0,1,0,2,631,50,1615,0,24,3.0,Good Customer
2040,2057,2,70179.0,10,532,88,168,69,44,133,3,0,1,0,2,343,47,1034,0,23,0.0,Ordinary customer
2041,2058,3,59462.0,29,724,17,143,0,8,196,2,0,1,1,3,540,73,1088,0,23,2.0,Ordinary customer
2042,2060,3,38361.0,74,39,0,56,20,8,14,3,0,1,1,3,184,54,137,0,7,3.0,Good Customer
2043,2062,2,70038.0,54,587,54,348,71,54,130,1,0,0,1,2,247,41,1244,0,16,3.0,Good Customer
2044,2063,3,42554.0,93,29,1,11,0,0,0,2,0,2,1,4,533,45,41,0,5,1.0,Best Customer
2045,2064,3,67445.0,63,757,80,217,29,80,11,5,0,1,1,3,686,49,1174,0,27,1.0,Best Customer
2046,2065,3,67046.0,92,544,35,133,23,151,107,2,0,1,0,2,539,72,993,0,13,2.0,Ordinary customer
2047,2066,3,42192.0,40,40,15,15,17,6,7,1,0,0,1,2,296,75,100,0,6,0.0,Ordinary customer
2048,2067,2,77610.0,70,1245,33,332,21,33,16,2,0,1,1,3,608,71,1680,0,15,3.0,Good Customer
2049,2068,3,31761.0,96,19,1,20,16,14,28,2,0,1,1,3,85,39,98,0,7,2.0,Ordinary customer
2050,2069,3,34350.0,81,16,3,15,2,1,11,1,0,1,1,3,253,44,48,0,4,0.0,Ordinary customer
2051,2070,3,54591.0,63,376,4,94,12,9,24,3,0,1,1,3,328,74,519,0,16,1.0,Best Customer
2052,2071,3,71866.0,85,184,178,178,103,39,33,1,0,1,1,3,186,67,715,0,19,3.0,Good Customer
2053,2072,3,25293.0,51,15,0,11,0,2,9,1,0,1,1,3,287,54,37,0,4,0.0,Ordinary customer
2054,2073,2,42000.0,23,124,83,267,85,59,35,2,0,0,0,1,535,36,653,6,18,1.0,Best Customer
2055,2074,3,69520.0,95,627,120,414,121,80,93,1,0,0,1,2,357,40,1455,0,20,0.0,Ordinary customer
2056,2075,3,64713.0,11,180,60,241,13,54,54,2,0,1,0,2,142,53,602,6,17,1.0,Best Customer
2057,2076,2,27889.0,42,14,0,4,0,0,8,1,0,1,1,3,359,46,26,0,4,3.0,Good Customer
2058,2077,1,22123.0,77,3,3,24,34,7,31,1,0,0,0,1,94,63,102,0,6,0.0,Ordinary customer
2059,2080,3,27803.0,40,8,26,46,38,9,49,2,0,1,1,3,672,50,176,0,7,3.0,Good Customer
2060,2082,3,51651.0,32,293,6,23,13,6,92,4,0,1,1,3,599,63,433,0,13,0.0,Ordinary customer
2061,2083,3,68487.0,48,758,12,385,33,89,89,1,0,0,1,2,532,35,1366,0,29,0.0,Ordinary customer
2062,2085,3,56796.0,24,656,38,161,62,47,37,3,0,1,1,3,498,54,1001,0,24,0.0,Ordinary customer
2063,2086,1,87000.0,61,196,25,607,67,17,49,1,0,0,1,2,561,31,961,0,17,1.0,Best Customer
2064,2087,3,79823.0,6,835,73,380,114,73,43,1,0,1,1,3,90,64,1518,4,22,3.0,Good Customer
2065,2088,3,30828.0,16,16,11,15,2,0,12,2,0,1,0,2,268,43,56,0,6,3.0,Good Customer
2066,2089,2,34109.0,39,9,1,5,2,1,4,1,0,1,1,3,235,52,22,0,3,0.0,Ordinary customer
2067,2090,2,53367.0,2,229,7,140,10,3,11,7,0,2,0,3,302,49,400,6,14,0.0,Ordinary customer
2068,2091,1,22390.0,49,0,1,4,15,1,5,1,0,0,1,2,251,54,26,0,3,3.0,Good Customer
2069,2092,3,71322.0,31,121,24,124,24,15,42,1,0,1,1,3,58,47,350,0,12,3.0,Good Customer
2070,2093,3,79244.0,58,471,102,125,212,61,245,1,0,0,0,1,557,30,1216,12,21,0.0,Ordinary customer
2071,2094,2,49912.0,5,520,8,223,32,49,42,4,0,1,1,3,660,74,874,9,22,3.0,Good Customer
2072,2095,2,48699.0,90,26,1,10,2,0,1,1,0,2,1,4,404,73,40,0,4,1.0,Best Customer
2073,2096,3,80144.0,47,240,132,445,250,192,108,1,0,0,1,2,272,48,1367,0,18,2.0,Ordinary customer
2074,2097,3,54252.0,25,178,4,26,8,4,44,5,0,2,0,3,397,67,264,0,10,0.0,Ordinary customer
2075,2098,2,81929.0,60,1486,55,278,49,0,185,2,0,1,1,3,638,47,2053,14,18,0.0,Ordinary customer
2076,2099,3,76068.0,67,1115,12,128,33,12,76,1,0,1,1,3,577,48,1376,6,9,0.0,Ordinary customer
2077,2100,2,53204.0,40,29,0,8,2,0,6,1,0,2,1,4,101,47,45,0,4,3.0,Good Customer
2078,2101,2,67911.0,63,529,0,356,63,28,0,3,0,1,1,3,38,74,976,0,24,0.0,Ordinary customer
2079,2102,1,14796.0,1,13,3,8,7,4,16,2,0,1,1,3,650,39,51,6,4,1.0,Best Customer
2080,2103,2,78128.0,89,934,24,230,16,24,36,2,0,1,1,3,130,49,1264,9,18,3.0,Good Customer
2081,2104,1,14188.0,40,2,7,11,16,12,27,1,0,0,1,2,486,51,75,0,6,1.0,Best Customer
2082,2105,1,20425.0,5,4,12,5,3,16,17,2,0,1,1,3,608,37,57,0,5,3.0,Good Customer
2083,2106,2,58646.0,3,62,1,44,6,5,22,1,0,1,1,3,384,61,140,0,7,0.0,Ordinary customer
2084,2107,3,72967.0,1,158,35,179,0,0,125,2,0,1,0,2,561,53,497,9,17,2.0,Ordinary customer
2085,2108,2,48150.0,24,173,2,39,3,2,47,3,0,1,1,3,386,74,266,0,10,1.0,Best Customer
2086,2109,3,82332.0,89,830,59,968,51,79,19,1,0,0,0,1,650,62,2006,11,20,2.0,Ordinary customer
2087,2110,3,58275.0,48,189,10,253,56,43,64,6,0,2,0,3,392,68,615,0,17,0.0,Ordinary customer
2088,2111,2,44953.0,31,728,17,133,11,8,124,1,0,0,1,2,555,42,1021,3,23,1.0,Best Customer
2089,2112,3,34587.0,68,7,2,9,2,0,2,2,0,2,1,4,44,70,22,0,4,0.0,Ordinary customer
2090,2113,2,43018.0,46,35,4,17,7,6,64,1,0,1,1,3,240,49,133,0,6,0.0,Ordinary customer
2091,2114,2,45736.0,92,188,3,180,20,3,43,5,0,1,1,3,340,69,437,0,14,2.0,Ordinary customer
2092,2115,2,66476.0,80,742,28,152,25,9,57,2,0,1,1,3,207,54,1013,0,24,2.0,Ordinary customer
2093,2116,1,27733.0,16,0,7,5,26,2,17,2,0,1,1,3,307,42,57,0,5,2.0,Ordinary customer
2094,2117,2,69805.0,50,750,71,174,13,10,20,2,0,1,1,3,159,71,1038,0,25,2.0,Ordinary customer
2095,2118,2,72217.0,93,816,42,450,55,56,154,1,0,0,0,1,445,61,1573,0,21,0.0,Ordinary customer
2096,2119,3,25818.0,51,5,2,8,2,2,9,1,0,1,0,2,619,52,28,0,3,0.0,Ordinary customer
2097,2120,2,37509.0,24,37,5,56,12,8,5,2,0,1,1,3,655,47,123,0,7,2.0,Ordinary customer
2098,2121,1,25176.0,79,4,0,4,0,0,5,1,0,2,1,4,323,47,13,0,3,3.0,Good Customer
2099,2122,3,43586.0,26,99,2,11,4,0,16,3,0,1,1,3,668,43,132,0,7,1.0,Best Customer
2100,2123,1,53230.0,86,176,72,98,136,21,229,4,0,1,1,3,695,67,732,0,19,0.0,Ordinary customer
2101,2124,3,50116.0,68,54,0,10,0,0,2,2,0,2,1,4,9,66,66,4,5,0.0,Ordinary customer
2102,2125,3,84906.0,98,997,15,414,99,30,76,1,0,0,1,2,268,51,1631,11,23,0.0,Ordinary customer
2103,2126,3,61286.0,34,356,0,107,19,9,117,2,0,1,1,3,331,57,608,0,16,0.0,Ordinary customer
2104,2127,2,82333.0,60,1311,0,359,46,89,17,1,0,0,1,2,456,37,1822,11,17,0.0,Ordinary customer
2105,2128,2,65220.0,3,890,63,292,0,25,12,4,0,0,1,2,664,58,1282,6,19,1.0,Best Customer
2106,2129,3,33590.0,65,4,0,2,0,0,2,1,0,3,1,5,238,49,8,0,3,0.0,Ordinary customer
2107,2130,3,30992.0,83,17,0,14,7,3,2,1,0,1,0,2,433,47,43,0,4,0.0,Ordinary customer
2108,2131,2,72309.0,64,960,0,883,50,38,0,1,0,0,0,1,475,47,1931,7,19,0.0,Ordinary customer
2109,2132,2,156924.0,85,2,1,2,1,1,1,0,0,0,1,2,304,74,8,0,0,0.0,Ordinary customer
2110,2133,1,16005.0,69,1,3,2,20,30,47,3,0,1,1,3,684,43,103,0,5,0.0,Ordinary customer
2111,2134,2,65487.0,48,240,67,500,199,0,163,3,0,0,0,1,170,66,1169,0,14,0.0,Ordinary customer
2112,2135,3,58692.0,21,301,11,61,4,7,11,1,0,1,1,3,84,58,395,0,14,3.0,Good Customer
2113,2136,3,40590.0,30,154,0,50,6,11,37,5,0,2,0,3,270,54,258,3,10,2.0,Ordinary customer
2114,2137,3,20587.0,39,2,3,6,4,1,9,1,0,1,0,2,49,53,25,0,4,3.0,Good Customer
2115,2138,2,62637.0,76,104,12,48,4,12,5,1,0,1,0,2,120,69,185,0,9,0.0,Ordinary customer
2116,2139,2,29435.0,11,70,3,37,4,2,64,4,0,2,0,3,692,57,180,6,7,3.0,Good Customer
2117,2140,3,19346.0,26,2,0,9,3,6,2,1,0,1,0,2,150,49,22,0,4,1.0,Best Customer
2118,2141,3,35788.0,34,23,2,11,3,1,4,2,0,2,1,4,157,52,44,0,5,2.0,Ordinary customer
2119,2142,3,36997.0,72,43,4,12,8,0,27,5,0,2,0,3,513,55,94,0,7,2.0,Ordinary customer
2120,2143,3,23539.0,13,4,24,11,16,1,25,1,0,0,1,2,121,66,81,0,6,1.0,Best Customer
2121,2144,3,65333.0,58,654,7,92,0,15,30,7,0,1,0,2,163,50,798,9,21,1.0,Best Customer
2122,2145,3,78499.0,12,912,72,170,47,36,97,1,0,0,0,1,218,66,1334,11,18,1.0,Best Customer
2123,2146,2,29732.0,23,25,0,8,0,1,4,1,0,1,1,3,96,52,38,0,4,0.0,Ordinary customer
2124,2147,2,41275.0,33,24,4,22,0,2,9,4,0,3,1,5,97,63,61,0,7,2.0,Ordinary customer
2125,2148,2,63516.0,30,141,11,114,15,14,5,4,0,2,1,4,358,50,300,0,12,1.0,Best Customer
2126,2149,2,42769.0,15,71,0,13,3,1,0,2,0,1,1,3,260,61,88,0,6,1.0,Best Customer
2127,2150,2,49572.0,25,35,1,16,0,1,1,2,0,2,1,4,196,65,54,0,5,3.0,Good Customer
2128,2151,3,69209.0,4,496,32,849,229,48,128,2,0,0,1,2,650,51,1782,1,14,3.0,Good Customer
2129,2152,3,17148.0,80,9,9,11,13,10,16,4,0,1,1,3,152,47,68,0,7,1.0,Best Customer
2130,2153,3,40590.0,30,154,0,50,6,11,37,5,0,2,0,3,270,54,258,3,10,1.0,Best Customer
2131,2154,2,30560.0,6,9,1,5,4,5,7,1,0,1,1,3,367,47,31,0,4,2.0,Ordinary customer
2132,2155,1,32146.0,16,26,3,23,4,7,3,2,0,1,1,3,48,40,66,0,6,3.0,Good Customer
2133,2156,1,41713.0,57,77,8,44,10,10,25,5,0,2,0,3,61,59,174,0,8,0.0,Ordinary customer
2134,2157,2,34176.0,9,11,2,7,4,2,2,1,0,1,1,3,158,48,28,0,4,0.0,Ordinary customer
2135,2158,2,58482.0,59,576,7,115,19,7,7,2,0,1,1,3,109,68,731,4,20,3.0,Good Customer
2136,2159,3,59686.0,78,89,15,89,34,42,5,1,0,1,0,2,155,58,274,0,11,2.0,Ordinary customer
2137,2160,2,60896.0,90,1013,30,399,60,46,153,3,0,1,1,3,626,59,1701,6,23,2.0,Ordinary customer
2138,2161,3,62994.0,74,224,12,48,4,12,12,1,0,1,1,3,117,43,312,0,12,0.0,Ordinary customer
2139,2162,3,47320.0,10,200,19,111,50,15,19,6,0,1,1,3,332,66,414,0,14,3.0,Good Customer
2140,2163,1,74859.0,63,570,73,614,133,102,73,1,0,0,0,1,391,74,1565,1,22,3.0,Good Customer
2141,2164,1,15253.0,13,1,3,3,8,1,13,2,0,1,0,2,244,31,29,0,4,1.0,Best Customer
2142,2165,2,31560.0,98,62,1,20,4,0,7,2,0,1,0,2,370,49,94,0,6,1.0,Best Customer
2143,2166,3,72071.0,4,531,69,300,150,138,150,3,0,1,0,2,500,69,1338,0,17,0.0,Ordinary customer
2144,2167,2,91172.0,94,162,28,818,0,28,56,0,0,0,0,1,459,33,1092,17,14,1.0,Best Customer
2145,2168,3,90000.0,91,675,144,133,94,192,241,1,0,0,1,2,188,39,1479,9,17,0.0,Ordinary customer
2146,2169,3,41967.0,66,23,4,10,0,2,15,1,0,2,0,3,218,42,54,0,4,2.0,Ordinary customer
2147,2170,3,69263.0,14,492,5,32,13,5,21,1,0,1,0,2,116,58,568,4,17,1.0,Best Customer
2148,2171,1,65706.0,77,918,10,129,13,0,129,1,0,0,0,1,366,53,1199,17,26,1.0,Best Customer
2149,2172,3,60934.0,41,224,155,155,192,93,54,2,0,1,1,3,163,48,873,0,21,0.0,Ordinary customer
2150,2173,3,71965.0,21,572,19,286,50,38,248,3,0,1,1,3,335,72,1213,0,14,2.0,Ordinary customer
2151,2174,3,65210.0,25,626,0,70,0,7,28,2,0,1,1,3,111,68,731,5,20,3.0,Good Customer
2152,2175,2,79174.0,2,1074,37,518,193,92,129,1,0,0,1,2,534,48,2043,12,18,3.0,Good Customer
2153,2176,2,81380.0,51,741,68,689,224,68,103,1,0,0,0,1,554,56,1893,0,16,0.0,Ordinary customer
2154,2177,2,48432.0,3,322,3,50,4,3,42,5,0,1,0,2,619,50,424,0,14,2.0,Ordinary customer
2155,2178,3,52914.0,32,254,10,44,30,10,227,2,0,1,1,3,538,52,575,3,13,3.0,Good Customer
2156,2179,3,38946.0,84,116,6,82,6,6,41,2,0,1,1,3,248,68,257,0,10,3.0,Good Customer
2157,2180,3,26067.0,49,22,2,18,0,2,12,3,0,1,1,3,237,49,56,0,6,1.0,Best Customer
2158,2181,2,44325.0,69,516,0,21,0,0,5,4,0,1,1,3,479,51,542,4,17,2.0,Ordinary customer
2159,2182,3,42523.0,96,14,36,11,3,26,35,1,0,0,1,2,67,59,125,0,6,0.0,Ordinary customer
2160,2183,1,26487.0,23,2,8,10,12,14,23,3,0,1,0,2,405,45,69,0,6,1.0,Best Customer
2161,2184,1,53233.0,18,28,0,9,3,0,0,1,0,1,1,3,103,66,40,0,4,0.0,Ordinary customer
2162,2185,3,67716.0,8,530,142,217,62,9,56,4,0,1,1,3,535,63,1016,4,24,0.0,Ordinary customer
2163,2186,2,76234.0,21,519,50,167,130,0,41,1,0,1,1,3,143,51,907,4,22,0.0,Ordinary customer
2164,2187,2,84117.0,60,611,76,749,59,45,26,1,0,0,1,2,49,67,1566,5,23,3.0,Good Customer
2165,2188,2,65487.0,48,240,67,500,199,0,163,3,0,0,1,2,170,66,1169,0,14,1.0,Best Customer
2166,2189,1,25224.0,36,4,9,12,11,2,8,2,0,1,1,3,105,51,46,0,5,0.0,Ordinary customer
2167,2190,2,89616.0,36,671,47,655,145,111,15,1,0,0,0,1,489,40,1644,6,24,1.0,Best Customer
2168,2191,3,40851.0,63,23,1,7,0,4,24,1,0,2,0,3,493,52,59,0,4,0.0,Ordinary customer
2169,2192,3,27469.0,2,9,1,2,3,2,0,1,0,0,1,2,696,76,17,0,3,0.0,Ordinary customer
2170,2193,1,82347.0,38,556,54,845,202,133,63,1,0,0,1,2,600,66,1853,10,24,0.0,Ordinary customer
2171,2194,3,73803.0,61,833,80,363,52,26,174,2,0,1,1,3,697,66,1528,9,20,1.0,Best Customer
2172,2195,2,8820.0,52,12,0,13,4,2,4,4,0,2,0,3,464,71,35,0,6,0.0,Ordinary customer
2173,2196,3,43322.0,25,56,7,48,10,2,18,1,0,0,0,1,69,49,141,0,7,0.0,Ordinary customer
2174,2197,3,55593.0,63,293,8,124,11,4,106,2,0,1,1,3,312,50,546,3,15,0.0,Ordinary customer
2175,2198,3,50501.0,10,297,0,38,13,0,152,7,0,2,1,4,376,69,500,9,13,1.0,Best Customer
2176,2199,3,37085.0,65,39,1,16,2,0,3,4,0,2,1,4,3,48,61,0,6,0.0,Ordinary customer
2177,2200,1,16185.0,71,5,11,16,21,8,45,2,0,1,0,2,328,33,106,0,6,0.0,Ordinary customer
2178,2201,3,57731.0,0,266,21,300,65,8,44,4,0,1,0,2,583,54,704,0,22,2.0,Ordinary customer
2179,2202,2,48432.0,3,322,3,50,4,3,42,5,0,1,0,2,619,50,424,6,14,3.0,Good Customer
2180,2203,3,73807.0,88,366,124,156,71,78,54,2,0,1,1,3,543,45,849,0,21,3.0,Good Customer
2181,2204,3,18929.0,15,32,0,8,23,4,18,1,0,0,1,2,498,33,85,0,5,3.0,Good Customer
2182,2205,3,35893.0,80,158,0,23,0,0,18,6,0,2,0,3,622,55,199,0,9,0.0,Ordinary customer
2183,2206,3,61014.0,17,269,129,495,182,43,29,4,0,1,1,3,687,43,1147,0,16,2.0,Ordinary customer
2184,2207,3,32144.0,76,41,0,10,0,0,3,4,0,2,1,4,98,69,54,4,6,3.0,Good Customer
2185,2208,1,14918.0,52,3,3,3,15,4,15,1,0,1,1,3,569,60,43,0,4,2.0,Ordinary customer
2186,2209,3,45146.0,28,33,0,5,0,0,15,2,0,2,0,3,349,60,53,0,4,0.0,Ordinary customer
2187,2210,1,41769.0,31,302,29,131,32,0,27,6,0,1,0,2,501,68,521,0,16,1.0,Best Customer
2188,2211,3,88325.0,42,519,71,860,93,27,53,1,0,0,1,2,144,42,1623,0,17,0.0,Ordinary customer
2189,2212,2,38054.0,24,23,2,17,2,1,0,2,0,2,0,3,59,73,45,0,5,1.0,Best Customer
2190,2213,1,80617.0,42,594,51,631,72,55,32,1,0,0,0,1,625,28,1435,0,18,3.0,Good Customer
2191,2214,3,5305.0,12,12,4,7,1,3,5,0,0,1,1,3,334,47,32,0,1,0.0,Ordinary customer
2192,2215,3,36807.0,88,4,2,5,0,0,5,1,0,2,1,4,556,69,16,0,3,,
2193,2216,3,28427.0,67,18,3,19,3,3,6,2,0,1,1,3,465,40,52,0,5,,
2194,2217,2,82032.0,54,332,194,377,149,125,57,0,0,0,0,1,85,75,1234,0,17,,
2195,2218,3,22775.0,40,5,1,8,0,0,1,1,0,1,1,3,375,45,15,0,3,,
2196,2219,2,40101.0,73,171,3,129,26,24,62,4,0,1,1,3,623,38,415,0,13,,
2197,2220,3,58025.0,81,270,31,88,11,48,22,3,0,1,1,3,215,44,470,0,15,,
2198,2221,2,75777.0,12,712,26,538,69,13,80,1,0,0,0,1,360,41,1438,15,20,,
2199,2222,1,7500.0,7,2,8,11,3,8,21,4,0,1,1,3,418,44,53,0,7,,
2200,2223,2,33562.0,33,21,12,12,0,3,3,3,0,3,1,5,4,60,51,0,6,,
2201,2224,2,57642.0,24,580,6,58,8,0,27,3,0,1,0,2,171,53,679,3,19,,
2202,2225,3,58554.0,55,368,24,68,38,0,88,6,0,2,1,4,641,55,586,0,16,,
2203,2226,3,63777.0,87,457,5,106,15,17,53,8,0,2,1,4,462,44,653,0,18,,
2204,2227,3,57967.0,39,229,7,137,4,0,91,5,0,1,0,2,483,61,468,0,14,,
2205,2229,3,24434.0,9,3,2,8,20,0,17,2,0,2,1,4,42,51,50,0,5,,
2206,2230,3,11012.0,82,24,3,26,7,1,23,3,0,1,0,2,470,39,84,3,6,,
2207,2231,2,44802.0,71,853,10,143,13,10,20,2,0,0,0,1,677,53,1049,0,25,,
2208,2232,3,26816.0,50,5,1,6,3,4,3,1,0,0,0,1,681,37,22,0,3,,
2209,2234,3,34421.0,81,3,3,7,6,2,9,1,0,1,1,3,363,49,30,0,3,,
2210,2235,3,61223.0,46,709,43,182,42,118,247,2,0,1,1,3,381,56,1341,0,16,,
2211,2236,2,64014.0,56,406,0,30,0,0,8,7,0,3,1,5,19,77,444,1,15,,
2212,2237,3,56981.0,91,908,48,217,32,12,24,1,0,0,0,1,155,42,1241,4,18,,
2213,2238,2,69245.0,8,428,30,214,80,30,61,2,0,1,1,3,156,67,843,0,21,,
2214,2239,2,52869.0,40,84,3,61,2,1,21,3,0,2,1,4,622,69,172,6,8,,
